school,year,college,major_name,field_name,compiled_value,independent_value,difference,tolerance,api_field_path,api_url,roster_url,api_retrieved_at,source_type,authority_grade,source_id,reconciliation_status
上海交通大学,2022,数学科学学院,应用统计,admitted_count,44.0,44.0,0.0,0.01,schoolMajorVO.enterpersonVolunteerNum,https://admin.jiuxianzai.cn/api/applet/home/index/schoolDetail/61ab8bb59fd94ad71f849af6ceac6c8f,https://jiuxianzai.oss-cn-beijing.aliyuncs.com/kaoyan/2022/04/17/61806cf665264300922569a1fb6eaebd.png,2026-10-09T06:35:10.084119+00:00,mini_program_api_value_reconciled,secondary_structured,9cb0d5d39c2372b4,matched
上海交通大学,2022,数学科学学院,应用统计,retest_count,55.0,55.0,0.0,0.01,schoolMajorVO.enterpersonRepeatNum,https://admin.jiuxianzai.cn/api/applet/home/index/schoolDetail/61ab8bb59fd94ad71f849af6ceac6c8f,https://jiuxianzai.oss-cn-beijing.aliyuncs.com/kaoyan/2022/04/17/61806cf665264300922569a1fb6eaebd.png,2026-10-09T06:35:10.084119+00:00,mini_program_api_value_reconciled,secondary_structured,9cb0d5d39c2372b4,matched
上海交通大学,2023,数学科学学院,应用统计,cutoff,365.0,365.0,0.0,0.51,schoolMajorVO.repeatGrade,https://admin.jiuxianzai.cn/api/applet/home/index/schoolDetail/61ab8bb59fd94ad71f849af6ceac6c8f,https://jiuxianzai.oss-cn-beijing.aliyuncs.com/kaoyan/2023/04/13/912f8c1ca4194834903c99208da393cb.png,2026-10-09T06:35:10.084119+00:00,mini_program_api_value_reconciled,secondary_structured,9cb0d5d39c2372b4,matched
上海交通大学,2023,数学科学学院,应用统计,admitted_min,365.0,365.0,0.0,0.51,schoolMajorVO.repeatMinGrade,https://admin.jiuxianzai.cn/api/applet/home/index/schoolDetail/61ab8bb59fd94ad71f849af6ceac6c8f,https://jiuxianzai.oss-cn-beijing.aliyuncs.com/kaoyan/2023/04/13/912f8c1ca4194834903c99208da393cb.png,2026-10-09T06:35:10.084119+00:00,mini_program_api_value_reconciled,secondary_structured,9cb0d5d39c2372b4,matched
上海交通大学,2023,数学科学学院,应用统计,admitted_count,49.0,49.0,0.0,0.01,schoolMajorVO.enterpersonVolunteerNum,https://admin.jiuxianzai.cn/api/applet/home/index/schoolDetail/61ab8bb59fd94ad71f849af6ceac6c8f,https://jiuxianzai.oss-cn-beijing.aliyuncs.com/kaoyan/2023/04/13/912f8c1ca4194834903c99208da393cb.png,2026-10-09T06:35:10.084119+00:00,mini_program_api_value_reconciled,secondary_structured,9cb0d5d39c2372b4,matched
上海交通大学,2023,数学科学学院,应用统计,retest_count,58.0,58.0,0.0,0.01,schoolMajorVO.enterpersonRepeatNum,https://admin.jiuxianzai.cn/api/applet/home/index/schoolDetail/61ab8bb59fd94ad71f849af6ceac6c8f,https://jiuxianzai.oss-cn-beijing.aliyuncs.com/kaoyan/2023/04/13/912f8c1ca4194834903c99208da393cb.png,2026-10-09T06:35:10.084119+00:00,mini_program_api_value_reconciled,secondary_structured,9cb0d5d39c2372b4,matched
上海交通大学,2024,数学科学学院,应用统计,cutoff,380.0,380.0,0.0,0.51,schoolMajorVO.repeatGrade,https://admin.jiuxianzai.cn/api/applet/home/index/schoolDetail/61ab8bb59fd94ad71f849af6ceac6c8f,https://jiuxianzai.oss-cn-beijing.aliyuncs.com/kaoyan/2024/04/03/3a99b128c2fe4ac398baccc7dd3043d0.png,2026-10-09T06:35:10.084119+00:00,mini_program_api_value_reconciled,secondary_structured,9cb0d5d39c2372b4,matched
上海交通大学,2024,数学科学学院,应用统计,admitted_min,384.0,384.0,0.0,0.51,schoolMajorVO.repeatMinGrade,https://admin.jiuxianzai.cn/api/applet/home/index/schoolDetail/61ab8bb59fd94ad71f849af6ceac6c8f,https://jiuxianzai.oss-cn-beijing.aliyuncs.com/kaoyan/2024/04/03/3a99b128c2fe4ac398baccc7dd3043d0.png,2026-10-09T06:35:10.084119+00:00,mini_program_api_value_reconciled,secondary_structured,9cb0d5d39c2372b4,matched
上海交通大学,2024,数学科学学院,应用统计,admitted_count,52.0,52.0,0.0,0.01,schoolMajorVO.enterpersonVolunteerNum,https://admin.jiuxianzai.cn/api/applet/home/index/schoolDetail/61ab8bb59fd94ad71f849af6ceac6c8f,https://jiuxianzai.oss-cn-beijing.aliyuncs.com/kaoyan/2024/04/03/3a99b128c2fe4ac398baccc7dd3043d0.png,2026-10-09T06:35:10.084119+00:00,mini_program_api_value_reconciled,secondary_structured,9cb0d5d39c2372b4,matched
上海交通大学,2024,数学科学学院,应用统计,retest_count,64.0,64.0,0.0,0.01,schoolMajorVO.enterpersonRepeatNum,https://admin.jiuxianzai.cn/api/applet/home/index/schoolDetail/61ab8bb59fd94ad71f849af6ceac6c8f,https://jiuxianzai.oss-cn-beijing.aliyuncs.com/kaoyan/2024/04/03/3a99b128c2fe4ac398baccc7dd3043d0.png,2026-10-09T06:35:10.084119+00:00,mini_program_api_value_reconciled,secondary_structured,9cb0d5d39c2372b4,matched
上海交通大学,2025,数学科学学院,应用统计,cutoff,375.0,375.0,0.0,0.51,schoolMajorVO.repeatGrade,https://admin.jiuxianzai.cn/api/applet/home/index/schoolDetail/61ab8bb59fd94ad71f849af6ceac6c8f,https://jiuxianzai.oss-cn-beijing.aliyuncs.com/kaoyan/2025/04/07/758038f531874eca90d483272707cb78.png,2026-10-09T06:35:10.084119+00:00,mini_program_api_value_reconciled,secondary_structured,9cb0d5d39c2372b4,matched
上海交通大学,2025,数学科学学院,应用统计,admitted_min,375.0,375.0,0.0,0.51,schoolMajorVO.repeatMinGrade,https://admin.jiuxianzai.cn/api/applet/home/index/schoolDetail/61ab8bb59fd94ad71f849af6ceac6c8f,https://jiuxianzai.oss-cn-beijing.aliyuncs.com/kaoyan/2025/04/07/758038f531874eca90d483272707cb78.png,2026-10-09T06:35:10.084119+00:00,mini_program_api_value_reconciled,secondary_structured,9cb0d5d39c2372b4,matched
上海交通大学,2025,数学科学学院,应用统计,admitted_count,61.0,61.0,0.0,0.01,schoolMajorVO.enterpersonVolunteerNum,https://admin.jiuxianzai.cn/api/applet/home/index/schoolDetail/61ab8bb59fd94ad71f849af6ceac6c8f,https://jiuxianzai.oss-cn-beijing.aliyuncs.com/kaoyan/2025/04/07/758038f531874eca90d483272707cb78.png,2026-10-09T06:35:10.084119+00:00,mini_program_api_value_reconciled,secondary_structured,9cb0d5d39c2372b4,matched
上海交通大学,2025,数学科学学院,应用统计,retest_count,74.0,74.0,0.0,0.01,schoolMajorVO.enterpersonRepeatNum,https://admin.jiuxianzai.cn/api/applet/home/index/schoolDetail/61ab8bb59fd94ad71f849af6ceac6c8f,https://jiuxianzai.oss-cn-beijing.aliyuncs.com/kaoyan/2025/04/07/758038f531874eca90d483272707cb78.png,2026-10-09T06:35:10.084119+00:00,mini_program_api_value_reconciled,secondary_structured,9cb0d5d39c2372b4,matched
上海交通大学,2026,数学科学学院,应用统计,cutoff,390.0,390.0,0.0,0.51,schoolMajorVO.repeatGrade,https://admin.jiuxianzai.cn/api/applet/home/index/schoolDetail/61ab8bb59fd94ad71f849af6ceac6c8f,https://jiuxianzai.oss-cn-beijing.aliyuncs.com/kaoyan/2026/05/06/d0538b2afbd7447ca69d5c87f49a8718.png,2026-10-09T06:35:10.084119+00:00,mini_program_api_value_reconciled,secondary_structured,9cb0d5d39c2372b4,matched
上海交通大学,2026,数学科学学院,应用统计,admitted_min,390.0,390.0,0.0,0.51,schoolMajorVO.repeatMinGrade,https://admin.jiuxianzai.cn/api/applet/home/index/schoolDetail/61ab8bb59fd94ad71f849af6ceac6c8f,https://jiuxianzai.oss-cn-beijing.aliyuncs.com/kaoyan/2026/05/06/d0538b2afbd7447ca69d5c87f49a8718.png,2026-10-09T06:35:10.084119+00:00,mini_program_api_value_reconciled,secondary_structured,9cb0d5d39c2372b4,matched
上海交通大学,2026,数学科学学院,应用统计,admitted_count,52.0,52.0,0.0,0.01,schoolMajorVO.enterpersonVolunteerNum,https://admin.jiuxianzai.cn/api/applet/home/index/schoolDetail/61ab8bb59fd94ad71f849af6ceac6c8f,https://jiuxianzai.oss-cn-beijing.aliyuncs.com/kaoyan/2026/05/06/d0538b2afbd7447ca69d5c87f49a8718.png,2026-10-09T06:35:10.084119+00:00,mini_program_api_value_reconciled,secondary_structured,9cb0d5d39c2372b4,matched
上海交通大学,2026,数学科学学院,应用统计,retest_count,64.0,64.0,0.0,0.01,schoolMajorVO.enterpersonRepeatNum,https://admin.jiuxianzai.cn/api/applet/home/index/schoolDetail/61ab8bb59fd94ad71f849af6ceac6c8f,https://jiuxianzai.oss-cn-beijing.aliyuncs.com/kaoyan/2026/05/06/d0538b2afbd7447ca69d5c87f49a8718.png,2026-10-09T06:35:10.084119+00:00,mini_program_api_value_reconciled,secondary_structured,9cb0d5d39c2372b4,matched
上海大学,2023,理学院,应用统计,admitted_min,357.0,357.0,0.0,0.51,schoolMajorVO.repeatMinGrade,https://admin.jiuxianzai.cn/api/applet/home/index/schoolDetail/b169b986c5cf0c1b64358396395ed2da,https://jiuxianzai.oss-cn-beijing.aliyuncs.com/kaoyan/2023/06/01/180eb3498b7d483490e7d44b05d8166b.png,2026-10-09T06:35:11.521254+00:00,mini_program_api_value_reconciled,secondary_structured,0e2e4eeec90aac95,matched
上海大学,2023,理学院,应用统计,retest_count,11.0,11.0,0.0,0.01,schoolMajorVO.enterpersonRepeatNum,https://admin.jiuxianzai.cn/api/applet/home/index/schoolDetail/b169b986c5cf0c1b64358396395ed2da,https://jiuxianzai.oss-cn-beijing.aliyuncs.com/kaoyan/2023/06/01/180eb3498b7d483490e7d44b05d8166b.png,2026-10-09T06:35:11.521254+00:00,mini_program_api_value_reconciled,secondary_structured,0e2e4eeec90aac95,matched
上海大学,2024,理学院,应用统计,cutoff,338.0,338.0,0.0,0.51,schoolMajorVO.repeatGrade,https://admin.jiuxianzai.cn/api/applet/home/index/schoolDetail/b169b986c5cf0c1b64358396395ed2da,https://jiuxianzai.oss-cn-beijing.aliyuncs.com/kaoyan/2024/05/01/be7f2c9feac6448eb567fe833648db77.png,2026-10-09T06:35:11.521254+00:00,mini_program_api_value_reconciled,secondary_structured,0e2e4eeec90aac95,matched
上海大学,2024,理学院,应用统计,admitted_min,359.0,359.0,0.0,0.51,schoolMajorVO.repeatMinGrade,https://admin.jiuxianzai.cn/api/applet/home/index/schoolDetail/b169b986c5cf0c1b64358396395ed2da,https://jiuxianzai.oss-cn-beijing.aliyuncs.com/kaoyan/2024/05/01/be7f2c9feac6448eb567fe833648db77.png,2026-10-09T06:35:11.521254+00:00,mini_program_api_value_reconciled,secondary_structured,0e2e4eeec90aac95,matched
上海大学,2024,理学院,应用统计,retest_count,19.0,19.0,0.0,0.01,schoolMajorVO.enterpersonRepeatNum,https://admin.jiuxianzai.cn/api/applet/home/index/schoolDetail/b169b986c5cf0c1b64358396395ed2da,https://jiuxianzai.oss-cn-beijing.aliyuncs.com/kaoyan/2024/05/01/be7f2c9feac6448eb567fe833648db77.png,2026-10-09T06:35:11.521254+00:00,mini_program_api_value_reconciled,secondary_structured,0e2e4eeec90aac95,matched
上海大学,2025,理学院,应用统计,retest_count,15.0,15.0,0.0,0.01,schoolMajorVO.enterpersonRepeatNum,https://admin.jiuxianzai.cn/api/applet/home/index/schoolDetail/b169b986c5cf0c1b64358396395ed2da,https://jiuxianzai.oss-cn-beijing.aliyuncs.com/kaoyan/2025/05/08/2532807cde064f55a556a59f7136010a.png,2026-10-09T06:35:11.521254+00:00,mini_program_api_value_reconciled,secondary_structured,0e2e4eeec90aac95,matched
上海大学,2026,理学院,应用统计,admitted_min,341.0,341.0,0.0,0.51,schoolMajorVO.repeatMinGrade,https://admin.jiuxianzai.cn/api/applet/home/index/schoolDetail/b169b986c5cf0c1b64358396395ed2da,https://jiuxianzai.oss-cn-beijing.aliyuncs.com/kaoyan/2026/06/04/188f111c488243c6be6719105dffe2f1.png,2026-10-09T06:35:11.521254+00:00,mini_program_api_value_reconciled,secondary_structured,0e2e4eeec90aac95,matched
上海大学,2024,经济学院,应用统计,cutoff,338.0,338.0,0.0,0.51,schoolMajorVO.repeatGrade,https://admin.jiuxianzai.cn/api/applet/home/index/schoolDetail/279ec5f38ebc13befec919b109d88090,https://jiuxianzai.oss-cn-beijing.aliyuncs.com/kaoyan/2024/05/01/facf9dff15fc480c930130ced2f908cd.png,2026-10-09T06:35:09.065760+00:00,mini_program_api_value_reconciled,secondary_structured,0b0bcea9b96bf62c,matched
上海大学,2025,经济学院,应用统计,admitted_min,331.0,331.0,0.0,0.51,schoolMajorVO.repeatMinGrade,https://admin.jiuxianzai.cn/api/applet/home/index/schoolDetail/279ec5f38ebc13befec919b109d88090,https://jiuxianzai.oss-cn-beijing.aliyuncs.com/kaoyan/2025/05/08/c524e49419984f2b9cf663f9741f92f0.png,2026-10-09T06:35:09.065760+00:00,mini_program_api_value_reconciled,secondary_structured,0b0bcea9b96bf62c,matched
上海财经大学,2023,数学学院,应用统计,cutoff,365.0,365.0,0.0,0.51,schoolMajorVO.repeatGrade,https://admin.jiuxianzai.cn/api/applet/home/index/schoolDetail/ab3b483738ca750788aaef4042e1b656,https://jiuxianzai.oss-cn-beijing.aliyuncs.com/kaoyan/2023/04/13/c806d7f9badd4ac08279435f189d3281.png,2026-10-09T06:35:11.374402+00:00,mini_program_api_value_reconciled,secondary_structured,3fa607af57336eaa,matched
上海财经大学,2023,统计与数据科学学院- A组,应用统计,admitted_min,364.0,364.0,0.0,0.51,schoolMajorVO.repeatMinGrade,https://admin.jiuxianzai.cn/api/applet/home/index/schoolDetail/7d3e0fe1601b71a518a0bd16b951f135,https://jiuxianzai.oss-cn-beijing.aliyuncs.com/kaoyan/2023/04/13/c8ca6ac0be7049ebb26d8003ad0a8e42.png,2026-10-09T06:35:10.460797+00:00,mini_program_api_value_reconciled,secondary_structured,b4b992ac4601abac,matched
上海财经大学,2024,统计与数据科学学院- A组,应用统计,cutoff,380.0,380.0,0.0,0.51,schoolMajorVO.repeatGrade,https://admin.jiuxianzai.cn/api/applet/home/index/schoolDetail/7d3e0fe1601b71a518a0bd16b951f135,https://jiuxianzai.oss-cn-beijing.aliyuncs.com/kaoyan/2024/04/14/699939875f3042cc8225ff85a22f2ea7.png,2026-10-09T06:35:10.460797+00:00,mini_program_api_value_reconciled,secondary_structured,b4b992ac4601abac,matched
上海财经大学,2025,统计与数据科学学院- A组,应用统计,cutoff,323.0,323.0,0.0,0.51,schoolMajorVO.repeatGrade,https://admin.jiuxianzai.cn/api/applet/home/index/schoolDetail/7d3e0fe1601b71a518a0bd16b951f135,https://jiuxianzai.oss-cn-beijing.aliyuncs.com/kaoyan/2025/07/02/51fd767bc9674261b23a08971a2d3654.png,2026-10-09T06:35:10.460797+00:00,mini_program_api_value_reconciled,secondary_structured,b4b992ac4601abac,matched
上海财经大学,2025,统计与数据科学学院- A组,应用统计,admitted_min,324.0,324.0,0.0,0.51,schoolMajorVO.repeatMinGrade,https://admin.jiuxianzai.cn/api/applet/home/index/schoolDetail/7d3e0fe1601b71a518a0bd16b951f135,https://jiuxianzai.oss-cn-beijing.aliyuncs.com/kaoyan/2025/07/02/51fd767bc9674261b23a08971a2d3654.png,2026-10-09T06:35:10.460797+00:00,mini_program_api_value_reconciled,secondary_structured,b4b992ac4601abac,matched
上海财经大学,2023,统计与数据科学学院- B组,应用统计,admitted_min,364.0,364.0,0.0,0.51,schoolMajorVO.repeatMinGrade,https://admin.jiuxianzai.cn/api/applet/home/index/schoolDetail/015e45aa720f0d941241bec22327ed9d,https://jiuxianzai.oss-cn-beijing.aliyuncs.com/kaoyan/2024/11/05/4843983dcbf14b3fbb9a940e74e8fb1b.png,2026-10-09T06:35:08.405560+00:00,mini_program_api_value_reconciled,secondary_structured,7eea9083d4e447ab,matched
上海财经大学,2024,统计与数据科学学院- B组,应用统计,admitted_min,339.0,339.0,0.0,0.51,schoolMajorVO.repeatMinGrade,https://admin.jiuxianzai.cn/api/applet/home/index/schoolDetail/015e45aa720f0d941241bec22327ed9d,https://jiuxianzai.oss-cn-beijing.aliyuncs.com/kaoyan/2024/05/30/a729756b39804560800586041d60c15c.png,2026-10-09T06:35:08.405560+00:00,mini_program_api_value_reconciled,secondary_structured,7eea9083d4e447ab,matched
上海财经大学,2026,统计与数据科学学院- B组,应用统计,admitted_min,336.0,336.0,0.0,0.51,schoolMajorVO.repeatMinGrade,https://admin.jiuxianzai.cn/api/applet/home/index/schoolDetail/015e45aa720f0d941241bec22327ed9d,https://jiuxianzai.oss-cn-beijing.aliyuncs.com/kaoyan/2026/05/15/da7b1b86fb01406b9cc6d767844201fa.png,2026-10-09T06:35:08.405560+00:00,mini_program_api_value_reconciled,secondary_structured,7eea9083d4e447ab,matched
东北农业大学,2025,文理学院,应用统计,admitted_min,326.0,326.0,0.0,0.51,schoolMajorVO.repeatMinGrade,https://admin.jiuxianzai.cn/api/applet/home/index/schoolDetail/181e45a7493304a18ae20dff6881a87c,https://jiuxianzai.oss-cn-beijing.aliyuncs.com/kaoyan/2025/05/28/821e0eafd53e4160a86205a886da3c15.png,2026-10-09T06:35:08.760217+00:00,mini_program_api_value_reconciled,secondary_structured,becbd5514d501816,matched
东北农业大学,2025,文理学院,应用统计,admitted_count,3.0,3.0,0.0,0.01,schoolMajorVO.enterpersonVolunteerNum,https://admin.jiuxianzai.cn/api/applet/home/index/schoolDetail/181e45a7493304a18ae20dff6881a87c,https://jiuxianzai.oss-cn-beijing.aliyuncs.com/kaoyan/2025/05/28/821e0eafd53e4160a86205a886da3c15.png,2026-10-09T06:35:08.760217+00:00,mini_program_api_value_reconciled,secondary_structured,becbd5514d501816,matched
东北农业大学,2025,文理学院,应用统计,retest_count,3.0,3.0,0.0,0.01,schoolMajorVO.enterpersonRepeatNum,https://admin.jiuxianzai.cn/api/applet/home/index/schoolDetail/181e45a7493304a18ae20dff6881a87c,https://jiuxianzai.oss-cn-beijing.aliyuncs.com/kaoyan/2025/05/28/821e0eafd53e4160a86205a886da3c15.png,2026-10-09T06:35:08.760217+00:00,mini_program_api_value_reconciled,secondary_structured,becbd5514d501816,matched
东北农业大学,2026,文理学院,应用统计,admitted_min,345.0,345.0,0.0,0.51,schoolMajorVO.repeatMinGrade,https://admin.jiuxianzai.cn/api/applet/home/index/schoolDetail/181e45a7493304a18ae20dff6881a87c,https://jiuxianzai.oss-cn-beijing.aliyuncs.com/kaoyan/2026/05/15/cc82f424fd7142eea802e75eceaee1b0.png,2026-10-09T06:35:08.760217+00:00,mini_program_api_value_reconciled,secondary_structured,becbd5514d501816,matched
东北农业大学,2026,文理学院,应用统计,admitted_count,4.0,4.0,0.0,0.01,schoolMajorVO.enterpersonVolunteerNum,https://admin.jiuxianzai.cn/api/applet/home/index/schoolDetail/181e45a7493304a18ae20dff6881a87c,https://jiuxianzai.oss-cn-beijing.aliyuncs.com/kaoyan/2026/05/15/cc82f424fd7142eea802e75eceaee1b0.png,2026-10-09T06:35:08.760217+00:00,mini_program_api_value_reconciled,secondary_structured,becbd5514d501816,matched
东北农业大学,2026,文理学院,应用统计,retest_count,4.0,4.0,0.0,0.01,schoolMajorVO.enterpersonRepeatNum,https://admin.jiuxianzai.cn/api/applet/home/index/schoolDetail/181e45a7493304a18ae20dff6881a87c,https://jiuxianzai.oss-cn-beijing.aliyuncs.com/kaoyan/2026/05/15/cc82f424fd7142eea802e75eceaee1b0.png,2026-10-09T06:35:08.760217+00:00,mini_program_api_value_reconciled,secondary_structured,becbd5514d501816,matched
东北大学,2023,理学院,应用统计,admitted_min,377.0,377.0,0.0,0.51,schoolMajorVO.repeatMinGrade,https://admin.jiuxianzai.cn/api/applet/home/index/schoolDetail/57be15d871bf0ffdcc70961ecb6569bb,https://jiuxianzai.oss-cn-beijing.aliyuncs.com/kaoyan/2023/04/13/fb7cb49c8795471db5fdc96d32c539e9.png,2026-10-09T06:35:10.050794+00:00,mini_program_api_value_reconciled,secondary_structured,1f21c76df477394d,matched
东北大学,2024,理学院（佛山）,应用统计,admitted_min,359.0,359.0,0.0,0.51,schoolMajorVO.repeatMinGrade,https://admin.jiuxianzai.cn/api/applet/home/index/schoolDetail/a56214dee150a9b44e99b84060a46aab,https://jiuxianzai.oss-cn-beijing.aliyuncs.com/kaoyan/2024/04/14/a4f13f0edec443fb8bac6c85dbea2c62.png,2026-10-09T06:35:11.253776+00:00,mini_program_api_value_reconciled,secondary_structured,1c6780f7c32e3031,matched
东北大学,2025,理学院（佛山）,应用统计,admitted_min,377.0,377.0,0.0,0.51,schoolMajorVO.repeatMinGrade,https://admin.jiuxianzai.cn/api/applet/home/index/schoolDetail/a56214dee150a9b44e99b84060a46aab,https://jiuxianzai.oss-cn-beijing.aliyuncs.com/kaoyan/2025/10/09/32295303b66d4779947c56c9f060e40f.png,2026-10-09T06:35:11.253776+00:00,mini_program_api_value_reconciled,secondary_structured,1c6780f7c32e3031,matched
东北大学,2026,理学院（佛山）,应用统计,admitted_min,363.0,363.0,0.0,0.51,schoolMajorVO.repeatMinGrade,https://admin.jiuxianzai.cn/api/applet/home/index/schoolDetail/a56214dee150a9b44e99b84060a46aab,https://jiuxianzai.oss-cn-beijing.aliyuncs.com/kaoyan/2026/05/14/a6b67ad40e92470ea67c84677ba6d807.png,2026-10-09T06:35:11.253776+00:00,mini_program_api_value_reconciled,secondary_structured,1c6780f7c32e3031,matched
东北师范大学,2022,数学与统计学院,应用统计,admitted_count,51.0,51.0,0.0,0.01,schoolMajorVO.enterpersonVolunteerNum,https://admin.jiuxianzai.cn/api/applet/home/index/schoolDetail/2212e87b996ebd666f9b3f7545fd1e44,https://jiuxianzai.oss-cn-beijing.aliyuncs.com/kaoyan/2022/04/18/d9746698bb264e87812ac0bb2ef0858b.png,2026-10-09T06:35:09.004040+00:00,mini_program_api_value_reconciled,secondary_structured,d37602e5636e2d56,matched
东北师范大学,2022,数学与统计学院,应用统计,retest_count,61.0,61.0,0.0,0.01,schoolMajorVO.enterpersonRepeatNum,https://admin.jiuxianzai.cn/api/applet/home/index/schoolDetail/2212e87b996ebd666f9b3f7545fd1e44,https://jiuxianzai.oss-cn-beijing.aliyuncs.com/kaoyan/2022/04/18/d9746698bb264e87812ac0bb2ef0858b.png,2026-10-09T06:35:09.004040+00:00,mini_program_api_value_reconciled,secondary_structured,d37602e5636e2d56,matched
东北师范大学,2023,数学与统计学院,应用统计,cutoff,360.0,360.0,0.0,0.51,schoolMajorVO.repeatGrade,https://admin.jiuxianzai.cn/api/applet/home/index/schoolDetail/2212e87b996ebd666f9b3f7545fd1e44,https://jiuxianzai.oss-cn-beijing.aliyuncs.com/kaoyan/2023/04/13/533381597ddb443991738bed3afc7850.png,2026-10-09T06:35:09.004040+00:00,mini_program_api_value_reconciled,secondary_structured,d37602e5636e2d56,matched
东北师范大学,2023,数学与统计学院,应用统计,admitted_min,363.0,363.0,0.0,0.51,schoolMajorVO.repeatMinGrade,https://admin.jiuxianzai.cn/api/applet/home/index/schoolDetail/2212e87b996ebd666f9b3f7545fd1e44,https://jiuxianzai.oss-cn-beijing.aliyuncs.com/kaoyan/2023/04/13/533381597ddb443991738bed3afc7850.png,2026-10-09T06:35:09.004040+00:00,mini_program_api_value_reconciled,secondary_structured,d37602e5636e2d56,matched
东北师范大学,2023,数学与统计学院,应用统计,admitted_count,44.0,44.0,0.0,0.01,schoolMajorVO.enterpersonVolunteerNum,https://admin.jiuxianzai.cn/api/applet/home/index/schoolDetail/2212e87b996ebd666f9b3f7545fd1e44,https://jiuxianzai.oss-cn-beijing.aliyuncs.com/kaoyan/2023/04/13/533381597ddb443991738bed3afc7850.png,2026-10-09T06:35:09.004040+00:00,mini_program_api_value_reconciled,secondary_structured,d37602e5636e2d56,matched
东北师范大学,2023,数学与统计学院,应用统计,retest_count,53.0,53.0,0.0,0.01,schoolMajorVO.enterpersonRepeatNum,https://admin.jiuxianzai.cn/api/applet/home/index/schoolDetail/2212e87b996ebd666f9b3f7545fd1e44,https://jiuxianzai.oss-cn-beijing.aliyuncs.com/kaoyan/2023/04/13/533381597ddb443991738bed3afc7850.png,2026-10-09T06:35:09.004040+00:00,mini_program_api_value_reconciled,secondary_structured,d37602e5636e2d56,matched
东北师范大学,2024,数学与统计学院,应用统计,admitted_min,381.0,381.0,0.0,0.51,schoolMajorVO.repeatMinGrade,https://admin.jiuxianzai.cn/api/applet/home/index/schoolDetail/2212e87b996ebd666f9b3f7545fd1e44,https://jiuxianzai.oss-cn-beijing.aliyuncs.com/kaoyan/2024/04/08/912a7d7156df4e5481473ad55e1d4e28.png,2026-10-09T06:35:09.004040+00:00,mini_program_api_value_reconciled,secondary_structured,d37602e5636e2d56,matched
东北师范大学,2024,数学与统计学院,应用统计,admitted_count,36.0,36.0,0.0,0.01,schoolMajorVO.enterpersonVolunteerNum,https://admin.jiuxianzai.cn/api/applet/home/index/schoolDetail/2212e87b996ebd666f9b3f7545fd1e44,https://jiuxianzai.oss-cn-beijing.aliyuncs.com/kaoyan/2024/04/08/912a7d7156df4e5481473ad55e1d4e28.png,2026-10-09T06:35:09.004040+00:00,mini_program_api_value_reconciled,secondary_structured,d37602e5636e2d56,matched
东北师范大学,2024,数学与统计学院,应用统计,retest_count,43.0,43.0,0.0,0.01,schoolMajorVO.enterpersonRepeatNum,https://admin.jiuxianzai.cn/api/applet/home/index/schoolDetail/2212e87b996ebd666f9b3f7545fd1e44,https://jiuxianzai.oss-cn-beijing.aliyuncs.com/kaoyan/2024/04/08/912a7d7156df4e5481473ad55e1d4e28.png,2026-10-09T06:35:09.004040+00:00,mini_program_api_value_reconciled,secondary_structured,d37602e5636e2d56,matched
东北师范大学,2025,数学与统计学院,应用统计,admitted_min,373.0,373.0,0.0,0.51,schoolMajorVO.repeatMinGrade,https://admin.jiuxianzai.cn/api/applet/home/index/schoolDetail/2212e87b996ebd666f9b3f7545fd1e44,https://jiuxianzai.oss-cn-beijing.aliyuncs.com/kaoyan/2025/10/09/493c0cb2fdc24af78d8a6217259f6347.png,2026-10-09T06:35:09.004040+00:00,mini_program_api_value_reconciled,secondary_structured,d37602e5636e2d56,matched
东北师范大学,2025,数学与统计学院,应用统计,admitted_count,24.0,24.0,0.0,0.01,schoolMajorVO.enterpersonVolunteerNum,https://admin.jiuxianzai.cn/api/applet/home/index/schoolDetail/2212e87b996ebd666f9b3f7545fd1e44,https://jiuxianzai.oss-cn-beijing.aliyuncs.com/kaoyan/2025/10/09/493c0cb2fdc24af78d8a6217259f6347.png,2026-10-09T06:35:09.004040+00:00,mini_program_api_value_reconciled,secondary_structured,d37602e5636e2d56,matched
东北师范大学,2025,数学与统计学院,应用统计,retest_count,30.0,30.0,0.0,0.01,schoolMajorVO.enterpersonRepeatNum,https://admin.jiuxianzai.cn/api/applet/home/index/schoolDetail/2212e87b996ebd666f9b3f7545fd1e44,https://jiuxianzai.oss-cn-beijing.aliyuncs.com/kaoyan/2025/10/09/493c0cb2fdc24af78d8a6217259f6347.png,2026-10-09T06:35:09.004040+00:00,mini_program_api_value_reconciled,secondary_structured,d37602e5636e2d56,matched
东北师范大学,2026,数学与统计学院,应用统计,admitted_min,364.0,364.0,0.0,0.51,schoolMajorVO.repeatMinGrade,https://admin.jiuxianzai.cn/api/applet/home/index/schoolDetail/2212e87b996ebd666f9b3f7545fd1e44,https://jiuxianzai.oss-cn-beijing.aliyuncs.com/kaoyan/2026/05/15/435e0dd539d042e5ab97a6adf4b92f01.png,2026-10-09T06:35:09.004040+00:00,mini_program_api_value_reconciled,secondary_structured,d37602e5636e2d56,matched
东北林业大学,2024,理学院,应用统计,admitted_min,340.0,340.0,0.0,0.51,schoolMajorVO.repeatMinGrade,https://admin.jiuxianzai.cn/api/applet/home/index/schoolDetail/76c645e37f82e3b5a60079064582f4d4,https://jiuxianzai.oss-cn-beijing.aliyuncs.com/kaoyan/2024/04/08/391e27e6ffbd4557a18d0dab46945a95.png,2026-10-09T06:35:10.542234+00:00,mini_program_api_value_reconciled,secondary_structured,2abe91e5bb29d02a,matched
东北林业大学,2024,理学院,应用统计,admitted_count,4.0,4.0,0.0,0.01,schoolMajorVO.enterpersonVolunteerNum,https://admin.jiuxianzai.cn/api/applet/home/index/schoolDetail/76c645e37f82e3b5a60079064582f4d4,https://jiuxianzai.oss-cn-beijing.aliyuncs.com/kaoyan/2024/04/08/391e27e6ffbd4557a18d0dab46945a95.png,2026-10-09T06:35:10.542234+00:00,mini_program_api_value_reconciled,secondary_structured,2abe91e5bb29d02a,matched
东北林业大学,2024,理学院,应用统计,retest_count,4.0,4.0,0.0,0.01,schoolMajorVO.enterpersonRepeatNum,https://admin.jiuxianzai.cn/api/applet/home/index/schoolDetail/76c645e37f82e3b5a60079064582f4d4,https://jiuxianzai.oss-cn-beijing.aliyuncs.com/kaoyan/2024/04/08/391e27e6ffbd4557a18d0dab46945a95.png,2026-10-09T06:35:10.542234+00:00,mini_program_api_value_reconciled,secondary_structured,2abe91e5bb29d02a,matched
东北林业大学,2025,理学院,应用统计,admitted_min,327.0,327.0,0.0,0.51,schoolMajorVO.repeatMinGrade,https://admin.jiuxianzai.cn/api/applet/home/index/schoolDetail/76c645e37f82e3b5a60079064582f4d4,https://jiuxianzai.oss-cn-beijing.aliyuncs.com/kaoyan/2025/04/07/d6a4fac653064a3982719bbc5cd337a5.png,2026-10-09T06:35:10.542234+00:00,mini_program_api_value_reconciled,secondary_structured,2abe91e5bb29d02a,matched
东北林业大学,2025,理学院,应用统计,admitted_count,10.0,10.0,0.0,0.01,schoolMajorVO.enterpersonVolunteerNum,https://admin.jiuxianzai.cn/api/applet/home/index/schoolDetail/76c645e37f82e3b5a60079064582f4d4,https://jiuxianzai.oss-cn-beijing.aliyuncs.com/kaoyan/2025/04/07/d6a4fac653064a3982719bbc5cd337a5.png,2026-10-09T06:35:10.542234+00:00,mini_program_api_value_reconciled,secondary_structured,2abe91e5bb29d02a,matched
东北林业大学,2025,理学院,应用统计,retest_count,10.0,10.0,0.0,0.01,schoolMajorVO.enterpersonRepeatNum,https://admin.jiuxianzai.cn/api/applet/home/index/schoolDetail/76c645e37f82e3b5a60079064582f4d4,https://jiuxianzai.oss-cn-beijing.aliyuncs.com/kaoyan/2025/04/07/d6a4fac653064a3982719bbc5cd337a5.png,2026-10-09T06:35:10.542234+00:00,mini_program_api_value_reconciled,secondary_structured,2abe91e5bb29d02a,matched
东北林业大学,2026,理学院,应用统计,admitted_min,326.0,326.0,0.0,0.51,schoolMajorVO.repeatMinGrade,https://admin.jiuxianzai.cn/api/applet/home/index/schoolDetail/76c645e37f82e3b5a60079064582f4d4,https://jiuxianzai.oss-cn-beijing.aliyuncs.com/kaoyan/2026/05/15/ff11a112d8fe4ff1b1c3afe352c495af.png,2026-10-09T06:35:10.542234+00:00,mini_program_api_value_reconciled,secondary_structured,2abe91e5bb29d02a,matched
东北林业大学,2026,理学院,应用统计,admitted_count,21.0,21.0,0.0,0.01,schoolMajorVO.enterpersonVolunteerNum,https://admin.jiuxianzai.cn/api/applet/home/index/schoolDetail/76c645e37f82e3b5a60079064582f4d4,https://jiuxianzai.oss-cn-beijing.aliyuncs.com/kaoyan/2026/05/15/ff11a112d8fe4ff1b1c3afe352c495af.png,2026-10-09T06:35:10.542234+00:00,mini_program_api_value_reconciled,secondary_structured,2abe91e5bb29d02a,matched
东北林业大学,2026,理学院,应用统计,retest_count,28.0,28.0,0.0,0.01,schoolMajorVO.enterpersonRepeatNum,https://admin.jiuxianzai.cn/api/applet/home/index/schoolDetail/76c645e37f82e3b5a60079064582f4d4,https://jiuxianzai.oss-cn-beijing.aliyuncs.com/kaoyan/2026/05/15/ff11a112d8fe4ff1b1c3afe352c495af.png,2026-10-09T06:35:10.542234+00:00,mini_program_api_value_reconciled,secondary_structured,2abe91e5bb29d02a,matched
东华大学,2022,数学与统计学院,应用统计,cutoff,374.0,374.0,0.0,0.51,schoolMajorVO.repeatGrade,https://admin.jiuxianzai.cn/api/applet/home/index/schoolDetail/9981192188eeeb2aaaf0106e534631cc,https://jiuxianzai.oss-cn-beijing.aliyuncs.com/kaoyan/2022/04/18/f242c8902f6347e2bf37408c460c932b.png,2026-10-09T06:35:10.984080+00:00,mini_program_api_value_reconciled,secondary_structured,b33204e8c8456d65,matched
东华大学,2022,数学与统计学院,应用统计,admitted_count,35.0,35.0,0.0,0.01,schoolMajorVO.enterpersonVolunteerNum,https://admin.jiuxianzai.cn/api/applet/home/index/schoolDetail/9981192188eeeb2aaaf0106e534631cc,https://jiuxianzai.oss-cn-beijing.aliyuncs.com/kaoyan/2022/04/18/f242c8902f6347e2bf37408c460c932b.png,2026-10-09T06:35:10.984080+00:00,mini_program_api_value_reconciled,secondary_structured,b33204e8c8456d65,matched
东华大学,2023,数学与统计学院,应用统计,cutoff,351.0,351.0,0.0,0.51,schoolMajorVO.repeatGrade,https://admin.jiuxianzai.cn/api/applet/home/index/schoolDetail/9981192188eeeb2aaaf0106e534631cc,https://jiuxianzai.oss-cn-beijing.aliyuncs.com/kaoyan/2023/04/13/a8f43af9d6814169ba4ae73750ed9b62.png,2026-10-09T06:35:10.984080+00:00,mini_program_api_value_reconciled,secondary_structured,b33204e8c8456d65,matched
东华大学,2023,数学与统计学院,应用统计,admitted_min,354.0,354.0,0.0,0.51,schoolMajorVO.repeatMinGrade,https://admin.jiuxianzai.cn/api/applet/home/index/schoolDetail/9981192188eeeb2aaaf0106e534631cc,https://jiuxianzai.oss-cn-beijing.aliyuncs.com/kaoyan/2023/04/13/a8f43af9d6814169ba4ae73750ed9b62.png,2026-10-09T06:35:10.984080+00:00,mini_program_api_value_reconciled,secondary_structured,b33204e8c8456d65,matched
东华大学,2023,数学与统计学院,应用统计,admitted_count,40.0,40.0,0.0,0.01,schoolMajorVO.enterpersonVolunteerNum,https://admin.jiuxianzai.cn/api/applet/home/index/schoolDetail/9981192188eeeb2aaaf0106e534631cc,https://jiuxianzai.oss-cn-beijing.aliyuncs.com/kaoyan/2023/04/13/a8f43af9d6814169ba4ae73750ed9b62.png,2026-10-09T06:35:10.984080+00:00,mini_program_api_value_reconciled,secondary_structured,b33204e8c8456d65,matched
东华大学,2024,数学与统计学院,应用统计,admitted_min,371.0,371.0,0.0,0.51,schoolMajorVO.repeatMinGrade,https://admin.jiuxianzai.cn/api/applet/home/index/schoolDetail/9981192188eeeb2aaaf0106e534631cc,https://jiuxianzai.oss-cn-beijing.aliyuncs.com/kaoyan/2024/04/14/f270757af5b844b7ba0b919eccbe3352.png,2026-10-09T06:35:10.984080+00:00,mini_program_api_value_reconciled,secondary_structured,b33204e8c8456d65,matched
东华大学,2024,数学与统计学院,应用统计,admitted_count,39.0,39.0,0.0,0.01,schoolMajorVO.enterpersonVolunteerNum,https://admin.jiuxianzai.cn/api/applet/home/index/schoolDetail/9981192188eeeb2aaaf0106e534631cc,https://jiuxianzai.oss-cn-beijing.aliyuncs.com/kaoyan/2024/04/14/f270757af5b844b7ba0b919eccbe3352.png,2026-10-09T06:35:10.984080+00:00,mini_program_api_value_reconciled,secondary_structured,b33204e8c8456d65,matched
东华大学,2025,数学与统计学院,应用统计,admitted_min,338.0,338.0,0.0,0.51,schoolMajorVO.repeatMinGrade,https://admin.jiuxianzai.cn/api/applet/home/index/schoolDetail/9981192188eeeb2aaaf0106e534631cc,https://jiuxianzai.oss-cn-beijing.aliyuncs.com/kaoyan/2025/04/20/887d177211ae4cafadc4575007b62c44.png,2026-10-09T06:35:10.984080+00:00,mini_program_api_value_reconciled,secondary_structured,b33204e8c8456d65,matched
东华大学,2025,数学与统计学院,应用统计,admitted_count,42.0,42.0,0.0,0.01,schoolMajorVO.enterpersonVolunteerNum,https://admin.jiuxianzai.cn/api/applet/home/index/schoolDetail/9981192188eeeb2aaaf0106e534631cc,https://jiuxianzai.oss-cn-beijing.aliyuncs.com/kaoyan/2025/04/20/887d177211ae4cafadc4575007b62c44.png,2026-10-09T06:35:10.984080+00:00,mini_program_api_value_reconciled,secondary_structured,b33204e8c8456d65,matched
东华大学,2026,数学与统计学院,应用统计,admitted_min,389.0,389.0,0.0,0.51,schoolMajorVO.repeatMinGrade,https://admin.jiuxianzai.cn/api/applet/home/index/schoolDetail/9981192188eeeb2aaaf0106e534631cc,https://jiuxianzai.oss-cn-beijing.aliyuncs.com/kaoyan/2026/05/15/cdd9375b2ccc47d4a3069fda61464898.png,2026-10-09T06:35:10.984080+00:00,mini_program_api_value_reconciled,secondary_structured,b33204e8c8456d65,matched
东华大学,2026,数学与统计学院,应用统计,admitted_count,25.0,25.0,0.0,0.01,schoolMajorVO.enterpersonVolunteerNum,https://admin.jiuxianzai.cn/api/applet/home/index/schoolDetail/9981192188eeeb2aaaf0106e534631cc,https://jiuxianzai.oss-cn-beijing.aliyuncs.com/kaoyan/2026/05/15/cdd9375b2ccc47d4a3069fda61464898.png,2026-10-09T06:35:10.984080+00:00,mini_program_api_value_reconciled,secondary_structured,b33204e8c8456d65,matched
东南大学,2022,统计与数据科学学院,应用统计,admitted_count,5.0,5.0,0.0,0.01,schoolMajorVO.enterpersonVolunteerNum,https://admin.jiuxianzai.cn/api/applet/home/index/schoolDetail/39a1066661cc5563f00076704d954811,https://jiuxianzai.oss-cn-beijing.aliyuncs.com/kaoyan/2024/05/28/6ca57aa6f6c0426882eaecacad809d7c.png,2026-10-09T06:35:09.527230+00:00,mini_program_api_value_reconciled,secondary_structured,70a1199fe01566d2,matched
东南大学,2022,统计与数据科学学院,应用统计,retest_count,9.0,9.0,0.0,0.01,schoolMajorVO.enterpersonRepeatNum,https://admin.jiuxianzai.cn/api/applet/home/index/schoolDetail/39a1066661cc5563f00076704d954811,https://jiuxianzai.oss-cn-beijing.aliyuncs.com/kaoyan/2024/05/28/6ca57aa6f6c0426882eaecacad809d7c.png,2026-10-09T06:35:09.527230+00:00,mini_program_api_value_reconciled,secondary_structured,70a1199fe01566d2,matched
东南大学,2023,统计与数据科学学院,应用统计,admitted_min,386.0,386.0,0.0,0.51,schoolMajorVO.repeatMinGrade,https://admin.jiuxianzai.cn/api/applet/home/index/schoolDetail/39a1066661cc5563f00076704d954811,https://jiuxianzai.oss-cn-beijing.aliyuncs.com/kaoyan/2024/05/28/862cbda2d04445668ab122a9866801e7.png,2026-10-09T06:35:09.527230+00:00,mini_program_api_value_reconciled,secondary_structured,70a1199fe01566d2,matched
东南大学,2023,统计与数据科学学院,应用统计,admitted_count,11.0,11.0,0.0,0.01,schoolMajorVO.enterpersonVolunteerNum,https://admin.jiuxianzai.cn/api/applet/home/index/schoolDetail/39a1066661cc5563f00076704d954811,https://jiuxianzai.oss-cn-beijing.aliyuncs.com/kaoyan/2024/05/28/862cbda2d04445668ab122a9866801e7.png,2026-10-09T06:35:09.527230+00:00,mini_program_api_value_reconciled,secondary_structured,70a1199fe01566d2,matched
东南大学,2023,统计与数据科学学院,应用统计,retest_count,14.0,14.0,0.0,0.01,schoolMajorVO.enterpersonRepeatNum,https://admin.jiuxianzai.cn/api/applet/home/index/schoolDetail/39a1066661cc5563f00076704d954811,https://jiuxianzai.oss-cn-beijing.aliyuncs.com/kaoyan/2024/05/28/862cbda2d04445668ab122a9866801e7.png,2026-10-09T06:35:09.527230+00:00,mini_program_api_value_reconciled,secondary_structured,70a1199fe01566d2,matched
东南大学,2024,统计与数据科学学院,应用统计,admitted_min,387.0,387.0,0.0,0.51,schoolMajorVO.repeatMinGrade,https://admin.jiuxianzai.cn/api/applet/home/index/schoolDetail/39a1066661cc5563f00076704d954811,https://jiuxianzai.oss-cn-beijing.aliyuncs.com/kaoyan/2024/05/19/0a75f75ff4f345beb50e955efc2a5873.png,2026-10-09T06:35:09.527230+00:00,mini_program_api_value_reconciled,secondary_structured,70a1199fe01566d2,matched
东南大学,2024,统计与数据科学学院,应用统计,admitted_count,12.0,12.0,0.0,0.01,schoolMajorVO.enterpersonVolunteerNum,https://admin.jiuxianzai.cn/api/applet/home/index/schoolDetail/39a1066661cc5563f00076704d954811,https://jiuxianzai.oss-cn-beijing.aliyuncs.com/kaoyan/2024/05/19/0a75f75ff4f345beb50e955efc2a5873.png,2026-10-09T06:35:09.527230+00:00,mini_program_api_value_reconciled,secondary_structured,70a1199fe01566d2,matched
东南大学,2024,统计与数据科学学院,应用统计,retest_count,18.0,18.0,0.0,0.01,schoolMajorVO.enterpersonRepeatNum,https://admin.jiuxianzai.cn/api/applet/home/index/schoolDetail/39a1066661cc5563f00076704d954811,https://jiuxianzai.oss-cn-beijing.aliyuncs.com/kaoyan/2024/05/19/0a75f75ff4f345beb50e955efc2a5873.png,2026-10-09T06:35:09.527230+00:00,mini_program_api_value_reconciled,secondary_structured,70a1199fe01566d2,matched
东南大学,2025,统计与数据科学学院,应用统计,admitted_min,352.0,352.0,0.0,0.51,schoolMajorVO.repeatMinGrade,https://admin.jiuxianzai.cn/api/applet/home/index/schoolDetail/39a1066661cc5563f00076704d954811,https://jiuxianzai.oss-cn-beijing.aliyuncs.com/kaoyan/2025/10/09/935d347886424e55a763cbb0f80a2676.png,2026-10-09T06:35:09.527230+00:00,mini_program_api_value_reconciled,secondary_structured,70a1199fe01566d2,matched
东南大学,2025,统计与数据科学学院,应用统计,admitted_count,15.0,15.0,0.0,0.01,schoolMajorVO.enterpersonVolunteerNum,https://admin.jiuxianzai.cn/api/applet/home/index/schoolDetail/39a1066661cc5563f00076704d954811,https://jiuxianzai.oss-cn-beijing.aliyuncs.com/kaoyan/2025/10/09/935d347886424e55a763cbb0f80a2676.png,2026-10-09T06:35:09.527230+00:00,mini_program_api_value_reconciled,secondary_structured,70a1199fe01566d2,matched
东南大学,2025,统计与数据科学学院,应用统计,retest_count,16.0,16.0,0.0,0.01,schoolMajorVO.enterpersonRepeatNum,https://admin.jiuxianzai.cn/api/applet/home/index/schoolDetail/39a1066661cc5563f00076704d954811,https://jiuxianzai.oss-cn-beijing.aliyuncs.com/kaoyan/2025/10/09/935d347886424e55a763cbb0f80a2676.png,2026-10-09T06:35:09.527230+00:00,mini_program_api_value_reconciled,secondary_structured,70a1199fe01566d2,matched
东南大学,2026,统计与数据科学学院,应用统计,admitted_min,397.0,397.0,0.0,0.51,schoolMajorVO.repeatMinGrade,https://admin.jiuxianzai.cn/api/applet/home/index/schoolDetail/39a1066661cc5563f00076704d954811,https://jiuxianzai.oss-cn-beijing.aliyuncs.com/kaoyan/2026/05/25/e528261201bc43cfabc7331471dce90f.png,2026-10-09T06:35:09.527230+00:00,mini_program_api_value_reconciled,secondary_structured,70a1199fe01566d2,matched
东南大学,2026,统计与数据科学学院,应用统计,admitted_count,19.0,19.0,0.0,0.01,schoolMajorVO.enterpersonVolunteerNum,https://admin.jiuxianzai.cn/api/applet/home/index/schoolDetail/39a1066661cc5563f00076704d954811,https://jiuxianzai.oss-cn-beijing.aliyuncs.com/kaoyan/2026/05/25/e528261201bc43cfabc7331471dce90f.png,2026-10-09T06:35:09.527230+00:00,mini_program_api_value_reconciled,secondary_structured,70a1199fe01566d2,matched
东南大学,2026,统计与数据科学学院,应用统计,retest_count,22.0,22.0,0.0,0.01,schoolMajorVO.enterpersonRepeatNum,https://admin.jiuxianzai.cn/api/applet/home/index/schoolDetail/39a1066661cc5563f00076704d954811,https://jiuxianzai.oss-cn-beijing.aliyuncs.com/kaoyan/2026/05/25/e528261201bc43cfabc7331471dce90f.png,2026-10-09T06:35:09.527230+00:00,mini_program_api_value_reconciled,secondary_structured,70a1199fe01566d2,matched
中南大学,2022,数学与统计学院,应用统计,admitted_count,15.0,15.0,0.0,0.01,schoolMajorVO.enterpersonVolunteerNum,https://admin.jiuxianzai.cn/api/applet/home/index/schoolDetail/9992ea5cc0f3be699aa80b38b6171e7c,https://jiuxianzai.oss-cn-beijing.aliyuncs.com/kaoyan/2022/04/17/7166b40a9ac341aaa8c954c955ca11d3.png,2026-10-09T06:35:10.982547+00:00,mini_program_api_value_reconciled,secondary_structured,d92a4d06a78537a2,matched
中南大学,2022,数学与统计学院,应用统计,retest_count,18.0,18.0,0.0,0.01,schoolMajorVO.enterpersonRepeatNum,https://admin.jiuxianzai.cn/api/applet/home/index/schoolDetail/9992ea5cc0f3be699aa80b38b6171e7c,https://jiuxianzai.oss-cn-beijing.aliyuncs.com/kaoyan/2022/04/17/7166b40a9ac341aaa8c954c955ca11d3.png,2026-10-09T06:35:10.982547+00:00,mini_program_api_value_reconciled,secondary_structured,d92a4d06a78537a2,matched
中南大学,2023,数学与统计学院,应用统计,admitted_count,21.0,21.0,0.0,0.01,schoolMajorVO.enterpersonVolunteerNum,https://admin.jiuxianzai.cn/api/applet/home/index/schoolDetail/9992ea5cc0f3be699aa80b38b6171e7c,https://jiuxianzai.oss-cn-beijing.aliyuncs.com/kaoyan/2023/04/13/e70eca0e161d44bdb2ae6f496d523307.png,2026-10-09T06:35:10.982547+00:00,mini_program_api_value_reconciled,secondary_structured,d92a4d06a78537a2,matched
中南大学,2023,数学与统计学院,应用统计,retest_count,33.0,33.0,0.0,0.01,schoolMajorVO.enterpersonRepeatNum,https://admin.jiuxianzai.cn/api/applet/home/index/schoolDetail/9992ea5cc0f3be699aa80b38b6171e7c,https://jiuxianzai.oss-cn-beijing.aliyuncs.com/kaoyan/2023/04/13/e70eca0e161d44bdb2ae6f496d523307.png,2026-10-09T06:35:10.982547+00:00,mini_program_api_value_reconciled,secondary_structured,d92a4d06a78537a2,matched
中南大学,2024,数学与统计学院,应用统计,admitted_min,391.0,391.0,0.0,0.51,schoolMajorVO.repeatMinGrade,https://admin.jiuxianzai.cn/api/applet/home/index/schoolDetail/9992ea5cc0f3be699aa80b38b6171e7c,https://jiuxianzai.oss-cn-beijing.aliyuncs.com/kaoyan/2024/04/08/4c49b526fea1424dbb96cae2e7937165.png,2026-10-09T06:35:10.982547+00:00,mini_program_api_value_reconciled,secondary_structured,d92a4d06a78537a2,matched
中南大学,2024,数学与统计学院,应用统计,admitted_count,28.0,28.0,0.0,0.01,schoolMajorVO.enterpersonVolunteerNum,https://admin.jiuxianzai.cn/api/applet/home/index/schoolDetail/9992ea5cc0f3be699aa80b38b6171e7c,https://jiuxianzai.oss-cn-beijing.aliyuncs.com/kaoyan/2024/04/08/4c49b526fea1424dbb96cae2e7937165.png,2026-10-09T06:35:10.982547+00:00,mini_program_api_value_reconciled,secondary_structured,d92a4d06a78537a2,matched
中南大学,2024,数学与统计学院,应用统计,retest_count,46.0,46.0,0.0,0.01,schoolMajorVO.enterpersonRepeatNum,https://admin.jiuxianzai.cn/api/applet/home/index/schoolDetail/9992ea5cc0f3be699aa80b38b6171e7c,https://jiuxianzai.oss-cn-beijing.aliyuncs.com/kaoyan/2024/04/08/4c49b526fea1424dbb96cae2e7937165.png,2026-10-09T06:35:10.982547+00:00,mini_program_api_value_reconciled,secondary_structured,d92a4d06a78537a2,matched
中南大学,2025,数学与统计学院,应用统计,admitted_min,370.0,370.0,0.0,0.51,schoolMajorVO.repeatMinGrade,https://admin.jiuxianzai.cn/api/applet/home/index/schoolDetail/9992ea5cc0f3be699aa80b38b6171e7c,https://jiuxianzai.oss-cn-beijing.aliyuncs.com/kaoyan/2025/04/03/96abe37add584415b45f755cc7043018.png,2026-10-09T06:35:10.982547+00:00,mini_program_api_value_reconciled,secondary_structured,d92a4d06a78537a2,matched
中南大学,2025,数学与统计学院,应用统计,admitted_count,27.0,27.0,0.0,0.01,schoolMajorVO.enterpersonVolunteerNum,https://admin.jiuxianzai.cn/api/applet/home/index/schoolDetail/9992ea5cc0f3be699aa80b38b6171e7c,https://jiuxianzai.oss-cn-beijing.aliyuncs.com/kaoyan/2025/04/03/96abe37add584415b45f755cc7043018.png,2026-10-09T06:35:10.982547+00:00,mini_program_api_value_reconciled,secondary_structured,d92a4d06a78537a2,matched
中南大学,2025,数学与统计学院,应用统计,retest_count,33.0,33.0,0.0,0.01,schoolMajorVO.enterpersonRepeatNum,https://admin.jiuxianzai.cn/api/applet/home/index/schoolDetail/9992ea5cc0f3be699aa80b38b6171e7c,https://jiuxianzai.oss-cn-beijing.aliyuncs.com/kaoyan/2025/04/03/96abe37add584415b45f755cc7043018.png,2026-10-09T06:35:10.982547+00:00,mini_program_api_value_reconciled,secondary_structured,d92a4d06a78537a2,matched
中南大学,2026,数学与统计学院,应用统计,admitted_min,402.0,402.0,0.0,0.51,schoolMajorVO.repeatMinGrade,https://admin.jiuxianzai.cn/api/applet/home/index/schoolDetail/9992ea5cc0f3be699aa80b38b6171e7c,https://jiuxianzai.oss-cn-beijing.aliyuncs.com/kaoyan/2026/05/14/1db411a709394a5b969dc3ee89c0e864.png,2026-10-09T06:35:10.982547+00:00,mini_program_api_value_reconciled,secondary_structured,d92a4d06a78537a2,matched
中南大学,2026,数学与统计学院,应用统计,admitted_count,27.0,27.0,0.0,0.01,schoolMajorVO.enterpersonVolunteerNum,https://admin.jiuxianzai.cn/api/applet/home/index/schoolDetail/9992ea5cc0f3be699aa80b38b6171e7c,https://jiuxianzai.oss-cn-beijing.aliyuncs.com/kaoyan/2026/05/14/1db411a709394a5b969dc3ee89c0e864.png,2026-10-09T06:35:10.982547+00:00,mini_program_api_value_reconciled,secondary_structured,d92a4d06a78537a2,matched
中南大学,2026,数学与统计学院,应用统计,retest_count,33.0,33.0,0.0,0.01,schoolMajorVO.enterpersonRepeatNum,https://admin.jiuxianzai.cn/api/applet/home/index/schoolDetail/9992ea5cc0f3be699aa80b38b6171e7c,https://jiuxianzai.oss-cn-beijing.aliyuncs.com/kaoyan/2026/05/14/1db411a709394a5b969dc3ee89c0e864.png,2026-10-09T06:35:10.982547+00:00,mini_program_api_value_reconciled,secondary_structured,d92a4d06a78537a2,matched
中南财经政法大学,2022,统计与数学学院,应用统计,admitted_count,112.0,112.0,0.0,0.01,schoolMajorVO.enterpersonVolunteerNum,https://admin.jiuxianzai.cn/api/applet/home/index/schoolDetail/15dc051e0442d52a5bea9583661c8e9a,https://jiuxianzai.oss-cn-beijing.aliyuncs.com/kaoyan/2022/04/18/68ddb87df7404838a9bf4b8f5f908310.png,2026-10-09T06:35:08.811995+00:00,mini_program_api_value_reconciled,secondary_structured,0de9f5035c5f8104,matched
中南财经政法大学,2022,统计与数学学院,应用统计,retest_count,150.0,150.0,0.0,0.01,schoolMajorVO.enterpersonRepeatNum,https://admin.jiuxianzai.cn/api/applet/home/index/schoolDetail/15dc051e0442d52a5bea9583661c8e9a,https://jiuxianzai.oss-cn-beijing.aliyuncs.com/kaoyan/2022/04/18/68ddb87df7404838a9bf4b8f5f908310.png,2026-10-09T06:35:08.811995+00:00,mini_program_api_value_reconciled,secondary_structured,0de9f5035c5f8104,matched
中南财经政法大学,2023,统计与数学学院,应用统计,cutoff,382.0,382.0,0.0,0.51,schoolMajorVO.repeatGrade,https://admin.jiuxianzai.cn/api/applet/home/index/schoolDetail/15dc051e0442d52a5bea9583661c8e9a,https://jiuxianzai.oss-cn-beijing.aliyuncs.com/kaoyan/2023/04/13/a25f65a349ad4ef1939aa3f2765d62e9.png,2026-10-09T06:35:08.811995+00:00,mini_program_api_value_reconciled,secondary_structured,0de9f5035c5f8104,matched
中南财经政法大学,2023,统计与数学学院,应用统计,admitted_min,382.0,382.0,0.0,0.51,schoolMajorVO.repeatMinGrade,https://admin.jiuxianzai.cn/api/applet/home/index/schoolDetail/15dc051e0442d52a5bea9583661c8e9a,https://jiuxianzai.oss-cn-beijing.aliyuncs.com/kaoyan/2023/04/13/a25f65a349ad4ef1939aa3f2765d62e9.png,2026-10-09T06:35:08.811995+00:00,mini_program_api_value_reconciled,secondary_structured,0de9f5035c5f8104,matched
中南财经政法大学,2023,统计与数学学院,应用统计,admitted_count,123.0,123.0,0.0,0.01,schoolMajorVO.enterpersonVolunteerNum,https://admin.jiuxianzai.cn/api/applet/home/index/schoolDetail/15dc051e0442d52a5bea9583661c8e9a,https://jiuxianzai.oss-cn-beijing.aliyuncs.com/kaoyan/2023/04/13/a25f65a349ad4ef1939aa3f2765d62e9.png,2026-10-09T06:35:08.811995+00:00,mini_program_api_value_reconciled,secondary_structured,0de9f5035c5f8104,matched
中南财经政法大学,2023,统计与数学学院,应用统计,retest_count,163.0,163.0,0.0,0.01,schoolMajorVO.enterpersonRepeatNum,https://admin.jiuxianzai.cn/api/applet/home/index/schoolDetail/15dc051e0442d52a5bea9583661c8e9a,https://jiuxianzai.oss-cn-beijing.aliyuncs.com/kaoyan/2023/04/13/a25f65a349ad4ef1939aa3f2765d62e9.png,2026-10-09T06:35:08.811995+00:00,mini_program_api_value_reconciled,secondary_structured,0de9f5035c5f8104,matched
中南财经政法大学,2024,统计与数学学院,应用统计,admitted_min,365.0,365.0,0.0,0.51,schoolMajorVO.repeatMinGrade,https://admin.jiuxianzai.cn/api/applet/home/index/schoolDetail/15dc051e0442d52a5bea9583661c8e9a,https://jiuxianzai.oss-cn-beijing.aliyuncs.com/kaoyan/2024/04/08/a594269202324d7dad1617f274620155.png,2026-10-09T06:35:08.811995+00:00,mini_program_api_value_reconciled,secondary_structured,0de9f5035c5f8104,matched
中南财经政法大学,2024,统计与数学学院,应用统计,admitted_count,119.0,119.0,0.0,0.01,schoolMajorVO.enterpersonVolunteerNum,https://admin.jiuxianzai.cn/api/applet/home/index/schoolDetail/15dc051e0442d52a5bea9583661c8e9a,https://jiuxianzai.oss-cn-beijing.aliyuncs.com/kaoyan/2024/04/08/a594269202324d7dad1617f274620155.png,2026-10-09T06:35:08.811995+00:00,mini_program_api_value_reconciled,secondary_structured,0de9f5035c5f8104,matched
中南财经政法大学,2024,统计与数学学院,应用统计,retest_count,155.0,155.0,0.0,0.01,schoolMajorVO.enterpersonRepeatNum,https://admin.jiuxianzai.cn/api/applet/home/index/schoolDetail/15dc051e0442d52a5bea9583661c8e9a,https://jiuxianzai.oss-cn-beijing.aliyuncs.com/kaoyan/2024/04/08/a594269202324d7dad1617f274620155.png,2026-10-09T06:35:08.811995+00:00,mini_program_api_value_reconciled,secondary_structured,0de9f5035c5f8104,matched
中南财经政法大学,2025,统计与数学学院,应用统计,cutoff,323.0,323.0,0.0,0.51,schoolMajorVO.repeatGrade,https://admin.jiuxianzai.cn/api/applet/home/index/schoolDetail/15dc051e0442d52a5bea9583661c8e9a,https://jiuxianzai.oss-cn-beijing.aliyuncs.com/kaoyan/2025/04/07/3458b07456a94bf0a21933327a34e999.png,2026-10-09T06:35:08.811995+00:00,mini_program_api_value_reconciled,secondary_structured,0de9f5035c5f8104,matched
中南财经政法大学,2025,统计与数学学院,应用统计,admitted_min,323.0,323.0,0.0,0.51,schoolMajorVO.repeatMinGrade,https://admin.jiuxianzai.cn/api/applet/home/index/schoolDetail/15dc051e0442d52a5bea9583661c8e9a,https://jiuxianzai.oss-cn-beijing.aliyuncs.com/kaoyan/2025/04/07/3458b07456a94bf0a21933327a34e999.png,2026-10-09T06:35:08.811995+00:00,mini_program_api_value_reconciled,secondary_structured,0de9f5035c5f8104,matched
中南财经政法大学,2025,统计与数学学院,应用统计,retest_count,181.0,181.0,0.0,0.01,schoolMajorVO.enterpersonRepeatNum,https://admin.jiuxianzai.cn/api/applet/home/index/schoolDetail/15dc051e0442d52a5bea9583661c8e9a,https://jiuxianzai.oss-cn-beijing.aliyuncs.com/kaoyan/2025/04/07/3458b07456a94bf0a21933327a34e999.png,2026-10-09T06:35:08.811995+00:00,mini_program_api_value_reconciled,secondary_structured,0de9f5035c5f8104,matched
中南财经政法大学,2026,统计与数学学院,应用统计,admitted_min,358.0,358.0,0.0,0.51,schoolMajorVO.repeatMinGrade,https://admin.jiuxianzai.cn/api/applet/home/index/schoolDetail/15dc051e0442d52a5bea9583661c8e9a,https://jiuxianzai.oss-cn-beijing.aliyuncs.com/kaoyan/2026/05/15/bff5d8f4a6e848edaccdb0a0e7035830.png,2026-10-09T06:35:08.811995+00:00,mini_program_api_value_reconciled,secondary_structured,0de9f5035c5f8104,matched
中南财经政法大学,2026,统计与数学学院,应用统计,admitted_count,154.0,154.0,0.0,0.01,schoolMajorVO.enterpersonVolunteerNum,https://admin.jiuxianzai.cn/api/applet/home/index/schoolDetail/15dc051e0442d52a5bea9583661c8e9a,https://jiuxianzai.oss-cn-beijing.aliyuncs.com/kaoyan/2026/05/15/bff5d8f4a6e848edaccdb0a0e7035830.png,2026-10-09T06:35:08.811995+00:00,mini_program_api_value_reconciled,secondary_structured,0de9f5035c5f8104,matched
中南财经政法大学,2026,统计与数学学院,应用统计,retest_count,199.0,199.0,0.0,0.01,schoolMajorVO.enterpersonRepeatNum,https://admin.jiuxianzai.cn/api/applet/home/index/schoolDetail/15dc051e0442d52a5bea9583661c8e9a,https://jiuxianzai.oss-cn-beijing.aliyuncs.com/kaoyan/2026/05/15/bff5d8f4a6e848edaccdb0a0e7035830.png,2026-10-09T06:35:08.811995+00:00,mini_program_api_value_reconciled,secondary_structured,0de9f5035c5f8104,matched
中国人民大学,2023,统计与大数据研究院,应用统计,cutoff,380.0,380.0,0.0,0.51,schoolMajorVO.repeatGrade,https://admin.jiuxianzai.cn/api/applet/home/index/schoolDetail/ab43bf74efe98dc996b878a32bd695d8,https://jiuxianzai.oss-cn-beijing.aliyuncs.com/kaoyan/2023/06/01/e3e911bd0b1a4a50a0c461303242fa73.png,2026-10-09T06:35:11.366404+00:00,mini_program_api_value_reconciled,secondary_structured,b633943b7a15a257,matched
中国人民大学,2023,统计与大数据研究院,应用统计,admitted_min,383.0,383.0,0.0,0.51,schoolMajorVO.repeatMinGrade,https://admin.jiuxianzai.cn/api/applet/home/index/schoolDetail/ab43bf74efe98dc996b878a32bd695d8,https://jiuxianzai.oss-cn-beijing.aliyuncs.com/kaoyan/2023/06/01/e3e911bd0b1a4a50a0c461303242fa73.png,2026-10-09T06:35:11.366404+00:00,mini_program_api_value_reconciled,secondary_structured,b633943b7a15a257,matched
中国人民大学,2025,统计与大数据研究院,应用统计,cutoff,355.0,355.0,0.0,0.51,schoolMajorVO.repeatGrade,https://admin.jiuxianzai.cn/api/applet/home/index/schoolDetail/ab43bf74efe98dc996b878a32bd695d8,https://jiuxianzai.oss-cn-beijing.aliyuncs.com/kaoyan/2025/05/08/bc32ef65a4704d3fa0eae33db7811bea.png,2026-10-09T06:35:11.366404+00:00,mini_program_api_value_reconciled,secondary_structured,b633943b7a15a257,matched
中国人民大学,2026,统计与大数据研究院,应用统计,cutoff,340.0,340.0,0.0,0.51,schoolMajorVO.repeatGrade,https://admin.jiuxianzai.cn/api/applet/home/index/schoolDetail/ab43bf74efe98dc996b878a32bd695d8,https://jiuxianzai.oss-cn-beijing.aliyuncs.com/kaoyan/2026/05/14/3daa2a7a7ed44da095916da7d2643b46.png,2026-10-09T06:35:11.366404+00:00,mini_program_api_value_reconciled,secondary_structured,b633943b7a15a257,matched
中国人民大学,2026,统计与大数据研究院,应用统计,admitted_min,344.0,344.0,0.0,0.51,schoolMajorVO.repeatMinGrade,https://admin.jiuxianzai.cn/api/applet/home/index/schoolDetail/ab43bf74efe98dc996b878a32bd695d8,https://jiuxianzai.oss-cn-beijing.aliyuncs.com/kaoyan/2026/05/14/3daa2a7a7ed44da095916da7d2643b46.png,2026-10-09T06:35:11.366404+00:00,mini_program_api_value_reconciled,secondary_structured,b633943b7a15a257,matched
中国人民大学,2024,统计学院,应用统计,admitted_min,405.0,405.0,0.0,0.51,schoolMajorVO.repeatMinGrade,https://admin.jiuxianzai.cn/api/applet/home/index/schoolDetail/5cc9312943c90cba85bb2d324933e5cf,https://jiuxianzai.oss-cn-beijing.aliyuncs.com/kaoyan/2024/05/01/126dc7bf6b5744a9b9b81311c5ea7c7b.png,2026-10-09T06:35:10.081117+00:00,mini_program_api_value_reconciled,secondary_structured,9d2e01acdd4c3f7f,matched
中国人民大学,2025,统计学院,应用统计,cutoff,355.0,355.0,0.0,0.51,schoolMajorVO.repeatGrade,https://admin.jiuxianzai.cn/api/applet/home/index/schoolDetail/5cc9312943c90cba85bb2d324933e5cf,https://jiuxianzai.oss-cn-beijing.aliyuncs.com/kaoyan/2025/05/08/bd524ba0c7574821910fc671417a7d1a.png,2026-10-09T06:35:10.081117+00:00,mini_program_api_value_reconciled,secondary_structured,9d2e01acdd4c3f7f,matched
中国人民大学,2025,统计学院,应用统计,admitted_min,358.0,358.0,0.0,0.51,schoolMajorVO.repeatMinGrade,https://admin.jiuxianzai.cn/api/applet/home/index/schoolDetail/5cc9312943c90cba85bb2d324933e5cf,https://jiuxianzai.oss-cn-beijing.aliyuncs.com/kaoyan/2025/05/08/bd524ba0c7574821910fc671417a7d1a.png,2026-10-09T06:35:10.081117+00:00,mini_program_api_value_reconciled,secondary_structured,9d2e01acdd4c3f7f,matched
中国地质大学（北京）,2022,数理学院,应用统计,cutoff,360.0,360.0,0.0,0.51,schoolMajorVO.repeatGrade,https://admin.jiuxianzai.cn/api/applet/home/index/schoolDetail/8a4a3de5e4d11f28df46f1455b74f57d,https://jiuxianzai.oss-cn-beijing.aliyuncs.com/kaoyan/2022/04/18/416e45e4524e4497b37e9ce8c7bb15f2.png,2026-10-09T06:35:10.864223+00:00,mini_program_api_value_reconciled,secondary_structured,0c24908e122fc375,matched
中国地质大学（北京）,2022,数理学院,应用统计,admitted_count,20.0,20.0,0.0,0.01,schoolMajorVO.enterpersonVolunteerNum,https://admin.jiuxianzai.cn/api/applet/home/index/schoolDetail/8a4a3de5e4d11f28df46f1455b74f57d,https://jiuxianzai.oss-cn-beijing.aliyuncs.com/kaoyan/2022/04/18/416e45e4524e4497b37e9ce8c7bb15f2.png,2026-10-09T06:35:10.864223+00:00,mini_program_api_value_reconciled,secondary_structured,0c24908e122fc375,matched
中国地质大学（北京）,2022,数理学院,应用统计,retest_count,59.0,59.0,0.0,0.01,schoolMajorVO.enterpersonRepeatNum,https://admin.jiuxianzai.cn/api/applet/home/index/schoolDetail/8a4a3de5e4d11f28df46f1455b74f57d,https://jiuxianzai.oss-cn-beijing.aliyuncs.com/kaoyan/2022/04/18/416e45e4524e4497b37e9ce8c7bb15f2.png,2026-10-09T06:35:10.864223+00:00,mini_program_api_value_reconciled,secondary_structured,0c24908e122fc375,matched
中国地质大学（北京）,2023,数理学院,应用统计,cutoff,346.0,346.0,0.0,0.51,schoolMajorVO.repeatGrade,https://admin.jiuxianzai.cn/api/applet/home/index/schoolDetail/8a4a3de5e4d11f28df46f1455b74f57d,https://jiuxianzai.oss-cn-beijing.aliyuncs.com/kaoyan/2023/05/06/7727121114e14ccdadc7514eff5d0061.png,2026-10-09T06:35:10.864223+00:00,mini_program_api_value_reconciled,secondary_structured,0c24908e122fc375,matched
中国地质大学（北京）,2023,数理学院,应用统计,admitted_min,346.0,346.0,0.0,0.51,schoolMajorVO.repeatMinGrade,https://admin.jiuxianzai.cn/api/applet/home/index/schoolDetail/8a4a3de5e4d11f28df46f1455b74f57d,https://jiuxianzai.oss-cn-beijing.aliyuncs.com/kaoyan/2023/05/06/7727121114e14ccdadc7514eff5d0061.png,2026-10-09T06:35:10.864223+00:00,mini_program_api_value_reconciled,secondary_structured,0c24908e122fc375,matched
中国地质大学（北京）,2023,数理学院,应用统计,admitted_count,12.0,12.0,0.0,0.01,schoolMajorVO.enterpersonVolunteerNum,https://admin.jiuxianzai.cn/api/applet/home/index/schoolDetail/8a4a3de5e4d11f28df46f1455b74f57d,https://jiuxianzai.oss-cn-beijing.aliyuncs.com/kaoyan/2023/05/06/7727121114e14ccdadc7514eff5d0061.png,2026-10-09T06:35:10.864223+00:00,mini_program_api_value_reconciled,secondary_structured,0c24908e122fc375,matched
中国地质大学（北京）,2023,数理学院,应用统计,retest_count,13.0,13.0,0.0,0.01,schoolMajorVO.enterpersonRepeatNum,https://admin.jiuxianzai.cn/api/applet/home/index/schoolDetail/8a4a3de5e4d11f28df46f1455b74f57d,https://jiuxianzai.oss-cn-beijing.aliyuncs.com/kaoyan/2023/05/06/7727121114e14ccdadc7514eff5d0061.png,2026-10-09T06:35:10.864223+00:00,mini_program_api_value_reconciled,secondary_structured,0c24908e122fc375,matched
中国地质大学（北京）,2024,数理学院,应用统计,cutoff,338.0,338.0,0.0,0.51,schoolMajorVO.repeatGrade,https://admin.jiuxianzai.cn/api/applet/home/index/schoolDetail/8a4a3de5e4d11f28df46f1455b74f57d,https://jiuxianzai.oss-cn-beijing.aliyuncs.com/kaoyan/2024/04/09/e3ce9daac14f4980b67a31d011f32f18.png,2026-10-09T06:35:10.864223+00:00,mini_program_api_value_reconciled,secondary_structured,0c24908e122fc375,matched
中国地质大学（北京）,2024,数理学院,应用统计,admitted_min,361.0,361.0,0.0,0.51,schoolMajorVO.repeatMinGrade,https://admin.jiuxianzai.cn/api/applet/home/index/schoolDetail/8a4a3de5e4d11f28df46f1455b74f57d,https://jiuxianzai.oss-cn-beijing.aliyuncs.com/kaoyan/2024/04/09/e3ce9daac14f4980b67a31d011f32f18.png,2026-10-09T06:35:10.864223+00:00,mini_program_api_value_reconciled,secondary_structured,0c24908e122fc375,matched
中国地质大学（北京）,2024,数理学院,应用统计,admitted_count,19.0,19.0,0.0,0.01,schoolMajorVO.enterpersonVolunteerNum,https://admin.jiuxianzai.cn/api/applet/home/index/schoolDetail/8a4a3de5e4d11f28df46f1455b74f57d,https://jiuxianzai.oss-cn-beijing.aliyuncs.com/kaoyan/2024/04/09/e3ce9daac14f4980b67a31d011f32f18.png,2026-10-09T06:35:10.864223+00:00,mini_program_api_value_reconciled,secondary_structured,0c24908e122fc375,matched
中国地质大学（北京）,2024,数理学院,应用统计,retest_count,44.0,44.0,0.0,0.01,schoolMajorVO.enterpersonRepeatNum,https://admin.jiuxianzai.cn/api/applet/home/index/schoolDetail/8a4a3de5e4d11f28df46f1455b74f57d,https://jiuxianzai.oss-cn-beijing.aliyuncs.com/kaoyan/2024/04/09/e3ce9daac14f4980b67a31d011f32f18.png,2026-10-09T06:35:10.864223+00:00,mini_program_api_value_reconciled,secondary_structured,0c24908e122fc375,matched
中国地质大学（北京）,2025,数理学院,应用统计,admitted_min,361.0,361.0,0.0,0.51,schoolMajorVO.repeatMinGrade,https://admin.jiuxianzai.cn/api/applet/home/index/schoolDetail/8a4a3de5e4d11f28df46f1455b74f57d,https://jiuxianzai.oss-cn-beijing.aliyuncs.com/kaoyan/2025/04/07/3c3b93986d9142988585b86af570a493.png,2026-10-09T06:35:10.864223+00:00,mini_program_api_value_reconciled,secondary_structured,0c24908e122fc375,matched
中国地质大学（北京）,2025,数理学院,应用统计,admitted_count,15.0,15.0,0.0,0.01,schoolMajorVO.enterpersonVolunteerNum,https://admin.jiuxianzai.cn/api/applet/home/index/schoolDetail/8a4a3de5e4d11f28df46f1455b74f57d,https://jiuxianzai.oss-cn-beijing.aliyuncs.com/kaoyan/2025/04/07/3c3b93986d9142988585b86af570a493.png,2026-10-09T06:35:10.864223+00:00,mini_program_api_value_reconciled,secondary_structured,0c24908e122fc375,matched
中国地质大学（北京）,2025,数理学院,应用统计,retest_count,35.0,35.0,0.0,0.01,schoolMajorVO.enterpersonRepeatNum,https://admin.jiuxianzai.cn/api/applet/home/index/schoolDetail/8a4a3de5e4d11f28df46f1455b74f57d,https://jiuxianzai.oss-cn-beijing.aliyuncs.com/kaoyan/2025/04/07/3c3b93986d9142988585b86af570a493.png,2026-10-09T06:35:10.864223+00:00,mini_program_api_value_reconciled,secondary_structured,0c24908e122fc375,matched
中国地质大学（北京）,2026,数理学院,应用统计,admitted_min,380.0,380.0,0.0,0.51,schoolMajorVO.repeatMinGrade,https://admin.jiuxianzai.cn/api/applet/home/index/schoolDetail/8a4a3de5e4d11f28df46f1455b74f57d,https://jiuxianzai.oss-cn-beijing.aliyuncs.com/kaoyan/2026/09/28/6f3b9f6fdd64498797ec4f85d77372f0.png,2026-10-09T06:35:10.864223+00:00,mini_program_api_value_reconciled,secondary_structured,0c24908e122fc375,matched
中国地质大学（北京）,2026,数理学院,应用统计,admitted_count,12.0,12.0,0.0,0.01,schoolMajorVO.enterpersonVolunteerNum,https://admin.jiuxianzai.cn/api/applet/home/index/schoolDetail/8a4a3de5e4d11f28df46f1455b74f57d,https://jiuxianzai.oss-cn-beijing.aliyuncs.com/kaoyan/2026/09/28/6f3b9f6fdd64498797ec4f85d77372f0.png,2026-10-09T06:35:10.864223+00:00,mini_program_api_value_reconciled,secondary_structured,0c24908e122fc375,matched
中国地质大学（武汉）,2023,数学与物理学院,应用统计,cutoff,376.0,376.0,0.0,0.51,schoolMajorVO.repeatGrade,https://admin.jiuxianzai.cn/api/applet/home/index/schoolDetail/54741a8400d2d1c10c484e82e516f707,https://jiuxianzai.oss-cn-beijing.aliyuncs.com/kaoyan/2023/04/13/90698149329f454da2ff4a8823e41edb.png,2026-10-09T06:35:10.012356+00:00,mini_program_api_value_reconciled,secondary_structured,fef45fcb4b352990,matched
中国地质大学（武汉）,2025,数学与物理学院,应用统计,admitted_min,349.0,349.0,0.0,0.51,schoolMajorVO.repeatMinGrade,https://admin.jiuxianzai.cn/api/applet/home/index/schoolDetail/54741a8400d2d1c10c484e82e516f707,https://jiuxianzai.oss-cn-beijing.aliyuncs.com/kaoyan/2025/04/07/0b43ba0249d54dad8d00bbdf4097e764.png,2026-10-09T06:35:10.012356+00:00,mini_program_api_value_reconciled,secondary_structured,fef45fcb4b352990,matched
中国地质大学（武汉）,2022,经济管理学院,应用统计,cutoff,371.0,371.0,0.0,0.51,schoolMajorVO.repeatGrade,https://admin.jiuxianzai.cn/api/applet/home/index/schoolDetail/f5abef8326596648ba1d980ba12e0ecf,https://jiuxianzai.oss-cn-beijing.aliyuncs.com/kaoyan/2022/04/18/472a01991632493da9e364877dd2b814.png,2026-10-09T06:35:12.782567+00:00,mini_program_api_value_reconciled,secondary_structured,e657d44bc2c57c7b,matched
中国地质大学（武汉）,2023,经济管理学院,应用统计,admitted_min,346.0,346.0,0.0,0.51,schoolMajorVO.repeatMinGrade,https://admin.jiuxianzai.cn/api/applet/home/index/schoolDetail/f5abef8326596648ba1d980ba12e0ecf,https://jiuxianzai.oss-cn-beijing.aliyuncs.com/kaoyan/2023/04/13/60be6e0800c14df18f32a4a3dd830c59.png,2026-10-09T06:35:12.782567+00:00,mini_program_api_value_reconciled,secondary_structured,e657d44bc2c57c7b,matched
中国地质大学（武汉）,2024,经济管理学院,应用统计,admitted_min,358.0,358.0,0.0,0.51,schoolMajorVO.repeatMinGrade,https://admin.jiuxianzai.cn/api/applet/home/index/schoolDetail/f5abef8326596648ba1d980ba12e0ecf,https://jiuxianzai.oss-cn-beijing.aliyuncs.com/kaoyan/2024/04/08/cde667f52b214fafbaeb7cc1d054a22a.png,2026-10-09T06:35:12.782567+00:00,mini_program_api_value_reconciled,secondary_structured,e657d44bc2c57c7b,matched
中国地质大学（武汉）,2026,经济管理学院,应用统计,admitted_min,326.0,326.0,0.0,0.51,schoolMajorVO.repeatMinGrade,https://admin.jiuxianzai.cn/api/applet/home/index/schoolDetail/f5abef8326596648ba1d980ba12e0ecf,https://jiuxianzai.oss-cn-beijing.aliyuncs.com/kaoyan/2026/05/15/55701d8b00784fc299ca7afbe226ce3e.png,2026-10-09T06:35:12.782567+00:00,mini_program_api_value_reconciled,secondary_structured,e657d44bc2c57c7b,matched
中国海洋大学,2022,数学科学学院,应用统计,admitted_count,17.0,17.0,0.0,0.01,schoolMajorVO.enterpersonVolunteerNum,https://admin.jiuxianzai.cn/api/applet/home/index/schoolDetail/85d797959ef51e37f8b19e0d8c60d4a2,https://jiuxianzai.oss-cn-beijing.aliyuncs.com/kaoyan/2022/04/17/33d610b345704004a9c5c9e34cb33df5.png,2026-10-09T06:35:10.804283+00:00,mini_program_api_value_reconciled,secondary_structured,5b1a37d4399e1664,matched
中国海洋大学,2022,数学科学学院,应用统计,retest_count,23.0,23.0,0.0,0.01,schoolMajorVO.enterpersonRepeatNum,https://admin.jiuxianzai.cn/api/applet/home/index/schoolDetail/85d797959ef51e37f8b19e0d8c60d4a2,https://jiuxianzai.oss-cn-beijing.aliyuncs.com/kaoyan/2022/04/17/33d610b345704004a9c5c9e34cb33df5.png,2026-10-09T06:35:10.804283+00:00,mini_program_api_value_reconciled,secondary_structured,5b1a37d4399e1664,matched
中国海洋大学,2023,数学科学学院,应用统计,cutoff,388.0,388.0,0.0,0.51,schoolMajorVO.repeatGrade,https://admin.jiuxianzai.cn/api/applet/home/index/schoolDetail/85d797959ef51e37f8b19e0d8c60d4a2,https://jiuxianzai.oss-cn-beijing.aliyuncs.com/kaoyan/2023/06/01/69c598d8b54e4e5a97324ed4ef7e4bc4.png,2026-10-09T06:35:10.804283+00:00,mini_program_api_value_reconciled,secondary_structured,5b1a37d4399e1664,matched
中国海洋大学,2023,数学科学学院,应用统计,admitted_min,390.0,390.0,0.0,0.51,schoolMajorVO.repeatMinGrade,https://admin.jiuxianzai.cn/api/applet/home/index/schoolDetail/85d797959ef51e37f8b19e0d8c60d4a2,https://jiuxianzai.oss-cn-beijing.aliyuncs.com/kaoyan/2023/06/01/69c598d8b54e4e5a97324ed4ef7e4bc4.png,2026-10-09T06:35:10.804283+00:00,mini_program_api_value_reconciled,secondary_structured,5b1a37d4399e1664,matched
中国海洋大学,2023,数学科学学院,应用统计,admitted_count,19.0,19.0,0.0,0.01,schoolMajorVO.enterpersonVolunteerNum,https://admin.jiuxianzai.cn/api/applet/home/index/schoolDetail/85d797959ef51e37f8b19e0d8c60d4a2,https://jiuxianzai.oss-cn-beijing.aliyuncs.com/kaoyan/2023/06/01/69c598d8b54e4e5a97324ed4ef7e4bc4.png,2026-10-09T06:35:10.804283+00:00,mini_program_api_value_reconciled,secondary_structured,5b1a37d4399e1664,matched
中国海洋大学,2023,数学科学学院,应用统计,retest_count,20.0,20.0,0.0,0.01,schoolMajorVO.enterpersonRepeatNum,https://admin.jiuxianzai.cn/api/applet/home/index/schoolDetail/85d797959ef51e37f8b19e0d8c60d4a2,https://jiuxianzai.oss-cn-beijing.aliyuncs.com/kaoyan/2023/06/01/69c598d8b54e4e5a97324ed4ef7e4bc4.png,2026-10-09T06:35:10.804283+00:00,mini_program_api_value_reconciled,secondary_structured,5b1a37d4399e1664,matched
中国海洋大学,2024,数学科学学院,应用统计,admitted_min,397.0,397.0,0.0,0.51,schoolMajorVO.repeatMinGrade,https://admin.jiuxianzai.cn/api/applet/home/index/schoolDetail/85d797959ef51e37f8b19e0d8c60d4a2,https://jiuxianzai.oss-cn-beijing.aliyuncs.com/kaoyan/2024/05/06/392eaa385ae24793bfdaa60b1659b217.png,2026-10-09T06:35:10.804283+00:00,mini_program_api_value_reconciled,secondary_structured,5b1a37d4399e1664,matched
中国海洋大学,2024,数学科学学院,应用统计,admitted_count,11.0,11.0,0.0,0.01,schoolMajorVO.enterpersonVolunteerNum,https://admin.jiuxianzai.cn/api/applet/home/index/schoolDetail/85d797959ef51e37f8b19e0d8c60d4a2,https://jiuxianzai.oss-cn-beijing.aliyuncs.com/kaoyan/2024/05/06/392eaa385ae24793bfdaa60b1659b217.png,2026-10-09T06:35:10.804283+00:00,mini_program_api_value_reconciled,secondary_structured,5b1a37d4399e1664,matched
中国海洋大学,2024,数学科学学院,应用统计,retest_count,14.0,14.0,0.0,0.01,schoolMajorVO.enterpersonRepeatNum,https://admin.jiuxianzai.cn/api/applet/home/index/schoolDetail/85d797959ef51e37f8b19e0d8c60d4a2,https://jiuxianzai.oss-cn-beijing.aliyuncs.com/kaoyan/2024/05/06/392eaa385ae24793bfdaa60b1659b217.png,2026-10-09T06:35:10.804283+00:00,mini_program_api_value_reconciled,secondary_structured,5b1a37d4399e1664,matched
中国海洋大学,2025,数学科学学院,应用统计,admitted_min,370.0,370.0,0.0,0.51,schoolMajorVO.repeatMinGrade,https://admin.jiuxianzai.cn/api/applet/home/index/schoolDetail/85d797959ef51e37f8b19e0d8c60d4a2,https://jiuxianzai.oss-cn-beijing.aliyuncs.com/kaoyan/2025/04/25/99dffffdbeeb4703b929c4ac9b0d84ba.png,2026-10-09T06:35:10.804283+00:00,mini_program_api_value_reconciled,secondary_structured,5b1a37d4399e1664,matched
中国海洋大学,2025,数学科学学院,应用统计,admitted_count,15.0,15.0,0.0,0.01,schoolMajorVO.enterpersonVolunteerNum,https://admin.jiuxianzai.cn/api/applet/home/index/schoolDetail/85d797959ef51e37f8b19e0d8c60d4a2,https://jiuxianzai.oss-cn-beijing.aliyuncs.com/kaoyan/2025/04/25/99dffffdbeeb4703b929c4ac9b0d84ba.png,2026-10-09T06:35:10.804283+00:00,mini_program_api_value_reconciled,secondary_structured,5b1a37d4399e1664,matched
中国海洋大学,2025,数学科学学院,应用统计,retest_count,19.0,19.0,0.0,0.01,schoolMajorVO.enterpersonRepeatNum,https://admin.jiuxianzai.cn/api/applet/home/index/schoolDetail/85d797959ef51e37f8b19e0d8c60d4a2,https://jiuxianzai.oss-cn-beijing.aliyuncs.com/kaoyan/2025/04/25/99dffffdbeeb4703b929c4ac9b0d84ba.png,2026-10-09T06:35:10.804283+00:00,mini_program_api_value_reconciled,secondary_structured,5b1a37d4399e1664,matched
中国海洋大学,2026,数学科学学院,应用统计,admitted_min,398.0,398.0,0.0,0.51,schoolMajorVO.repeatMinGrade,https://admin.jiuxianzai.cn/api/applet/home/index/schoolDetail/85d797959ef51e37f8b19e0d8c60d4a2,https://jiuxianzai.oss-cn-beijing.aliyuncs.com/kaoyan/2026/05/14/42898c0fa4a54ea0a37e76f95f5243c9.png,2026-10-09T06:35:10.804283+00:00,mini_program_api_value_reconciled,secondary_structured,5b1a37d4399e1664,matched
中国海洋大学,2026,数学科学学院,应用统计,admitted_count,11.0,11.0,0.0,0.01,schoolMajorVO.enterpersonVolunteerNum,https://admin.jiuxianzai.cn/api/applet/home/index/schoolDetail/85d797959ef51e37f8b19e0d8c60d4a2,https://jiuxianzai.oss-cn-beijing.aliyuncs.com/kaoyan/2026/05/14/42898c0fa4a54ea0a37e76f95f5243c9.png,2026-10-09T06:35:10.804283+00:00,mini_program_api_value_reconciled,secondary_structured,5b1a37d4399e1664,matched
中国海洋大学,2026,数学科学学院,应用统计,retest_count,13.0,13.0,0.0,0.01,schoolMajorVO.enterpersonRepeatNum,https://admin.jiuxianzai.cn/api/applet/home/index/schoolDetail/85d797959ef51e37f8b19e0d8c60d4a2,https://jiuxianzai.oss-cn-beijing.aliyuncs.com/kaoyan/2026/05/14/42898c0fa4a54ea0a37e76f95f5243c9.png,2026-10-09T06:35:10.804283+00:00,mini_program_api_value_reconciled,secondary_structured,5b1a37d4399e1664,matched
中国石油大学（北京）,2025,克拉玛依校区,应用统计,admitted_min,342.0,342.0,0.0,0.51,schoolMajorVO.repeatMinGrade,https://admin.jiuxianzai.cn/api/applet/home/index/schoolDetail/e41c6eec6386f172b952fece19a0f088,https://jiuxianzai.oss-cn-beijing.aliyuncs.com/kaoyan/2025/04/07/6f853d1fc86f41e8846762437c29bec6.png,2026-10-09T06:35:12.377147+00:00,mini_program_api_value_reconciled,secondary_structured,cc35987dfd69b094,matched
中国石油大学（北京）,2026,克拉玛依校区,应用统计,admitted_min,370.0,370.0,0.0,0.51,schoolMajorVO.repeatMinGrade,https://admin.jiuxianzai.cn/api/applet/home/index/schoolDetail/e41c6eec6386f172b952fece19a0f088,https://jiuxianzai.oss-cn-beijing.aliyuncs.com/kaoyan/2026/05/15/206a8989fb864f22af9f2267ae2d6773.png,2026-10-09T06:35:12.377147+00:00,mini_program_api_value_reconciled,secondary_structured,cc35987dfd69b094,matched
中国石油大学（北京）,2022,理学院,应用统计,admitted_count,17.0,17.0,0.0,0.01,schoolMajorVO.enterpersonVolunteerNum,https://admin.jiuxianzai.cn/api/applet/home/index/schoolDetail/d244bb654f35a3f1189323b88c5a7c04,https://jiuxianzai.oss-cn-beijing.aliyuncs.com/kaoyan/2022/04/18/322d902ae0a748e5bbf8320ea490bfe2.png,2026-10-09T06:35:12.099552+00:00,mini_program_api_value_reconciled,secondary_structured,846f77d2f1901ebc,matched
中国石油大学（北京）,2022,理学院,应用统计,retest_count,19.0,19.0,0.0,0.01,schoolMajorVO.enterpersonRepeatNum,https://admin.jiuxianzai.cn/api/applet/home/index/schoolDetail/d244bb654f35a3f1189323b88c5a7c04,https://jiuxianzai.oss-cn-beijing.aliyuncs.com/kaoyan/2022/04/18/322d902ae0a748e5bbf8320ea490bfe2.png,2026-10-09T06:35:12.099552+00:00,mini_program_api_value_reconciled,secondary_structured,846f77d2f1901ebc,matched
中国石油大学（北京）,2023,理学院,应用统计,cutoff,377.0,377.0,0.0,0.51,schoolMajorVO.repeatGrade,https://admin.jiuxianzai.cn/api/applet/home/index/schoolDetail/d244bb654f35a3f1189323b88c5a7c04,https://jiuxianzai.oss-cn-beijing.aliyuncs.com/kaoyan/2023/04/13/08ba1718a659474a8dd7dbf652efd3b8.png,2026-10-09T06:35:12.099552+00:00,mini_program_api_value_reconciled,secondary_structured,846f77d2f1901ebc,matched
中国石油大学（北京）,2023,理学院,应用统计,admitted_min,385.0,385.0,0.0,0.51,schoolMajorVO.repeatMinGrade,https://admin.jiuxianzai.cn/api/applet/home/index/schoolDetail/d244bb654f35a3f1189323b88c5a7c04,https://jiuxianzai.oss-cn-beijing.aliyuncs.com/kaoyan/2023/04/13/08ba1718a659474a8dd7dbf652efd3b8.png,2026-10-09T06:35:12.099552+00:00,mini_program_api_value_reconciled,secondary_structured,846f77d2f1901ebc,matched
中国石油大学（北京）,2023,理学院,应用统计,admitted_count,9.0,9.0,0.0,0.01,schoolMajorVO.enterpersonVolunteerNum,https://admin.jiuxianzai.cn/api/applet/home/index/schoolDetail/d244bb654f35a3f1189323b88c5a7c04,https://jiuxianzai.oss-cn-beijing.aliyuncs.com/kaoyan/2023/04/13/08ba1718a659474a8dd7dbf652efd3b8.png,2026-10-09T06:35:12.099552+00:00,mini_program_api_value_reconciled,secondary_structured,846f77d2f1901ebc,matched
中国石油大学（北京）,2023,理学院,应用统计,retest_count,15.0,15.0,0.0,0.01,schoolMajorVO.enterpersonRepeatNum,https://admin.jiuxianzai.cn/api/applet/home/index/schoolDetail/d244bb654f35a3f1189323b88c5a7c04,https://jiuxianzai.oss-cn-beijing.aliyuncs.com/kaoyan/2023/04/13/08ba1718a659474a8dd7dbf652efd3b8.png,2026-10-09T06:35:12.099552+00:00,mini_program_api_value_reconciled,secondary_structured,846f77d2f1901ebc,matched
中国石油大学（北京）,2024,理学院,应用统计,admitted_min,354.0,354.0,0.0,0.51,schoolMajorVO.repeatMinGrade,https://admin.jiuxianzai.cn/api/applet/home/index/schoolDetail/d244bb654f35a3f1189323b88c5a7c04,https://jiuxianzai.oss-cn-beijing.aliyuncs.com/kaoyan/2024/04/09/44594d800d1c4fdf9b5f198bda3e56b3.png,2026-10-09T06:35:12.099552+00:00,mini_program_api_value_reconciled,secondary_structured,846f77d2f1901ebc,matched
中国石油大学（北京）,2025,理学院,应用统计,admitted_min,342.0,342.0,0.0,0.51,schoolMajorVO.repeatMinGrade,https://admin.jiuxianzai.cn/api/applet/home/index/schoolDetail/d244bb654f35a3f1189323b88c5a7c04,https://jiuxianzai.oss-cn-beijing.aliyuncs.com/kaoyan/2025/04/07/94af22aaf0a342dd9450908f4041b750.png,2026-10-09T06:35:12.099552+00:00,mini_program_api_value_reconciled,secondary_structured,846f77d2f1901ebc,matched
中国石油大学（华东）,2022,理学院,应用统计,cutoff,395.0,395.0,0.0,0.51,schoolMajorVO.repeatGrade,https://admin.jiuxianzai.cn/api/applet/home/index/schoolDetail/6fa225f17053b8e47af81766c6c7ccc6,https://jiuxianzai.oss-cn-beijing.aliyuncs.com/kaoyan/2022/04/18/edd20549d19e4d17a493580eb9ea7933.png,2026-10-09T06:35:10.393384+00:00,mini_program_api_value_reconciled,secondary_structured,483d05d0431758fc,matched
中国石油大学（华东）,2022,理学院,应用统计,admitted_count,21.0,21.0,0.0,0.01,schoolMajorVO.enterpersonVolunteerNum,https://admin.jiuxianzai.cn/api/applet/home/index/schoolDetail/6fa225f17053b8e47af81766c6c7ccc6,https://jiuxianzai.oss-cn-beijing.aliyuncs.com/kaoyan/2022/04/18/edd20549d19e4d17a493580eb9ea7933.png,2026-10-09T06:35:10.393384+00:00,mini_program_api_value_reconciled,secondary_structured,483d05d0431758fc,matched
中国石油大学（华东）,2022,理学院,应用统计,retest_count,26.0,26.0,0.0,0.01,schoolMajorVO.enterpersonRepeatNum,https://admin.jiuxianzai.cn/api/applet/home/index/schoolDetail/6fa225f17053b8e47af81766c6c7ccc6,https://jiuxianzai.oss-cn-beijing.aliyuncs.com/kaoyan/2022/04/18/edd20549d19e4d17a493580eb9ea7933.png,2026-10-09T06:35:10.393384+00:00,mini_program_api_value_reconciled,secondary_structured,483d05d0431758fc,matched
中国石油大学（华东）,2023,理学院,应用统计,cutoff,367.0,367.0,0.0,0.51,schoolMajorVO.repeatGrade,https://admin.jiuxianzai.cn/api/applet/home/index/schoolDetail/6fa225f17053b8e47af81766c6c7ccc6,https://jiuxianzai.oss-cn-beijing.aliyuncs.com/kaoyan/2023/04/13/33ec825c403f4467a407d65401bcf1a8.png,2026-10-09T06:35:10.393384+00:00,mini_program_api_value_reconciled,secondary_structured,483d05d0431758fc,matched
中国石油大学（华东）,2023,理学院,应用统计,admitted_min,369.0,369.0,0.0,0.51,schoolMajorVO.repeatMinGrade,https://admin.jiuxianzai.cn/api/applet/home/index/schoolDetail/6fa225f17053b8e47af81766c6c7ccc6,https://jiuxianzai.oss-cn-beijing.aliyuncs.com/kaoyan/2023/04/13/33ec825c403f4467a407d65401bcf1a8.png,2026-10-09T06:35:10.393384+00:00,mini_program_api_value_reconciled,secondary_structured,483d05d0431758fc,matched
中国石油大学（华东）,2023,理学院,应用统计,admitted_count,28.0,28.0,0.0,0.01,schoolMajorVO.enterpersonVolunteerNum,https://admin.jiuxianzai.cn/api/applet/home/index/schoolDetail/6fa225f17053b8e47af81766c6c7ccc6,https://jiuxianzai.oss-cn-beijing.aliyuncs.com/kaoyan/2023/04/13/33ec825c403f4467a407d65401bcf1a8.png,2026-10-09T06:35:10.393384+00:00,mini_program_api_value_reconciled,secondary_structured,483d05d0431758fc,matched
中国石油大学（华东）,2023,理学院,应用统计,retest_count,37.0,37.0,0.0,0.01,schoolMajorVO.enterpersonRepeatNum,https://admin.jiuxianzai.cn/api/applet/home/index/schoolDetail/6fa225f17053b8e47af81766c6c7ccc6,https://jiuxianzai.oss-cn-beijing.aliyuncs.com/kaoyan/2023/04/13/33ec825c403f4467a407d65401bcf1a8.png,2026-10-09T06:35:10.393384+00:00,mini_program_api_value_reconciled,secondary_structured,483d05d0431758fc,matched
中国石油大学（华东）,2024,理学院,应用统计,admitted_min,349.0,349.0,0.0,0.51,schoolMajorVO.repeatMinGrade,https://admin.jiuxianzai.cn/api/applet/home/index/schoolDetail/6fa225f17053b8e47af81766c6c7ccc6,https://jiuxianzai.oss-cn-beijing.aliyuncs.com/kaoyan/2024/04/09/cb3b66dc38d84283b69d2389da342cf7.png,2026-10-09T06:35:10.393384+00:00,mini_program_api_value_reconciled,secondary_structured,483d05d0431758fc,matched
中国石油大学（华东）,2024,理学院,应用统计,admitted_count,23.0,23.0,0.0,0.01,schoolMajorVO.enterpersonVolunteerNum,https://admin.jiuxianzai.cn/api/applet/home/index/schoolDetail/6fa225f17053b8e47af81766c6c7ccc6,https://jiuxianzai.oss-cn-beijing.aliyuncs.com/kaoyan/2024/04/09/cb3b66dc38d84283b69d2389da342cf7.png,2026-10-09T06:35:10.393384+00:00,mini_program_api_value_reconciled,secondary_structured,483d05d0431758fc,matched
中国石油大学（华东）,2024,理学院,应用统计,retest_count,30.0,30.0,0.0,0.01,schoolMajorVO.enterpersonRepeatNum,https://admin.jiuxianzai.cn/api/applet/home/index/schoolDetail/6fa225f17053b8e47af81766c6c7ccc6,https://jiuxianzai.oss-cn-beijing.aliyuncs.com/kaoyan/2024/04/09/cb3b66dc38d84283b69d2389da342cf7.png,2026-10-09T06:35:10.393384+00:00,mini_program_api_value_reconciled,secondary_structured,483d05d0431758fc,matched
中国石油大学（华东）,2025,理学院,应用统计,admitted_min,359.0,359.0,0.0,0.51,schoolMajorVO.repeatMinGrade,https://admin.jiuxianzai.cn/api/applet/home/index/schoolDetail/6fa225f17053b8e47af81766c6c7ccc6,https://jiuxianzai.oss-cn-beijing.aliyuncs.com/kaoyan/2025/05/28/da93dac2c85148429783739599b8950e.png,2026-10-09T06:35:10.393384+00:00,mini_program_api_value_reconciled,secondary_structured,483d05d0431758fc,matched
中国石油大学（华东）,2025,理学院,应用统计,admitted_count,24.0,24.0,0.0,0.01,schoolMajorVO.enterpersonVolunteerNum,https://admin.jiuxianzai.cn/api/applet/home/index/schoolDetail/6fa225f17053b8e47af81766c6c7ccc6,https://jiuxianzai.oss-cn-beijing.aliyuncs.com/kaoyan/2025/05/28/da93dac2c85148429783739599b8950e.png,2026-10-09T06:35:10.393384+00:00,mini_program_api_value_reconciled,secondary_structured,483d05d0431758fc,matched
中国石油大学（华东）,2025,理学院,应用统计,retest_count,33.0,33.0,0.0,0.01,schoolMajorVO.enterpersonRepeatNum,https://admin.jiuxianzai.cn/api/applet/home/index/schoolDetail/6fa225f17053b8e47af81766c6c7ccc6,https://jiuxianzai.oss-cn-beijing.aliyuncs.com/kaoyan/2025/05/28/da93dac2c85148429783739599b8950e.png,2026-10-09T06:35:10.393384+00:00,mini_program_api_value_reconciled,secondary_structured,483d05d0431758fc,matched
中国石油大学（华东）,2026,理学院,应用统计,admitted_min,367.0,367.0,0.0,0.51,schoolMajorVO.repeatMinGrade,https://admin.jiuxianzai.cn/api/applet/home/index/schoolDetail/6fa225f17053b8e47af81766c6c7ccc6,https://jiuxianzai.oss-cn-beijing.aliyuncs.com/kaoyan/2026/05/15/9585821bd7d44cb7947ba384743b1034.png,2026-10-09T06:35:10.393384+00:00,mini_program_api_value_reconciled,secondary_structured,483d05d0431758fc,matched
中国石油大学（华东）,2026,理学院,应用统计,admitted_count,21.0,21.0,0.0,0.01,schoolMajorVO.enterpersonVolunteerNum,https://admin.jiuxianzai.cn/api/applet/home/index/schoolDetail/6fa225f17053b8e47af81766c6c7ccc6,https://jiuxianzai.oss-cn-beijing.aliyuncs.com/kaoyan/2026/05/15/9585821bd7d44cb7947ba384743b1034.png,2026-10-09T06:35:10.393384+00:00,mini_program_api_value_reconciled,secondary_structured,483d05d0431758fc,matched
中国石油大学（华东）,2026,理学院,应用统计,retest_count,29.0,29.0,0.0,0.01,schoolMajorVO.enterpersonRepeatNum,https://admin.jiuxianzai.cn/api/applet/home/index/schoolDetail/6fa225f17053b8e47af81766c6c7ccc6,https://jiuxianzai.oss-cn-beijing.aliyuncs.com/kaoyan/2026/05/15/9585821bd7d44cb7947ba384743b1034.png,2026-10-09T06:35:10.393384+00:00,mini_program_api_value_reconciled,secondary_structured,483d05d0431758fc,matched
中国科学技术大学,2022,管理学院,应用统计,cutoff,390.0,390.0,0.0,0.51,schoolMajorVO.repeatGrade,https://admin.jiuxianzai.cn/api/applet/home/index/schoolDetail/6df6138cb0a86a95e60cd2c1e2b91e5e,https://jiuxianzai.oss-cn-beijing.aliyuncs.com/kaoyan/2022/04/23/fa736287c89b461c91d623408eb1b8c0.png,2026-10-09T06:35:10.308817+00:00,mini_program_api_value_reconciled,secondary_structured,0d28a145f58baca3,matched
中国科学技术大学,2022,管理学院,应用统计,admitted_min,394.0,394.0,0.0,0.51,schoolMajorVO.repeatMinGrade,https://admin.jiuxianzai.cn/api/applet/home/index/schoolDetail/6df6138cb0a86a95e60cd2c1e2b91e5e,https://jiuxianzai.oss-cn-beijing.aliyuncs.com/kaoyan/2022/04/23/fa736287c89b461c91d623408eb1b8c0.png,2026-10-09T06:35:10.308817+00:00,mini_program_api_value_reconciled,secondary_structured,0d28a145f58baca3,matched
中国科学技术大学,2022,管理学院,应用统计,admitted_count,6.0,6.0,0.0,0.01,schoolMajorVO.enterpersonVolunteerNum,https://admin.jiuxianzai.cn/api/applet/home/index/schoolDetail/6df6138cb0a86a95e60cd2c1e2b91e5e,https://jiuxianzai.oss-cn-beijing.aliyuncs.com/kaoyan/2022/04/23/fa736287c89b461c91d623408eb1b8c0.png,2026-10-09T06:35:10.308817+00:00,mini_program_api_value_reconciled,secondary_structured,0d28a145f58baca3,matched
中国科学技术大学,2022,管理学院,应用统计,retest_count,11.0,11.0,0.0,0.01,schoolMajorVO.enterpersonRepeatNum,https://admin.jiuxianzai.cn/api/applet/home/index/schoolDetail/6df6138cb0a86a95e60cd2c1e2b91e5e,https://jiuxianzai.oss-cn-beijing.aliyuncs.com/kaoyan/2022/04/23/fa736287c89b461c91d623408eb1b8c0.png,2026-10-09T06:35:10.308817+00:00,mini_program_api_value_reconciled,secondary_structured,0d28a145f58baca3,matched
中国科学技术大学,2023,管理学院,应用统计,cutoff,380.0,380.0,0.0,0.51,schoolMajorVO.repeatGrade,https://admin.jiuxianzai.cn/api/applet/home/index/schoolDetail/6df6138cb0a86a95e60cd2c1e2b91e5e,https://jiuxianzai.oss-cn-beijing.aliyuncs.com/kaoyan/2023/05/18/9d1dbf70716a4687bd9301dc8d41c135.png,2026-10-09T06:35:10.308817+00:00,mini_program_api_value_reconciled,secondary_structured,0d28a145f58baca3,matched
中国科学技术大学,2023,管理学院,应用统计,admitted_count,10.0,10.0,0.0,0.01,schoolMajorVO.enterpersonVolunteerNum,https://admin.jiuxianzai.cn/api/applet/home/index/schoolDetail/6df6138cb0a86a95e60cd2c1e2b91e5e,https://jiuxianzai.oss-cn-beijing.aliyuncs.com/kaoyan/2023/05/18/9d1dbf70716a4687bd9301dc8d41c135.png,2026-10-09T06:35:10.308817+00:00,mini_program_api_value_reconciled,secondary_structured,0d28a145f58baca3,matched
中国科学技术大学,2023,管理学院,应用统计,retest_count,12.0,12.0,0.0,0.01,schoolMajorVO.enterpersonRepeatNum,https://admin.jiuxianzai.cn/api/applet/home/index/schoolDetail/6df6138cb0a86a95e60cd2c1e2b91e5e,https://jiuxianzai.oss-cn-beijing.aliyuncs.com/kaoyan/2023/05/18/9d1dbf70716a4687bd9301dc8d41c135.png,2026-10-09T06:35:10.308817+00:00,mini_program_api_value_reconciled,secondary_structured,0d28a145f58baca3,matched
中国科学技术大学,2024,管理学院,应用统计,cutoff,380.0,380.0,0.0,0.51,schoolMajorVO.repeatGrade,https://admin.jiuxianzai.cn/api/applet/home/index/schoolDetail/6df6138cb0a86a95e60cd2c1e2b91e5e,https://jiuxianzai.oss-cn-beijing.aliyuncs.com/kaoyan/2024/05/01/98f17db88f624a6cb598e27555721baf.png,2026-10-09T06:35:10.308817+00:00,mini_program_api_value_reconciled,secondary_structured,0d28a145f58baca3,matched
中国科学技术大学,2024,管理学院,应用统计,admitted_min,380.0,380.0,0.0,0.51,schoolMajorVO.repeatMinGrade,https://admin.jiuxianzai.cn/api/applet/home/index/schoolDetail/6df6138cb0a86a95e60cd2c1e2b91e5e,https://jiuxianzai.oss-cn-beijing.aliyuncs.com/kaoyan/2024/05/01/98f17db88f624a6cb598e27555721baf.png,2026-10-09T06:35:10.308817+00:00,mini_program_api_value_reconciled,secondary_structured,0d28a145f58baca3,matched
中国科学技术大学,2024,管理学院,应用统计,admitted_count,11.0,11.0,0.0,0.01,schoolMajorVO.enterpersonVolunteerNum,https://admin.jiuxianzai.cn/api/applet/home/index/schoolDetail/6df6138cb0a86a95e60cd2c1e2b91e5e,https://jiuxianzai.oss-cn-beijing.aliyuncs.com/kaoyan/2024/05/01/98f17db88f624a6cb598e27555721baf.png,2026-10-09T06:35:10.308817+00:00,mini_program_api_value_reconciled,secondary_structured,0d28a145f58baca3,matched
中国科学技术大学,2024,管理学院,应用统计,retest_count,12.0,12.0,0.0,0.01,schoolMajorVO.enterpersonRepeatNum,https://admin.jiuxianzai.cn/api/applet/home/index/schoolDetail/6df6138cb0a86a95e60cd2c1e2b91e5e,https://jiuxianzai.oss-cn-beijing.aliyuncs.com/kaoyan/2024/05/01/98f17db88f624a6cb598e27555721baf.png,2026-10-09T06:35:10.308817+00:00,mini_program_api_value_reconciled,secondary_structured,0d28a145f58baca3,matched
中国科学技术大学,2025,管理学院,应用统计,admitted_min,343.0,343.0,0.0,0.51,schoolMajorVO.repeatMinGrade,https://admin.jiuxianzai.cn/api/applet/home/index/schoolDetail/6df6138cb0a86a95e60cd2c1e2b91e5e,https://jiuxianzai.oss-cn-beijing.aliyuncs.com/kaoyan/2025/04/04/3148b02d516d49259fb8c9762e14a9d3.png,2026-10-09T06:35:10.308817+00:00,mini_program_api_value_reconciled,secondary_structured,0d28a145f58baca3,matched
中国科学技术大学,2025,管理学院,应用统计,admitted_count,12.0,12.0,0.0,0.01,schoolMajorVO.enterpersonVolunteerNum,https://admin.jiuxianzai.cn/api/applet/home/index/schoolDetail/6df6138cb0a86a95e60cd2c1e2b91e5e,https://jiuxianzai.oss-cn-beijing.aliyuncs.com/kaoyan/2025/04/04/3148b02d516d49259fb8c9762e14a9d3.png,2026-10-09T06:35:10.308817+00:00,mini_program_api_value_reconciled,secondary_structured,0d28a145f58baca3,matched
中国科学技术大学,2025,管理学院,应用统计,retest_count,12.0,12.0,0.0,0.01,schoolMajorVO.enterpersonRepeatNum,https://admin.jiuxianzai.cn/api/applet/home/index/schoolDetail/6df6138cb0a86a95e60cd2c1e2b91e5e,https://jiuxianzai.oss-cn-beijing.aliyuncs.com/kaoyan/2025/04/04/3148b02d516d49259fb8c9762e14a9d3.png,2026-10-09T06:35:10.308817+00:00,mini_program_api_value_reconciled,secondary_structured,0d28a145f58baca3,matched
中国科学技术大学,2026,管理学院,应用统计,admitted_min,392.0,392.0,0.0,0.51,schoolMajorVO.repeatMinGrade,https://admin.jiuxianzai.cn/api/applet/home/index/schoolDetail/6df6138cb0a86a95e60cd2c1e2b91e5e,https://jiuxianzai.oss-cn-beijing.aliyuncs.com/kaoyan/2026/05/14/a331294371e0400eb623577d8b708a57.png,2026-10-09T06:35:10.308817+00:00,mini_program_api_value_reconciled,secondary_structured,0d28a145f58baca3,matched
中国科学技术大学,2026,管理学院,应用统计,admitted_count,12.0,12.0,0.0,0.01,schoolMajorVO.enterpersonVolunteerNum,https://admin.jiuxianzai.cn/api/applet/home/index/schoolDetail/6df6138cb0a86a95e60cd2c1e2b91e5e,https://jiuxianzai.oss-cn-beijing.aliyuncs.com/kaoyan/2026/05/14/a331294371e0400eb623577d8b708a57.png,2026-10-09T06:35:10.308817+00:00,mini_program_api_value_reconciled,secondary_structured,0d28a145f58baca3,matched
中国科学技术大学,2026,管理学院,应用统计,retest_count,17.0,17.0,0.0,0.01,schoolMajorVO.enterpersonRepeatNum,https://admin.jiuxianzai.cn/api/applet/home/index/schoolDetail/6df6138cb0a86a95e60cd2c1e2b91e5e,https://jiuxianzai.oss-cn-beijing.aliyuncs.com/kaoyan/2026/05/14/a331294371e0400eb623577d8b708a57.png,2026-10-09T06:35:10.308817+00:00,mini_program_api_value_reconciled,secondary_structured,0d28a145f58baca3,matched
中国药科大学,2022,理学院,应用统计,cutoff,384.0,384.0,0.0,0.51,schoolMajorVO.repeatGrade,https://admin.jiuxianzai.cn/api/applet/home/index/schoolDetail/d34c7f35ef107ae49663865d4d6ed3ab,https://jiuxianzai.oss-cn-beijing.aliyuncs.com/kaoyan/2022/05/16/04035b4d592145cfabc065dda40df75a.png,2026-10-09T06:35:11.983465+00:00,mini_program_api_value_reconciled,secondary_structured,feccb0a4512a7603,matched
中国药科大学,2022,理学院,应用统计,admitted_min,388.0,388.0,0.0,0.51,schoolMajorVO.repeatMinGrade,https://admin.jiuxianzai.cn/api/applet/home/index/schoolDetail/d34c7f35ef107ae49663865d4d6ed3ab,https://jiuxianzai.oss-cn-beijing.aliyuncs.com/kaoyan/2022/05/16/04035b4d592145cfabc065dda40df75a.png,2026-10-09T06:35:11.983465+00:00,mini_program_api_value_reconciled,secondary_structured,feccb0a4512a7603,matched
中国药科大学,2022,理学院,应用统计,admitted_count,14.0,14.0,0.0,0.01,schoolMajorVO.enterpersonVolunteerNum,https://admin.jiuxianzai.cn/api/applet/home/index/schoolDetail/d34c7f35ef107ae49663865d4d6ed3ab,https://jiuxianzai.oss-cn-beijing.aliyuncs.com/kaoyan/2022/05/16/04035b4d592145cfabc065dda40df75a.png,2026-10-09T06:35:11.983465+00:00,mini_program_api_value_reconciled,secondary_structured,feccb0a4512a7603,matched
中国药科大学,2022,理学院,应用统计,retest_count,17.0,17.0,0.0,0.01,schoolMajorVO.enterpersonRepeatNum,https://admin.jiuxianzai.cn/api/applet/home/index/schoolDetail/d34c7f35ef107ae49663865d4d6ed3ab,https://jiuxianzai.oss-cn-beijing.aliyuncs.com/kaoyan/2022/05/16/04035b4d592145cfabc065dda40df75a.png,2026-10-09T06:35:11.983465+00:00,mini_program_api_value_reconciled,secondary_structured,feccb0a4512a7603,matched
中国药科大学,2023,理学院,应用统计,cutoff,349.0,349.0,0.0,0.51,schoolMajorVO.repeatGrade,https://admin.jiuxianzai.cn/api/applet/home/index/schoolDetail/d34c7f35ef107ae49663865d4d6ed3ab,https://jiuxianzai.oss-cn-beijing.aliyuncs.com/kaoyan/2023/04/13/22364d94b9b044179c347050585c8747.png,2026-10-09T06:35:11.983465+00:00,mini_program_api_value_reconciled,secondary_structured,feccb0a4512a7603,matched
中国药科大学,2023,理学院,应用统计,admitted_min,349.0,349.0,0.0,0.51,schoolMajorVO.repeatMinGrade,https://admin.jiuxianzai.cn/api/applet/home/index/schoolDetail/d34c7f35ef107ae49663865d4d6ed3ab,https://jiuxianzai.oss-cn-beijing.aliyuncs.com/kaoyan/2023/04/13/22364d94b9b044179c347050585c8747.png,2026-10-09T06:35:11.983465+00:00,mini_program_api_value_reconciled,secondary_structured,feccb0a4512a7603,matched
中国药科大学,2023,理学院,应用统计,admitted_count,11.0,11.0,0.0,0.01,schoolMajorVO.enterpersonVolunteerNum,https://admin.jiuxianzai.cn/api/applet/home/index/schoolDetail/d34c7f35ef107ae49663865d4d6ed3ab,https://jiuxianzai.oss-cn-beijing.aliyuncs.com/kaoyan/2023/04/13/22364d94b9b044179c347050585c8747.png,2026-10-09T06:35:11.983465+00:00,mini_program_api_value_reconciled,secondary_structured,feccb0a4512a7603,matched
中国药科大学,2023,理学院,应用统计,retest_count,12.0,12.0,0.0,0.01,schoolMajorVO.enterpersonRepeatNum,https://admin.jiuxianzai.cn/api/applet/home/index/schoolDetail/d34c7f35ef107ae49663865d4d6ed3ab,https://jiuxianzai.oss-cn-beijing.aliyuncs.com/kaoyan/2023/04/13/22364d94b9b044179c347050585c8747.png,2026-10-09T06:35:11.983465+00:00,mini_program_api_value_reconciled,secondary_structured,feccb0a4512a7603,matched
中国药科大学,2024,理学院,应用统计,cutoff,338.0,338.0,0.0,0.51,schoolMajorVO.repeatGrade,https://admin.jiuxianzai.cn/api/applet/home/index/schoolDetail/d34c7f35ef107ae49663865d4d6ed3ab,https://jiuxianzai.oss-cn-beijing.aliyuncs.com/kaoyan/2024/04/18/8df1f60229e94fd6828f286e89ca8140.png,2026-10-09T06:35:11.983465+00:00,mini_program_api_value_reconciled,secondary_structured,feccb0a4512a7603,matched
中国药科大学,2024,理学院,应用统计,admitted_min,338.0,338.0,0.0,0.51,schoolMajorVO.repeatMinGrade,https://admin.jiuxianzai.cn/api/applet/home/index/schoolDetail/d34c7f35ef107ae49663865d4d6ed3ab,https://jiuxianzai.oss-cn-beijing.aliyuncs.com/kaoyan/2024/04/18/8df1f60229e94fd6828f286e89ca8140.png,2026-10-09T06:35:11.983465+00:00,mini_program_api_value_reconciled,secondary_structured,feccb0a4512a7603,matched
中国药科大学,2024,理学院,应用统计,admitted_count,8.0,8.0,0.0,0.01,schoolMajorVO.enterpersonVolunteerNum,https://admin.jiuxianzai.cn/api/applet/home/index/schoolDetail/d34c7f35ef107ae49663865d4d6ed3ab,https://jiuxianzai.oss-cn-beijing.aliyuncs.com/kaoyan/2024/04/18/8df1f60229e94fd6828f286e89ca8140.png,2026-10-09T06:35:11.983465+00:00,mini_program_api_value_reconciled,secondary_structured,feccb0a4512a7603,matched
中国药科大学,2024,理学院,应用统计,retest_count,9.0,9.0,0.0,0.01,schoolMajorVO.enterpersonRepeatNum,https://admin.jiuxianzai.cn/api/applet/home/index/schoolDetail/d34c7f35ef107ae49663865d4d6ed3ab,https://jiuxianzai.oss-cn-beijing.aliyuncs.com/kaoyan/2024/04/18/8df1f60229e94fd6828f286e89ca8140.png,2026-10-09T06:35:11.983465+00:00,mini_program_api_value_reconciled,secondary_structured,feccb0a4512a7603,matched
中国药科大学,2025,理学院,应用统计,admitted_min,334.0,334.0,0.0,0.51,schoolMajorVO.repeatMinGrade,https://admin.jiuxianzai.cn/api/applet/home/index/schoolDetail/d34c7f35ef107ae49663865d4d6ed3ab,https://jiuxianzai.oss-cn-beijing.aliyuncs.com/kaoyan/2025/04/07/51374c2ece76434c8f02a4a478ca7eca.png,2026-10-09T06:35:11.983465+00:00,mini_program_api_value_reconciled,secondary_structured,feccb0a4512a7603,matched
中国药科大学,2025,理学院,应用统计,admitted_count,12.0,12.0,0.0,0.01,schoolMajorVO.enterpersonVolunteerNum,https://admin.jiuxianzai.cn/api/applet/home/index/schoolDetail/d34c7f35ef107ae49663865d4d6ed3ab,https://jiuxianzai.oss-cn-beijing.aliyuncs.com/kaoyan/2025/04/07/51374c2ece76434c8f02a4a478ca7eca.png,2026-10-09T06:35:11.983465+00:00,mini_program_api_value_reconciled,secondary_structured,feccb0a4512a7603,matched
中国药科大学,2025,理学院,应用统计,retest_count,18.0,18.0,0.0,0.01,schoolMajorVO.enterpersonRepeatNum,https://admin.jiuxianzai.cn/api/applet/home/index/schoolDetail/d34c7f35ef107ae49663865d4d6ed3ab,https://jiuxianzai.oss-cn-beijing.aliyuncs.com/kaoyan/2025/04/07/51374c2ece76434c8f02a4a478ca7eca.png,2026-10-09T06:35:11.983465+00:00,mini_program_api_value_reconciled,secondary_structured,feccb0a4512a7603,matched
中国药科大学,2026,理学院,应用统计,admitted_min,341.0,341.0,0.0,0.51,schoolMajorVO.repeatMinGrade,https://admin.jiuxianzai.cn/api/applet/home/index/schoolDetail/d34c7f35ef107ae49663865d4d6ed3ab,https://jiuxianzai.oss-cn-beijing.aliyuncs.com/kaoyan/2026/05/15/cb7df6e854a34228bace236a15853db2.png,2026-10-09T06:35:11.983465+00:00,mini_program_api_value_reconciled,secondary_structured,feccb0a4512a7603,matched
中国药科大学,2026,理学院,应用统计,admitted_count,10.0,10.0,0.0,0.01,schoolMajorVO.enterpersonVolunteerNum,https://admin.jiuxianzai.cn/api/applet/home/index/schoolDetail/d34c7f35ef107ae49663865d4d6ed3ab,https://jiuxianzai.oss-cn-beijing.aliyuncs.com/kaoyan/2026/05/15/cb7df6e854a34228bace236a15853db2.png,2026-10-09T06:35:11.983465+00:00,mini_program_api_value_reconciled,secondary_structured,feccb0a4512a7603,matched
中国药科大学,2026,理学院,应用统计,retest_count,11.0,11.0,0.0,0.01,schoolMajorVO.enterpersonRepeatNum,https://admin.jiuxianzai.cn/api/applet/home/index/schoolDetail/d34c7f35ef107ae49663865d4d6ed3ab,https://jiuxianzai.oss-cn-beijing.aliyuncs.com/kaoyan/2026/05/15/cb7df6e854a34228bace236a15853db2.png,2026-10-09T06:35:11.983465+00:00,mini_program_api_value_reconciled,secondary_structured,feccb0a4512a7603,matched
中央民族大学,2022,理学院,应用统计,admitted_count,55.0,55.0,0.0,0.01,schoolMajorVO.enterpersonVolunteerNum,https://admin.jiuxianzai.cn/api/applet/home/index/schoolDetail/3c2c634c645c2ad3d9d98199834f8e73,https://jiuxianzai.oss-cn-beijing.aliyuncs.com/kaoyan/2022/04/17/1f910373b5524187bb27433bc41a2e5e.png,2026-10-09T06:35:09.679801+00:00,mini_program_api_value_reconciled,secondary_structured,ed7503dcf28ee1f5,matched
中央民族大学,2022,理学院,应用统计,retest_count,70.0,70.0,0.0,0.01,schoolMajorVO.enterpersonRepeatNum,https://admin.jiuxianzai.cn/api/applet/home/index/schoolDetail/3c2c634c645c2ad3d9d98199834f8e73,https://jiuxianzai.oss-cn-beijing.aliyuncs.com/kaoyan/2022/04/17/1f910373b5524187bb27433bc41a2e5e.png,2026-10-09T06:35:09.679801+00:00,mini_program_api_value_reconciled,secondary_structured,ed7503dcf28ee1f5,matched
中央民族大学,2023,理学院,应用统计,cutoff,385.0,385.0,0.0,0.51,schoolMajorVO.repeatGrade,https://admin.jiuxianzai.cn/api/applet/home/index/schoolDetail/3c2c634c645c2ad3d9d98199834f8e73,https://jiuxianzai.oss-cn-beijing.aliyuncs.com/kaoyan/2023/04/13/f2cf0e5b5ee54d1e896311b993a7792d.png,2026-10-09T06:35:09.679801+00:00,mini_program_api_value_reconciled,secondary_structured,ed7503dcf28ee1f5,matched
中央民族大学,2023,理学院,应用统计,admitted_min,386.0,386.0,0.0,0.51,schoolMajorVO.repeatMinGrade,https://admin.jiuxianzai.cn/api/applet/home/index/schoolDetail/3c2c634c645c2ad3d9d98199834f8e73,https://jiuxianzai.oss-cn-beijing.aliyuncs.com/kaoyan/2023/04/13/f2cf0e5b5ee54d1e896311b993a7792d.png,2026-10-09T06:35:09.679801+00:00,mini_program_api_value_reconciled,secondary_structured,ed7503dcf28ee1f5,matched
中央民族大学,2023,理学院,应用统计,admitted_count,69.0,69.0,0.0,0.01,schoolMajorVO.enterpersonVolunteerNum,https://admin.jiuxianzai.cn/api/applet/home/index/schoolDetail/3c2c634c645c2ad3d9d98199834f8e73,https://jiuxianzai.oss-cn-beijing.aliyuncs.com/kaoyan/2023/04/13/f2cf0e5b5ee54d1e896311b993a7792d.png,2026-10-09T06:35:09.679801+00:00,mini_program_api_value_reconciled,secondary_structured,ed7503dcf28ee1f5,matched
中央民族大学,2023,理学院,应用统计,retest_count,81.0,81.0,0.0,0.01,schoolMajorVO.enterpersonRepeatNum,https://admin.jiuxianzai.cn/api/applet/home/index/schoolDetail/3c2c634c645c2ad3d9d98199834f8e73,https://jiuxianzai.oss-cn-beijing.aliyuncs.com/kaoyan/2023/04/13/f2cf0e5b5ee54d1e896311b993a7792d.png,2026-10-09T06:35:09.679801+00:00,mini_program_api_value_reconciled,secondary_structured,ed7503dcf28ee1f5,matched
中央民族大学,2024,理学院,应用统计,admitted_min,372.0,372.0,0.0,0.51,schoolMajorVO.repeatMinGrade,https://admin.jiuxianzai.cn/api/applet/home/index/schoolDetail/3c2c634c645c2ad3d9d98199834f8e73,https://jiuxianzai.oss-cn-beijing.aliyuncs.com/kaoyan/2024/04/14/6fdb898a22b94e6cbd0656f4e7748a27.png,2026-10-09T06:35:09.679801+00:00,mini_program_api_value_reconciled,secondary_structured,ed7503dcf28ee1f5,matched
中央民族大学,2024,理学院,应用统计,admitted_count,58.0,58.0,0.0,0.01,schoolMajorVO.enterpersonVolunteerNum,https://admin.jiuxianzai.cn/api/applet/home/index/schoolDetail/3c2c634c645c2ad3d9d98199834f8e73,https://jiuxianzai.oss-cn-beijing.aliyuncs.com/kaoyan/2024/04/14/6fdb898a22b94e6cbd0656f4e7748a27.png,2026-10-09T06:35:09.679801+00:00,mini_program_api_value_reconciled,secondary_structured,ed7503dcf28ee1f5,matched
中央民族大学,2024,理学院,应用统计,retest_count,68.0,68.0,0.0,0.01,schoolMajorVO.enterpersonRepeatNum,https://admin.jiuxianzai.cn/api/applet/home/index/schoolDetail/3c2c634c645c2ad3d9d98199834f8e73,https://jiuxianzai.oss-cn-beijing.aliyuncs.com/kaoyan/2024/04/14/6fdb898a22b94e6cbd0656f4e7748a27.png,2026-10-09T06:35:09.679801+00:00,mini_program_api_value_reconciled,secondary_structured,ed7503dcf28ee1f5,matched
中央民族大学,2025,理学院,应用统计,admitted_min,370.0,370.0,0.0,0.51,schoolMajorVO.repeatMinGrade,https://admin.jiuxianzai.cn/api/applet/home/index/schoolDetail/3c2c634c645c2ad3d9d98199834f8e73,https://jiuxianzai.oss-cn-beijing.aliyuncs.com/kaoyan/2025/04/20/cc49c4c50c1649cfb536e08f86ab2a67.png,2026-10-09T06:35:09.679801+00:00,mini_program_api_value_reconciled,secondary_structured,ed7503dcf28ee1f5,matched
中央民族大学,2025,理学院,应用统计,admitted_count,82.0,82.0,0.0,0.01,schoolMajorVO.enterpersonVolunteerNum,https://admin.jiuxianzai.cn/api/applet/home/index/schoolDetail/3c2c634c645c2ad3d9d98199834f8e73,https://jiuxianzai.oss-cn-beijing.aliyuncs.com/kaoyan/2025/04/20/cc49c4c50c1649cfb536e08f86ab2a67.png,2026-10-09T06:35:09.679801+00:00,mini_program_api_value_reconciled,secondary_structured,ed7503dcf28ee1f5,matched
中央民族大学,2025,理学院,应用统计,retest_count,99.0,99.0,0.0,0.01,schoolMajorVO.enterpersonRepeatNum,https://admin.jiuxianzai.cn/api/applet/home/index/schoolDetail/3c2c634c645c2ad3d9d98199834f8e73,https://jiuxianzai.oss-cn-beijing.aliyuncs.com/kaoyan/2025/04/20/cc49c4c50c1649cfb536e08f86ab2a67.png,2026-10-09T06:35:09.679801+00:00,mini_program_api_value_reconciled,secondary_structured,ed7503dcf28ee1f5,matched
中央民族大学,2026,理学院,应用统计,admitted_min,382.0,382.0,0.0,0.51,schoolMajorVO.repeatMinGrade,https://admin.jiuxianzai.cn/api/applet/home/index/schoolDetail/3c2c634c645c2ad3d9d98199834f8e73,https://jiuxianzai.oss-cn-beijing.aliyuncs.com/kaoyan/2026/05/14/cbbb426fb24e4d65add78f045bd3f78e.png,2026-10-09T06:35:09.679801+00:00,mini_program_api_value_reconciled,secondary_structured,ed7503dcf28ee1f5,matched
中央民族大学,2026,理学院,应用统计,admitted_count,71.0,71.0,0.0,0.01,schoolMajorVO.enterpersonVolunteerNum,https://admin.jiuxianzai.cn/api/applet/home/index/schoolDetail/3c2c634c645c2ad3d9d98199834f8e73,https://jiuxianzai.oss-cn-beijing.aliyuncs.com/kaoyan/2026/05/14/cbbb426fb24e4d65add78f045bd3f78e.png,2026-10-09T06:35:09.679801+00:00,mini_program_api_value_reconciled,secondary_structured,ed7503dcf28ee1f5,matched
中央民族大学,2026,理学院,应用统计,retest_count,86.0,86.0,0.0,0.01,schoolMajorVO.enterpersonRepeatNum,https://admin.jiuxianzai.cn/api/applet/home/index/schoolDetail/3c2c634c645c2ad3d9d98199834f8e73,https://jiuxianzai.oss-cn-beijing.aliyuncs.com/kaoyan/2026/05/14/cbbb426fb24e4d65add78f045bd3f78e.png,2026-10-09T06:35:09.679801+00:00,mini_program_api_value_reconciled,secondary_structured,ed7503dcf28ee1f5,matched
中央财经大学,2022,统计与数学学院,应用统计,cutoff,400.0,400.0,0.0,0.51,schoolMajorVO.repeatGrade,https://admin.jiuxianzai.cn/api/applet/home/index/schoolDetail/fe36c96441cd999fad75f7403840a58a,https://jiuxianzai.oss-cn-beijing.aliyuncs.com/kaoyan/2022/04/23/d42e0510d4d34bb39cb3ebba0e8d7df5.png,2026-10-09T06:35:12.908454+00:00,mini_program_api_value_reconciled,secondary_structured,34ef5f20207deb0c,matched
中央财经大学,2022,统计与数学学院,应用统计,admitted_count,45.0,45.0,0.0,0.01,schoolMajorVO.enterpersonVolunteerNum,https://admin.jiuxianzai.cn/api/applet/home/index/schoolDetail/fe36c96441cd999fad75f7403840a58a,https://jiuxianzai.oss-cn-beijing.aliyuncs.com/kaoyan/2022/04/23/d42e0510d4d34bb39cb3ebba0e8d7df5.png,2026-10-09T06:35:12.908454+00:00,mini_program_api_value_reconciled,secondary_structured,34ef5f20207deb0c,matched
中央财经大学,2022,统计与数学学院,应用统计,retest_count,58.0,58.0,0.0,0.01,schoolMajorVO.enterpersonRepeatNum,https://admin.jiuxianzai.cn/api/applet/home/index/schoolDetail/fe36c96441cd999fad75f7403840a58a,https://jiuxianzai.oss-cn-beijing.aliyuncs.com/kaoyan/2022/04/23/d42e0510d4d34bb39cb3ebba0e8d7df5.png,2026-10-09T06:35:12.908454+00:00,mini_program_api_value_reconciled,secondary_structured,34ef5f20207deb0c,matched
中央财经大学,2023,统计与数学学院,应用统计,cutoff,371.0,371.0,0.0,0.51,schoolMajorVO.repeatGrade,https://admin.jiuxianzai.cn/api/applet/home/index/schoolDetail/fe36c96441cd999fad75f7403840a58a,https://jiuxianzai.oss-cn-beijing.aliyuncs.com/kaoyan/2023/04/13/d7d22864ef3943f0a11008f157112adf.png,2026-10-09T06:35:12.908454+00:00,mini_program_api_value_reconciled,secondary_structured,34ef5f20207deb0c,matched
中央财经大学,2023,统计与数学学院,应用统计,admitted_min,371.0,371.0,0.0,0.51,schoolMajorVO.repeatMinGrade,https://admin.jiuxianzai.cn/api/applet/home/index/schoolDetail/fe36c96441cd999fad75f7403840a58a,https://jiuxianzai.oss-cn-beijing.aliyuncs.com/kaoyan/2023/04/13/d7d22864ef3943f0a11008f157112adf.png,2026-10-09T06:35:12.908454+00:00,mini_program_api_value_reconciled,secondary_structured,34ef5f20207deb0c,matched
中央财经大学,2023,统计与数学学院,应用统计,admitted_count,50.0,50.0,0.0,0.01,schoolMajorVO.enterpersonVolunteerNum,https://admin.jiuxianzai.cn/api/applet/home/index/schoolDetail/fe36c96441cd999fad75f7403840a58a,https://jiuxianzai.oss-cn-beijing.aliyuncs.com/kaoyan/2023/04/13/d7d22864ef3943f0a11008f157112adf.png,2026-10-09T06:35:12.908454+00:00,mini_program_api_value_reconciled,secondary_structured,34ef5f20207deb0c,matched
中央财经大学,2023,统计与数学学院,应用统计,retest_count,59.0,59.0,0.0,0.01,schoolMajorVO.enterpersonRepeatNum,https://admin.jiuxianzai.cn/api/applet/home/index/schoolDetail/fe36c96441cd999fad75f7403840a58a,https://jiuxianzai.oss-cn-beijing.aliyuncs.com/kaoyan/2023/04/13/d7d22864ef3943f0a11008f157112adf.png,2026-10-09T06:35:12.908454+00:00,mini_program_api_value_reconciled,secondary_structured,34ef5f20207deb0c,matched
中央财经大学,2024,统计与数学学院,应用统计,admitted_min,385.0,385.0,0.0,0.51,schoolMajorVO.repeatMinGrade,https://admin.jiuxianzai.cn/api/applet/home/index/schoolDetail/fe36c96441cd999fad75f7403840a58a,https://jiuxianzai.oss-cn-beijing.aliyuncs.com/kaoyan/2024/04/08/e247971387f54d68beff05c7fd0c3aec.png,2026-10-09T06:35:12.908454+00:00,mini_program_api_value_reconciled,secondary_structured,34ef5f20207deb0c,matched
中央财经大学,2024,统计与数学学院,应用统计,admitted_count,53.0,53.0,0.0,0.01,schoolMajorVO.enterpersonVolunteerNum,https://admin.jiuxianzai.cn/api/applet/home/index/schoolDetail/fe36c96441cd999fad75f7403840a58a,https://jiuxianzai.oss-cn-beijing.aliyuncs.com/kaoyan/2024/04/08/e247971387f54d68beff05c7fd0c3aec.png,2026-10-09T06:35:12.908454+00:00,mini_program_api_value_reconciled,secondary_structured,34ef5f20207deb0c,matched
中央财经大学,2024,统计与数学学院,应用统计,retest_count,66.0,66.0,0.0,0.01,schoolMajorVO.enterpersonRepeatNum,https://admin.jiuxianzai.cn/api/applet/home/index/schoolDetail/fe36c96441cd999fad75f7403840a58a,https://jiuxianzai.oss-cn-beijing.aliyuncs.com/kaoyan/2024/04/08/e247971387f54d68beff05c7fd0c3aec.png,2026-10-09T06:35:12.908454+00:00,mini_program_api_value_reconciled,secondary_structured,34ef5f20207deb0c,matched
中央财经大学,2025,统计与数学学院,应用统计,admitted_min,343.0,343.0,0.0,0.51,schoolMajorVO.repeatMinGrade,https://admin.jiuxianzai.cn/api/applet/home/index/schoolDetail/fe36c96441cd999fad75f7403840a58a,https://jiuxianzai.oss-cn-beijing.aliyuncs.com/kaoyan/2025/04/07/b1e8a4dff401470f906b6498e30ea25a.png,2026-10-09T06:35:12.908454+00:00,mini_program_api_value_reconciled,secondary_structured,34ef5f20207deb0c,matched
中央财经大学,2025,统计与数学学院,应用统计,admitted_count,59.0,59.0,0.0,0.01,schoolMajorVO.enterpersonVolunteerNum,https://admin.jiuxianzai.cn/api/applet/home/index/schoolDetail/fe36c96441cd999fad75f7403840a58a,https://jiuxianzai.oss-cn-beijing.aliyuncs.com/kaoyan/2025/04/07/b1e8a4dff401470f906b6498e30ea25a.png,2026-10-09T06:35:12.908454+00:00,mini_program_api_value_reconciled,secondary_structured,34ef5f20207deb0c,matched
中央财经大学,2025,统计与数学学院,应用统计,retest_count,76.0,76.0,0.0,0.01,schoolMajorVO.enterpersonRepeatNum,https://admin.jiuxianzai.cn/api/applet/home/index/schoolDetail/fe36c96441cd999fad75f7403840a58a,https://jiuxianzai.oss-cn-beijing.aliyuncs.com/kaoyan/2025/04/07/b1e8a4dff401470f906b6498e30ea25a.png,2026-10-09T06:35:12.908454+00:00,mini_program_api_value_reconciled,secondary_structured,34ef5f20207deb0c,matched
中央财经大学,2026,统计与数学学院,应用统计,admitted_min,369.0,369.0,0.0,0.51,schoolMajorVO.repeatMinGrade,https://admin.jiuxianzai.cn/api/applet/home/index/schoolDetail/fe36c96441cd999fad75f7403840a58a,https://jiuxianzai.oss-cn-beijing.aliyuncs.com/kaoyan/2026/05/15/dd2419a65aff4866b9deea67a9f7599d.png,2026-10-09T06:35:12.908454+00:00,mini_program_api_value_reconciled,secondary_structured,34ef5f20207deb0c,matched
中山大学,2022,数学学院,应用统计,admitted_count,51.0,51.0,0.0,0.01,schoolMajorVO.enterpersonVolunteerNum,https://admin.jiuxianzai.cn/api/applet/home/index/schoolDetail/d47a11518920b7bad3d5ed52d26c6685,https://jiuxianzai.oss-cn-beijing.aliyuncs.com/kaoyan/2022/04/17/f7d7f3e6f7f0490b9c7e5d97c779c3f5.png,2026-10-09T06:35:12.101555+00:00,mini_program_api_value_reconciled,secondary_structured,9659a80fd1edea1d,matched
中山大学,2022,数学学院,应用统计,retest_count,71.0,71.0,0.0,0.01,schoolMajorVO.enterpersonRepeatNum,https://admin.jiuxianzai.cn/api/applet/home/index/schoolDetail/d47a11518920b7bad3d5ed52d26c6685,https://jiuxianzai.oss-cn-beijing.aliyuncs.com/kaoyan/2022/04/17/f7d7f3e6f7f0490b9c7e5d97c779c3f5.png,2026-10-09T06:35:12.101555+00:00,mini_program_api_value_reconciled,secondary_structured,9659a80fd1edea1d,matched
中山大学,2025,数学学院,应用统计,admitted_min,331.0,331.0,0.0,0.51,schoolMajorVO.repeatMinGrade,https://admin.jiuxianzai.cn/api/applet/home/index/schoolDetail/d47a11518920b7bad3d5ed52d26c6685,https://jiuxianzai.oss-cn-beijing.aliyuncs.com/kaoyan/2025/04/03/8a8fb43e1ccc45ab80ba625c8ab65ba0.png,2026-10-09T06:35:12.101555+00:00,mini_program_api_value_reconciled,secondary_structured,9659a80fd1edea1d,matched
中山大学,2023,数学学院（珠海）,应用统计,cutoff,380.0,380.0,0.0,0.51,schoolMajorVO.repeatGrade,https://admin.jiuxianzai.cn/api/applet/home/index/schoolDetail/66ed9f49b9b099637689a24514d230ca,https://jiuxianzai.oss-cn-beijing.aliyuncs.com/kaoyan/2023/04/13/3c1374bb143247a082f293250ce7e3b9.png,2026-10-09T06:35:10.047785+00:00,mini_program_api_value_reconciled,secondary_structured,dfba0aa466efff29,matched
中山大学,2023,数学学院（珠海）,应用统计,admitted_min,380.0,380.0,0.0,0.51,schoolMajorVO.repeatMinGrade,https://admin.jiuxianzai.cn/api/applet/home/index/schoolDetail/66ed9f49b9b099637689a24514d230ca,https://jiuxianzai.oss-cn-beijing.aliyuncs.com/kaoyan/2023/04/13/3c1374bb143247a082f293250ce7e3b9.png,2026-10-09T06:35:10.047785+00:00,mini_program_api_value_reconciled,secondary_structured,dfba0aa466efff29,matched
中山大学,2024,数学学院（珠海）,应用统计,admitted_min,396.0,396.0,0.0,0.51,schoolMajorVO.repeatMinGrade,https://admin.jiuxianzai.cn/api/applet/home/index/schoolDetail/66ed9f49b9b099637689a24514d230ca,https://jiuxianzai.oss-cn-beijing.aliyuncs.com/kaoyan/2024/04/08/2990dd5e524649f8ba8f652a4891544e.png,2026-10-09T06:35:10.047785+00:00,mini_program_api_value_reconciled,secondary_structured,dfba0aa466efff29,matched
中山大学,2025,数学学院（珠海）,应用统计,admitted_min,331.0,331.0,0.0,0.51,schoolMajorVO.repeatMinGrade,https://admin.jiuxianzai.cn/api/applet/home/index/schoolDetail/66ed9f49b9b099637689a24514d230ca,https://jiuxianzai.oss-cn-beijing.aliyuncs.com/kaoyan/2025/04/03/fcbc1db47b7940d8a4278b9559834a57.png,2026-10-09T06:35:10.047785+00:00,mini_program_api_value_reconciled,secondary_structured,dfba0aa466efff29,matched
中山大学,2026,数学学院（珠海）,应用统计,admitted_min,367.0,367.0,0.0,0.51,schoolMajorVO.repeatMinGrade,https://admin.jiuxianzai.cn/api/applet/home/index/schoolDetail/66ed9f49b9b099637689a24514d230ca,https://jiuxianzai.oss-cn-beijing.aliyuncs.com/kaoyan/2026/05/14/21b2e7050f184975974d0f5cd028600d.png,2026-10-09T06:35:10.047785+00:00,mini_program_api_value_reconciled,secondary_structured,dfba0aa466efff29,matched
云南大学,2022,数学与统计学院,应用统计,admitted_count,95.0,95.0,0.0,0.01,schoolMajorVO.enterpersonVolunteerNum,https://admin.jiuxianzai.cn/api/applet/home/index/schoolDetail/191ded25342ea6e5d4a475c2d76ce694,https://jiuxianzai.oss-cn-beijing.aliyuncs.com/kaoyan/2022/05/16/dca9bd0bd6de43129422e368c445fb04.png,2026-10-09T06:35:08.953897+00:00,mini_program_api_value_reconciled,secondary_structured,442be4bb7e912b75,matched
云南大学,2022,数学与统计学院,应用统计,retest_count,113.0,113.0,0.0,0.01,schoolMajorVO.enterpersonRepeatNum,https://admin.jiuxianzai.cn/api/applet/home/index/schoolDetail/191ded25342ea6e5d4a475c2d76ce694,https://jiuxianzai.oss-cn-beijing.aliyuncs.com/kaoyan/2022/05/16/dca9bd0bd6de43129422e368c445fb04.png,2026-10-09T06:35:08.953897+00:00,mini_program_api_value_reconciled,secondary_structured,442be4bb7e912b75,matched
云南大学,2023,数学与统计学院,应用统计,cutoff,336.0,336.0,0.0,0.51,schoolMajorVO.repeatGrade,https://admin.jiuxianzai.cn/api/applet/home/index/schoolDetail/191ded25342ea6e5d4a475c2d76ce694,https://jiuxianzai.oss-cn-beijing.aliyuncs.com/kaoyan/2023/06/01/453c47c72bf642d195a4c0e65321202c.png,2026-10-09T06:35:08.953897+00:00,mini_program_api_value_reconciled,secondary_structured,442be4bb7e912b75,matched
云南大学,2023,数学与统计学院,应用统计,admitted_min,341.0,341.0,0.0,0.51,schoolMajorVO.repeatMinGrade,https://admin.jiuxianzai.cn/api/applet/home/index/schoolDetail/191ded25342ea6e5d4a475c2d76ce694,https://jiuxianzai.oss-cn-beijing.aliyuncs.com/kaoyan/2023/06/01/453c47c72bf642d195a4c0e65321202c.png,2026-10-09T06:35:08.953897+00:00,mini_program_api_value_reconciled,secondary_structured,442be4bb7e912b75,matched
云南大学,2023,数学与统计学院,应用统计,admitted_count,100.0,100.0,0.0,0.01,schoolMajorVO.enterpersonVolunteerNum,https://admin.jiuxianzai.cn/api/applet/home/index/schoolDetail/191ded25342ea6e5d4a475c2d76ce694,https://jiuxianzai.oss-cn-beijing.aliyuncs.com/kaoyan/2023/06/01/453c47c72bf642d195a4c0e65321202c.png,2026-10-09T06:35:08.953897+00:00,mini_program_api_value_reconciled,secondary_structured,442be4bb7e912b75,matched
云南大学,2023,数学与统计学院,应用统计,retest_count,131.0,131.0,0.0,0.01,schoolMajorVO.enterpersonRepeatNum,https://admin.jiuxianzai.cn/api/applet/home/index/schoolDetail/191ded25342ea6e5d4a475c2d76ce694,https://jiuxianzai.oss-cn-beijing.aliyuncs.com/kaoyan/2023/06/01/453c47c72bf642d195a4c0e65321202c.png,2026-10-09T06:35:08.953897+00:00,mini_program_api_value_reconciled,secondary_structured,442be4bb7e912b75,matched
云南大学,2024,数学与统计学院,应用统计,cutoff,328.0,328.0,0.0,0.51,schoolMajorVO.repeatGrade,https://admin.jiuxianzai.cn/api/applet/home/index/schoolDetail/191ded25342ea6e5d4a475c2d76ce694,https://jiuxianzai.oss-cn-beijing.aliyuncs.com/kaoyan/2024/05/01/6fca1920dfa84601b79cc655edcf44e1.png,2026-10-09T06:35:08.953897+00:00,mini_program_api_value_reconciled,secondary_structured,442be4bb7e912b75,matched
云南大学,2024,数学与统计学院,应用统计,admitted_min,331.0,331.0,0.0,0.51,schoolMajorVO.repeatMinGrade,https://admin.jiuxianzai.cn/api/applet/home/index/schoolDetail/191ded25342ea6e5d4a475c2d76ce694,https://jiuxianzai.oss-cn-beijing.aliyuncs.com/kaoyan/2024/05/01/6fca1920dfa84601b79cc655edcf44e1.png,2026-10-09T06:35:08.953897+00:00,mini_program_api_value_reconciled,secondary_structured,442be4bb7e912b75,matched
云南大学,2024,数学与统计学院,应用统计,admitted_count,115.0,115.0,0.0,0.01,schoolMajorVO.enterpersonVolunteerNum,https://admin.jiuxianzai.cn/api/applet/home/index/schoolDetail/191ded25342ea6e5d4a475c2d76ce694,https://jiuxianzai.oss-cn-beijing.aliyuncs.com/kaoyan/2024/05/01/6fca1920dfa84601b79cc655edcf44e1.png,2026-10-09T06:35:08.953897+00:00,mini_program_api_value_reconciled,secondary_structured,442be4bb7e912b75,matched
云南大学,2024,数学与统计学院,应用统计,retest_count,172.0,172.0,0.0,0.01,schoolMajorVO.enterpersonRepeatNum,https://admin.jiuxianzai.cn/api/applet/home/index/schoolDetail/191ded25342ea6e5d4a475c2d76ce694,https://jiuxianzai.oss-cn-beijing.aliyuncs.com/kaoyan/2024/05/01/6fca1920dfa84601b79cc655edcf44e1.png,2026-10-09T06:35:08.953897+00:00,mini_program_api_value_reconciled,secondary_structured,442be4bb7e912b75,matched
云南大学,2025,数学与统计学院,应用统计,admitted_min,318.0,318.0,0.0,0.51,schoolMajorVO.repeatMinGrade,https://admin.jiuxianzai.cn/api/applet/home/index/schoolDetail/191ded25342ea6e5d4a475c2d76ce694,https://jiuxianzai.oss-cn-beijing.aliyuncs.com/kaoyan/2025/05/10/3044c1d788044e11893ceaeb929c76b3.png,2026-10-09T06:35:08.953897+00:00,mini_program_api_value_reconciled,secondary_structured,442be4bb7e912b75,matched
云南大学,2025,数学与统计学院,应用统计,admitted_count,122.0,122.0,0.0,0.01,schoolMajorVO.enterpersonVolunteerNum,https://admin.jiuxianzai.cn/api/applet/home/index/schoolDetail/191ded25342ea6e5d4a475c2d76ce694,https://jiuxianzai.oss-cn-beijing.aliyuncs.com/kaoyan/2025/05/10/3044c1d788044e11893ceaeb929c76b3.png,2026-10-09T06:35:08.953897+00:00,mini_program_api_value_reconciled,secondary_structured,442be4bb7e912b75,matched
云南大学,2025,数学与统计学院,应用统计,retest_count,162.0,162.0,0.0,0.01,schoolMajorVO.enterpersonRepeatNum,https://admin.jiuxianzai.cn/api/applet/home/index/schoolDetail/191ded25342ea6e5d4a475c2d76ce694,https://jiuxianzai.oss-cn-beijing.aliyuncs.com/kaoyan/2025/05/10/3044c1d788044e11893ceaeb929c76b3.png,2026-10-09T06:35:08.953897+00:00,mini_program_api_value_reconciled,secondary_structured,442be4bb7e912b75,matched
云南大学,2026,数学与统计学院,应用统计,admitted_min,339.0,339.0,0.0,0.51,schoolMajorVO.repeatMinGrade,https://admin.jiuxianzai.cn/api/applet/home/index/schoolDetail/191ded25342ea6e5d4a475c2d76ce694,https://jiuxianzai.oss-cn-beijing.aliyuncs.com/kaoyan/2026/05/15/81426ef350ce48d0a3746446e395c8e3.png,2026-10-09T06:35:08.953897+00:00,mini_program_api_value_reconciled,secondary_structured,442be4bb7e912b75,matched
云南大学,2026,数学与统计学院,应用统计,admitted_count,145.0,145.0,0.0,0.01,schoolMajorVO.enterpersonVolunteerNum,https://admin.jiuxianzai.cn/api/applet/home/index/schoolDetail/191ded25342ea6e5d4a475c2d76ce694,https://jiuxianzai.oss-cn-beijing.aliyuncs.com/kaoyan/2026/05/15/81426ef350ce48d0a3746446e395c8e3.png,2026-10-09T06:35:08.953897+00:00,mini_program_api_value_reconciled,secondary_structured,442be4bb7e912b75,matched
云南大学,2026,数学与统计学院,应用统计,retest_count,165.0,165.0,0.0,0.01,schoolMajorVO.enterpersonRepeatNum,https://admin.jiuxianzai.cn/api/applet/home/index/schoolDetail/191ded25342ea6e5d4a475c2d76ce694,https://jiuxianzai.oss-cn-beijing.aliyuncs.com/kaoyan/2026/05/15/81426ef350ce48d0a3746446e395c8e3.png,2026-10-09T06:35:08.953897+00:00,mini_program_api_value_reconciled,secondary_structured,442be4bb7e912b75,matched
兰州大学,2022,数学与统计学院,应用统计,cutoff,370.0,370.0,0.0,0.51,schoolMajorVO.repeatGrade,https://admin.jiuxianzai.cn/api/applet/home/index/schoolDetail/06c2e9363cf81254227f3c0cf9a8a3d8,https://jiuxianzai.oss-cn-beijing.aliyuncs.com/kaoyan/2022/04/17/284d8eef71664bb9accb51167c730157.png,2026-10-09T06:35:08.479477+00:00,mini_program_api_value_reconciled,secondary_structured,8c0a20f9d8ffd0b4,matched
兰州大学,2022,数学与统计学院,应用统计,admitted_count,52.0,52.0,0.0,0.01,schoolMajorVO.enterpersonVolunteerNum,https://admin.jiuxianzai.cn/api/applet/home/index/schoolDetail/06c2e9363cf81254227f3c0cf9a8a3d8,https://jiuxianzai.oss-cn-beijing.aliyuncs.com/kaoyan/2022/04/17/284d8eef71664bb9accb51167c730157.png,2026-10-09T06:35:08.479477+00:00,mini_program_api_value_reconciled,secondary_structured,8c0a20f9d8ffd0b4,matched
兰州大学,2022,数学与统计学院,应用统计,retest_count,62.0,62.0,0.0,0.01,schoolMajorVO.enterpersonRepeatNum,https://admin.jiuxianzai.cn/api/applet/home/index/schoolDetail/06c2e9363cf81254227f3c0cf9a8a3d8,https://jiuxianzai.oss-cn-beijing.aliyuncs.com/kaoyan/2022/04/17/284d8eef71664bb9accb51167c730157.png,2026-10-09T06:35:08.479477+00:00,mini_program_api_value_reconciled,secondary_structured,8c0a20f9d8ffd0b4,matched
兰州大学,2023,数学与统计学院,应用统计,cutoff,360.0,360.0,0.0,0.51,schoolMajorVO.repeatGrade,https://admin.jiuxianzai.cn/api/applet/home/index/schoolDetail/06c2e9363cf81254227f3c0cf9a8a3d8,https://jiuxianzai.oss-cn-beijing.aliyuncs.com/kaoyan/2023/04/13/e277cea8710c44ae91e65572fe4d42f9.png,2026-10-09T06:35:08.479477+00:00,mini_program_api_value_reconciled,secondary_structured,8c0a20f9d8ffd0b4,matched
兰州大学,2023,数学与统计学院,应用统计,admitted_count,60.0,60.0,0.0,0.01,schoolMajorVO.enterpersonVolunteerNum,https://admin.jiuxianzai.cn/api/applet/home/index/schoolDetail/06c2e9363cf81254227f3c0cf9a8a3d8,https://jiuxianzai.oss-cn-beijing.aliyuncs.com/kaoyan/2023/04/13/e277cea8710c44ae91e65572fe4d42f9.png,2026-10-09T06:35:08.479477+00:00,mini_program_api_value_reconciled,secondary_structured,8c0a20f9d8ffd0b4,matched
兰州大学,2023,数学与统计学院,应用统计,retest_count,72.0,72.0,0.0,0.01,schoolMajorVO.enterpersonRepeatNum,https://admin.jiuxianzai.cn/api/applet/home/index/schoolDetail/06c2e9363cf81254227f3c0cf9a8a3d8,https://jiuxianzai.oss-cn-beijing.aliyuncs.com/kaoyan/2023/04/13/e277cea8710c44ae91e65572fe4d42f9.png,2026-10-09T06:35:08.479477+00:00,mini_program_api_value_reconciled,secondary_structured,8c0a20f9d8ffd0b4,matched
兰州大学,2024,数学与统计学院,应用统计,admitted_min,366.0,366.0,0.0,0.51,schoolMajorVO.repeatMinGrade,https://admin.jiuxianzai.cn/api/applet/home/index/schoolDetail/06c2e9363cf81254227f3c0cf9a8a3d8,https://jiuxianzai.oss-cn-beijing.aliyuncs.com/kaoyan/2024/04/08/2c964d76802a42f99df763ffadbb08a7.png,2026-10-09T06:35:08.479477+00:00,mini_program_api_value_reconciled,secondary_structured,8c0a20f9d8ffd0b4,matched
兰州大学,2024,数学与统计学院,应用统计,admitted_count,56.0,56.0,0.0,0.01,schoolMajorVO.enterpersonVolunteerNum,https://admin.jiuxianzai.cn/api/applet/home/index/schoolDetail/06c2e9363cf81254227f3c0cf9a8a3d8,https://jiuxianzai.oss-cn-beijing.aliyuncs.com/kaoyan/2024/04/08/2c964d76802a42f99df763ffadbb08a7.png,2026-10-09T06:35:08.479477+00:00,mini_program_api_value_reconciled,secondary_structured,8c0a20f9d8ffd0b4,matched
兰州大学,2024,数学与统计学院,应用统计,retest_count,61.0,61.0,0.0,0.01,schoolMajorVO.enterpersonRepeatNum,https://admin.jiuxianzai.cn/api/applet/home/index/schoolDetail/06c2e9363cf81254227f3c0cf9a8a3d8,https://jiuxianzai.oss-cn-beijing.aliyuncs.com/kaoyan/2024/04/08/2c964d76802a42f99df763ffadbb08a7.png,2026-10-09T06:35:08.479477+00:00,mini_program_api_value_reconciled,secondary_structured,8c0a20f9d8ffd0b4,matched
兰州大学,2025,数学与统计学院,应用统计,admitted_min,356.0,356.0,0.0,0.51,schoolMajorVO.repeatMinGrade,https://admin.jiuxianzai.cn/api/applet/home/index/schoolDetail/06c2e9363cf81254227f3c0cf9a8a3d8,https://jiuxianzai.oss-cn-beijing.aliyuncs.com/kaoyan/2025/04/03/ed57c49d9c904aadbdb1a2ae5348930f.png,2026-10-09T06:35:08.479477+00:00,mini_program_api_value_reconciled,secondary_structured,8c0a20f9d8ffd0b4,matched
兰州大学,2025,数学与统计学院,应用统计,admitted_count,77.0,77.0,0.0,0.01,schoolMajorVO.enterpersonVolunteerNum,https://admin.jiuxianzai.cn/api/applet/home/index/schoolDetail/06c2e9363cf81254227f3c0cf9a8a3d8,https://jiuxianzai.oss-cn-beijing.aliyuncs.com/kaoyan/2025/04/03/ed57c49d9c904aadbdb1a2ae5348930f.png,2026-10-09T06:35:08.479477+00:00,mini_program_api_value_reconciled,secondary_structured,8c0a20f9d8ffd0b4,matched
兰州大学,2025,数学与统计学院,应用统计,retest_count,87.0,87.0,0.0,0.01,schoolMajorVO.enterpersonRepeatNum,https://admin.jiuxianzai.cn/api/applet/home/index/schoolDetail/06c2e9363cf81254227f3c0cf9a8a3d8,https://jiuxianzai.oss-cn-beijing.aliyuncs.com/kaoyan/2025/04/03/ed57c49d9c904aadbdb1a2ae5348930f.png,2026-10-09T06:35:08.479477+00:00,mini_program_api_value_reconciled,secondary_structured,8c0a20f9d8ffd0b4,matched
兰州大学,2026,数学与统计学院,应用统计,cutoff,370.0,370.0,0.0,0.51,schoolMajorVO.repeatGrade,https://admin.jiuxianzai.cn/api/applet/home/index/schoolDetail/06c2e9363cf81254227f3c0cf9a8a3d8,https://jiuxianzai.oss-cn-beijing.aliyuncs.com/kaoyan/2026/05/14/9a328bdb0ac24b58a25f9d9dd7804b69.png,2026-10-09T06:35:08.479477+00:00,mini_program_api_value_reconciled,secondary_structured,8c0a20f9d8ffd0b4,matched
兰州大学,2026,数学与统计学院,应用统计,admitted_min,370.0,370.0,0.0,0.51,schoolMajorVO.repeatMinGrade,https://admin.jiuxianzai.cn/api/applet/home/index/schoolDetail/06c2e9363cf81254227f3c0cf9a8a3d8,https://jiuxianzai.oss-cn-beijing.aliyuncs.com/kaoyan/2026/05/14/9a328bdb0ac24b58a25f9d9dd7804b69.png,2026-10-09T06:35:08.479477+00:00,mini_program_api_value_reconciled,secondary_structured,8c0a20f9d8ffd0b4,matched
兰州大学,2026,数学与统计学院,应用统计,admitted_count,68.0,68.0,0.0,0.01,schoolMajorVO.enterpersonVolunteerNum,https://admin.jiuxianzai.cn/api/applet/home/index/schoolDetail/06c2e9363cf81254227f3c0cf9a8a3d8,https://jiuxianzai.oss-cn-beijing.aliyuncs.com/kaoyan/2026/05/14/9a328bdb0ac24b58a25f9d9dd7804b69.png,2026-10-09T06:35:08.479477+00:00,mini_program_api_value_reconciled,secondary_structured,8c0a20f9d8ffd0b4,matched
兰州大学,2026,数学与统计学院,应用统计,retest_count,85.0,85.0,0.0,0.01,schoolMajorVO.enterpersonRepeatNum,https://admin.jiuxianzai.cn/api/applet/home/index/schoolDetail/06c2e9363cf81254227f3c0cf9a8a3d8,https://jiuxianzai.oss-cn-beijing.aliyuncs.com/kaoyan/2026/05/14/9a328bdb0ac24b58a25f9d9dd7804b69.png,2026-10-09T06:35:08.479477+00:00,mini_program_api_value_reconciled,secondary_structured,8c0a20f9d8ffd0b4,matched
内蒙古大学,2022,数学科学学院,应用统计,cutoff,350.0,350.0,0.0,0.51,schoolMajorVO.repeatGrade,https://admin.jiuxianzai.cn/api/applet/home/index/schoolDetail/38d0d593bfb474f42e2658c50e3b0cee,https://jiuxianzai.oss-cn-beijing.aliyuncs.com/kaoyan/2022/05/05/369f1d22e6ee4adca9c32f4c921098df.png,2026-10-09T06:35:09.450686+00:00,mini_program_api_value_reconciled,secondary_structured,5978669b77917219,matched
内蒙古大学,2022,数学科学学院,应用统计,admitted_count,50.0,50.0,0.0,0.01,schoolMajorVO.enterpersonVolunteerNum,https://admin.jiuxianzai.cn/api/applet/home/index/schoolDetail/38d0d593bfb474f42e2658c50e3b0cee,https://jiuxianzai.oss-cn-beijing.aliyuncs.com/kaoyan/2022/05/05/369f1d22e6ee4adca9c32f4c921098df.png,2026-10-09T06:35:09.450686+00:00,mini_program_api_value_reconciled,secondary_structured,5978669b77917219,matched
内蒙古大学,2022,数学科学学院,应用统计,retest_count,54.0,54.0,0.0,0.01,schoolMajorVO.enterpersonRepeatNum,https://admin.jiuxianzai.cn/api/applet/home/index/schoolDetail/38d0d593bfb474f42e2658c50e3b0cee,https://jiuxianzai.oss-cn-beijing.aliyuncs.com/kaoyan/2022/05/05/369f1d22e6ee4adca9c32f4c921098df.png,2026-10-09T06:35:09.450686+00:00,mini_program_api_value_reconciled,secondary_structured,5978669b77917219,matched
内蒙古大学,2023,数学科学学院,应用统计,cutoff,338.0,338.0,0.0,0.51,schoolMajorVO.repeatGrade,https://admin.jiuxianzai.cn/api/applet/home/index/schoolDetail/38d0d593bfb474f42e2658c50e3b0cee,https://jiuxianzai.oss-cn-beijing.aliyuncs.com/kaoyan/2023/06/01/adad3124f93f49178244e4f01249769a.png,2026-10-09T06:35:09.450686+00:00,mini_program_api_value_reconciled,secondary_structured,5978669b77917219,matched
内蒙古大学,2023,数学科学学院,应用统计,admitted_min,339.0,339.0,0.0,0.51,schoolMajorVO.repeatMinGrade,https://admin.jiuxianzai.cn/api/applet/home/index/schoolDetail/38d0d593bfb474f42e2658c50e3b0cee,https://jiuxianzai.oss-cn-beijing.aliyuncs.com/kaoyan/2023/06/01/adad3124f93f49178244e4f01249769a.png,2026-10-09T06:35:09.450686+00:00,mini_program_api_value_reconciled,secondary_structured,5978669b77917219,matched
内蒙古大学,2023,数学科学学院,应用统计,admitted_count,50.0,50.0,0.0,0.01,schoolMajorVO.enterpersonVolunteerNum,https://admin.jiuxianzai.cn/api/applet/home/index/schoolDetail/38d0d593bfb474f42e2658c50e3b0cee,https://jiuxianzai.oss-cn-beijing.aliyuncs.com/kaoyan/2023/06/01/adad3124f93f49178244e4f01249769a.png,2026-10-09T06:35:09.450686+00:00,mini_program_api_value_reconciled,secondary_structured,5978669b77917219,matched
内蒙古大学,2023,数学科学学院,应用统计,retest_count,60.0,60.0,0.0,0.01,schoolMajorVO.enterpersonRepeatNum,https://admin.jiuxianzai.cn/api/applet/home/index/schoolDetail/38d0d593bfb474f42e2658c50e3b0cee,https://jiuxianzai.oss-cn-beijing.aliyuncs.com/kaoyan/2023/06/01/adad3124f93f49178244e4f01249769a.png,2026-10-09T06:35:09.450686+00:00,mini_program_api_value_reconciled,secondary_structured,5978669b77917219,matched
内蒙古大学,2024,数学科学学院,应用统计,cutoff,328.0,328.0,0.0,0.51,schoolMajorVO.repeatGrade,https://admin.jiuxianzai.cn/api/applet/home/index/schoolDetail/38d0d593bfb474f42e2658c50e3b0cee,https://jiuxianzai.oss-cn-beijing.aliyuncs.com/kaoyan/2024/04/15/97a563b58319487aae3ace48b2859a99.png,2026-10-09T06:35:09.450686+00:00,mini_program_api_value_reconciled,secondary_structured,5978669b77917219,matched
内蒙古大学,2024,数学科学学院,应用统计,admitted_min,328.0,328.0,0.0,0.51,schoolMajorVO.repeatMinGrade,https://admin.jiuxianzai.cn/api/applet/home/index/schoolDetail/38d0d593bfb474f42e2658c50e3b0cee,https://jiuxianzai.oss-cn-beijing.aliyuncs.com/kaoyan/2024/04/15/97a563b58319487aae3ace48b2859a99.png,2026-10-09T06:35:09.450686+00:00,mini_program_api_value_reconciled,secondary_structured,5978669b77917219,matched
内蒙古大学,2024,数学科学学院,应用统计,admitted_count,42.0,42.0,0.0,0.01,schoolMajorVO.enterpersonVolunteerNum,https://admin.jiuxianzai.cn/api/applet/home/index/schoolDetail/38d0d593bfb474f42e2658c50e3b0cee,https://jiuxianzai.oss-cn-beijing.aliyuncs.com/kaoyan/2024/04/15/97a563b58319487aae3ace48b2859a99.png,2026-10-09T06:35:09.450686+00:00,mini_program_api_value_reconciled,secondary_structured,5978669b77917219,matched
内蒙古大学,2024,数学科学学院,应用统计,retest_count,42.0,42.0,0.0,0.01,schoolMajorVO.enterpersonRepeatNum,https://admin.jiuxianzai.cn/api/applet/home/index/schoolDetail/38d0d593bfb474f42e2658c50e3b0cee,https://jiuxianzai.oss-cn-beijing.aliyuncs.com/kaoyan/2024/04/15/97a563b58319487aae3ace48b2859a99.png,2026-10-09T06:35:09.450686+00:00,mini_program_api_value_reconciled,secondary_structured,5978669b77917219,matched
内蒙古大学,2025,数学科学学院,应用统计,admitted_min,314.0,314.0,0.0,0.51,schoolMajorVO.repeatMinGrade,https://admin.jiuxianzai.cn/api/applet/home/index/schoolDetail/38d0d593bfb474f42e2658c50e3b0cee,https://jiuxianzai.oss-cn-beijing.aliyuncs.com/kaoyan/2025/04/07/fdccfeb9c6e8425c9989bfa88166f11d.png,2026-10-09T06:35:09.450686+00:00,mini_program_api_value_reconciled,secondary_structured,5978669b77917219,matched
内蒙古大学,2025,数学科学学院,应用统计,admitted_count,36.0,36.0,0.0,0.01,schoolMajorVO.enterpersonVolunteerNum,https://admin.jiuxianzai.cn/api/applet/home/index/schoolDetail/38d0d593bfb474f42e2658c50e3b0cee,https://jiuxianzai.oss-cn-beijing.aliyuncs.com/kaoyan/2025/04/07/fdccfeb9c6e8425c9989bfa88166f11d.png,2026-10-09T06:35:09.450686+00:00,mini_program_api_value_reconciled,secondary_structured,5978669b77917219,matched
内蒙古大学,2025,数学科学学院,应用统计,retest_count,36.0,36.0,0.0,0.01,schoolMajorVO.enterpersonRepeatNum,https://admin.jiuxianzai.cn/api/applet/home/index/schoolDetail/38d0d593bfb474f42e2658c50e3b0cee,https://jiuxianzai.oss-cn-beijing.aliyuncs.com/kaoyan/2025/04/07/fdccfeb9c6e8425c9989bfa88166f11d.png,2026-10-09T06:35:09.450686+00:00,mini_program_api_value_reconciled,secondary_structured,5978669b77917219,matched
内蒙古大学,2026,数学科学学院,应用统计,admitted_min,315.0,315.0,0.0,0.51,schoolMajorVO.repeatMinGrade,https://admin.jiuxianzai.cn/api/applet/home/index/schoolDetail/38d0d593bfb474f42e2658c50e3b0cee,https://jiuxianzai.oss-cn-beijing.aliyuncs.com/kaoyan/2026/05/15/0549154548634c448801570a46b705c4.png,2026-10-09T06:35:09.450686+00:00,mini_program_api_value_reconciled,secondary_structured,5978669b77917219,matched
内蒙古大学,2026,数学科学学院,应用统计,admitted_count,44.0,44.0,0.0,0.01,schoolMajorVO.enterpersonVolunteerNum,https://admin.jiuxianzai.cn/api/applet/home/index/schoolDetail/38d0d593bfb474f42e2658c50e3b0cee,https://jiuxianzai.oss-cn-beijing.aliyuncs.com/kaoyan/2026/05/15/0549154548634c448801570a46b705c4.png,2026-10-09T06:35:09.450686+00:00,mini_program_api_value_reconciled,secondary_structured,5978669b77917219,matched
内蒙古大学,2026,数学科学学院,应用统计,retest_count,46.0,46.0,0.0,0.01,schoolMajorVO.enterpersonRepeatNum,https://admin.jiuxianzai.cn/api/applet/home/index/schoolDetail/38d0d593bfb474f42e2658c50e3b0cee,https://jiuxianzai.oss-cn-beijing.aliyuncs.com/kaoyan/2026/05/15/0549154548634c448801570a46b705c4.png,2026-10-09T06:35:09.450686+00:00,mini_program_api_value_reconciled,secondary_structured,5978669b77917219,matched
北京交通大学,2026,数学与统计学院,应用统计,admitted_min,341.0,341.0,0.0,0.51,schoolMajorVO.repeatMinGrade,https://admin.jiuxianzai.cn/api/applet/home/index/schoolDetail/dbf27b8a0774351d1331669012b466b9,https://jiuxianzai.oss-cn-beijing.aliyuncs.com/kaoyan/2026/05/15/4ab0892d109e4f3ca3b3acc2c41a7b92.png,2026-10-09T06:35:12.159269+00:00,mini_program_api_value_reconciled,secondary_structured,9a5dd112e3d6a9a0,matched
北京交通大学,2022,经济管理学院,应用统计,cutoff,388.0,388.0,0.0,0.51,schoolMajorVO.repeatGrade,https://admin.jiuxianzai.cn/api/applet/home/index/schoolDetail/d1d6767608d408762929304f63c0733b,https://jiuxianzai.oss-cn-beijing.aliyuncs.com/kaoyan/2022/04/18/c9c334a83d514912acb4659a2e9683e5.png,2026-10-09T06:35:11.982468+00:00,mini_program_api_value_reconciled,secondary_structured,abaa837f7e155fcb,matched
北京交通大学,2022,经济管理学院,应用统计,admitted_min,406.0,406.0,0.0,0.51,schoolMajorVO.repeatMinGrade,https://admin.jiuxianzai.cn/api/applet/home/index/schoolDetail/d1d6767608d408762929304f63c0733b,https://jiuxianzai.oss-cn-beijing.aliyuncs.com/kaoyan/2022/04/18/c9c334a83d514912acb4659a2e9683e5.png,2026-10-09T06:35:11.982468+00:00,mini_program_api_value_reconciled,secondary_structured,abaa837f7e155fcb,matched
北京交通大学,2022,经济管理学院,应用统计,admitted_count,13.0,13.0,0.0,0.01,schoolMajorVO.enterpersonVolunteerNum,https://admin.jiuxianzai.cn/api/applet/home/index/schoolDetail/d1d6767608d408762929304f63c0733b,https://jiuxianzai.oss-cn-beijing.aliyuncs.com/kaoyan/2022/04/18/c9c334a83d514912acb4659a2e9683e5.png,2026-10-09T06:35:11.982468+00:00,mini_program_api_value_reconciled,secondary_structured,abaa837f7e155fcb,matched
北京交通大学,2022,经济管理学院,应用统计,retest_count,23.0,23.0,0.0,0.01,schoolMajorVO.enterpersonRepeatNum,https://admin.jiuxianzai.cn/api/applet/home/index/schoolDetail/d1d6767608d408762929304f63c0733b,https://jiuxianzai.oss-cn-beijing.aliyuncs.com/kaoyan/2022/04/18/c9c334a83d514912acb4659a2e9683e5.png,2026-10-09T06:35:11.982468+00:00,mini_program_api_value_reconciled,secondary_structured,abaa837f7e155fcb,matched
北京交通大学,2023,经济管理学院,应用统计,cutoff,388.0,388.0,0.0,0.51,schoolMajorVO.repeatGrade,https://admin.jiuxianzai.cn/api/applet/home/index/schoolDetail/d1d6767608d408762929304f63c0733b,https://jiuxianzai.oss-cn-beijing.aliyuncs.com/kaoyan/2023/04/13/c9f5d29cd80749009aa8dc3d17c77c5d.png,2026-10-09T06:35:11.982468+00:00,mini_program_api_value_reconciled,secondary_structured,abaa837f7e155fcb,matched
北京交通大学,2023,经济管理学院,应用统计,admitted_min,388.0,388.0,0.0,0.51,schoolMajorVO.repeatMinGrade,https://admin.jiuxianzai.cn/api/applet/home/index/schoolDetail/d1d6767608d408762929304f63c0733b,https://jiuxianzai.oss-cn-beijing.aliyuncs.com/kaoyan/2023/04/13/c9f5d29cd80749009aa8dc3d17c77c5d.png,2026-10-09T06:35:11.982468+00:00,mini_program_api_value_reconciled,secondary_structured,abaa837f7e155fcb,matched
北京交通大学,2023,经济管理学院,应用统计,admitted_count,11.0,11.0,0.0,0.01,schoolMajorVO.enterpersonVolunteerNum,https://admin.jiuxianzai.cn/api/applet/home/index/schoolDetail/d1d6767608d408762929304f63c0733b,https://jiuxianzai.oss-cn-beijing.aliyuncs.com/kaoyan/2023/04/13/c9f5d29cd80749009aa8dc3d17c77c5d.png,2026-10-09T06:35:11.982468+00:00,mini_program_api_value_reconciled,secondary_structured,abaa837f7e155fcb,matched
北京交通大学,2023,经济管理学院,应用统计,retest_count,14.0,14.0,0.0,0.01,schoolMajorVO.enterpersonRepeatNum,https://admin.jiuxianzai.cn/api/applet/home/index/schoolDetail/d1d6767608d408762929304f63c0733b,https://jiuxianzai.oss-cn-beijing.aliyuncs.com/kaoyan/2023/04/13/c9f5d29cd80749009aa8dc3d17c77c5d.png,2026-10-09T06:35:11.982468+00:00,mini_program_api_value_reconciled,secondary_structured,abaa837f7e155fcb,matched
北京交通大学,2024,经济管理学院,应用统计,admitted_min,370.0,370.0,0.0,0.51,schoolMajorVO.repeatMinGrade,https://admin.jiuxianzai.cn/api/applet/home/index/schoolDetail/d1d6767608d408762929304f63c0733b,https://jiuxianzai.oss-cn-beijing.aliyuncs.com/kaoyan/2024/05/02/78d5e5c4d465401c906e7ca9557c2f12.png,2026-10-09T06:35:11.982468+00:00,mini_program_api_value_reconciled,secondary_structured,abaa837f7e155fcb,matched
北京交通大学,2024,经济管理学院,应用统计,admitted_count,12.0,12.0,0.0,0.01,schoolMajorVO.enterpersonVolunteerNum,https://admin.jiuxianzai.cn/api/applet/home/index/schoolDetail/d1d6767608d408762929304f63c0733b,https://jiuxianzai.oss-cn-beijing.aliyuncs.com/kaoyan/2024/05/02/78d5e5c4d465401c906e7ca9557c2f12.png,2026-10-09T06:35:11.982468+00:00,mini_program_api_value_reconciled,secondary_structured,abaa837f7e155fcb,matched
北京交通大学,2024,经济管理学院,应用统计,retest_count,15.0,15.0,0.0,0.01,schoolMajorVO.enterpersonRepeatNum,https://admin.jiuxianzai.cn/api/applet/home/index/schoolDetail/d1d6767608d408762929304f63c0733b,https://jiuxianzai.oss-cn-beijing.aliyuncs.com/kaoyan/2024/05/02/78d5e5c4d465401c906e7ca9557c2f12.png,2026-10-09T06:35:11.982468+00:00,mini_program_api_value_reconciled,secondary_structured,abaa837f7e155fcb,matched
北京交通大学,2025,经济管理学院,应用统计,admitted_min,363.0,363.0,0.0,0.51,schoolMajorVO.repeatMinGrade,https://admin.jiuxianzai.cn/api/applet/home/index/schoolDetail/d1d6767608d408762929304f63c0733b,https://jiuxianzai.oss-cn-beijing.aliyuncs.com/kaoyan/2025/04/07/518514f16bf84c29941b45221224dc62.png,2026-10-09T06:35:11.982468+00:00,mini_program_api_value_reconciled,secondary_structured,abaa837f7e155fcb,matched
北京交通大学,2025,经济管理学院,应用统计,admitted_count,21.0,21.0,0.0,0.01,schoolMajorVO.enterpersonVolunteerNum,https://admin.jiuxianzai.cn/api/applet/home/index/schoolDetail/d1d6767608d408762929304f63c0733b,https://jiuxianzai.oss-cn-beijing.aliyuncs.com/kaoyan/2025/04/07/518514f16bf84c29941b45221224dc62.png,2026-10-09T06:35:11.982468+00:00,mini_program_api_value_reconciled,secondary_structured,abaa837f7e155fcb,matched
北京交通大学,2025,经济管理学院,应用统计,retest_count,26.0,26.0,0.0,0.01,schoolMajorVO.enterpersonRepeatNum,https://admin.jiuxianzai.cn/api/applet/home/index/schoolDetail/d1d6767608d408762929304f63c0733b,https://jiuxianzai.oss-cn-beijing.aliyuncs.com/kaoyan/2025/04/07/518514f16bf84c29941b45221224dc62.png,2026-10-09T06:35:11.982468+00:00,mini_program_api_value_reconciled,secondary_structured,abaa837f7e155fcb,matched
北京工业大学,2022,数学统计学与力学学院,应用统计,admitted_count,16.0,16.0,0.0,0.01,schoolMajorVO.enterpersonVolunteerNum,https://admin.jiuxianzai.cn/api/applet/home/index/schoolDetail/08214894121ecd7fd615f4583fe662d1,https://jiuxianzai.oss-cn-beijing.aliyuncs.com/kaoyan/2022/04/18/81b7565e2c734f94b2489e64fa97525d.png,2026-10-09T06:35:08.651441+00:00,mini_program_api_value_reconciled,secondary_structured,edce359caa4c2bc5,matched
北京工业大学,2022,数学统计学与力学学院,应用统计,retest_count,24.0,24.0,0.0,0.01,schoolMajorVO.enterpersonRepeatNum,https://admin.jiuxianzai.cn/api/applet/home/index/schoolDetail/08214894121ecd7fd615f4583fe662d1,https://jiuxianzai.oss-cn-beijing.aliyuncs.com/kaoyan/2022/04/18/81b7565e2c734f94b2489e64fa97525d.png,2026-10-09T06:35:08.651441+00:00,mini_program_api_value_reconciled,secondary_structured,edce359caa4c2bc5,matched
北京工业大学,2023,数学统计学与力学学院,应用统计,cutoff,352.0,352.0,0.0,0.51,schoolMajorVO.repeatGrade,https://admin.jiuxianzai.cn/api/applet/home/index/schoolDetail/08214894121ecd7fd615f4583fe662d1,https://jiuxianzai.oss-cn-beijing.aliyuncs.com/kaoyan/2023/06/05/1f4b36b69ce34331ab87022b32d90155.png,2026-10-09T06:35:08.651441+00:00,mini_program_api_value_reconciled,secondary_structured,edce359caa4c2bc5,matched
北京工业大学,2023,数学统计学与力学学院,应用统计,admitted_min,352.0,352.0,0.0,0.51,schoolMajorVO.repeatMinGrade,https://admin.jiuxianzai.cn/api/applet/home/index/schoolDetail/08214894121ecd7fd615f4583fe662d1,https://jiuxianzai.oss-cn-beijing.aliyuncs.com/kaoyan/2023/06/05/1f4b36b69ce34331ab87022b32d90155.png,2026-10-09T06:35:08.651441+00:00,mini_program_api_value_reconciled,secondary_structured,edce359caa4c2bc5,matched
北京工业大学,2023,数学统计学与力学学院,应用统计,admitted_count,23.0,23.0,0.0,0.01,schoolMajorVO.enterpersonVolunteerNum,https://admin.jiuxianzai.cn/api/applet/home/index/schoolDetail/08214894121ecd7fd615f4583fe662d1,https://jiuxianzai.oss-cn-beijing.aliyuncs.com/kaoyan/2023/06/05/1f4b36b69ce34331ab87022b32d90155.png,2026-10-09T06:35:08.651441+00:00,mini_program_api_value_reconciled,secondary_structured,edce359caa4c2bc5,matched
北京工业大学,2023,数学统计学与力学学院,应用统计,retest_count,27.0,27.0,0.0,0.01,schoolMajorVO.enterpersonRepeatNum,https://admin.jiuxianzai.cn/api/applet/home/index/schoolDetail/08214894121ecd7fd615f4583fe662d1,https://jiuxianzai.oss-cn-beijing.aliyuncs.com/kaoyan/2023/06/05/1f4b36b69ce34331ab87022b32d90155.png,2026-10-09T06:35:08.651441+00:00,mini_program_api_value_reconciled,secondary_structured,edce359caa4c2bc5,matched
北京工业大学,2024,数学统计学与力学学院,应用统计,admitted_min,353.0,353.0,0.0,0.51,schoolMajorVO.repeatMinGrade,https://admin.jiuxianzai.cn/api/applet/home/index/schoolDetail/08214894121ecd7fd615f4583fe662d1,https://jiuxianzai.oss-cn-beijing.aliyuncs.com/kaoyan/2024/04/14/9c32374a27934181a9c845d1039c7741.png,2026-10-09T06:35:08.651441+00:00,mini_program_api_value_reconciled,secondary_structured,edce359caa4c2bc5,matched
北京工业大学,2024,数学统计学与力学学院,应用统计,admitted_count,21.0,21.0,0.0,0.01,schoolMajorVO.enterpersonVolunteerNum,https://admin.jiuxianzai.cn/api/applet/home/index/schoolDetail/08214894121ecd7fd615f4583fe662d1,https://jiuxianzai.oss-cn-beijing.aliyuncs.com/kaoyan/2024/04/14/9c32374a27934181a9c845d1039c7741.png,2026-10-09T06:35:08.651441+00:00,mini_program_api_value_reconciled,secondary_structured,edce359caa4c2bc5,matched
北京工业大学,2024,数学统计学与力学学院,应用统计,retest_count,27.0,27.0,0.0,0.01,schoolMajorVO.enterpersonRepeatNum,https://admin.jiuxianzai.cn/api/applet/home/index/schoolDetail/08214894121ecd7fd615f4583fe662d1,https://jiuxianzai.oss-cn-beijing.aliyuncs.com/kaoyan/2024/04/14/9c32374a27934181a9c845d1039c7741.png,2026-10-09T06:35:08.651441+00:00,mini_program_api_value_reconciled,secondary_structured,edce359caa4c2bc5,matched
北京工业大学,2025,数学统计学与力学学院,应用统计,cutoff,375.0,375.0,0.0,0.51,schoolMajorVO.repeatGrade,https://admin.jiuxianzai.cn/api/applet/home/index/schoolDetail/08214894121ecd7fd615f4583fe662d1,https://jiuxianzai.oss-cn-beijing.aliyuncs.com/kaoyan/2025/04/07/a89e7e6c9b114379830ff96901054756.png,2026-10-09T06:35:08.651441+00:00,mini_program_api_value_reconciled,secondary_structured,edce359caa4c2bc5,matched
北京工业大学,2025,数学统计学与力学学院,应用统计,admitted_min,376.0,376.0,0.0,0.51,schoolMajorVO.repeatMinGrade,https://admin.jiuxianzai.cn/api/applet/home/index/schoolDetail/08214894121ecd7fd615f4583fe662d1,https://jiuxianzai.oss-cn-beijing.aliyuncs.com/kaoyan/2025/04/07/a89e7e6c9b114379830ff96901054756.png,2026-10-09T06:35:08.651441+00:00,mini_program_api_value_reconciled,secondary_structured,edce359caa4c2bc5,matched
北京工业大学,2025,数学统计学与力学学院,应用统计,admitted_count,19.0,19.0,0.0,0.01,schoolMajorVO.enterpersonVolunteerNum,https://admin.jiuxianzai.cn/api/applet/home/index/schoolDetail/08214894121ecd7fd615f4583fe662d1,https://jiuxianzai.oss-cn-beijing.aliyuncs.com/kaoyan/2025/04/07/a89e7e6c9b114379830ff96901054756.png,2026-10-09T06:35:08.651441+00:00,mini_program_api_value_reconciled,secondary_structured,edce359caa4c2bc5,matched
北京工业大学,2025,数学统计学与力学学院,应用统计,retest_count,23.0,23.0,0.0,0.01,schoolMajorVO.enterpersonRepeatNum,https://admin.jiuxianzai.cn/api/applet/home/index/schoolDetail/08214894121ecd7fd615f4583fe662d1,https://jiuxianzai.oss-cn-beijing.aliyuncs.com/kaoyan/2025/04/07/a89e7e6c9b114379830ff96901054756.png,2026-10-09T06:35:08.651441+00:00,mini_program_api_value_reconciled,secondary_structured,edce359caa4c2bc5,matched
北京工业大学,2026,数学统计学与力学学院,应用统计,admitted_min,398.0,398.0,0.0,0.51,schoolMajorVO.repeatMinGrade,https://admin.jiuxianzai.cn/api/applet/home/index/schoolDetail/08214894121ecd7fd615f4583fe662d1,https://jiuxianzai.oss-cn-beijing.aliyuncs.com/kaoyan/2026/05/15/a5466fb7226d4a4f9ad8c7f720b17d50.png,2026-10-09T06:35:08.651441+00:00,mini_program_api_value_reconciled,secondary_structured,edce359caa4c2bc5,matched
北京工业大学,2026,数学统计学与力学学院,应用统计,admitted_count,13.0,13.0,0.0,0.01,schoolMajorVO.enterpersonVolunteerNum,https://admin.jiuxianzai.cn/api/applet/home/index/schoolDetail/08214894121ecd7fd615f4583fe662d1,https://jiuxianzai.oss-cn-beijing.aliyuncs.com/kaoyan/2026/05/15/a5466fb7226d4a4f9ad8c7f720b17d50.png,2026-10-09T06:35:08.651441+00:00,mini_program_api_value_reconciled,secondary_structured,edce359caa4c2bc5,matched
北京工业大学,2026,数学统计学与力学学院,应用统计,retest_count,16.0,16.0,0.0,0.01,schoolMajorVO.enterpersonRepeatNum,https://admin.jiuxianzai.cn/api/applet/home/index/schoolDetail/08214894121ecd7fd615f4583fe662d1,https://jiuxianzai.oss-cn-beijing.aliyuncs.com/kaoyan/2026/05/15/a5466fb7226d4a4f9ad8c7f720b17d50.png,2026-10-09T06:35:08.651441+00:00,mini_program_api_value_reconciled,secondary_structured,edce359caa4c2bc5,matched
北京师范大学,2022,统计学院（01方向）,应用统计,cutoff,400.0,400.0,0.0,0.51,schoolMajorVO.repeatGrade,https://admin.jiuxianzai.cn/api/applet/home/index/schoolDetail/300dbc29da0aeeb262577bf3a2f9c731,,2026-10-09T06:35:09.319313+00:00,mini_program_api_value_reconciled,secondary_structured,25aaba017cdd8e03,matched
北京师范大学,2023,统计学院（01方向）,应用统计,cutoff,390.0,390.0,0.0,0.51,schoolMajorVO.repeatGrade,https://admin.jiuxianzai.cn/api/applet/home/index/schoolDetail/300dbc29da0aeeb262577bf3a2f9c731,https://jiuxianzai.oss-cn-beijing.aliyuncs.com/kaoyan/2023/04/13/c966da2e0f794865a81111dffa0176c9.png,2026-10-09T06:35:09.319313+00:00,mini_program_api_value_reconciled,secondary_structured,25aaba017cdd8e03,matched
北京师范大学,2023,统计学院（01方向）,应用统计,admitted_min,390.0,390.0,0.0,0.51,schoolMajorVO.repeatMinGrade,https://admin.jiuxianzai.cn/api/applet/home/index/schoolDetail/300dbc29da0aeeb262577bf3a2f9c731,https://jiuxianzai.oss-cn-beijing.aliyuncs.com/kaoyan/2023/04/13/c966da2e0f794865a81111dffa0176c9.png,2026-10-09T06:35:09.319313+00:00,mini_program_api_value_reconciled,secondary_structured,25aaba017cdd8e03,matched
北京师范大学,2024,统计学院（01方向）,应用统计,cutoff,375.0,375.0,0.0,0.51,schoolMajorVO.repeatGrade,https://admin.jiuxianzai.cn/api/applet/home/index/schoolDetail/300dbc29da0aeeb262577bf3a2f9c731,https://jiuxianzai.oss-cn-beijing.aliyuncs.com/kaoyan/2024/04/08/f7cc1ab6102e45adbbd4f98c4e0d7e31.png,2026-10-09T06:35:09.319313+00:00,mini_program_api_value_reconciled,secondary_structured,25aaba017cdd8e03,matched
北京师范大学,2024,统计学院（01方向）,应用统计,admitted_min,375.0,375.0,0.0,0.51,schoolMajorVO.repeatMinGrade,https://admin.jiuxianzai.cn/api/applet/home/index/schoolDetail/300dbc29da0aeeb262577bf3a2f9c731,https://jiuxianzai.oss-cn-beijing.aliyuncs.com/kaoyan/2024/04/08/f7cc1ab6102e45adbbd4f98c4e0d7e31.png,2026-10-09T06:35:09.319313+00:00,mini_program_api_value_reconciled,secondary_structured,25aaba017cdd8e03,matched
北京师范大学,2025,统计学院（01方向）,应用统计,cutoff,345.0,345.0,0.0,0.51,schoolMajorVO.repeatGrade,https://admin.jiuxianzai.cn/api/applet/home/index/schoolDetail/300dbc29da0aeeb262577bf3a2f9c731,https://jiuxianzai.oss-cn-beijing.aliyuncs.com/kaoyan/2025/04/15/a897cd0d0f704a12b69324750bcb45f1.png,2026-10-09T06:35:09.319313+00:00,mini_program_api_value_reconciled,secondary_structured,25aaba017cdd8e03,matched
北京师范大学,2026,统计学院（01方向）,应用统计,cutoff,375.0,375.0,0.0,0.51,schoolMajorVO.repeatGrade,https://admin.jiuxianzai.cn/api/applet/home/index/schoolDetail/300dbc29da0aeeb262577bf3a2f9c731,https://jiuxianzai.oss-cn-beijing.aliyuncs.com/kaoyan/2026/05/14/5f70001df0764aceb34dea48a57a1c41.png,2026-10-09T06:35:09.319313+00:00,mini_program_api_value_reconciled,secondary_structured,25aaba017cdd8e03,matched
北京师范大学,2022,统计学院（02方向）,应用统计,cutoff,400.0,400.0,0.0,0.51,schoolMajorVO.repeatGrade,https://admin.jiuxianzai.cn/api/applet/home/index/schoolDetail/ea6250017d6f28cf5b2cdc731ace3e15,,2026-10-09T06:35:12.518801+00:00,mini_program_api_value_reconciled,secondary_structured,7eaac8b1448aecc3,matched
北京师范大学,2023,统计学院（02方向）,应用统计,cutoff,390.0,390.0,0.0,0.51,schoolMajorVO.repeatGrade,https://admin.jiuxianzai.cn/api/applet/home/index/schoolDetail/ea6250017d6f28cf5b2cdc731ace3e15,https://jiuxianzai.oss-cn-beijing.aliyuncs.com/kaoyan/2026/05/14/b2cee6aaca924bce9a7a04644a75e658.png,2026-10-09T06:35:12.518801+00:00,mini_program_api_value_reconciled,secondary_structured,7eaac8b1448aecc3,matched
北京师范大学,2023,统计学院（02方向）,应用统计,admitted_min,390.0,390.0,0.0,0.51,schoolMajorVO.repeatMinGrade,https://admin.jiuxianzai.cn/api/applet/home/index/schoolDetail/ea6250017d6f28cf5b2cdc731ace3e15,https://jiuxianzai.oss-cn-beijing.aliyuncs.com/kaoyan/2026/05/14/b2cee6aaca924bce9a7a04644a75e658.png,2026-10-09T06:35:12.518801+00:00,mini_program_api_value_reconciled,secondary_structured,7eaac8b1448aecc3,matched
北京师范大学,2024,统计学院（02方向）,应用统计,cutoff,375.0,375.0,0.0,0.51,schoolMajorVO.repeatGrade,https://admin.jiuxianzai.cn/api/applet/home/index/schoolDetail/ea6250017d6f28cf5b2cdc731ace3e15,https://jiuxianzai.oss-cn-beijing.aliyuncs.com/kaoyan/2024/05/29/aa2dd16d9b5f4283971264a2571644eb.png,2026-10-09T06:35:12.518801+00:00,mini_program_api_value_reconciled,secondary_structured,7eaac8b1448aecc3,matched
北京师范大学,2024,统计学院（02方向）,应用统计,admitted_min,375.0,375.0,0.0,0.51,schoolMajorVO.repeatMinGrade,https://admin.jiuxianzai.cn/api/applet/home/index/schoolDetail/ea6250017d6f28cf5b2cdc731ace3e15,https://jiuxianzai.oss-cn-beijing.aliyuncs.com/kaoyan/2024/05/29/aa2dd16d9b5f4283971264a2571644eb.png,2026-10-09T06:35:12.518801+00:00,mini_program_api_value_reconciled,secondary_structured,7eaac8b1448aecc3,matched
北京师范大学,2026,统计学院（02方向）,应用统计,cutoff,375.0,375.0,0.0,0.51,schoolMajorVO.repeatGrade,https://admin.jiuxianzai.cn/api/applet/home/index/schoolDetail/ea6250017d6f28cf5b2cdc731ace3e15,https://jiuxianzai.oss-cn-beijing.aliyuncs.com/kaoyan/2026/05/14/fbac512d63ff4517a120343d3aeb70ec.png,2026-10-09T06:35:12.518801+00:00,mini_program_api_value_reconciled,secondary_structured,7eaac8b1448aecc3,matched
北京师范大学,2022,统计学院（03方向）,应用统计,cutoff,400.0,400.0,0.0,0.51,schoolMajorVO.repeatGrade,https://admin.jiuxianzai.cn/api/applet/home/index/schoolDetail/4de5e4b6113e5803bba81a94daba700d,,2026-10-09T06:35:09.926649+00:00,mini_program_api_value_reconciled,secondary_structured,e8dc629c81b4475b,matched
北京师范大学,2023,统计学院（03方向）,应用统计,cutoff,390.0,390.0,0.0,0.51,schoolMajorVO.repeatGrade,https://admin.jiuxianzai.cn/api/applet/home/index/schoolDetail/4de5e4b6113e5803bba81a94daba700d,https://jiuxianzai.oss-cn-beijing.aliyuncs.com/kaoyan/2026/05/14/bdfb41d76323430eab7a91b1aedf66e5.png,2026-10-09T06:35:09.926649+00:00,mini_program_api_value_reconciled,secondary_structured,e8dc629c81b4475b,matched
北京师范大学,2023,统计学院（03方向）,应用统计,admitted_min,390.0,390.0,0.0,0.51,schoolMajorVO.repeatMinGrade,https://admin.jiuxianzai.cn/api/applet/home/index/schoolDetail/4de5e4b6113e5803bba81a94daba700d,https://jiuxianzai.oss-cn-beijing.aliyuncs.com/kaoyan/2026/05/14/bdfb41d76323430eab7a91b1aedf66e5.png,2026-10-09T06:35:09.926649+00:00,mini_program_api_value_reconciled,secondary_structured,e8dc629c81b4475b,matched
北京师范大学,2024,统计学院（03方向）,应用统计,cutoff,375.0,375.0,0.0,0.51,schoolMajorVO.repeatGrade,https://admin.jiuxianzai.cn/api/applet/home/index/schoolDetail/4de5e4b6113e5803bba81a94daba700d,https://jiuxianzai.oss-cn-beijing.aliyuncs.com/kaoyan/2024/05/29/f337fccaafb64815b73f7f181f937611.png,2026-10-09T06:35:09.926649+00:00,mini_program_api_value_reconciled,secondary_structured,e8dc629c81b4475b,matched
北京师范大学,2025,统计学院（03方向）,应用统计,cutoff,345.0,345.0,0.0,0.51,schoolMajorVO.repeatGrade,https://admin.jiuxianzai.cn/api/applet/home/index/schoolDetail/4de5e4b6113e5803bba81a94daba700d,https://jiuxianzai.oss-cn-beijing.aliyuncs.com/kaoyan/2025/04/07/02d49fc1f02f4b628430b471cc46b7a0.png,2026-10-09T06:35:09.926649+00:00,mini_program_api_value_reconciled,secondary_structured,e8dc629c81b4475b,matched
北京师范大学,2025,统计学院（03方向）,应用统计,admitted_min,345.0,345.0,0.0,0.51,schoolMajorVO.repeatMinGrade,https://admin.jiuxianzai.cn/api/applet/home/index/schoolDetail/4de5e4b6113e5803bba81a94daba700d,https://jiuxianzai.oss-cn-beijing.aliyuncs.com/kaoyan/2025/04/07/02d49fc1f02f4b628430b471cc46b7a0.png,2026-10-09T06:35:09.926649+00:00,mini_program_api_value_reconciled,secondary_structured,e8dc629c81b4475b,matched
北京师范大学,2026,统计学院（03方向）,应用统计,cutoff,375.0,375.0,0.0,0.51,schoolMajorVO.repeatGrade,https://admin.jiuxianzai.cn/api/applet/home/index/schoolDetail/4de5e4b6113e5803bba81a94daba700d,https://jiuxianzai.oss-cn-beijing.aliyuncs.com/kaoyan/2026/05/14/cecca8345102488897b5d786f34b7fee.png,2026-10-09T06:35:09.926649+00:00,mini_program_api_value_reconciled,secondary_structured,e8dc629c81b4475b,matched
北京师范大学,2026,统计学院（03方向）,应用统计,admitted_min,375.0,375.0,0.0,0.51,schoolMajorVO.repeatMinGrade,https://admin.jiuxianzai.cn/api/applet/home/index/schoolDetail/4de5e4b6113e5803bba81a94daba700d,https://jiuxianzai.oss-cn-beijing.aliyuncs.com/kaoyan/2026/05/14/cecca8345102488897b5d786f34b7fee.png,2026-10-09T06:35:09.926649+00:00,mini_program_api_value_reconciled,secondary_structured,e8dc629c81b4475b,matched
北京林业大学,2022,经济管理学院,应用统计,cutoff,369.0,369.0,0.0,0.51,schoolMajorVO.repeatGrade,https://admin.jiuxianzai.cn/api/applet/home/index/schoolDetail/50150d0aadfdaa3758db009ae69c3521,https://jiuxianzai.oss-cn-beijing.aliyuncs.com/kaoyan/2022/05/05/1187617b7516484ab0d2c5b84f9c2740.png,2026-10-09T06:35:09.997441+00:00,mini_program_api_value_reconciled,secondary_structured,2dc25f93a30dee71,matched
北京林业大学,2022,经济管理学院,应用统计,admitted_count,42.0,42.0,0.0,0.01,schoolMajorVO.enterpersonVolunteerNum,https://admin.jiuxianzai.cn/api/applet/home/index/schoolDetail/50150d0aadfdaa3758db009ae69c3521,https://jiuxianzai.oss-cn-beijing.aliyuncs.com/kaoyan/2022/05/05/1187617b7516484ab0d2c5b84f9c2740.png,2026-10-09T06:35:09.997441+00:00,mini_program_api_value_reconciled,secondary_structured,2dc25f93a30dee71,matched
北京林业大学,2022,经济管理学院,应用统计,retest_count,52.0,52.0,0.0,0.01,schoolMajorVO.enterpersonRepeatNum,https://admin.jiuxianzai.cn/api/applet/home/index/schoolDetail/50150d0aadfdaa3758db009ae69c3521,https://jiuxianzai.oss-cn-beijing.aliyuncs.com/kaoyan/2022/05/05/1187617b7516484ab0d2c5b84f9c2740.png,2026-10-09T06:35:09.997441+00:00,mini_program_api_value_reconciled,secondary_structured,2dc25f93a30dee71,matched
北京林业大学,2023,经济管理学院,应用统计,cutoff,375.0,375.0,0.0,0.51,schoolMajorVO.repeatGrade,https://admin.jiuxianzai.cn/api/applet/home/index/schoolDetail/50150d0aadfdaa3758db009ae69c3521,https://jiuxianzai.oss-cn-beijing.aliyuncs.com/kaoyan/2023/06/01/1866aab1ac124de89ae8ab3f7cc79fcb.png,2026-10-09T06:35:09.997441+00:00,mini_program_api_value_reconciled,secondary_structured,2dc25f93a30dee71,matched
北京林业大学,2023,经济管理学院,应用统计,admitted_min,375.0,375.0,0.0,0.51,schoolMajorVO.repeatMinGrade,https://admin.jiuxianzai.cn/api/applet/home/index/schoolDetail/50150d0aadfdaa3758db009ae69c3521,https://jiuxianzai.oss-cn-beijing.aliyuncs.com/kaoyan/2023/06/01/1866aab1ac124de89ae8ab3f7cc79fcb.png,2026-10-09T06:35:09.997441+00:00,mini_program_api_value_reconciled,secondary_structured,2dc25f93a30dee71,matched
北京林业大学,2023,经济管理学院,应用统计,admitted_count,35.0,35.0,0.0,0.01,schoolMajorVO.enterpersonVolunteerNum,https://admin.jiuxianzai.cn/api/applet/home/index/schoolDetail/50150d0aadfdaa3758db009ae69c3521,https://jiuxianzai.oss-cn-beijing.aliyuncs.com/kaoyan/2023/06/01/1866aab1ac124de89ae8ab3f7cc79fcb.png,2026-10-09T06:35:09.997441+00:00,mini_program_api_value_reconciled,secondary_structured,2dc25f93a30dee71,matched
北京林业大学,2023,经济管理学院,应用统计,retest_count,45.0,45.0,0.0,0.01,schoolMajorVO.enterpersonRepeatNum,https://admin.jiuxianzai.cn/api/applet/home/index/schoolDetail/50150d0aadfdaa3758db009ae69c3521,https://jiuxianzai.oss-cn-beijing.aliyuncs.com/kaoyan/2023/06/01/1866aab1ac124de89ae8ab3f7cc79fcb.png,2026-10-09T06:35:09.997441+00:00,mini_program_api_value_reconciled,secondary_structured,2dc25f93a30dee71,matched
北京林业大学,2024,经济管理学院,应用统计,admitted_min,365.0,365.0,0.0,0.51,schoolMajorVO.repeatMinGrade,https://admin.jiuxianzai.cn/api/applet/home/index/schoolDetail/50150d0aadfdaa3758db009ae69c3521,https://jiuxianzai.oss-cn-beijing.aliyuncs.com/kaoyan/2024/05/19/5a7b55cae73a4971bf0f91515708ef77.png,2026-10-09T06:35:09.997441+00:00,mini_program_api_value_reconciled,secondary_structured,2dc25f93a30dee71,matched
北京林业大学,2024,经济管理学院,应用统计,admitted_count,32.0,32.0,0.0,0.01,schoolMajorVO.enterpersonVolunteerNum,https://admin.jiuxianzai.cn/api/applet/home/index/schoolDetail/50150d0aadfdaa3758db009ae69c3521,https://jiuxianzai.oss-cn-beijing.aliyuncs.com/kaoyan/2024/05/19/5a7b55cae73a4971bf0f91515708ef77.png,2026-10-09T06:35:09.997441+00:00,mini_program_api_value_reconciled,secondary_structured,2dc25f93a30dee71,matched
北京林业大学,2024,经济管理学院,应用统计,retest_count,39.0,39.0,0.0,0.01,schoolMajorVO.enterpersonRepeatNum,https://admin.jiuxianzai.cn/api/applet/home/index/schoolDetail/50150d0aadfdaa3758db009ae69c3521,https://jiuxianzai.oss-cn-beijing.aliyuncs.com/kaoyan/2024/05/19/5a7b55cae73a4971bf0f91515708ef77.png,2026-10-09T06:35:09.997441+00:00,mini_program_api_value_reconciled,secondary_structured,2dc25f93a30dee71,matched
北京林业大学,2025,经济管理学院,应用统计,admitted_min,338.0,338.0,0.0,0.51,schoolMajorVO.repeatMinGrade,https://admin.jiuxianzai.cn/api/applet/home/index/schoolDetail/50150d0aadfdaa3758db009ae69c3521,https://jiuxianzai.oss-cn-beijing.aliyuncs.com/kaoyan/2025/06/04/fe2659bd3628493584599c25afc4dd17.png,2026-10-09T06:35:09.997441+00:00,mini_program_api_value_reconciled,secondary_structured,2dc25f93a30dee71,matched
北京林业大学,2025,经济管理学院,应用统计,admitted_count,34.0,34.0,0.0,0.01,schoolMajorVO.enterpersonVolunteerNum,https://admin.jiuxianzai.cn/api/applet/home/index/schoolDetail/50150d0aadfdaa3758db009ae69c3521,https://jiuxianzai.oss-cn-beijing.aliyuncs.com/kaoyan/2025/06/04/fe2659bd3628493584599c25afc4dd17.png,2026-10-09T06:35:09.997441+00:00,mini_program_api_value_reconciled,secondary_structured,2dc25f93a30dee71,matched
北京林业大学,2025,经济管理学院,应用统计,retest_count,42.0,42.0,0.0,0.01,schoolMajorVO.enterpersonRepeatNum,https://admin.jiuxianzai.cn/api/applet/home/index/schoolDetail/50150d0aadfdaa3758db009ae69c3521,https://jiuxianzai.oss-cn-beijing.aliyuncs.com/kaoyan/2025/06/04/fe2659bd3628493584599c25afc4dd17.png,2026-10-09T06:35:09.997441+00:00,mini_program_api_value_reconciled,secondary_structured,2dc25f93a30dee71,matched
北京林业大学,2026,经济管理学院,应用统计,admitted_min,353.0,353.0,0.0,0.51,schoolMajorVO.repeatMinGrade,https://admin.jiuxianzai.cn/api/applet/home/index/schoolDetail/50150d0aadfdaa3758db009ae69c3521,https://jiuxianzai.oss-cn-beijing.aliyuncs.com/kaoyan/2026/05/15/01e65f7cd26f4845ace98d6e77e9c11e.png,2026-10-09T06:35:09.997441+00:00,mini_program_api_value_reconciled,secondary_structured,2dc25f93a30dee71,matched
北京林业大学,2026,经济管理学院,应用统计,admitted_count,33.0,33.0,0.0,0.01,schoolMajorVO.enterpersonVolunteerNum,https://admin.jiuxianzai.cn/api/applet/home/index/schoolDetail/50150d0aadfdaa3758db009ae69c3521,https://jiuxianzai.oss-cn-beijing.aliyuncs.com/kaoyan/2026/05/15/01e65f7cd26f4845ace98d6e77e9c11e.png,2026-10-09T06:35:09.997441+00:00,mini_program_api_value_reconciled,secondary_structured,2dc25f93a30dee71,matched
北京林业大学,2026,经济管理学院,应用统计,retest_count,41.0,41.0,0.0,0.01,schoolMajorVO.enterpersonRepeatNum,https://admin.jiuxianzai.cn/api/applet/home/index/schoolDetail/50150d0aadfdaa3758db009ae69c3521,https://jiuxianzai.oss-cn-beijing.aliyuncs.com/kaoyan/2026/05/15/01e65f7cd26f4845ace98d6e77e9c11e.png,2026-10-09T06:35:09.997441+00:00,mini_program_api_value_reconciled,secondary_structured,2dc25f93a30dee71,matched
华东师范大学,2022,统计学院,应用统计,cutoff,378.0,378.0,0.0,0.51,schoolMajorVO.repeatGrade,https://admin.jiuxianzai.cn/api/applet/home/index/schoolDetail/f11a1afe431281838693214490993dcf,https://jiuxianzai.oss-cn-beijing.aliyuncs.com/kaoyan/2023/12/20/4e148e6eab8043148a4814ab787f4f60.png,2026-10-09T06:35:12.716479+00:00,mini_program_api_value_reconciled,secondary_structured,9076538fae17c740,matched
华东师范大学,2022,统计学院,应用统计,admitted_count,45.0,45.0,0.0,0.01,schoolMajorVO.enterpersonVolunteerNum,https://admin.jiuxianzai.cn/api/applet/home/index/schoolDetail/f11a1afe431281838693214490993dcf,https://jiuxianzai.oss-cn-beijing.aliyuncs.com/kaoyan/2023/12/20/4e148e6eab8043148a4814ab787f4f60.png,2026-10-09T06:35:12.716479+00:00,mini_program_api_value_reconciled,secondary_structured,9076538fae17c740,matched
华东师范大学,2022,统计学院,应用统计,retest_count,50.0,50.0,0.0,0.01,schoolMajorVO.enterpersonRepeatNum,https://admin.jiuxianzai.cn/api/applet/home/index/schoolDetail/f11a1afe431281838693214490993dcf,https://jiuxianzai.oss-cn-beijing.aliyuncs.com/kaoyan/2023/12/20/4e148e6eab8043148a4814ab787f4f60.png,2026-10-09T06:35:12.716479+00:00,mini_program_api_value_reconciled,secondary_structured,9076538fae17c740,matched
华东师范大学,2023,统计学院,应用统计,cutoff,395.0,395.0,0.0,0.51,schoolMajorVO.repeatGrade,https://admin.jiuxianzai.cn/api/applet/home/index/schoolDetail/f11a1afe431281838693214490993dcf,https://jiuxianzai.oss-cn-beijing.aliyuncs.com/kaoyan/2023/12/20/02cbd8977d834734b8f06aef849a577e.png,2026-10-09T06:35:12.716479+00:00,mini_program_api_value_reconciled,secondary_structured,9076538fae17c740,matched
华东师范大学,2023,统计学院,应用统计,admitted_min,395.0,395.0,0.0,0.51,schoolMajorVO.repeatMinGrade,https://admin.jiuxianzai.cn/api/applet/home/index/schoolDetail/f11a1afe431281838693214490993dcf,https://jiuxianzai.oss-cn-beijing.aliyuncs.com/kaoyan/2023/12/20/02cbd8977d834734b8f06aef849a577e.png,2026-10-09T06:35:12.716479+00:00,mini_program_api_value_reconciled,secondary_structured,9076538fae17c740,matched
华东师范大学,2023,统计学院,应用统计,admitted_count,40.0,40.0,0.0,0.01,schoolMajorVO.enterpersonVolunteerNum,https://admin.jiuxianzai.cn/api/applet/home/index/schoolDetail/f11a1afe431281838693214490993dcf,https://jiuxianzai.oss-cn-beijing.aliyuncs.com/kaoyan/2023/12/20/02cbd8977d834734b8f06aef849a577e.png,2026-10-09T06:35:12.716479+00:00,mini_program_api_value_reconciled,secondary_structured,9076538fae17c740,matched
华东师范大学,2023,统计学院,应用统计,retest_count,44.0,44.0,0.0,0.01,schoolMajorVO.enterpersonRepeatNum,https://admin.jiuxianzai.cn/api/applet/home/index/schoolDetail/f11a1afe431281838693214490993dcf,https://jiuxianzai.oss-cn-beijing.aliyuncs.com/kaoyan/2023/12/20/02cbd8977d834734b8f06aef849a577e.png,2026-10-09T06:35:12.716479+00:00,mini_program_api_value_reconciled,secondary_structured,9076538fae17c740,matched
华东师范大学,2024,统计学院,应用统计,admitted_min,353.0,353.0,0.0,0.51,schoolMajorVO.repeatMinGrade,https://admin.jiuxianzai.cn/api/applet/home/index/schoolDetail/f11a1afe431281838693214490993dcf,https://jiuxianzai.oss-cn-beijing.aliyuncs.com/kaoyan/2024/05/08/21583573d37f4db1a876a8dd114f37b2.png,2026-10-09T06:35:12.716479+00:00,mini_program_api_value_reconciled,secondary_structured,9076538fae17c740,matched
华东师范大学,2024,统计学院,应用统计,admitted_count,68.0,68.0,0.0,0.01,schoolMajorVO.enterpersonVolunteerNum,https://admin.jiuxianzai.cn/api/applet/home/index/schoolDetail/f11a1afe431281838693214490993dcf,https://jiuxianzai.oss-cn-beijing.aliyuncs.com/kaoyan/2024/05/08/21583573d37f4db1a876a8dd114f37b2.png,2026-10-09T06:35:12.716479+00:00,mini_program_api_value_reconciled,secondary_structured,9076538fae17c740,matched
华东师范大学,2024,统计学院,应用统计,retest_count,82.0,82.0,0.0,0.01,schoolMajorVO.enterpersonRepeatNum,https://admin.jiuxianzai.cn/api/applet/home/index/schoolDetail/f11a1afe431281838693214490993dcf,https://jiuxianzai.oss-cn-beijing.aliyuncs.com/kaoyan/2024/05/08/21583573d37f4db1a876a8dd114f37b2.png,2026-10-09T06:35:12.716479+00:00,mini_program_api_value_reconciled,secondary_structured,9076538fae17c740,matched
华东师范大学,2025,统计学院,应用统计,admitted_min,360.0,360.0,0.0,0.51,schoolMajorVO.repeatMinGrade,https://admin.jiuxianzai.cn/api/applet/home/index/schoolDetail/f11a1afe431281838693214490993dcf,https://jiuxianzai.oss-cn-beijing.aliyuncs.com/kaoyan/2025/04/20/885b6946a4804d059dcbf86a9a262c49.png,2026-10-09T06:35:12.716479+00:00,mini_program_api_value_reconciled,secondary_structured,9076538fae17c740,matched
华东师范大学,2025,统计学院,应用统计,admitted_count,65.0,65.0,0.0,0.01,schoolMajorVO.enterpersonVolunteerNum,https://admin.jiuxianzai.cn/api/applet/home/index/schoolDetail/f11a1afe431281838693214490993dcf,https://jiuxianzai.oss-cn-beijing.aliyuncs.com/kaoyan/2025/04/20/885b6946a4804d059dcbf86a9a262c49.png,2026-10-09T06:35:12.716479+00:00,mini_program_api_value_reconciled,secondary_structured,9076538fae17c740,matched
华东师范大学,2025,统计学院,应用统计,retest_count,76.0,76.0,0.0,0.01,schoolMajorVO.enterpersonRepeatNum,https://admin.jiuxianzai.cn/api/applet/home/index/schoolDetail/f11a1afe431281838693214490993dcf,https://jiuxianzai.oss-cn-beijing.aliyuncs.com/kaoyan/2025/04/20/885b6946a4804d059dcbf86a9a262c49.png,2026-10-09T06:35:12.716479+00:00,mini_program_api_value_reconciled,secondary_structured,9076538fae17c740,matched
华东师范大学,2026,统计学院,应用统计,cutoff,392.0,392.0,0.0,0.51,schoolMajorVO.repeatGrade,https://admin.jiuxianzai.cn/api/applet/home/index/schoolDetail/f11a1afe431281838693214490993dcf,https://jiuxianzai.oss-cn-beijing.aliyuncs.com/kaoyan/2026/05/14/1aca6d9e31e341368d6514815a476373.png,2026-10-09T06:35:12.716479+00:00,mini_program_api_value_reconciled,secondary_structured,9076538fae17c740,matched
华东师范大学,2026,统计学院,应用统计,admitted_min,392.0,392.0,0.0,0.51,schoolMajorVO.repeatMinGrade,https://admin.jiuxianzai.cn/api/applet/home/index/schoolDetail/f11a1afe431281838693214490993dcf,https://jiuxianzai.oss-cn-beijing.aliyuncs.com/kaoyan/2026/05/14/1aca6d9e31e341368d6514815a476373.png,2026-10-09T06:35:12.716479+00:00,mini_program_api_value_reconciled,secondary_structured,9076538fae17c740,matched
华东师范大学,2026,统计学院,应用统计,admitted_count,62.0,62.0,0.0,0.01,schoolMajorVO.enterpersonVolunteerNum,https://admin.jiuxianzai.cn/api/applet/home/index/schoolDetail/f11a1afe431281838693214490993dcf,https://jiuxianzai.oss-cn-beijing.aliyuncs.com/kaoyan/2026/05/14/1aca6d9e31e341368d6514815a476373.png,2026-10-09T06:35:12.716479+00:00,mini_program_api_value_reconciled,secondary_structured,9076538fae17c740,matched
华东师范大学,2026,统计学院,应用统计,retest_count,72.0,72.0,0.0,0.01,schoolMajorVO.enterpersonRepeatNum,https://admin.jiuxianzai.cn/api/applet/home/index/schoolDetail/f11a1afe431281838693214490993dcf,https://jiuxianzai.oss-cn-beijing.aliyuncs.com/kaoyan/2026/05/14/1aca6d9e31e341368d6514815a476373.png,2026-10-09T06:35:12.716479+00:00,mini_program_api_value_reconciled,secondary_structured,9076538fae17c740,matched
华东理工大学,2025,数学学院,应用统计,admitted_min,328.0,328.0,0.0,0.51,schoolMajorVO.repeatMinGrade,https://admin.jiuxianzai.cn/api/applet/home/index/schoolDetail/cc2b50dd21eaca2ad3ccd55113c61f2d,https://jiuxianzai.oss-cn-beijing.aliyuncs.com/kaoyan/2025/04/07/9293c8bf7b364591aa57469f9ca85e7d.png,2026-10-09T06:35:11.907595+00:00,mini_program_api_value_reconciled,secondary_structured,ab075775cf7f2d31,matched
华东理工大学,2025,数学学院,应用统计,admitted_count,21.0,21.0,0.0,0.01,schoolMajorVO.enterpersonVolunteerNum,https://admin.jiuxianzai.cn/api/applet/home/index/schoolDetail/cc2b50dd21eaca2ad3ccd55113c61f2d,https://jiuxianzai.oss-cn-beijing.aliyuncs.com/kaoyan/2025/04/07/9293c8bf7b364591aa57469f9ca85e7d.png,2026-10-09T06:35:11.907595+00:00,mini_program_api_value_reconciled,secondary_structured,ab075775cf7f2d31,matched
华东理工大学,2025,数学学院,应用统计,retest_count,21.0,21.0,0.0,0.01,schoolMajorVO.enterpersonRepeatNum,https://admin.jiuxianzai.cn/api/applet/home/index/schoolDetail/cc2b50dd21eaca2ad3ccd55113c61f2d,https://jiuxianzai.oss-cn-beijing.aliyuncs.com/kaoyan/2025/04/07/9293c8bf7b364591aa57469f9ca85e7d.png,2026-10-09T06:35:11.907595+00:00,mini_program_api_value_reconciled,secondary_structured,ab075775cf7f2d31,matched
华东理工大学,2026,数学学院,应用统计,admitted_count,28.0,28.0,0.0,0.01,schoolMajorVO.enterpersonVolunteerNum,https://admin.jiuxianzai.cn/api/applet/home/index/schoolDetail/cc2b50dd21eaca2ad3ccd55113c61f2d,https://jiuxianzai.oss-cn-beijing.aliyuncs.com/kaoyan/2026/05/15/495468c21f6e4eefbe7cad6b969de506.png,2026-10-09T06:35:11.907595+00:00,mini_program_api_value_reconciled,secondary_structured,ab075775cf7f2d31,matched
华东理工大学,2026,数学学院,应用统计,retest_count,35.0,35.0,0.0,0.01,schoolMajorVO.enterpersonRepeatNum,https://admin.jiuxianzai.cn/api/applet/home/index/schoolDetail/cc2b50dd21eaca2ad3ccd55113c61f2d,https://jiuxianzai.oss-cn-beijing.aliyuncs.com/kaoyan/2026/05/15/495468c21f6e4eefbe7cad6b969de506.png,2026-10-09T06:35:11.907595+00:00,mini_program_api_value_reconciled,secondary_structured,ab075775cf7f2d31,matched
华中农业大学,2022,信息学院,应用统计,cutoff,365.0,365.0,0.0,0.51,schoolMajorVO.repeatGrade,https://admin.jiuxianzai.cn/api/applet/home/index/schoolDetail/88540866545179766343bb45cdac824b,https://jiuxianzai.oss-cn-beijing.aliyuncs.com/kaoyan/2022/04/18/107a9a544ff9466ab13209cb6545b470.png,2026-10-09T06:35:10.802281+00:00,mini_program_api_value_reconciled,secondary_structured,ae1ee96ef53554b8,matched
华中农业大学,2022,信息学院,应用统计,admitted_count,37.0,37.0,0.0,0.01,schoolMajorVO.enterpersonVolunteerNum,https://admin.jiuxianzai.cn/api/applet/home/index/schoolDetail/88540866545179766343bb45cdac824b,https://jiuxianzai.oss-cn-beijing.aliyuncs.com/kaoyan/2022/04/18/107a9a544ff9466ab13209cb6545b470.png,2026-10-09T06:35:10.802281+00:00,mini_program_api_value_reconciled,secondary_structured,ae1ee96ef53554b8,matched
华中农业大学,2022,信息学院,应用统计,retest_count,63.0,63.0,0.0,0.01,schoolMajorVO.enterpersonRepeatNum,https://admin.jiuxianzai.cn/api/applet/home/index/schoolDetail/88540866545179766343bb45cdac824b,https://jiuxianzai.oss-cn-beijing.aliyuncs.com/kaoyan/2022/04/18/107a9a544ff9466ab13209cb6545b470.png,2026-10-09T06:35:10.802281+00:00,mini_program_api_value_reconciled,secondary_structured,ae1ee96ef53554b8,matched
华中农业大学,2023,信息学院,应用统计,cutoff,346.0,346.0,0.0,0.51,schoolMajorVO.repeatGrade,https://admin.jiuxianzai.cn/api/applet/home/index/schoolDetail/88540866545179766343bb45cdac824b,https://jiuxianzai.oss-cn-beijing.aliyuncs.com/kaoyan/2023/05/11/747fe74eba434ea7b88e4035d1d2a86b.png,2026-10-09T06:35:10.802281+00:00,mini_program_api_value_reconciled,secondary_structured,ae1ee96ef53554b8,matched
华中农业大学,2023,信息学院,应用统计,admitted_min,346.0,346.0,0.0,0.51,schoolMajorVO.repeatMinGrade,https://admin.jiuxianzai.cn/api/applet/home/index/schoolDetail/88540866545179766343bb45cdac824b,https://jiuxianzai.oss-cn-beijing.aliyuncs.com/kaoyan/2023/05/11/747fe74eba434ea7b88e4035d1d2a86b.png,2026-10-09T06:35:10.802281+00:00,mini_program_api_value_reconciled,secondary_structured,ae1ee96ef53554b8,matched
华中农业大学,2023,信息学院,应用统计,admitted_count,27.0,27.0,0.0,0.01,schoolMajorVO.enterpersonVolunteerNum,https://admin.jiuxianzai.cn/api/applet/home/index/schoolDetail/88540866545179766343bb45cdac824b,https://jiuxianzai.oss-cn-beijing.aliyuncs.com/kaoyan/2023/05/11/747fe74eba434ea7b88e4035d1d2a86b.png,2026-10-09T06:35:10.802281+00:00,mini_program_api_value_reconciled,secondary_structured,ae1ee96ef53554b8,matched
华中农业大学,2023,信息学院,应用统计,retest_count,28.0,28.0,0.0,0.01,schoolMajorVO.enterpersonRepeatNum,https://admin.jiuxianzai.cn/api/applet/home/index/schoolDetail/88540866545179766343bb45cdac824b,https://jiuxianzai.oss-cn-beijing.aliyuncs.com/kaoyan/2023/05/11/747fe74eba434ea7b88e4035d1d2a86b.png,2026-10-09T06:35:10.802281+00:00,mini_program_api_value_reconciled,secondary_structured,ae1ee96ef53554b8,matched
华中农业大学,2024,信息学院,应用统计,admitted_min,371.0,371.0,0.0,0.51,schoolMajorVO.repeatMinGrade,https://admin.jiuxianzai.cn/api/applet/home/index/schoolDetail/88540866545179766343bb45cdac824b,https://jiuxianzai.oss-cn-beijing.aliyuncs.com/kaoyan/2024/05/01/6c3d5b89996f4e05814544e90363cc17.png,2026-10-09T06:35:10.802281+00:00,mini_program_api_value_reconciled,secondary_structured,ae1ee96ef53554b8,matched
华中农业大学,2024,信息学院,应用统计,admitted_count,16.0,16.0,0.0,0.01,schoolMajorVO.enterpersonVolunteerNum,https://admin.jiuxianzai.cn/api/applet/home/index/schoolDetail/88540866545179766343bb45cdac824b,https://jiuxianzai.oss-cn-beijing.aliyuncs.com/kaoyan/2024/05/01/6c3d5b89996f4e05814544e90363cc17.png,2026-10-09T06:35:10.802281+00:00,mini_program_api_value_reconciled,secondary_structured,ae1ee96ef53554b8,matched
华中农业大学,2024,信息学院,应用统计,retest_count,20.0,20.0,0.0,0.01,schoolMajorVO.enterpersonRepeatNum,https://admin.jiuxianzai.cn/api/applet/home/index/schoolDetail/88540866545179766343bb45cdac824b,https://jiuxianzai.oss-cn-beijing.aliyuncs.com/kaoyan/2024/05/01/6c3d5b89996f4e05814544e90363cc17.png,2026-10-09T06:35:10.802281+00:00,mini_program_api_value_reconciled,secondary_structured,ae1ee96ef53554b8,matched
华中农业大学,2025,信息学院,应用统计,admitted_min,367.0,367.0,0.0,0.51,schoolMajorVO.repeatMinGrade,https://admin.jiuxianzai.cn/api/applet/home/index/schoolDetail/88540866545179766343bb45cdac824b,https://jiuxianzai.oss-cn-beijing.aliyuncs.com/kaoyan/2025/04/07/06d741960da34f9daee557267dc73175.png,2026-10-09T06:35:10.802281+00:00,mini_program_api_value_reconciled,secondary_structured,ae1ee96ef53554b8,matched
华中农业大学,2025,信息学院,应用统计,admitted_count,12.0,12.0,0.0,0.01,schoolMajorVO.enterpersonVolunteerNum,https://admin.jiuxianzai.cn/api/applet/home/index/schoolDetail/88540866545179766343bb45cdac824b,https://jiuxianzai.oss-cn-beijing.aliyuncs.com/kaoyan/2025/04/07/06d741960da34f9daee557267dc73175.png,2026-10-09T06:35:10.802281+00:00,mini_program_api_value_reconciled,secondary_structured,ae1ee96ef53554b8,matched
华中农业大学,2025,信息学院,应用统计,retest_count,15.0,15.0,0.0,0.01,schoolMajorVO.enterpersonRepeatNum,https://admin.jiuxianzai.cn/api/applet/home/index/schoolDetail/88540866545179766343bb45cdac824b,https://jiuxianzai.oss-cn-beijing.aliyuncs.com/kaoyan/2025/04/07/06d741960da34f9daee557267dc73175.png,2026-10-09T06:35:10.802281+00:00,mini_program_api_value_reconciled,secondary_structured,ae1ee96ef53554b8,matched
华中农业大学,2026,信息学院,应用统计,admitted_min,326.0,326.0,0.0,0.51,schoolMajorVO.repeatMinGrade,https://admin.jiuxianzai.cn/api/applet/home/index/schoolDetail/88540866545179766343bb45cdac824b,https://jiuxianzai.oss-cn-beijing.aliyuncs.com/kaoyan/2026/05/15/c4b4a75aaa3b4256a3442738ab26b35c.png,2026-10-09T06:35:10.802281+00:00,mini_program_api_value_reconciled,secondary_structured,ae1ee96ef53554b8,matched
华中农业大学,2026,信息学院,应用统计,admitted_count,6.0,6.0,0.0,0.01,schoolMajorVO.enterpersonVolunteerNum,https://admin.jiuxianzai.cn/api/applet/home/index/schoolDetail/88540866545179766343bb45cdac824b,https://jiuxianzai.oss-cn-beijing.aliyuncs.com/kaoyan/2026/05/15/c4b4a75aaa3b4256a3442738ab26b35c.png,2026-10-09T06:35:10.802281+00:00,mini_program_api_value_reconciled,secondary_structured,ae1ee96ef53554b8,matched
华中农业大学,2026,信息学院,应用统计,retest_count,7.0,7.0,0.0,0.01,schoolMajorVO.enterpersonRepeatNum,https://admin.jiuxianzai.cn/api/applet/home/index/schoolDetail/88540866545179766343bb45cdac824b,https://jiuxianzai.oss-cn-beijing.aliyuncs.com/kaoyan/2026/05/15/c4b4a75aaa3b4256a3442738ab26b35c.png,2026-10-09T06:35:10.802281+00:00,mini_program_api_value_reconciled,secondary_structured,ae1ee96ef53554b8,matched
华中师范大学,2022,数学与统计学院,应用统计,cutoff,362.0,362.0,0.0,0.51,schoolMajorVO.repeatGrade,https://admin.jiuxianzai.cn/api/applet/home/index/schoolDetail/b1f6e61e91fe5877912103300d1d4d81,https://jiuxianzai.oss-cn-beijing.aliyuncs.com/kaoyan/2022/04/18/1fbe940a2cd04e3cb2ad63e1571604bd.png,2026-10-09T06:35:11.552049+00:00,mini_program_api_value_reconciled,secondary_structured,e5d8268936b9a5b8,matched
华中师范大学,2022,数学与统计学院,应用统计,admitted_count,26.0,26.0,0.0,0.01,schoolMajorVO.enterpersonVolunteerNum,https://admin.jiuxianzai.cn/api/applet/home/index/schoolDetail/b1f6e61e91fe5877912103300d1d4d81,https://jiuxianzai.oss-cn-beijing.aliyuncs.com/kaoyan/2022/04/18/1fbe940a2cd04e3cb2ad63e1571604bd.png,2026-10-09T06:35:11.552049+00:00,mini_program_api_value_reconciled,secondary_structured,e5d8268936b9a5b8,matched
华中师范大学,2022,数学与统计学院,应用统计,retest_count,32.0,32.0,0.0,0.01,schoolMajorVO.enterpersonRepeatNum,https://admin.jiuxianzai.cn/api/applet/home/index/schoolDetail/b1f6e61e91fe5877912103300d1d4d81,https://jiuxianzai.oss-cn-beijing.aliyuncs.com/kaoyan/2022/04/18/1fbe940a2cd04e3cb2ad63e1571604bd.png,2026-10-09T06:35:11.552049+00:00,mini_program_api_value_reconciled,secondary_structured,e5d8268936b9a5b8,matched
华中师范大学,2023,数学与统计学院,应用统计,cutoff,362.0,362.0,0.0,0.51,schoolMajorVO.repeatGrade,https://admin.jiuxianzai.cn/api/applet/home/index/schoolDetail/b1f6e61e91fe5877912103300d1d4d81,https://jiuxianzai.oss-cn-beijing.aliyuncs.com/kaoyan/2023/04/13/8936d0b4c32642f1a2ec0e227ebfe107.png,2026-10-09T06:35:11.552049+00:00,mini_program_api_value_reconciled,secondary_structured,e5d8268936b9a5b8,matched
华中师范大学,2023,数学与统计学院,应用统计,admitted_min,362.0,362.0,0.0,0.51,schoolMajorVO.repeatMinGrade,https://admin.jiuxianzai.cn/api/applet/home/index/schoolDetail/b1f6e61e91fe5877912103300d1d4d81,https://jiuxianzai.oss-cn-beijing.aliyuncs.com/kaoyan/2023/04/13/8936d0b4c32642f1a2ec0e227ebfe107.png,2026-10-09T06:35:11.552049+00:00,mini_program_api_value_reconciled,secondary_structured,e5d8268936b9a5b8,matched
华中师范大学,2023,数学与统计学院,应用统计,admitted_count,30.0,30.0,0.0,0.01,schoolMajorVO.enterpersonVolunteerNum,https://admin.jiuxianzai.cn/api/applet/home/index/schoolDetail/b1f6e61e91fe5877912103300d1d4d81,https://jiuxianzai.oss-cn-beijing.aliyuncs.com/kaoyan/2023/04/13/8936d0b4c32642f1a2ec0e227ebfe107.png,2026-10-09T06:35:11.552049+00:00,mini_program_api_value_reconciled,secondary_structured,e5d8268936b9a5b8,matched
华中师范大学,2023,数学与统计学院,应用统计,retest_count,38.0,38.0,0.0,0.01,schoolMajorVO.enterpersonRepeatNum,https://admin.jiuxianzai.cn/api/applet/home/index/schoolDetail/b1f6e61e91fe5877912103300d1d4d81,https://jiuxianzai.oss-cn-beijing.aliyuncs.com/kaoyan/2023/04/13/8936d0b4c32642f1a2ec0e227ebfe107.png,2026-10-09T06:35:11.552049+00:00,mini_program_api_value_reconciled,secondary_structured,e5d8268936b9a5b8,matched
华中师范大学,2024,数学与统计学院,应用统计,admitted_min,372.0,372.0,0.0,0.51,schoolMajorVO.repeatMinGrade,https://admin.jiuxianzai.cn/api/applet/home/index/schoolDetail/b1f6e61e91fe5877912103300d1d4d81,https://jiuxianzai.oss-cn-beijing.aliyuncs.com/kaoyan/2024/04/08/081d7c422c72477b9ce72ab662e0f856.png,2026-10-09T06:35:11.552049+00:00,mini_program_api_value_reconciled,secondary_structured,e5d8268936b9a5b8,matched
华中师范大学,2024,数学与统计学院,应用统计,admitted_count,32.0,32.0,0.0,0.01,schoolMajorVO.enterpersonVolunteerNum,https://admin.jiuxianzai.cn/api/applet/home/index/schoolDetail/b1f6e61e91fe5877912103300d1d4d81,https://jiuxianzai.oss-cn-beijing.aliyuncs.com/kaoyan/2024/04/08/081d7c422c72477b9ce72ab662e0f856.png,2026-10-09T06:35:11.552049+00:00,mini_program_api_value_reconciled,secondary_structured,e5d8268936b9a5b8,matched
华中师范大学,2024,数学与统计学院,应用统计,retest_count,41.0,41.0,0.0,0.01,schoolMajorVO.enterpersonRepeatNum,https://admin.jiuxianzai.cn/api/applet/home/index/schoolDetail/b1f6e61e91fe5877912103300d1d4d81,https://jiuxianzai.oss-cn-beijing.aliyuncs.com/kaoyan/2024/04/08/081d7c422c72477b9ce72ab662e0f856.png,2026-10-09T06:35:11.552049+00:00,mini_program_api_value_reconciled,secondary_structured,e5d8268936b9a5b8,matched
华中师范大学,2025,数学与统计学院,应用统计,admitted_min,361.0,361.0,0.0,0.51,schoolMajorVO.repeatMinGrade,https://admin.jiuxianzai.cn/api/applet/home/index/schoolDetail/b1f6e61e91fe5877912103300d1d4d81,https://jiuxianzai.oss-cn-beijing.aliyuncs.com/kaoyan/2025/04/07/5be090bf15d44feea6441bc3ed77e197.png,2026-10-09T06:35:11.552049+00:00,mini_program_api_value_reconciled,secondary_structured,e5d8268936b9a5b8,matched
华中师范大学,2025,数学与统计学院,应用统计,admitted_count,40.0,40.0,0.0,0.01,schoolMajorVO.enterpersonVolunteerNum,https://admin.jiuxianzai.cn/api/applet/home/index/schoolDetail/b1f6e61e91fe5877912103300d1d4d81,https://jiuxianzai.oss-cn-beijing.aliyuncs.com/kaoyan/2025/04/07/5be090bf15d44feea6441bc3ed77e197.png,2026-10-09T06:35:11.552049+00:00,mini_program_api_value_reconciled,secondary_structured,e5d8268936b9a5b8,matched
华中师范大学,2025,数学与统计学院,应用统计,retest_count,48.0,48.0,0.0,0.01,schoolMajorVO.enterpersonRepeatNum,https://admin.jiuxianzai.cn/api/applet/home/index/schoolDetail/b1f6e61e91fe5877912103300d1d4d81,https://jiuxianzai.oss-cn-beijing.aliyuncs.com/kaoyan/2025/04/07/5be090bf15d44feea6441bc3ed77e197.png,2026-10-09T06:35:11.552049+00:00,mini_program_api_value_reconciled,secondary_structured,e5d8268936b9a5b8,matched
华中师范大学,2026,数学与统计学院,应用统计,admitted_min,357.0,357.0,0.0,0.51,schoolMajorVO.repeatMinGrade,https://admin.jiuxianzai.cn/api/applet/home/index/schoolDetail/b1f6e61e91fe5877912103300d1d4d81,https://jiuxianzai.oss-cn-beijing.aliyuncs.com/kaoyan/2026/05/15/8aedf96925764ffeb35f485ba6098608.png,2026-10-09T06:35:11.552049+00:00,mini_program_api_value_reconciled,secondary_structured,e5d8268936b9a5b8,matched
华中师范大学,2026,数学与统计学院,应用统计,admitted_count,35.0,35.0,0.0,0.01,schoolMajorVO.enterpersonVolunteerNum,https://admin.jiuxianzai.cn/api/applet/home/index/schoolDetail/b1f6e61e91fe5877912103300d1d4d81,https://jiuxianzai.oss-cn-beijing.aliyuncs.com/kaoyan/2026/05/15/8aedf96925764ffeb35f485ba6098608.png,2026-10-09T06:35:11.552049+00:00,mini_program_api_value_reconciled,secondary_structured,e5d8268936b9a5b8,matched
华中师范大学,2026,数学与统计学院,应用统计,retest_count,42.0,42.0,0.0,0.01,schoolMajorVO.enterpersonRepeatNum,https://admin.jiuxianzai.cn/api/applet/home/index/schoolDetail/b1f6e61e91fe5877912103300d1d4d81,https://jiuxianzai.oss-cn-beijing.aliyuncs.com/kaoyan/2026/05/15/8aedf96925764ffeb35f485ba6098608.png,2026-10-09T06:35:11.552049+00:00,mini_program_api_value_reconciled,secondary_structured,e5d8268936b9a5b8,matched
华中科技大学,2022,数学与统计学院,应用统计,cutoff,375.0,375.0,0.0,0.51,schoolMajorVO.repeatGrade,https://admin.jiuxianzai.cn/api/applet/home/index/schoolDetail/c1e96541506f114e67db7328097dc137,https://jiuxianzai.oss-cn-beijing.aliyuncs.com/kaoyan/2022/04/17/4f94fa013549461da78b14673031b162.png,2026-10-09T06:35:11.815347+00:00,mini_program_api_value_reconciled,secondary_structured,908d6eabbb6c5684,matched
华中科技大学,2022,数学与统计学院,应用统计,admitted_count,14.0,14.0,0.0,0.01,schoolMajorVO.enterpersonVolunteerNum,https://admin.jiuxianzai.cn/api/applet/home/index/schoolDetail/c1e96541506f114e67db7328097dc137,https://jiuxianzai.oss-cn-beijing.aliyuncs.com/kaoyan/2022/04/17/4f94fa013549461da78b14673031b162.png,2026-10-09T06:35:11.815347+00:00,mini_program_api_value_reconciled,secondary_structured,908d6eabbb6c5684,matched
华中科技大学,2022,数学与统计学院,应用统计,retest_count,19.0,19.0,0.0,0.01,schoolMajorVO.enterpersonRepeatNum,https://admin.jiuxianzai.cn/api/applet/home/index/schoolDetail/c1e96541506f114e67db7328097dc137,https://jiuxianzai.oss-cn-beijing.aliyuncs.com/kaoyan/2022/04/17/4f94fa013549461da78b14673031b162.png,2026-10-09T06:35:11.815347+00:00,mini_program_api_value_reconciled,secondary_structured,908d6eabbb6c5684,matched
华中科技大学,2023,数学与统计学院,应用统计,cutoff,375.0,375.0,0.0,0.51,schoolMajorVO.repeatGrade,https://admin.jiuxianzai.cn/api/applet/home/index/schoolDetail/c1e96541506f114e67db7328097dc137,https://jiuxianzai.oss-cn-beijing.aliyuncs.com/kaoyan/2023/06/01/b3ce70233d9d4779a74f1e6b7b4d8ab2.png,2026-10-09T06:35:11.815347+00:00,mini_program_api_value_reconciled,secondary_structured,908d6eabbb6c5684,matched
华中科技大学,2023,数学与统计学院,应用统计,admitted_min,377.0,377.0,0.0,0.51,schoolMajorVO.repeatMinGrade,https://admin.jiuxianzai.cn/api/applet/home/index/schoolDetail/c1e96541506f114e67db7328097dc137,https://jiuxianzai.oss-cn-beijing.aliyuncs.com/kaoyan/2023/06/01/b3ce70233d9d4779a74f1e6b7b4d8ab2.png,2026-10-09T06:35:11.815347+00:00,mini_program_api_value_reconciled,secondary_structured,908d6eabbb6c5684,matched
华中科技大学,2023,数学与统计学院,应用统计,admitted_count,10.0,10.0,0.0,0.01,schoolMajorVO.enterpersonVolunteerNum,https://admin.jiuxianzai.cn/api/applet/home/index/schoolDetail/c1e96541506f114e67db7328097dc137,https://jiuxianzai.oss-cn-beijing.aliyuncs.com/kaoyan/2023/06/01/b3ce70233d9d4779a74f1e6b7b4d8ab2.png,2026-10-09T06:35:11.815347+00:00,mini_program_api_value_reconciled,secondary_structured,908d6eabbb6c5684,matched
华中科技大学,2023,数学与统计学院,应用统计,retest_count,13.0,13.0,0.0,0.01,schoolMajorVO.enterpersonRepeatNum,https://admin.jiuxianzai.cn/api/applet/home/index/schoolDetail/c1e96541506f114e67db7328097dc137,https://jiuxianzai.oss-cn-beijing.aliyuncs.com/kaoyan/2023/06/01/b3ce70233d9d4779a74f1e6b7b4d8ab2.png,2026-10-09T06:35:11.815347+00:00,mini_program_api_value_reconciled,secondary_structured,908d6eabbb6c5684,matched
华中科技大学,2024,数学与统计学院,应用统计,admitted_min,370.0,370.0,0.0,0.51,schoolMajorVO.repeatMinGrade,https://admin.jiuxianzai.cn/api/applet/home/index/schoolDetail/c1e96541506f114e67db7328097dc137,https://jiuxianzai.oss-cn-beijing.aliyuncs.com/kaoyan/2024/04/08/cdd2cdd0994f4a128c0b184c76250957.png,2026-10-09T06:35:11.815347+00:00,mini_program_api_value_reconciled,secondary_structured,908d6eabbb6c5684,matched
华中科技大学,2024,数学与统计学院,应用统计,admitted_count,25.0,25.0,0.0,0.01,schoolMajorVO.enterpersonVolunteerNum,https://admin.jiuxianzai.cn/api/applet/home/index/schoolDetail/c1e96541506f114e67db7328097dc137,https://jiuxianzai.oss-cn-beijing.aliyuncs.com/kaoyan/2024/04/08/cdd2cdd0994f4a128c0b184c76250957.png,2026-10-09T06:35:11.815347+00:00,mini_program_api_value_reconciled,secondary_structured,908d6eabbb6c5684,matched
华中科技大学,2024,数学与统计学院,应用统计,retest_count,35.0,35.0,0.0,0.01,schoolMajorVO.enterpersonRepeatNum,https://admin.jiuxianzai.cn/api/applet/home/index/schoolDetail/c1e96541506f114e67db7328097dc137,https://jiuxianzai.oss-cn-beijing.aliyuncs.com/kaoyan/2024/04/08/cdd2cdd0994f4a128c0b184c76250957.png,2026-10-09T06:35:11.815347+00:00,mini_program_api_value_reconciled,secondary_structured,908d6eabbb6c5684,matched
华中科技大学,2025,数学与统计学院,应用统计,cutoff,365.0,365.0,0.0,0.51,schoolMajorVO.repeatGrade,https://admin.jiuxianzai.cn/api/applet/home/index/schoolDetail/c1e96541506f114e67db7328097dc137,https://jiuxianzai.oss-cn-beijing.aliyuncs.com/kaoyan/2025/04/03/55129b2aaf0349f89b756967ff9e48ad.png,2026-10-09T06:35:11.815347+00:00,mini_program_api_value_reconciled,secondary_structured,908d6eabbb6c5684,matched
华中科技大学,2025,数学与统计学院,应用统计,admitted_min,366.0,366.0,0.0,0.51,schoolMajorVO.repeatMinGrade,https://admin.jiuxianzai.cn/api/applet/home/index/schoolDetail/c1e96541506f114e67db7328097dc137,https://jiuxianzai.oss-cn-beijing.aliyuncs.com/kaoyan/2025/04/03/55129b2aaf0349f89b756967ff9e48ad.png,2026-10-09T06:35:11.815347+00:00,mini_program_api_value_reconciled,secondary_structured,908d6eabbb6c5684,matched
华中科技大学,2025,数学与统计学院,应用统计,admitted_count,31.0,31.0,0.0,0.01,schoolMajorVO.enterpersonVolunteerNum,https://admin.jiuxianzai.cn/api/applet/home/index/schoolDetail/c1e96541506f114e67db7328097dc137,https://jiuxianzai.oss-cn-beijing.aliyuncs.com/kaoyan/2025/04/03/55129b2aaf0349f89b756967ff9e48ad.png,2026-10-09T06:35:11.815347+00:00,mini_program_api_value_reconciled,secondary_structured,908d6eabbb6c5684,matched
华中科技大学,2025,数学与统计学院,应用统计,retest_count,42.0,42.0,0.0,0.01,schoolMajorVO.enterpersonRepeatNum,https://admin.jiuxianzai.cn/api/applet/home/index/schoolDetail/c1e96541506f114e67db7328097dc137,https://jiuxianzai.oss-cn-beijing.aliyuncs.com/kaoyan/2025/04/03/55129b2aaf0349f89b756967ff9e48ad.png,2026-10-09T06:35:11.815347+00:00,mini_program_api_value_reconciled,secondary_structured,908d6eabbb6c5684,matched
华中科技大学,2026,数学与统计学院,应用统计,admitted_min,376.0,376.0,0.0,0.51,schoolMajorVO.repeatMinGrade,https://admin.jiuxianzai.cn/api/applet/home/index/schoolDetail/c1e96541506f114e67db7328097dc137,https://jiuxianzai.oss-cn-beijing.aliyuncs.com/kaoyan/2026/05/22/6b3b54fd1b97464284beddf7c60c802d.png,2026-10-09T06:35:11.815347+00:00,mini_program_api_value_reconciled,secondary_structured,908d6eabbb6c5684,matched
华中科技大学,2026,数学与统计学院,应用统计,admitted_count,29.0,29.0,0.0,0.01,schoolMajorVO.enterpersonVolunteerNum,https://admin.jiuxianzai.cn/api/applet/home/index/schoolDetail/c1e96541506f114e67db7328097dc137,https://jiuxianzai.oss-cn-beijing.aliyuncs.com/kaoyan/2026/05/22/6b3b54fd1b97464284beddf7c60c802d.png,2026-10-09T06:35:11.815347+00:00,mini_program_api_value_reconciled,secondary_structured,908d6eabbb6c5684,matched
华中科技大学,2026,数学与统计学院,应用统计,retest_count,34.0,34.0,0.0,0.01,schoolMajorVO.enterpersonRepeatNum,https://admin.jiuxianzai.cn/api/applet/home/index/schoolDetail/c1e96541506f114e67db7328097dc137,https://jiuxianzai.oss-cn-beijing.aliyuncs.com/kaoyan/2026/05/22/6b3b54fd1b97464284beddf7c60c802d.png,2026-10-09T06:35:11.815347+00:00,mini_program_api_value_reconciled,secondary_structured,908d6eabbb6c5684,matched
华北电力大学,2022,数理学院,应用统计,cutoff,360.0,360.0,0.0,0.51,schoolMajorVO.repeatGrade,https://admin.jiuxianzai.cn/api/applet/home/index/schoolDetail/13307756a9c5f293c189c4680e3b983e,https://jiuxianzai.oss-cn-beijing.aliyuncs.com/kaoyan/2022/05/05/8e915d3473414fd89ab486f9e439d211.png,2026-10-09T06:35:08.801998+00:00,mini_program_api_value_reconciled,secondary_structured,446a1acb10e2492f,matched
华北电力大学,2023,数理学院,应用统计,admitted_min,346.0,346.0,0.0,0.51,schoolMajorVO.repeatMinGrade,https://admin.jiuxianzai.cn/api/applet/home/index/schoolDetail/13307756a9c5f293c189c4680e3b983e,https://jiuxianzai.oss-cn-beijing.aliyuncs.com/kaoyan/2023/06/01/a90568539ebb4c67b5c8b11704009221.png,2026-10-09T06:35:08.801998+00:00,mini_program_api_value_reconciled,secondary_structured,446a1acb10e2492f,matched
华北电力大学,2024,数理学院,应用统计,cutoff,338.0,338.0,0.0,0.51,schoolMajorVO.repeatGrade,https://admin.jiuxianzai.cn/api/applet/home/index/schoolDetail/13307756a9c5f293c189c4680e3b983e,https://jiuxianzai.oss-cn-beijing.aliyuncs.com/kaoyan/2024/05/01/57218ecc7da2488bae715a5a57686822.png,2026-10-09T06:35:08.801998+00:00,mini_program_api_value_reconciled,secondary_structured,446a1acb10e2492f,matched
华北电力大学,2024,数理学院,应用统计,admitted_min,338.0,338.0,0.0,0.51,schoolMajorVO.repeatMinGrade,https://admin.jiuxianzai.cn/api/applet/home/index/schoolDetail/13307756a9c5f293c189c4680e3b983e,https://jiuxianzai.oss-cn-beijing.aliyuncs.com/kaoyan/2024/05/01/57218ecc7da2488bae715a5a57686822.png,2026-10-09T06:35:08.801998+00:00,mini_program_api_value_reconciled,secondary_structured,446a1acb10e2492f,matched
华北电力大学,2025,数理学院,应用统计,admitted_min,326.0,326.0,0.0,0.51,schoolMajorVO.repeatMinGrade,https://admin.jiuxianzai.cn/api/applet/home/index/schoolDetail/13307756a9c5f293c189c4680e3b983e,https://jiuxianzai.oss-cn-beijing.aliyuncs.com/kaoyan/2025/05/08/24e18fa495214836a8559ee5dc697620.png,2026-10-09T06:35:08.801998+00:00,mini_program_api_value_reconciled,secondary_structured,446a1acb10e2492f,matched
华北电力大学,2022,数理系,应用统计,cutoff,360.0,360.0,0.0,0.51,schoolMajorVO.repeatGrade,https://admin.jiuxianzai.cn/api/applet/home/index/schoolDetail/30e69a8facb6798aa95c67a1c83900c2,https://jiuxianzai.oss-cn-beijing.aliyuncs.com/kaoyan/2022/05/16/ce7634f0e5584f66914b1ac5691fd22b.png,2026-10-09T06:35:09.275222+00:00,mini_program_api_value_reconciled,secondary_structured,78f86d6428b6ac31,matched
华北电力大学,2022,数理系,应用统计,admitted_min,360.0,360.0,0.0,0.51,schoolMajorVO.repeatMinGrade,https://admin.jiuxianzai.cn/api/applet/home/index/schoolDetail/30e69a8facb6798aa95c67a1c83900c2,https://jiuxianzai.oss-cn-beijing.aliyuncs.com/kaoyan/2022/05/16/ce7634f0e5584f66914b1ac5691fd22b.png,2026-10-09T06:35:09.275222+00:00,mini_program_api_value_reconciled,secondary_structured,78f86d6428b6ac31,matched
华北电力大学,2023,数理系,应用统计,cutoff,349.0,349.0,0.0,0.51,schoolMajorVO.repeatGrade,https://admin.jiuxianzai.cn/api/applet/home/index/schoolDetail/30e69a8facb6798aa95c67a1c83900c2,https://jiuxianzai.oss-cn-beijing.aliyuncs.com/kaoyan/2023/06/01/b348540d63734303b4587a24f3a32e73.png,2026-10-09T06:35:09.275222+00:00,mini_program_api_value_reconciled,secondary_structured,78f86d6428b6ac31,matched
华北电力大学,2026,数理系,应用统计,admitted_min,372.0,372.0,0.0,0.51,schoolMajorVO.repeatMinGrade,https://admin.jiuxianzai.cn/api/applet/home/index/schoolDetail/30e69a8facb6798aa95c67a1c83900c2,https://jiuxianzai.oss-cn-beijing.aliyuncs.com/kaoyan/2026/05/15/98735ebcedcb4f4fbac7b0801faee479.png,2026-10-09T06:35:09.275222+00:00,mini_program_api_value_reconciled,secondary_structured,78f86d6428b6ac31,matched
华南师范大学,2023,心理学院,应用统计,cutoff,371.0,371.0,0.0,0.51,schoolMajorVO.repeatGrade,https://admin.jiuxianzai.cn/api/applet/home/index/schoolDetail/a2febbe104a80460a28e6a3a4172b085,https://jiuxianzai.oss-cn-beijing.aliyuncs.com/kaoyan/2023/06/01/d29759ad0d10466e845eb624680e83bb.png,2026-10-09T06:35:11.045373+00:00,mini_program_api_value_reconciled,secondary_structured,5f620b3e4b89a0f3,matched
华南师范大学,2024,心理学院,应用统计,admitted_min,340.0,340.0,0.0,0.51,schoolMajorVO.repeatMinGrade,https://admin.jiuxianzai.cn/api/applet/home/index/schoolDetail/a2febbe104a80460a28e6a3a4172b085,https://jiuxianzai.oss-cn-beijing.aliyuncs.com/kaoyan/2024/05/06/af3a71bfc18f49ba86820f2d017e9b34.png,2026-10-09T06:35:11.045373+00:00,mini_program_api_value_reconciled,secondary_structured,5f620b3e4b89a0f3,matched
华南师范大学,2025,心理学院,应用统计,admitted_min,330.0,330.0,0.0,0.51,schoolMajorVO.repeatMinGrade,https://admin.jiuxianzai.cn/api/applet/home/index/schoolDetail/a2febbe104a80460a28e6a3a4172b085,https://jiuxianzai.oss-cn-beijing.aliyuncs.com/kaoyan/2025/04/15/51e4ed41733c4d5b959fb9e6cec612bf.png,2026-10-09T06:35:11.045373+00:00,mini_program_api_value_reconciled,secondary_structured,5f620b3e4b89a0f3,matched
华南师范大学,2026,心理学院,应用统计,admitted_min,343.0,343.0,0.0,0.51,schoolMajorVO.repeatMinGrade,https://admin.jiuxianzai.cn/api/applet/home/index/schoolDetail/a2febbe104a80460a28e6a3a4172b085,https://jiuxianzai.oss-cn-beijing.aliyuncs.com/kaoyan/2026/05/15/21a655f4bfc9408f8ac8ffa1557bfd97.png,2026-10-09T06:35:11.045373+00:00,mini_program_api_value_reconciled,secondary_structured,5f620b3e4b89a0f3,matched
华南师范大学,2023,数学科学学院,应用统计,admitted_min,347.0,347.0,0.0,0.51,schoolMajorVO.repeatMinGrade,https://admin.jiuxianzai.cn/api/applet/home/index/schoolDetail/20a5e59472635a28a69ee08ec0a82cf5,https://jiuxianzai.oss-cn-beijing.aliyuncs.com/kaoyan/2023/06/01/0c63151865804fb393fb879dba642ca5.png,2026-10-09T06:35:08.982485+00:00,mini_program_api_value_reconciled,secondary_structured,9e2cdcf51097bd2f,matched
南京农业大学,2024,理学院,应用统计,admitted_min,404.0,404.0,0.0,0.51,schoolMajorVO.repeatMinGrade,https://admin.jiuxianzai.cn/api/applet/home/index/schoolDetail/92409f535f3f0472316ebdcce9011b20,https://jiuxianzai.oss-cn-beijing.aliyuncs.com/kaoyan/2024/04/09/e5231dd64f884aac9230a370f0f5d15d.png,2026-10-09T06:35:10.979549+00:00,mini_program_api_value_reconciled,secondary_structured,b507455ccc7b4f49,matched
南京农业大学,2024,理学院,应用统计,admitted_count,2.0,2.0,0.0,0.01,schoolMajorVO.enterpersonVolunteerNum,https://admin.jiuxianzai.cn/api/applet/home/index/schoolDetail/92409f535f3f0472316ebdcce9011b20,https://jiuxianzai.oss-cn-beijing.aliyuncs.com/kaoyan/2024/04/09/e5231dd64f884aac9230a370f0f5d15d.png,2026-10-09T06:35:10.979549+00:00,mini_program_api_value_reconciled,secondary_structured,b507455ccc7b4f49,matched
南京农业大学,2024,理学院,应用统计,retest_count,3.0,3.0,0.0,0.01,schoolMajorVO.enterpersonRepeatNum,https://admin.jiuxianzai.cn/api/applet/home/index/schoolDetail/92409f535f3f0472316ebdcce9011b20,https://jiuxianzai.oss-cn-beijing.aliyuncs.com/kaoyan/2024/04/09/e5231dd64f884aac9230a370f0f5d15d.png,2026-10-09T06:35:10.979549+00:00,mini_program_api_value_reconciled,secondary_structured,b507455ccc7b4f49,matched
南京农业大学,2026,理学院,应用统计,admitted_min,372.0,372.0,0.0,0.51,schoolMajorVO.repeatMinGrade,https://admin.jiuxianzai.cn/api/applet/home/index/schoolDetail/92409f535f3f0472316ebdcce9011b20,https://jiuxianzai.oss-cn-beijing.aliyuncs.com/kaoyan/2026/05/15/c89ff433e8b548d8bb845a7b608a0d2b.png,2026-10-09T06:35:10.979549+00:00,mini_program_api_value_reconciled,secondary_structured,b507455ccc7b4f49,matched
南京农业大学,2026,理学院,应用统计,admitted_count,4.0,4.0,0.0,0.01,schoolMajorVO.enterpersonVolunteerNum,https://admin.jiuxianzai.cn/api/applet/home/index/schoolDetail/92409f535f3f0472316ebdcce9011b20,https://jiuxianzai.oss-cn-beijing.aliyuncs.com/kaoyan/2026/05/15/c89ff433e8b548d8bb845a7b608a0d2b.png,2026-10-09T06:35:10.979549+00:00,mini_program_api_value_reconciled,secondary_structured,b507455ccc7b4f49,matched
南京农业大学,2026,理学院,应用统计,retest_count,4.0,4.0,0.0,0.01,schoolMajorVO.enterpersonRepeatNum,https://admin.jiuxianzai.cn/api/applet/home/index/schoolDetail/92409f535f3f0472316ebdcce9011b20,https://jiuxianzai.oss-cn-beijing.aliyuncs.com/kaoyan/2026/05/15/c89ff433e8b548d8bb845a7b608a0d2b.png,2026-10-09T06:35:10.979549+00:00,mini_program_api_value_reconciled,secondary_structured,b507455ccc7b4f49,matched
南京大学,2022,数学学院,应用统计,admitted_count,8.0,8.0,0.0,0.01,schoolMajorVO.enterpersonVolunteerNum,https://admin.jiuxianzai.cn/api/applet/home/index/schoolDetail/ee98dffe2eda32cac728d69d270870f9,https://jiuxianzai.oss-cn-beijing.aliyuncs.com/kaoyan/2024/05/28/0897623565fa41a3b0190e102bda8ee8.png,2026-10-09T06:35:12.651831+00:00,mini_program_api_value_reconciled,secondary_structured,33221efb3a8fbd06,matched
南京大学,2022,数学学院,应用统计,retest_count,10.0,10.0,0.0,0.01,schoolMajorVO.enterpersonRepeatNum,https://admin.jiuxianzai.cn/api/applet/home/index/schoolDetail/ee98dffe2eda32cac728d69d270870f9,https://jiuxianzai.oss-cn-beijing.aliyuncs.com/kaoyan/2024/05/28/0897623565fa41a3b0190e102bda8ee8.png,2026-10-09T06:35:12.651831+00:00,mini_program_api_value_reconciled,secondary_structured,33221efb3a8fbd06,matched
南京大学,2023,数学学院,应用统计,cutoff,370.0,370.0,0.0,0.51,schoolMajorVO.repeatGrade,https://admin.jiuxianzai.cn/api/applet/home/index/schoolDetail/ee98dffe2eda32cac728d69d270870f9,https://jiuxianzai.oss-cn-beijing.aliyuncs.com/kaoyan/2024/05/28/d44e30280b8a49ee98212d586aee1c65.png,2026-10-09T06:35:12.651831+00:00,mini_program_api_value_reconciled,secondary_structured,33221efb3a8fbd06,matched
南京大学,2023,数学学院,应用统计,admitted_min,370.0,370.0,0.0,0.51,schoolMajorVO.repeatMinGrade,https://admin.jiuxianzai.cn/api/applet/home/index/schoolDetail/ee98dffe2eda32cac728d69d270870f9,https://jiuxianzai.oss-cn-beijing.aliyuncs.com/kaoyan/2024/05/28/d44e30280b8a49ee98212d586aee1c65.png,2026-10-09T06:35:12.651831+00:00,mini_program_api_value_reconciled,secondary_structured,33221efb3a8fbd06,matched
南京大学,2023,数学学院,应用统计,admitted_count,5.0,5.0,0.0,0.01,schoolMajorVO.enterpersonVolunteerNum,https://admin.jiuxianzai.cn/api/applet/home/index/schoolDetail/ee98dffe2eda32cac728d69d270870f9,https://jiuxianzai.oss-cn-beijing.aliyuncs.com/kaoyan/2024/05/28/d44e30280b8a49ee98212d586aee1c65.png,2026-10-09T06:35:12.651831+00:00,mini_program_api_value_reconciled,secondary_structured,33221efb3a8fbd06,matched
南京大学,2023,数学学院,应用统计,retest_count,5.0,5.0,0.0,0.01,schoolMajorVO.enterpersonRepeatNum,https://admin.jiuxianzai.cn/api/applet/home/index/schoolDetail/ee98dffe2eda32cac728d69d270870f9,https://jiuxianzai.oss-cn-beijing.aliyuncs.com/kaoyan/2024/05/28/d44e30280b8a49ee98212d586aee1c65.png,2026-10-09T06:35:12.651831+00:00,mini_program_api_value_reconciled,secondary_structured,33221efb3a8fbd06,matched
南京大学,2024,数学学院,应用统计,admitted_min,388.0,388.0,0.0,0.51,schoolMajorVO.repeatMinGrade,https://admin.jiuxianzai.cn/api/applet/home/index/schoolDetail/ee98dffe2eda32cac728d69d270870f9,https://jiuxianzai.oss-cn-beijing.aliyuncs.com/kaoyan/2024/04/14/a47351585d3e40b590f082c5ebc74741.png,2026-10-09T06:35:12.651831+00:00,mini_program_api_value_reconciled,secondary_structured,33221efb3a8fbd06,matched
南京大学,2024,数学学院,应用统计,admitted_count,7.0,7.0,0.0,0.01,schoolMajorVO.enterpersonVolunteerNum,https://admin.jiuxianzai.cn/api/applet/home/index/schoolDetail/ee98dffe2eda32cac728d69d270870f9,https://jiuxianzai.oss-cn-beijing.aliyuncs.com/kaoyan/2024/04/14/a47351585d3e40b590f082c5ebc74741.png,2026-10-09T06:35:12.651831+00:00,mini_program_api_value_reconciled,secondary_structured,33221efb3a8fbd06,matched
南京大学,2024,数学学院,应用统计,retest_count,9.0,9.0,0.0,0.01,schoolMajorVO.enterpersonRepeatNum,https://admin.jiuxianzai.cn/api/applet/home/index/schoolDetail/ee98dffe2eda32cac728d69d270870f9,https://jiuxianzai.oss-cn-beijing.aliyuncs.com/kaoyan/2024/04/14/a47351585d3e40b590f082c5ebc74741.png,2026-10-09T06:35:12.651831+00:00,mini_program_api_value_reconciled,secondary_structured,33221efb3a8fbd06,matched
南京大学,2025,数学学院,应用统计,admitted_min,359.0,359.0,0.0,0.51,schoolMajorVO.repeatMinGrade,https://admin.jiuxianzai.cn/api/applet/home/index/schoolDetail/ee98dffe2eda32cac728d69d270870f9,https://jiuxianzai.oss-cn-beijing.aliyuncs.com/kaoyan/2025/04/20/52d4b020b43042609c22b16b78e1f57c.png,2026-10-09T06:35:12.651831+00:00,mini_program_api_value_reconciled,secondary_structured,33221efb3a8fbd06,matched
南京大学,2025,数学学院,应用统计,admitted_count,14.0,14.0,0.0,0.01,schoolMajorVO.enterpersonVolunteerNum,https://admin.jiuxianzai.cn/api/applet/home/index/schoolDetail/ee98dffe2eda32cac728d69d270870f9,https://jiuxianzai.oss-cn-beijing.aliyuncs.com/kaoyan/2025/04/20/52d4b020b43042609c22b16b78e1f57c.png,2026-10-09T06:35:12.651831+00:00,mini_program_api_value_reconciled,secondary_structured,33221efb3a8fbd06,matched
南京大学,2025,数学学院,应用统计,retest_count,17.0,17.0,0.0,0.01,schoolMajorVO.enterpersonRepeatNum,https://admin.jiuxianzai.cn/api/applet/home/index/schoolDetail/ee98dffe2eda32cac728d69d270870f9,https://jiuxianzai.oss-cn-beijing.aliyuncs.com/kaoyan/2025/04/20/52d4b020b43042609c22b16b78e1f57c.png,2026-10-09T06:35:12.651831+00:00,mini_program_api_value_reconciled,secondary_structured,33221efb3a8fbd06,matched
南京大学,2026,数学学院,应用统计,cutoff,406.0,406.0,0.0,0.51,schoolMajorVO.repeatGrade,https://admin.jiuxianzai.cn/api/applet/home/index/schoolDetail/ee98dffe2eda32cac728d69d270870f9,https://jiuxianzai.oss-cn-beijing.aliyuncs.com/kaoyan/2026/05/14/437591903b11459190d442b1403f841f.png,2026-10-09T06:35:12.651831+00:00,mini_program_api_value_reconciled,secondary_structured,33221efb3a8fbd06,matched
南京大学,2026,数学学院,应用统计,admitted_min,409.0,409.0,0.0,0.51,schoolMajorVO.repeatMinGrade,https://admin.jiuxianzai.cn/api/applet/home/index/schoolDetail/ee98dffe2eda32cac728d69d270870f9,https://jiuxianzai.oss-cn-beijing.aliyuncs.com/kaoyan/2026/05/14/437591903b11459190d442b1403f841f.png,2026-10-09T06:35:12.651831+00:00,mini_program_api_value_reconciled,secondary_structured,33221efb3a8fbd06,matched
南京大学,2026,数学学院,应用统计,admitted_count,11.0,11.0,0.0,0.01,schoolMajorVO.enterpersonVolunteerNum,https://admin.jiuxianzai.cn/api/applet/home/index/schoolDetail/ee98dffe2eda32cac728d69d270870f9,https://jiuxianzai.oss-cn-beijing.aliyuncs.com/kaoyan/2026/05/14/437591903b11459190d442b1403f841f.png,2026-10-09T06:35:12.651831+00:00,mini_program_api_value_reconciled,secondary_structured,33221efb3a8fbd06,matched
南京大学,2026,数学学院,应用统计,retest_count,14.0,14.0,0.0,0.01,schoolMajorVO.enterpersonRepeatNum,https://admin.jiuxianzai.cn/api/applet/home/index/schoolDetail/ee98dffe2eda32cac728d69d270870f9,https://jiuxianzai.oss-cn-beijing.aliyuncs.com/kaoyan/2026/05/14/437591903b11459190d442b1403f841f.png,2026-10-09T06:35:12.651831+00:00,mini_program_api_value_reconciled,secondary_structured,33221efb3a8fbd06,matched
南京师范大学,2022,数学科学学院,应用统计,cutoff,360.0,360.0,0.0,0.51,schoolMajorVO.repeatGrade,https://admin.jiuxianzai.cn/api/applet/home/index/schoolDetail/25a4d513677af09de4daadfae0914e1b,https://jiuxianzai.oss-cn-beijing.aliyuncs.com/kaoyan/2022/04/18/e43b21ec04734e2aa0253c97519a2eea.png,2026-10-09T06:35:09.006041+00:00,mini_program_api_value_reconciled,secondary_structured,26ff95feef7c97dc,matched
南京师范大学,2022,数学科学学院,应用统计,admitted_count,10.0,10.0,0.0,0.01,schoolMajorVO.enterpersonVolunteerNum,https://admin.jiuxianzai.cn/api/applet/home/index/schoolDetail/25a4d513677af09de4daadfae0914e1b,https://jiuxianzai.oss-cn-beijing.aliyuncs.com/kaoyan/2022/04/18/e43b21ec04734e2aa0253c97519a2eea.png,2026-10-09T06:35:09.006041+00:00,mini_program_api_value_reconciled,secondary_structured,26ff95feef7c97dc,matched
南京师范大学,2022,数学科学学院,应用统计,retest_count,13.0,13.0,0.0,0.01,schoolMajorVO.enterpersonRepeatNum,https://admin.jiuxianzai.cn/api/applet/home/index/schoolDetail/25a4d513677af09de4daadfae0914e1b,https://jiuxianzai.oss-cn-beijing.aliyuncs.com/kaoyan/2022/04/18/e43b21ec04734e2aa0253c97519a2eea.png,2026-10-09T06:35:09.006041+00:00,mini_program_api_value_reconciled,secondary_structured,26ff95feef7c97dc,matched
南京师范大学,2023,数学科学学院,应用统计,cutoff,367.0,367.0,0.0,0.51,schoolMajorVO.repeatGrade,https://admin.jiuxianzai.cn/api/applet/home/index/schoolDetail/25a4d513677af09de4daadfae0914e1b,https://jiuxianzai.oss-cn-beijing.aliyuncs.com/kaoyan/2023/04/13/0e544be907dc4de980d2cd70c5d4044b.png,2026-10-09T06:35:09.006041+00:00,mini_program_api_value_reconciled,secondary_structured,26ff95feef7c97dc,matched
南京师范大学,2023,数学科学学院,应用统计,admitted_min,372.0,372.0,0.0,0.51,schoolMajorVO.repeatMinGrade,https://admin.jiuxianzai.cn/api/applet/home/index/schoolDetail/25a4d513677af09de4daadfae0914e1b,https://jiuxianzai.oss-cn-beijing.aliyuncs.com/kaoyan/2023/04/13/0e544be907dc4de980d2cd70c5d4044b.png,2026-10-09T06:35:09.006041+00:00,mini_program_api_value_reconciled,secondary_structured,26ff95feef7c97dc,matched
南京师范大学,2023,数学科学学院,应用统计,admitted_count,9.0,9.0,0.0,0.01,schoolMajorVO.enterpersonVolunteerNum,https://admin.jiuxianzai.cn/api/applet/home/index/schoolDetail/25a4d513677af09de4daadfae0914e1b,https://jiuxianzai.oss-cn-beijing.aliyuncs.com/kaoyan/2023/04/13/0e544be907dc4de980d2cd70c5d4044b.png,2026-10-09T06:35:09.006041+00:00,mini_program_api_value_reconciled,secondary_structured,26ff95feef7c97dc,matched
南京师范大学,2023,数学科学学院,应用统计,retest_count,14.0,14.0,0.0,0.01,schoolMajorVO.enterpersonRepeatNum,https://admin.jiuxianzai.cn/api/applet/home/index/schoolDetail/25a4d513677af09de4daadfae0914e1b,https://jiuxianzai.oss-cn-beijing.aliyuncs.com/kaoyan/2023/04/13/0e544be907dc4de980d2cd70c5d4044b.png,2026-10-09T06:35:09.006041+00:00,mini_program_api_value_reconciled,secondary_structured,26ff95feef7c97dc,matched
南京师范大学,2024,数学科学学院,应用统计,admitted_min,381.0,381.0,0.0,0.51,schoolMajorVO.repeatMinGrade,https://admin.jiuxianzai.cn/api/applet/home/index/schoolDetail/25a4d513677af09de4daadfae0914e1b,https://jiuxianzai.oss-cn-beijing.aliyuncs.com/kaoyan/2024/04/14/0bf77b5e91a94f58aed20bb4338913a4.png,2026-10-09T06:35:09.006041+00:00,mini_program_api_value_reconciled,secondary_structured,26ff95feef7c97dc,matched
南京师范大学,2024,数学科学学院,应用统计,admitted_count,9.0,9.0,0.0,0.01,schoolMajorVO.enterpersonVolunteerNum,https://admin.jiuxianzai.cn/api/applet/home/index/schoolDetail/25a4d513677af09de4daadfae0914e1b,https://jiuxianzai.oss-cn-beijing.aliyuncs.com/kaoyan/2024/04/14/0bf77b5e91a94f58aed20bb4338913a4.png,2026-10-09T06:35:09.006041+00:00,mini_program_api_value_reconciled,secondary_structured,26ff95feef7c97dc,matched
南京师范大学,2024,数学科学学院,应用统计,retest_count,14.0,14.0,0.0,0.01,schoolMajorVO.enterpersonRepeatNum,https://admin.jiuxianzai.cn/api/applet/home/index/schoolDetail/25a4d513677af09de4daadfae0914e1b,https://jiuxianzai.oss-cn-beijing.aliyuncs.com/kaoyan/2024/04/14/0bf77b5e91a94f58aed20bb4338913a4.png,2026-10-09T06:35:09.006041+00:00,mini_program_api_value_reconciled,secondary_structured,26ff95feef7c97dc,matched
南京师范大学,2025,数学科学学院,应用统计,admitted_min,364.0,364.0,0.0,0.51,schoolMajorVO.repeatMinGrade,https://admin.jiuxianzai.cn/api/applet/home/index/schoolDetail/25a4d513677af09de4daadfae0914e1b,https://jiuxianzai.oss-cn-beijing.aliyuncs.com/kaoyan/2025/04/15/874755a1dd93485abff682720b64daa0.png,2026-10-09T06:35:09.006041+00:00,mini_program_api_value_reconciled,secondary_structured,26ff95feef7c97dc,matched
南京师范大学,2025,数学科学学院,应用统计,admitted_count,9.0,9.0,0.0,0.01,schoolMajorVO.enterpersonVolunteerNum,https://admin.jiuxianzai.cn/api/applet/home/index/schoolDetail/25a4d513677af09de4daadfae0914e1b,https://jiuxianzai.oss-cn-beijing.aliyuncs.com/kaoyan/2025/04/15/874755a1dd93485abff682720b64daa0.png,2026-10-09T06:35:09.006041+00:00,mini_program_api_value_reconciled,secondary_structured,26ff95feef7c97dc,matched
南京师范大学,2025,数学科学学院,应用统计,retest_count,14.0,14.0,0.0,0.01,schoolMajorVO.enterpersonRepeatNum,https://admin.jiuxianzai.cn/api/applet/home/index/schoolDetail/25a4d513677af09de4daadfae0914e1b,https://jiuxianzai.oss-cn-beijing.aliyuncs.com/kaoyan/2025/04/15/874755a1dd93485abff682720b64daa0.png,2026-10-09T06:35:09.006041+00:00,mini_program_api_value_reconciled,secondary_structured,26ff95feef7c97dc,matched
南京师范大学,2026,数学科学学院,应用统计,admitted_min,355.0,355.0,0.0,0.51,schoolMajorVO.repeatMinGrade,https://admin.jiuxianzai.cn/api/applet/home/index/schoolDetail/25a4d513677af09de4daadfae0914e1b,https://jiuxianzai.oss-cn-beijing.aliyuncs.com/kaoyan/2026/05/15/f21ac85126ba414198fcdee6d9f75f9d.png,2026-10-09T06:35:09.006041+00:00,mini_program_api_value_reconciled,secondary_structured,26ff95feef7c97dc,matched
南京师范大学,2026,数学科学学院,应用统计,admitted_count,14.0,14.0,0.0,0.01,schoolMajorVO.enterpersonVolunteerNum,https://admin.jiuxianzai.cn/api/applet/home/index/schoolDetail/25a4d513677af09de4daadfae0914e1b,https://jiuxianzai.oss-cn-beijing.aliyuncs.com/kaoyan/2026/05/15/f21ac85126ba414198fcdee6d9f75f9d.png,2026-10-09T06:35:09.006041+00:00,mini_program_api_value_reconciled,secondary_structured,26ff95feef7c97dc,matched
南京师范大学,2026,数学科学学院,应用统计,retest_count,22.0,22.0,0.0,0.01,schoolMajorVO.enterpersonRepeatNum,https://admin.jiuxianzai.cn/api/applet/home/index/schoolDetail/25a4d513677af09de4daadfae0914e1b,https://jiuxianzai.oss-cn-beijing.aliyuncs.com/kaoyan/2026/05/15/f21ac85126ba414198fcdee6d9f75f9d.png,2026-10-09T06:35:09.006041+00:00,mini_program_api_value_reconciled,secondary_structured,26ff95feef7c97dc,matched
南京理工大学,2025,数学与统计学院,应用统计,admitted_min,344.0,344.0,0.0,0.51,schoolMajorVO.repeatMinGrade,https://admin.jiuxianzai.cn/api/applet/home/index/schoolDetail/ae931260258484511d053532c733784f,https://jiuxianzai.oss-cn-beijing.aliyuncs.com/kaoyan/2025/04/07/4f68528b4a514ab597012731b8f12540.png,2026-10-09T06:35:11.432888+00:00,mini_program_api_value_reconciled,secondary_structured,177b6d9fee0bddbd,matched
南京理工大学,2025,数学与统计学院,应用统计,admitted_count,7.0,7.0,0.0,0.01,schoolMajorVO.enterpersonVolunteerNum,https://admin.jiuxianzai.cn/api/applet/home/index/schoolDetail/ae931260258484511d053532c733784f,https://jiuxianzai.oss-cn-beijing.aliyuncs.com/kaoyan/2025/04/07/4f68528b4a514ab597012731b8f12540.png,2026-10-09T06:35:11.432888+00:00,mini_program_api_value_reconciled,secondary_structured,177b6d9fee0bddbd,matched
南京理工大学,2025,数学与统计学院,应用统计,retest_count,7.0,7.0,0.0,0.01,schoolMajorVO.enterpersonRepeatNum,https://admin.jiuxianzai.cn/api/applet/home/index/schoolDetail/ae931260258484511d053532c733784f,https://jiuxianzai.oss-cn-beijing.aliyuncs.com/kaoyan/2025/04/07/4f68528b4a514ab597012731b8f12540.png,2026-10-09T06:35:11.432888+00:00,mini_program_api_value_reconciled,secondary_structured,177b6d9fee0bddbd,matched
南京理工大学,2026,数学与统计学院,应用统计,admitted_min,375.0,375.0,0.0,0.51,schoolMajorVO.repeatMinGrade,https://admin.jiuxianzai.cn/api/applet/home/index/schoolDetail/ae931260258484511d053532c733784f,https://jiuxianzai.oss-cn-beijing.aliyuncs.com/kaoyan/2026/05/15/92525064c0d046f09a20b71e3302cfa3.png,2026-10-09T06:35:11.432888+00:00,mini_program_api_value_reconciled,secondary_structured,177b6d9fee0bddbd,matched
南京理工大学,2026,数学与统计学院,应用统计,admitted_count,15.0,15.0,0.0,0.01,schoolMajorVO.enterpersonVolunteerNum,https://admin.jiuxianzai.cn/api/applet/home/index/schoolDetail/ae931260258484511d053532c733784f,https://jiuxianzai.oss-cn-beijing.aliyuncs.com/kaoyan/2026/05/15/92525064c0d046f09a20b71e3302cfa3.png,2026-10-09T06:35:11.432888+00:00,mini_program_api_value_reconciled,secondary_structured,177b6d9fee0bddbd,matched
南京理工大学,2026,数学与统计学院,应用统计,retest_count,21.0,21.0,0.0,0.01,schoolMajorVO.enterpersonRepeatNum,https://admin.jiuxianzai.cn/api/applet/home/index/schoolDetail/ae931260258484511d053532c733784f,https://jiuxianzai.oss-cn-beijing.aliyuncs.com/kaoyan/2026/05/15/92525064c0d046f09a20b71e3302cfa3.png,2026-10-09T06:35:11.432888+00:00,mini_program_api_value_reconciled,secondary_structured,177b6d9fee0bddbd,matched
南京航空航天大学,2025,数学学院,应用统计,admitted_min,358.0,358.0,0.0,0.51,schoolMajorVO.repeatMinGrade,https://admin.jiuxianzai.cn/api/applet/home/index/schoolDetail/2b58f55deece68282b844fa2fac2392c,https://jiuxianzai.oss-cn-beijing.aliyuncs.com/kaoyan/2025/04/09/70c3c6ab593e4fec8891bf027977b8ae.png,2026-10-09T06:35:09.127868+00:00,mini_program_api_value_reconciled,secondary_structured,7aa34ad662efd211,matched
南京航空航天大学,2025,数学学院,应用统计,admitted_count,19.0,19.0,0.0,0.01,schoolMajorVO.enterpersonVolunteerNum,https://admin.jiuxianzai.cn/api/applet/home/index/schoolDetail/2b58f55deece68282b844fa2fac2392c,https://jiuxianzai.oss-cn-beijing.aliyuncs.com/kaoyan/2025/04/09/70c3c6ab593e4fec8891bf027977b8ae.png,2026-10-09T06:35:09.127868+00:00,mini_program_api_value_reconciled,secondary_structured,7aa34ad662efd211,matched
南京航空航天大学,2025,数学学院,应用统计,retest_count,28.0,28.0,0.0,0.01,schoolMajorVO.enterpersonRepeatNum,https://admin.jiuxianzai.cn/api/applet/home/index/schoolDetail/2b58f55deece68282b844fa2fac2392c,https://jiuxianzai.oss-cn-beijing.aliyuncs.com/kaoyan/2025/04/09/70c3c6ab593e4fec8891bf027977b8ae.png,2026-10-09T06:35:09.127868+00:00,mini_program_api_value_reconciled,secondary_structured,7aa34ad662efd211,matched
南京航空航天大学,2026,数学学院,应用统计,admitted_min,395.0,395.0,0.0,0.51,schoolMajorVO.repeatMinGrade,https://admin.jiuxianzai.cn/api/applet/home/index/schoolDetail/2b58f55deece68282b844fa2fac2392c,https://jiuxianzai.oss-cn-beijing.aliyuncs.com/kaoyan/2026/05/15/fc3539f85ef94f4091bca6192151dab1.png,2026-10-09T06:35:09.127868+00:00,mini_program_api_value_reconciled,secondary_structured,7aa34ad662efd211,matched
南京航空航天大学,2026,数学学院,应用统计,admitted_count,22.0,22.0,0.0,0.01,schoolMajorVO.enterpersonVolunteerNum,https://admin.jiuxianzai.cn/api/applet/home/index/schoolDetail/2b58f55deece68282b844fa2fac2392c,https://jiuxianzai.oss-cn-beijing.aliyuncs.com/kaoyan/2026/05/15/fc3539f85ef94f4091bca6192151dab1.png,2026-10-09T06:35:09.127868+00:00,mini_program_api_value_reconciled,secondary_structured,7aa34ad662efd211,matched
南京航空航天大学,2026,数学学院,应用统计,retest_count,35.0,35.0,0.0,0.01,schoolMajorVO.enterpersonRepeatNum,https://admin.jiuxianzai.cn/api/applet/home/index/schoolDetail/2b58f55deece68282b844fa2fac2392c,https://jiuxianzai.oss-cn-beijing.aliyuncs.com/kaoyan/2026/05/15/fc3539f85ef94f4091bca6192151dab1.png,2026-10-09T06:35:09.127868+00:00,mini_program_api_value_reconciled,secondary_structured,7aa34ad662efd211,matched
南昌大学,2023,经济管理学院,应用统计,cutoff,349.0,349.0,0.0,0.51,schoolMajorVO.repeatGrade,https://admin.jiuxianzai.cn/api/applet/home/index/schoolDetail/bb42e207bb8a2e53858470a27f5ad5da,https://jiuxianzai.oss-cn-beijing.aliyuncs.com/kaoyan/2023/06/01/b1d251e55d3e406a92b92977e7d59f9a.png,2026-10-09T06:35:11.643002+00:00,mini_program_api_value_reconciled,secondary_structured,f5dd2c861ff2cb92,matched
南昌大学,2023,经济管理学院,应用统计,admitted_min,349.0,349.0,0.0,0.51,schoolMajorVO.repeatMinGrade,https://admin.jiuxianzai.cn/api/applet/home/index/schoolDetail/bb42e207bb8a2e53858470a27f5ad5da,https://jiuxianzai.oss-cn-beijing.aliyuncs.com/kaoyan/2023/06/01/b1d251e55d3e406a92b92977e7d59f9a.png,2026-10-09T06:35:11.643002+00:00,mini_program_api_value_reconciled,secondary_structured,f5dd2c861ff2cb92,matched
南昌大学,2023,经济管理学院,应用统计,admitted_count,15.0,15.0,0.0,0.01,schoolMajorVO.enterpersonVolunteerNum,https://admin.jiuxianzai.cn/api/applet/home/index/schoolDetail/bb42e207bb8a2e53858470a27f5ad5da,https://jiuxianzai.oss-cn-beijing.aliyuncs.com/kaoyan/2023/06/01/b1d251e55d3e406a92b92977e7d59f9a.png,2026-10-09T06:35:11.643002+00:00,mini_program_api_value_reconciled,secondary_structured,f5dd2c861ff2cb92,matched
南昌大学,2023,经济管理学院,应用统计,retest_count,15.0,15.0,0.0,0.01,schoolMajorVO.enterpersonRepeatNum,https://admin.jiuxianzai.cn/api/applet/home/index/schoolDetail/bb42e207bb8a2e53858470a27f5ad5da,https://jiuxianzai.oss-cn-beijing.aliyuncs.com/kaoyan/2023/06/01/b1d251e55d3e406a92b92977e7d59f9a.png,2026-10-09T06:35:11.643002+00:00,mini_program_api_value_reconciled,secondary_structured,f5dd2c861ff2cb92,matched
南昌大学,2024,经济管理学院,应用统计,admitted_min,382.0,382.0,0.0,0.51,schoolMajorVO.repeatMinGrade,https://admin.jiuxianzai.cn/api/applet/home/index/schoolDetail/bb42e207bb8a2e53858470a27f5ad5da,https://jiuxianzai.oss-cn-beijing.aliyuncs.com/kaoyan/2024/05/06/05e1af75ec3842b585ae513c4c89f212.png,2026-10-09T06:35:11.643002+00:00,mini_program_api_value_reconciled,secondary_structured,f5dd2c861ff2cb92,matched
南昌大学,2024,经济管理学院,应用统计,admitted_count,24.0,24.0,0.0,0.01,schoolMajorVO.enterpersonVolunteerNum,https://admin.jiuxianzai.cn/api/applet/home/index/schoolDetail/bb42e207bb8a2e53858470a27f5ad5da,https://jiuxianzai.oss-cn-beijing.aliyuncs.com/kaoyan/2024/05/06/05e1af75ec3842b585ae513c4c89f212.png,2026-10-09T06:35:11.643002+00:00,mini_program_api_value_reconciled,secondary_structured,f5dd2c861ff2cb92,matched
南昌大学,2024,经济管理学院,应用统计,retest_count,30.0,30.0,0.0,0.01,schoolMajorVO.enterpersonRepeatNum,https://admin.jiuxianzai.cn/api/applet/home/index/schoolDetail/bb42e207bb8a2e53858470a27f5ad5da,https://jiuxianzai.oss-cn-beijing.aliyuncs.com/kaoyan/2024/05/06/05e1af75ec3842b585ae513c4c89f212.png,2026-10-09T06:35:11.643002+00:00,mini_program_api_value_reconciled,secondary_structured,f5dd2c861ff2cb92,matched
南昌大学,2025,经济管理学院,应用统计,admitted_min,352.0,352.0,0.0,0.51,schoolMajorVO.repeatMinGrade,https://admin.jiuxianzai.cn/api/applet/home/index/schoolDetail/bb42e207bb8a2e53858470a27f5ad5da,https://jiuxianzai.oss-cn-beijing.aliyuncs.com/kaoyan/2025/05/08/5bcdc54dcfa046d0856f1d4642880a3a.png,2026-10-09T06:35:11.643002+00:00,mini_program_api_value_reconciled,secondary_structured,f5dd2c861ff2cb92,matched
南昌大学,2025,经济管理学院,应用统计,admitted_count,35.0,35.0,0.0,0.01,schoolMajorVO.enterpersonVolunteerNum,https://admin.jiuxianzai.cn/api/applet/home/index/schoolDetail/bb42e207bb8a2e53858470a27f5ad5da,https://jiuxianzai.oss-cn-beijing.aliyuncs.com/kaoyan/2025/05/08/5bcdc54dcfa046d0856f1d4642880a3a.png,2026-10-09T06:35:11.643002+00:00,mini_program_api_value_reconciled,secondary_structured,f5dd2c861ff2cb92,matched
南昌大学,2025,经济管理学院,应用统计,retest_count,44.0,44.0,0.0,0.01,schoolMajorVO.enterpersonRepeatNum,https://admin.jiuxianzai.cn/api/applet/home/index/schoolDetail/bb42e207bb8a2e53858470a27f5ad5da,https://jiuxianzai.oss-cn-beijing.aliyuncs.com/kaoyan/2025/05/08/5bcdc54dcfa046d0856f1d4642880a3a.png,2026-10-09T06:35:11.643002+00:00,mini_program_api_value_reconciled,secondary_structured,f5dd2c861ff2cb92,matched
南昌大学,2026,经济管理学院,应用统计,admitted_min,378.0,378.0,0.0,0.51,schoolMajorVO.repeatMinGrade,https://admin.jiuxianzai.cn/api/applet/home/index/schoolDetail/bb42e207bb8a2e53858470a27f5ad5da,https://jiuxianzai.oss-cn-beijing.aliyuncs.com/kaoyan/2026/05/15/d4c0f695f05c408789cda8684d68bec2.png,2026-10-09T06:35:11.643002+00:00,mini_program_api_value_reconciled,secondary_structured,f5dd2c861ff2cb92,matched
南昌大学,2026,经济管理学院,应用统计,admitted_count,29.0,29.0,0.0,0.01,schoolMajorVO.enterpersonVolunteerNum,https://admin.jiuxianzai.cn/api/applet/home/index/schoolDetail/bb42e207bb8a2e53858470a27f5ad5da,https://jiuxianzai.oss-cn-beijing.aliyuncs.com/kaoyan/2026/05/15/d4c0f695f05c408789cda8684d68bec2.png,2026-10-09T06:35:11.643002+00:00,mini_program_api_value_reconciled,secondary_structured,f5dd2c861ff2cb92,matched
南昌大学,2026,经济管理学院,应用统计,retest_count,34.0,34.0,0.0,0.01,schoolMajorVO.enterpersonRepeatNum,https://admin.jiuxianzai.cn/api/applet/home/index/schoolDetail/bb42e207bb8a2e53858470a27f5ad5da,https://jiuxianzai.oss-cn-beijing.aliyuncs.com/kaoyan/2026/05/15/d4c0f695f05c408789cda8684d68bec2.png,2026-10-09T06:35:11.643002+00:00,mini_program_api_value_reconciled,secondary_structured,f5dd2c861ff2cb92,matched
厦门大学,2023,王亚南经济研究院,应用统计,admitted_min,362.0,362.0,0.0,0.51,schoolMajorVO.repeatMinGrade,https://admin.jiuxianzai.cn/api/applet/home/index/schoolDetail/331a930094fdde14ed239c3719efb92f,https://jiuxianzai.oss-cn-beijing.aliyuncs.com/kaoyan/2023/04/13/6886ee62d20c43198ffdc9ce88d8a92c.png,2026-10-09T06:35:09.512502+00:00,mini_program_api_value_reconciled,secondary_structured,ee909e576f2c14a2,matched
厦门大学,2025,王亚南经济研究院,应用统计,admitted_min,366.0,366.0,0.0,0.51,schoolMajorVO.repeatMinGrade,https://admin.jiuxianzai.cn/api/applet/home/index/schoolDetail/331a930094fdde14ed239c3719efb92f,https://jiuxianzai.oss-cn-beijing.aliyuncs.com/kaoyan/2025/04/07/631131c116384d0d8faa18f6271d3ca9.png,2026-10-09T06:35:09.512502+00:00,mini_program_api_value_reconciled,secondary_structured,ee909e576f2c14a2,matched
厦门大学,2023,统计学与数据科学系,应用统计,cutoff,360.0,360.0,0.0,0.51,schoolMajorVO.repeatGrade,https://admin.jiuxianzai.cn/api/applet/home/index/schoolDetail/dc429a8368db232074a6ecc990d24f28,https://jiuxianzai.oss-cn-beijing.aliyuncs.com/kaoyan/2023/04/13/e0e93c44384449dda6852616dd8eb6c6.png,2026-10-09T06:35:12.320340+00:00,mini_program_api_value_reconciled,secondary_structured,73326b1e6ae96cd8,matched
厦门大学,2024,统计学与数据科学系,应用统计,admitted_min,367.0,367.0,0.0,0.51,schoolMajorVO.repeatMinGrade,https://admin.jiuxianzai.cn/api/applet/home/index/schoolDetail/dc429a8368db232074a6ecc990d24f28,https://jiuxianzai.oss-cn-beijing.aliyuncs.com/kaoyan/2024/04/08/9efe668e04104acab09ccfd131ee0536.png,2026-10-09T06:35:12.320340+00:00,mini_program_api_value_reconciled,secondary_structured,73326b1e6ae96cd8,matched
厦门大学,2026,统计学与数据科学系,应用统计,admitted_min,400.0,400.0,0.0,0.51,schoolMajorVO.repeatMinGrade,https://admin.jiuxianzai.cn/api/applet/home/index/schoolDetail/dc429a8368db232074a6ecc990d24f28,https://jiuxianzai.oss-cn-beijing.aliyuncs.com/kaoyan/2026/05/14/80a2e940041d43d1a7a4f3885b38f55e.png,2026-10-09T06:35:12.320340+00:00,mini_program_api_value_reconciled,secondary_structured,73326b1e6ae96cd8,matched
厦门大学,2026,统计学与数据科学系,应用统计,admitted_count,50.0,50.0,0.0,0.01,schoolMajorVO.enterpersonVolunteerNum,https://admin.jiuxianzai.cn/api/applet/home/index/schoolDetail/dc429a8368db232074a6ecc990d24f28,https://jiuxianzai.oss-cn-beijing.aliyuncs.com/kaoyan/2026/05/14/80a2e940041d43d1a7a4f3885b38f55e.png,2026-10-09T06:35:12.320340+00:00,mini_program_api_value_reconciled,secondary_structured,73326b1e6ae96cd8,matched
厦门大学,2026,统计学与数据科学系,应用统计,retest_count,62.0,62.0,0.0,0.01,schoolMajorVO.enterpersonRepeatNum,https://admin.jiuxianzai.cn/api/applet/home/index/schoolDetail/dc429a8368db232074a6ecc990d24f28,https://jiuxianzai.oss-cn-beijing.aliyuncs.com/kaoyan/2026/05/14/80a2e940041d43d1a7a4f3885b38f55e.png,2026-10-09T06:35:12.320340+00:00,mini_program_api_value_reconciled,secondary_structured,73326b1e6ae96cd8,matched
吉林大学,2022,数学学院,应用统计,admitted_count,9.0,9.0,0.0,0.01,schoolMajorVO.enterpersonVolunteerNum,https://admin.jiuxianzai.cn/api/applet/home/index/schoolDetail/81d3842172005015b9d5a740cc5c7b5a,https://jiuxianzai.oss-cn-beijing.aliyuncs.com/kaoyan/2022/04/17/94f7f086458d43d0a4c52dd6f175919f.png,2026-10-09T06:35:10.716866+00:00,mini_program_api_value_reconciled,secondary_structured,7281236a7fcbef14,matched
吉林大学,2022,数学学院,应用统计,retest_count,9.0,9.0,0.0,0.01,schoolMajorVO.enterpersonRepeatNum,https://admin.jiuxianzai.cn/api/applet/home/index/schoolDetail/81d3842172005015b9d5a740cc5c7b5a,https://jiuxianzai.oss-cn-beijing.aliyuncs.com/kaoyan/2022/04/17/94f7f086458d43d0a4c52dd6f175919f.png,2026-10-09T06:35:10.716866+00:00,mini_program_api_value_reconciled,secondary_structured,7281236a7fcbef14,matched
吉林大学,2023,数学学院,应用统计,admitted_min,369.0,369.0,0.0,0.51,schoolMajorVO.repeatMinGrade,https://admin.jiuxianzai.cn/api/applet/home/index/schoolDetail/81d3842172005015b9d5a740cc5c7b5a,https://jiuxianzai.oss-cn-beijing.aliyuncs.com/kaoyan/2023/04/13/9ea12194863645b0a6ac59f82eab4ee7.png,2026-10-09T06:35:10.716866+00:00,mini_program_api_value_reconciled,secondary_structured,7281236a7fcbef14,matched
吉林大学,2023,数学学院,应用统计,admitted_count,10.0,10.0,0.0,0.01,schoolMajorVO.enterpersonVolunteerNum,https://admin.jiuxianzai.cn/api/applet/home/index/schoolDetail/81d3842172005015b9d5a740cc5c7b5a,https://jiuxianzai.oss-cn-beijing.aliyuncs.com/kaoyan/2023/04/13/9ea12194863645b0a6ac59f82eab4ee7.png,2026-10-09T06:35:10.716866+00:00,mini_program_api_value_reconciled,secondary_structured,7281236a7fcbef14,matched
吉林大学,2023,数学学院,应用统计,retest_count,10.0,10.0,0.0,0.01,schoolMajorVO.enterpersonRepeatNum,https://admin.jiuxianzai.cn/api/applet/home/index/schoolDetail/81d3842172005015b9d5a740cc5c7b5a,https://jiuxianzai.oss-cn-beijing.aliyuncs.com/kaoyan/2023/04/13/9ea12194863645b0a6ac59f82eab4ee7.png,2026-10-09T06:35:10.716866+00:00,mini_program_api_value_reconciled,secondary_structured,7281236a7fcbef14,matched
吉林大学,2024,数学学院,应用统计,admitted_min,409.0,409.0,0.0,0.51,schoolMajorVO.repeatMinGrade,https://admin.jiuxianzai.cn/api/applet/home/index/schoolDetail/81d3842172005015b9d5a740cc5c7b5a,https://jiuxianzai.oss-cn-beijing.aliyuncs.com/kaoyan/2024/04/14/8033e7be4c5941b587d0920e64079556.png,2026-10-09T06:35:10.716866+00:00,mini_program_api_value_reconciled,secondary_structured,7281236a7fcbef14,matched
吉林大学,2024,数学学院,应用统计,admitted_count,7.0,7.0,0.0,0.01,schoolMajorVO.enterpersonVolunteerNum,https://admin.jiuxianzai.cn/api/applet/home/index/schoolDetail/81d3842172005015b9d5a740cc5c7b5a,https://jiuxianzai.oss-cn-beijing.aliyuncs.com/kaoyan/2024/04/14/8033e7be4c5941b587d0920e64079556.png,2026-10-09T06:35:10.716866+00:00,mini_program_api_value_reconciled,secondary_structured,7281236a7fcbef14,matched
吉林大学,2024,数学学院,应用统计,retest_count,8.0,8.0,0.0,0.01,schoolMajorVO.enterpersonRepeatNum,https://admin.jiuxianzai.cn/api/applet/home/index/schoolDetail/81d3842172005015b9d5a740cc5c7b5a,https://jiuxianzai.oss-cn-beijing.aliyuncs.com/kaoyan/2024/04/14/8033e7be4c5941b587d0920e64079556.png,2026-10-09T06:35:10.716866+00:00,mini_program_api_value_reconciled,secondary_structured,7281236a7fcbef14,matched
吉林大学,2025,数学学院,应用统计,admitted_min,389.0,389.0,0.0,0.51,schoolMajorVO.repeatMinGrade,https://admin.jiuxianzai.cn/api/applet/home/index/schoolDetail/81d3842172005015b9d5a740cc5c7b5a,https://jiuxianzai.oss-cn-beijing.aliyuncs.com/kaoyan/2025/04/07/797eff3dc419452a9c5da21f594de181.png,2026-10-09T06:35:10.716866+00:00,mini_program_api_value_reconciled,secondary_structured,7281236a7fcbef14,matched
吉林大学,2025,数学学院,应用统计,admitted_count,8.0,8.0,0.0,0.01,schoolMajorVO.enterpersonVolunteerNum,https://admin.jiuxianzai.cn/api/applet/home/index/schoolDetail/81d3842172005015b9d5a740cc5c7b5a,https://jiuxianzai.oss-cn-beijing.aliyuncs.com/kaoyan/2025/04/07/797eff3dc419452a9c5da21f594de181.png,2026-10-09T06:35:10.716866+00:00,mini_program_api_value_reconciled,secondary_structured,7281236a7fcbef14,matched
吉林大学,2025,数学学院,应用统计,retest_count,8.0,8.0,0.0,0.01,schoolMajorVO.enterpersonRepeatNum,https://admin.jiuxianzai.cn/api/applet/home/index/schoolDetail/81d3842172005015b9d5a740cc5c7b5a,https://jiuxianzai.oss-cn-beijing.aliyuncs.com/kaoyan/2025/04/07/797eff3dc419452a9c5da21f594de181.png,2026-10-09T06:35:10.716866+00:00,mini_program_api_value_reconciled,secondary_structured,7281236a7fcbef14,matched
吉林大学,2026,数学学院,应用统计,admitted_min,390.0,390.0,0.0,0.51,schoolMajorVO.repeatMinGrade,https://admin.jiuxianzai.cn/api/applet/home/index/schoolDetail/81d3842172005015b9d5a740cc5c7b5a,https://jiuxianzai.oss-cn-beijing.aliyuncs.com/kaoyan/2026/05/14/bb2e4ecdadfe486db188cb4f994d1467.png,2026-10-09T06:35:10.716866+00:00,mini_program_api_value_reconciled,secondary_structured,7281236a7fcbef14,matched
吉林大学,2026,数学学院,应用统计,admitted_count,9.0,9.0,0.0,0.01,schoolMajorVO.enterpersonVolunteerNum,https://admin.jiuxianzai.cn/api/applet/home/index/schoolDetail/81d3842172005015b9d5a740cc5c7b5a,https://jiuxianzai.oss-cn-beijing.aliyuncs.com/kaoyan/2026/05/14/bb2e4ecdadfe486db188cb4f994d1467.png,2026-10-09T06:35:10.716866+00:00,mini_program_api_value_reconciled,secondary_structured,7281236a7fcbef14,matched
吉林大学,2026,数学学院,应用统计,retest_count,12.0,12.0,0.0,0.01,schoolMajorVO.enterpersonRepeatNum,https://admin.jiuxianzai.cn/api/applet/home/index/schoolDetail/81d3842172005015b9d5a740cc5c7b5a,https://jiuxianzai.oss-cn-beijing.aliyuncs.com/kaoyan/2026/05/14/bb2e4ecdadfe486db188cb4f994d1467.png,2026-10-09T06:35:10.716866+00:00,mini_program_api_value_reconciled,secondary_structured,7281236a7fcbef14,matched
同济大学,2025,数学科学学院,应用统计,admitted_min,386.0,386.0,0.0,0.51,schoolMajorVO.repeatMinGrade,https://admin.jiuxianzai.cn/api/applet/home/index/schoolDetail/9d0219b2df1e6de3dabed25b7cbbf267,https://jiuxianzai.oss-cn-beijing.aliyuncs.com/kaoyan/2025/05/10/d4efc20b73324042a4698a7ff1a71e69.png,2026-10-09T06:35:10.975541+00:00,mini_program_api_value_reconciled,secondary_structured,82b876ac07b965fb,matched
同济大学,2025,数学科学学院,应用统计,admitted_count,33.0,33.0,0.0,0.01,schoolMajorVO.enterpersonVolunteerNum,https://admin.jiuxianzai.cn/api/applet/home/index/schoolDetail/9d0219b2df1e6de3dabed25b7cbbf267,https://jiuxianzai.oss-cn-beijing.aliyuncs.com/kaoyan/2025/05/10/d4efc20b73324042a4698a7ff1a71e69.png,2026-10-09T06:35:10.975541+00:00,mini_program_api_value_reconciled,secondary_structured,82b876ac07b965fb,matched
同济大学,2025,数学科学学院,应用统计,retest_count,35.0,35.0,0.0,0.01,schoolMajorVO.enterpersonRepeatNum,https://admin.jiuxianzai.cn/api/applet/home/index/schoolDetail/9d0219b2df1e6de3dabed25b7cbbf267,https://jiuxianzai.oss-cn-beijing.aliyuncs.com/kaoyan/2025/05/10/d4efc20b73324042a4698a7ff1a71e69.png,2026-10-09T06:35:10.975541+00:00,mini_program_api_value_reconciled,secondary_structured,82b876ac07b965fb,matched
同济大学,2026,数学科学学院,应用统计,admitted_min,404.0,404.0,0.0,0.51,schoolMajorVO.repeatMinGrade,https://admin.jiuxianzai.cn/api/applet/home/index/schoolDetail/9d0219b2df1e6de3dabed25b7cbbf267,https://jiuxianzai.oss-cn-beijing.aliyuncs.com/kaoyan/2026/05/14/69b69861c23545d79c5c10aa6f39338c.png,2026-10-09T06:35:10.975541+00:00,mini_program_api_value_reconciled,secondary_structured,82b876ac07b965fb,matched
哈尔滨工业大学,2022,数学学院,应用统计,admitted_min,385.0,385.0,0.0,0.51,schoolMajorVO.repeatMinGrade,https://admin.jiuxianzai.cn/api/applet/home/index/schoolDetail/ac7907670ef7f7988197585cbbbe5f55,https://jiuxianzai.oss-cn-beijing.aliyuncs.com/kaoyan/2022/04/17/574a80a5bcaa40349979ec2fc76b620c.png,2026-10-09T06:35:11.429894+00:00,mini_program_api_value_reconciled,secondary_structured,295f953b02d49103,matched
哈尔滨工业大学,2022,数学学院,应用统计,admitted_count,27.0,27.0,0.0,0.01,schoolMajorVO.enterpersonVolunteerNum,https://admin.jiuxianzai.cn/api/applet/home/index/schoolDetail/ac7907670ef7f7988197585cbbbe5f55,https://jiuxianzai.oss-cn-beijing.aliyuncs.com/kaoyan/2022/04/17/574a80a5bcaa40349979ec2fc76b620c.png,2026-10-09T06:35:11.429894+00:00,mini_program_api_value_reconciled,secondary_structured,295f953b02d49103,matched
哈尔滨工业大学,2022,数学学院,应用统计,retest_count,35.0,35.0,0.0,0.01,schoolMajorVO.enterpersonRepeatNum,https://admin.jiuxianzai.cn/api/applet/home/index/schoolDetail/ac7907670ef7f7988197585cbbbe5f55,https://jiuxianzai.oss-cn-beijing.aliyuncs.com/kaoyan/2022/04/17/574a80a5bcaa40349979ec2fc76b620c.png,2026-10-09T06:35:11.429894+00:00,mini_program_api_value_reconciled,secondary_structured,295f953b02d49103,matched
哈尔滨工业大学,2023,数学学院,应用统计,admitted_min,386.0,386.0,0.0,0.51,schoolMajorVO.repeatMinGrade,https://admin.jiuxianzai.cn/api/applet/home/index/schoolDetail/ac7907670ef7f7988197585cbbbe5f55,https://jiuxianzai.oss-cn-beijing.aliyuncs.com/kaoyan/2023/04/13/597f1741c1fe449da42c67065c46bc52.png,2026-10-09T06:35:11.429894+00:00,mini_program_api_value_reconciled,secondary_structured,295f953b02d49103,matched
哈尔滨工业大学,2023,数学学院,应用统计,admitted_count,16.0,16.0,0.0,0.01,schoolMajorVO.enterpersonVolunteerNum,https://admin.jiuxianzai.cn/api/applet/home/index/schoolDetail/ac7907670ef7f7988197585cbbbe5f55,https://jiuxianzai.oss-cn-beijing.aliyuncs.com/kaoyan/2023/04/13/597f1741c1fe449da42c67065c46bc52.png,2026-10-09T06:35:11.429894+00:00,mini_program_api_value_reconciled,secondary_structured,295f953b02d49103,matched
哈尔滨工业大学,2023,数学学院,应用统计,retest_count,22.0,22.0,0.0,0.01,schoolMajorVO.enterpersonRepeatNum,https://admin.jiuxianzai.cn/api/applet/home/index/schoolDetail/ac7907670ef7f7988197585cbbbe5f55,https://jiuxianzai.oss-cn-beijing.aliyuncs.com/kaoyan/2023/04/13/597f1741c1fe449da42c67065c46bc52.png,2026-10-09T06:35:11.429894+00:00,mini_program_api_value_reconciled,secondary_structured,295f953b02d49103,matched
哈尔滨工业大学,2024,数学学院,应用统计,admitted_min,392.0,392.0,0.0,0.51,schoolMajorVO.repeatMinGrade,https://admin.jiuxianzai.cn/api/applet/home/index/schoolDetail/ac7907670ef7f7988197585cbbbe5f55,https://jiuxianzai.oss-cn-beijing.aliyuncs.com/kaoyan/2024/04/08/1bf92527bac449f186677fdd42ad6c8c.png,2026-10-09T06:35:11.429894+00:00,mini_program_api_value_reconciled,secondary_structured,295f953b02d49103,matched
哈尔滨工业大学,2024,数学学院,应用统计,admitted_count,19.0,19.0,0.0,0.01,schoolMajorVO.enterpersonVolunteerNum,https://admin.jiuxianzai.cn/api/applet/home/index/schoolDetail/ac7907670ef7f7988197585cbbbe5f55,https://jiuxianzai.oss-cn-beijing.aliyuncs.com/kaoyan/2024/04/08/1bf92527bac449f186677fdd42ad6c8c.png,2026-10-09T06:35:11.429894+00:00,mini_program_api_value_reconciled,secondary_structured,295f953b02d49103,matched
哈尔滨工业大学,2024,数学学院,应用统计,retest_count,23.0,23.0,0.0,0.01,schoolMajorVO.enterpersonRepeatNum,https://admin.jiuxianzai.cn/api/applet/home/index/schoolDetail/ac7907670ef7f7988197585cbbbe5f55,https://jiuxianzai.oss-cn-beijing.aliyuncs.com/kaoyan/2024/04/08/1bf92527bac449f186677fdd42ad6c8c.png,2026-10-09T06:35:11.429894+00:00,mini_program_api_value_reconciled,secondary_structured,295f953b02d49103,matched
哈尔滨工业大学,2025,数学学院,应用统计,admitted_min,352.0,352.0,0.0,0.51,schoolMajorVO.repeatMinGrade,https://admin.jiuxianzai.cn/api/applet/home/index/schoolDetail/ac7907670ef7f7988197585cbbbe5f55,https://jiuxianzai.oss-cn-beijing.aliyuncs.com/kaoyan/2025/04/04/16d988dc5a2f4988812e145822132d84.png,2026-10-09T06:35:11.429894+00:00,mini_program_api_value_reconciled,secondary_structured,295f953b02d49103,matched
哈尔滨工业大学,2025,数学学院,应用统计,admitted_count,21.0,21.0,0.0,0.01,schoolMajorVO.enterpersonVolunteerNum,https://admin.jiuxianzai.cn/api/applet/home/index/schoolDetail/ac7907670ef7f7988197585cbbbe5f55,https://jiuxianzai.oss-cn-beijing.aliyuncs.com/kaoyan/2025/04/04/16d988dc5a2f4988812e145822132d84.png,2026-10-09T06:35:11.429894+00:00,mini_program_api_value_reconciled,secondary_structured,295f953b02d49103,matched
哈尔滨工业大学,2025,数学学院,应用统计,retest_count,26.0,26.0,0.0,0.01,schoolMajorVO.enterpersonRepeatNum,https://admin.jiuxianzai.cn/api/applet/home/index/schoolDetail/ac7907670ef7f7988197585cbbbe5f55,https://jiuxianzai.oss-cn-beijing.aliyuncs.com/kaoyan/2025/04/04/16d988dc5a2f4988812e145822132d84.png,2026-10-09T06:35:11.429894+00:00,mini_program_api_value_reconciled,secondary_structured,295f953b02d49103,matched
哈尔滨工业大学,2026,数学学院,应用统计,admitted_min,371.0,371.0,0.0,0.51,schoolMajorVO.repeatMinGrade,https://admin.jiuxianzai.cn/api/applet/home/index/schoolDetail/ac7907670ef7f7988197585cbbbe5f55,https://jiuxianzai.oss-cn-beijing.aliyuncs.com/kaoyan/2026/05/14/92f69d1e6e5841cba0f12bd65b456812.png,2026-10-09T06:35:11.429894+00:00,mini_program_api_value_reconciled,secondary_structured,295f953b02d49103,matched
四川大学,2024,数学学院,应用统计,cutoff,370.0,370.0,0.0,0.51,schoolMajorVO.repeatGrade,https://admin.jiuxianzai.cn/api/applet/home/index/schoolDetail/e514582d975cddc4bd28e18724093d46,https://jiuxianzai.oss-cn-beijing.aliyuncs.com/kaoyan/2024/05/19/da9257afdffe4595981244682d25d7fb.png,2026-10-09T06:35:12.408838+00:00,mini_program_api_value_reconciled,secondary_structured,3af5ea44b431d500,matched
四川大学,2024,数学学院,应用统计,admitted_min,371.0,371.0,0.0,0.51,schoolMajorVO.repeatMinGrade,https://admin.jiuxianzai.cn/api/applet/home/index/schoolDetail/e514582d975cddc4bd28e18724093d46,https://jiuxianzai.oss-cn-beijing.aliyuncs.com/kaoyan/2024/05/19/da9257afdffe4595981244682d25d7fb.png,2026-10-09T06:35:12.408838+00:00,mini_program_api_value_reconciled,secondary_structured,3af5ea44b431d500,matched
四川大学,2025,数学学院,应用统计,admitted_min,366.0,366.0,0.0,0.51,schoolMajorVO.repeatMinGrade,https://admin.jiuxianzai.cn/api/applet/home/index/schoolDetail/e514582d975cddc4bd28e18724093d46,https://jiuxianzai.oss-cn-beijing.aliyuncs.com/kaoyan/2025/04/04/461d6083c47a4a10a2d1c902c5feae54.png,2026-10-09T06:35:12.408838+00:00,mini_program_api_value_reconciled,secondary_structured,3af5ea44b431d500,matched
四川大学,2026,数学学院,应用统计,admitted_min,385.0,385.0,0.0,0.51,schoolMajorVO.repeatMinGrade,https://admin.jiuxianzai.cn/api/applet/home/index/schoolDetail/e514582d975cddc4bd28e18724093d46,https://jiuxianzai.oss-cn-beijing.aliyuncs.com/kaoyan/2026/05/14/b26470a58b3b4d5385327ea94c17b097.png,2026-10-09T06:35:12.408838+00:00,mini_program_api_value_reconciled,secondary_structured,3af5ea44b431d500,matched
四川大学,2023,经济学院,应用统计,admitted_min,358.0,358.0,0.0,0.51,schoolMajorVO.repeatMinGrade,https://admin.jiuxianzai.cn/api/applet/home/index/schoolDetail/8c6b6c55149992b9a76b94d7ce738ca1,https://jiuxianzai.oss-cn-beijing.aliyuncs.com/kaoyan/2023/04/13/723e91f3a73e48e3ab4911692b75198d.png,2026-10-09T06:35:10.748868+00:00,mini_program_api_value_reconciled,secondary_structured,bf7e47b99254f691,matched
四川大学,2023,经济学院,应用统计,admitted_count,13.0,13.0,0.0,0.01,schoolMajorVO.enterpersonVolunteerNum,https://admin.jiuxianzai.cn/api/applet/home/index/schoolDetail/8c6b6c55149992b9a76b94d7ce738ca1,https://jiuxianzai.oss-cn-beijing.aliyuncs.com/kaoyan/2023/04/13/723e91f3a73e48e3ab4911692b75198d.png,2026-10-09T06:35:10.748868+00:00,mini_program_api_value_reconciled,secondary_structured,bf7e47b99254f691,matched
四川大学,2023,经济学院,应用统计,retest_count,18.0,18.0,0.0,0.01,schoolMajorVO.enterpersonRepeatNum,https://admin.jiuxianzai.cn/api/applet/home/index/schoolDetail/8c6b6c55149992b9a76b94d7ce738ca1,https://jiuxianzai.oss-cn-beijing.aliyuncs.com/kaoyan/2023/04/13/723e91f3a73e48e3ab4911692b75198d.png,2026-10-09T06:35:10.748868+00:00,mini_program_api_value_reconciled,secondary_structured,bf7e47b99254f691,matched
四川大学,2024,经济学院,应用统计,retest_count,19.0,19.0,0.0,0.01,schoolMajorVO.enterpersonRepeatNum,https://admin.jiuxianzai.cn/api/applet/home/index/schoolDetail/8c6b6c55149992b9a76b94d7ce738ca1,https://jiuxianzai.oss-cn-beijing.aliyuncs.com/kaoyan/2024/05/19/5225fdd1ae9445ac9cf33cb068b8616f.png,2026-10-09T06:35:10.748868+00:00,mini_program_api_value_reconciled,secondary_structured,bf7e47b99254f691,matched
四川大学,2025,经济学院,应用统计,retest_count,19.0,19.0,0.0,0.01,schoolMajorVO.enterpersonRepeatNum,https://admin.jiuxianzai.cn/api/applet/home/index/schoolDetail/8c6b6c55149992b9a76b94d7ce738ca1,https://jiuxianzai.oss-cn-beijing.aliyuncs.com/kaoyan/2025/04/04/c96789e409c64abab608abc89288f03e.png,2026-10-09T06:35:10.748868+00:00,mini_program_api_value_reconciled,secondary_structured,bf7e47b99254f691,matched
四川大学,2026,经济学院,应用统计,retest_count,18.0,18.0,0.0,0.01,schoolMajorVO.enterpersonRepeatNum,https://admin.jiuxianzai.cn/api/applet/home/index/schoolDetail/8c6b6c55149992b9a76b94d7ce738ca1,https://jiuxianzai.oss-cn-beijing.aliyuncs.com/kaoyan/2026/05/14/55407a0a14d947c9913baf5ea3f75152.png,2026-10-09T06:35:10.748868+00:00,mini_program_api_value_reconciled,secondary_structured,bf7e47b99254f691,matched
国防科技大学,2024,理学院,应用统计,cutoff,338.0,338.0,0.0,0.51,schoolMajorVO.repeatGrade,https://admin.jiuxianzai.cn/api/applet/home/index/schoolDetail/d0c418722a51b2fca15de22b27b1256f,,2026-10-09T06:35:11.925030+00:00,mini_program_api_value_reconciled,secondary_structured,9cdd1493c7e70259,matched
国防科技大学,2025,理学院,应用统计,cutoff,323.0,323.0,0.0,0.51,schoolMajorVO.repeatGrade,https://admin.jiuxianzai.cn/api/applet/home/index/schoolDetail/d0c418722a51b2fca15de22b27b1256f,,2026-10-09T06:35:11.925030+00:00,mini_program_api_value_reconciled,secondary_structured,9cdd1493c7e70259,matched
复旦大学,2022,上海数学中心,应用统计,cutoff,410.0,410.0,0.0,0.51,schoolMajorVO.repeatGrade,https://admin.jiuxianzai.cn/api/applet/home/index/schoolDetail/04666d5b128db218a90e39f747d03dfc,https://jiuxianzai.oss-cn-beijing.aliyuncs.com/kaoyan/2022/05/16/98717d25c09f418d86009f3ea3d3331e.png,2026-10-09T06:35:08.475478+00:00,mini_program_api_value_reconciled,secondary_structured,9477a58b27955dac,matched
复旦大学,2023,上海数学中心,应用统计,cutoff,395.0,395.0,0.0,0.51,schoolMajorVO.repeatGrade,https://admin.jiuxianzai.cn/api/applet/home/index/schoolDetail/04666d5b128db218a90e39f747d03dfc,https://jiuxianzai.oss-cn-beijing.aliyuncs.com/kaoyan/2023/06/01/44bec3cd9a2e4970a29c763836725201.png,2026-10-09T06:35:08.475478+00:00,mini_program_api_value_reconciled,secondary_structured,9477a58b27955dac,matched
复旦大学,2023,上海数学中心,应用统计,admitted_min,395.0,395.0,0.0,0.51,schoolMajorVO.repeatMinGrade,https://admin.jiuxianzai.cn/api/applet/home/index/schoolDetail/04666d5b128db218a90e39f747d03dfc,https://jiuxianzai.oss-cn-beijing.aliyuncs.com/kaoyan/2023/06/01/44bec3cd9a2e4970a29c763836725201.png,2026-10-09T06:35:08.475478+00:00,mini_program_api_value_reconciled,secondary_structured,9477a58b27955dac,matched
复旦大学,2024,上海数学中心,应用统计,admitted_min,396.0,396.0,0.0,0.51,schoolMajorVO.repeatMinGrade,https://admin.jiuxianzai.cn/api/applet/home/index/schoolDetail/04666d5b128db218a90e39f747d03dfc,https://jiuxianzai.oss-cn-beijing.aliyuncs.com/kaoyan/2024/05/08/27206583f1e04715b98587f9fe49b11d.png,2026-10-09T06:35:08.475478+00:00,mini_program_api_value_reconciled,secondary_structured,9477a58b27955dac,matched
复旦大学,2025,上海数学中心,应用统计,cutoff,345.0,345.0,0.0,0.51,schoolMajorVO.repeatGrade,https://admin.jiuxianzai.cn/api/applet/home/index/schoolDetail/04666d5b128db218a90e39f747d03dfc,https://jiuxianzai.oss-cn-beijing.aliyuncs.com/kaoyan/2025/04/24/3c1f8982814e418bbd6f56f6a2a4cd73.png,2026-10-09T06:35:08.475478+00:00,mini_program_api_value_reconciled,secondary_structured,9477a58b27955dac,matched
复旦大学,2025,上海数学中心,应用统计,admitted_min,345.0,345.0,0.0,0.51,schoolMajorVO.repeatMinGrade,https://admin.jiuxianzai.cn/api/applet/home/index/schoolDetail/04666d5b128db218a90e39f747d03dfc,https://jiuxianzai.oss-cn-beijing.aliyuncs.com/kaoyan/2025/04/24/3c1f8982814e418bbd6f56f6a2a4cd73.png,2026-10-09T06:35:08.475478+00:00,mini_program_api_value_reconciled,secondary_structured,9477a58b27955dac,matched
复旦大学,2022,大数据学院,应用统计,cutoff,410.0,410.0,0.0,0.51,schoolMajorVO.repeatGrade,https://admin.jiuxianzai.cn/api/applet/home/index/schoolDetail/20775c93b99cf5698397826887fa4815,https://jiuxianzai.oss-cn-beijing.aliyuncs.com/kaoyan/2022/05/16/01c43ea9a9004934aa4ac3ef0e749e02.png,2026-10-09T06:35:08.998497+00:00,mini_program_api_value_reconciled,secondary_structured,b2c546654283a5bd,matched
复旦大学,2022,数学科学学院,应用统计,cutoff,410.0,410.0,0.0,0.51,schoolMajorVO.repeatGrade,https://admin.jiuxianzai.cn/api/applet/home/index/schoolDetail/464adb1fb8a82fa2bb215950f412d827,https://jiuxianzai.oss-cn-beijing.aliyuncs.com/kaoyan/2022/05/16/9a441a1301424ccab90c84568fbad3e0.png,2026-10-09T06:35:09.685967+00:00,mini_program_api_value_reconciled,secondary_structured,f1e0d21d28e2864b,matched
复旦大学,2024,数学科学学院,应用统计,admitted_min,396.0,396.0,0.0,0.51,schoolMajorVO.repeatMinGrade,https://admin.jiuxianzai.cn/api/applet/home/index/schoolDetail/464adb1fb8a82fa2bb215950f412d827,https://jiuxianzai.oss-cn-beijing.aliyuncs.com/kaoyan/2024/05/08/9f8ad51d1a3f42a8bb3171690e64ec06.png,2026-10-09T06:35:09.685967+00:00,mini_program_api_value_reconciled,secondary_structured,f1e0d21d28e2864b,matched
复旦大学,2025,数学科学学院,应用统计,cutoff,345.0,345.0,0.0,0.51,schoolMajorVO.repeatGrade,https://admin.jiuxianzai.cn/api/applet/home/index/schoolDetail/464adb1fb8a82fa2bb215950f412d827,https://jiuxianzai.oss-cn-beijing.aliyuncs.com/kaoyan/2025/04/24/c1899e1b9cae4d98b68652301c9fe472.png,2026-10-09T06:35:09.685967+00:00,mini_program_api_value_reconciled,secondary_structured,f1e0d21d28e2864b,matched
复旦大学,2025,数学科学学院,应用统计,admitted_min,345.0,345.0,0.0,0.51,schoolMajorVO.repeatMinGrade,https://admin.jiuxianzai.cn/api/applet/home/index/schoolDetail/464adb1fb8a82fa2bb215950f412d827,https://jiuxianzai.oss-cn-beijing.aliyuncs.com/kaoyan/2025/04/24/c1899e1b9cae4d98b68652301c9fe472.png,2026-10-09T06:35:09.685967+00:00,mini_program_api_value_reconciled,secondary_structured,f1e0d21d28e2864b,matched
复旦大学,2026,数学科学学院,应用统计,cutoff,380.0,380.0,0.0,0.51,schoolMajorVO.repeatGrade,https://admin.jiuxianzai.cn/api/applet/home/index/schoolDetail/464adb1fb8a82fa2bb215950f412d827,https://jiuxianzai.oss-cn-beijing.aliyuncs.com/kaoyan/2026/05/19/02ae9ca1bc9241e28251b2cdb062dfc5.png,2026-10-09T06:35:09.685967+00:00,mini_program_api_value_reconciled,secondary_structured,f1e0d21d28e2864b,matched
复旦大学,2026,数学科学学院,应用统计,admitted_min,380.0,380.0,0.0,0.51,schoolMajorVO.repeatMinGrade,https://admin.jiuxianzai.cn/api/applet/home/index/schoolDetail/464adb1fb8a82fa2bb215950f412d827,https://jiuxianzai.oss-cn-beijing.aliyuncs.com/kaoyan/2026/05/19/02ae9ca1bc9241e28251b2cdb062dfc5.png,2026-10-09T06:35:09.685967+00:00,mini_program_api_value_reconciled,secondary_structured,f1e0d21d28e2864b,matched
大连理工大学,2022,数学科学学院,应用统计,admitted_count,54.0,54.0,0.0,0.01,schoolMajorVO.enterpersonVolunteerNum,https://admin.jiuxianzai.cn/api/applet/home/index/schoolDetail/6735cd916411ef7217dd98b2b5c1dba3,https://jiuxianzai.oss-cn-beijing.aliyuncs.com/kaoyan/2022/04/17/fa9d2f1a32eb442ab0737d8250fed936.png,2026-10-09T06:35:10.252465+00:00,mini_program_api_value_reconciled,secondary_structured,e4593e6b291563a8,matched
大连理工大学,2022,数学科学学院,应用统计,retest_count,67.0,67.0,0.0,0.01,schoolMajorVO.enterpersonRepeatNum,https://admin.jiuxianzai.cn/api/applet/home/index/schoolDetail/6735cd916411ef7217dd98b2b5c1dba3,https://jiuxianzai.oss-cn-beijing.aliyuncs.com/kaoyan/2022/04/17/fa9d2f1a32eb442ab0737d8250fed936.png,2026-10-09T06:35:10.252465+00:00,mini_program_api_value_reconciled,secondary_structured,e4593e6b291563a8,matched
大连理工大学,2023,数学科学学院,应用统计,admitted_min,382.0,382.0,0.0,0.51,schoolMajorVO.repeatMinGrade,https://admin.jiuxianzai.cn/api/applet/home/index/schoolDetail/6735cd916411ef7217dd98b2b5c1dba3,https://jiuxianzai.oss-cn-beijing.aliyuncs.com/kaoyan/2023/04/13/fc8a3e2666d3474b958c59042c4e01f4.png,2026-10-09T06:35:10.252465+00:00,mini_program_api_value_reconciled,secondary_structured,e4593e6b291563a8,matched
大连理工大学,2023,数学科学学院,应用统计,admitted_count,52.0,52.0,0.0,0.01,schoolMajorVO.enterpersonVolunteerNum,https://admin.jiuxianzai.cn/api/applet/home/index/schoolDetail/6735cd916411ef7217dd98b2b5c1dba3,https://jiuxianzai.oss-cn-beijing.aliyuncs.com/kaoyan/2023/04/13/fc8a3e2666d3474b958c59042c4e01f4.png,2026-10-09T06:35:10.252465+00:00,mini_program_api_value_reconciled,secondary_structured,e4593e6b291563a8,matched
大连理工大学,2023,数学科学学院,应用统计,retest_count,69.0,69.0,0.0,0.01,schoolMajorVO.enterpersonRepeatNum,https://admin.jiuxianzai.cn/api/applet/home/index/schoolDetail/6735cd916411ef7217dd98b2b5c1dba3,https://jiuxianzai.oss-cn-beijing.aliyuncs.com/kaoyan/2023/04/13/fc8a3e2666d3474b958c59042c4e01f4.png,2026-10-09T06:35:10.252465+00:00,mini_program_api_value_reconciled,secondary_structured,e4593e6b291563a8,matched
大连理工大学,2024,数学科学学院,应用统计,admitted_min,398.0,398.0,0.0,0.51,schoolMajorVO.repeatMinGrade,https://admin.jiuxianzai.cn/api/applet/home/index/schoolDetail/6735cd916411ef7217dd98b2b5c1dba3,https://jiuxianzai.oss-cn-beijing.aliyuncs.com/kaoyan/2024/04/08/7d8a66ca717148e7a2f145f19e5666c2.png,2026-10-09T06:35:10.252465+00:00,mini_program_api_value_reconciled,secondary_structured,e4593e6b291563a8,matched
大连理工大学,2024,数学科学学院,应用统计,admitted_count,20.0,20.0,0.0,0.01,schoolMajorVO.enterpersonVolunteerNum,https://admin.jiuxianzai.cn/api/applet/home/index/schoolDetail/6735cd916411ef7217dd98b2b5c1dba3,https://jiuxianzai.oss-cn-beijing.aliyuncs.com/kaoyan/2024/04/08/7d8a66ca717148e7a2f145f19e5666c2.png,2026-10-09T06:35:10.252465+00:00,mini_program_api_value_reconciled,secondary_structured,e4593e6b291563a8,matched
大连理工大学,2024,数学科学学院,应用统计,retest_count,29.0,29.0,0.0,0.01,schoolMajorVO.enterpersonRepeatNum,https://admin.jiuxianzai.cn/api/applet/home/index/schoolDetail/6735cd916411ef7217dd98b2b5c1dba3,https://jiuxianzai.oss-cn-beijing.aliyuncs.com/kaoyan/2024/04/08/7d8a66ca717148e7a2f145f19e5666c2.png,2026-10-09T06:35:10.252465+00:00,mini_program_api_value_reconciled,secondary_structured,e4593e6b291563a8,matched
大连理工大学,2025,数学科学学院,应用统计,admitted_min,386.0,386.0,0.0,0.51,schoolMajorVO.repeatMinGrade,https://admin.jiuxianzai.cn/api/applet/home/index/schoolDetail/6735cd916411ef7217dd98b2b5c1dba3,https://jiuxianzai.oss-cn-beijing.aliyuncs.com/kaoyan/2025/04/03/0e65a1827f0647d9a902b51073724bc3.png,2026-10-09T06:35:10.252465+00:00,mini_program_api_value_reconciled,secondary_structured,e4593e6b291563a8,matched
大连理工大学,2025,数学科学学院,应用统计,admitted_count,15.0,15.0,0.0,0.01,schoolMajorVO.enterpersonVolunteerNum,https://admin.jiuxianzai.cn/api/applet/home/index/schoolDetail/6735cd916411ef7217dd98b2b5c1dba3,https://jiuxianzai.oss-cn-beijing.aliyuncs.com/kaoyan/2025/04/03/0e65a1827f0647d9a902b51073724bc3.png,2026-10-09T06:35:10.252465+00:00,mini_program_api_value_reconciled,secondary_structured,e4593e6b291563a8,matched
大连理工大学,2025,数学科学学院,应用统计,retest_count,21.0,21.0,0.0,0.01,schoolMajorVO.enterpersonRepeatNum,https://admin.jiuxianzai.cn/api/applet/home/index/schoolDetail/6735cd916411ef7217dd98b2b5c1dba3,https://jiuxianzai.oss-cn-beijing.aliyuncs.com/kaoyan/2025/04/03/0e65a1827f0647d9a902b51073724bc3.png,2026-10-09T06:35:10.252465+00:00,mini_program_api_value_reconciled,secondary_structured,e4593e6b291563a8,matched
大连理工大学,2026,数学科学学院,应用统计,admitted_min,391.0,391.0,0.0,0.51,schoolMajorVO.repeatMinGrade,https://admin.jiuxianzai.cn/api/applet/home/index/schoolDetail/6735cd916411ef7217dd98b2b5c1dba3,https://jiuxianzai.oss-cn-beijing.aliyuncs.com/kaoyan/2026/05/14/36dfeea154274c78b21d6ee3f2cd8e26.png,2026-10-09T06:35:10.252465+00:00,mini_program_api_value_reconciled,secondary_structured,e4593e6b291563a8,matched
大连理工大学,2026,数学科学学院,应用统计,admitted_count,9.0,9.0,0.0,0.01,schoolMajorVO.enterpersonVolunteerNum,https://admin.jiuxianzai.cn/api/applet/home/index/schoolDetail/6735cd916411ef7217dd98b2b5c1dba3,https://jiuxianzai.oss-cn-beijing.aliyuncs.com/kaoyan/2026/05/14/36dfeea154274c78b21d6ee3f2cd8e26.png,2026-10-09T06:35:10.252465+00:00,mini_program_api_value_reconciled,secondary_structured,e4593e6b291563a8,matched
大连理工大学,2026,数学科学学院,应用统计,retest_count,14.0,14.0,0.0,0.01,schoolMajorVO.enterpersonRepeatNum,https://admin.jiuxianzai.cn/api/applet/home/index/schoolDetail/6735cd916411ef7217dd98b2b5c1dba3,https://jiuxianzai.oss-cn-beijing.aliyuncs.com/kaoyan/2026/05/14/36dfeea154274c78b21d6ee3f2cd8e26.png,2026-10-09T06:35:10.252465+00:00,mini_program_api_value_reconciled,secondary_structured,e4593e6b291563a8,matched
太原理工大学,2023,数学学院,应用统计,admitted_count,0.0,0.0,0.0,0.01,schoolMajorVO.enterpersonVolunteerNum,https://admin.jiuxianzai.cn/api/applet/home/index/schoolDetail/3948f82c1aa2c4e3379718fb0f208377,,2026-10-09T06:35:09.585239+00:00,mini_program_api_value_reconciled,secondary_structured,3925f20fd47b4328,matched
太原理工大学,2023,数学学院,应用统计,retest_count,0.0,0.0,0.0,0.01,schoolMajorVO.enterpersonRepeatNum,https://admin.jiuxianzai.cn/api/applet/home/index/schoolDetail/3948f82c1aa2c4e3379718fb0f208377,,2026-10-09T06:35:09.585239+00:00,mini_program_api_value_reconciled,secondary_structured,3925f20fd47b4328,matched
太原理工大学,2024,数学学院,应用统计,admitted_min,380.0,380.0,0.0,0.51,schoolMajorVO.repeatMinGrade,https://admin.jiuxianzai.cn/api/applet/home/index/schoolDetail/3948f82c1aa2c4e3379718fb0f208377,https://jiuxianzai.oss-cn-beijing.aliyuncs.com/kaoyan/2024/04/09/01f3cbbf4f9047bb9f16ae14cb4d50b3.png,2026-10-09T06:35:09.585239+00:00,mini_program_api_value_reconciled,secondary_structured,3925f20fd47b4328,matched
太原理工大学,2024,数学学院,应用统计,admitted_count,1.0,1.0,0.0,0.01,schoolMajorVO.enterpersonVolunteerNum,https://admin.jiuxianzai.cn/api/applet/home/index/schoolDetail/3948f82c1aa2c4e3379718fb0f208377,https://jiuxianzai.oss-cn-beijing.aliyuncs.com/kaoyan/2024/04/09/01f3cbbf4f9047bb9f16ae14cb4d50b3.png,2026-10-09T06:35:09.585239+00:00,mini_program_api_value_reconciled,secondary_structured,3925f20fd47b4328,matched
太原理工大学,2024,数学学院,应用统计,retest_count,1.0,1.0,0.0,0.01,schoolMajorVO.enterpersonRepeatNum,https://admin.jiuxianzai.cn/api/applet/home/index/schoolDetail/3948f82c1aa2c4e3379718fb0f208377,https://jiuxianzai.oss-cn-beijing.aliyuncs.com/kaoyan/2024/04/09/01f3cbbf4f9047bb9f16ae14cb4d50b3.png,2026-10-09T06:35:09.585239+00:00,mini_program_api_value_reconciled,secondary_structured,3925f20fd47b4328,matched
太原理工大学,2025,数学学院,应用统计,admitted_min,341.0,341.0,0.0,0.51,schoolMajorVO.repeatMinGrade,https://admin.jiuxianzai.cn/api/applet/home/index/schoolDetail/3948f82c1aa2c4e3379718fb0f208377,https://jiuxianzai.oss-cn-beijing.aliyuncs.com/kaoyan/2025/04/15/54c119553e26427eb9e7ae3389938342.png,2026-10-09T06:35:09.585239+00:00,mini_program_api_value_reconciled,secondary_structured,3925f20fd47b4328,matched
太原理工大学,2025,数学学院,应用统计,admitted_count,4.0,4.0,0.0,0.01,schoolMajorVO.enterpersonVolunteerNum,https://admin.jiuxianzai.cn/api/applet/home/index/schoolDetail/3948f82c1aa2c4e3379718fb0f208377,https://jiuxianzai.oss-cn-beijing.aliyuncs.com/kaoyan/2025/04/15/54c119553e26427eb9e7ae3389938342.png,2026-10-09T06:35:09.585239+00:00,mini_program_api_value_reconciled,secondary_structured,3925f20fd47b4328,matched
太原理工大学,2025,数学学院,应用统计,retest_count,4.0,4.0,0.0,0.01,schoolMajorVO.enterpersonRepeatNum,https://admin.jiuxianzai.cn/api/applet/home/index/schoolDetail/3948f82c1aa2c4e3379718fb0f208377,https://jiuxianzai.oss-cn-beijing.aliyuncs.com/kaoyan/2025/04/15/54c119553e26427eb9e7ae3389938342.png,2026-10-09T06:35:09.585239+00:00,mini_program_api_value_reconciled,secondary_structured,3925f20fd47b4328,matched
太原理工大学,2026,数学学院,应用统计,admitted_min,327.0,327.0,0.0,0.51,schoolMajorVO.repeatMinGrade,https://admin.jiuxianzai.cn/api/applet/home/index/schoolDetail/3948f82c1aa2c4e3379718fb0f208377,https://jiuxianzai.oss-cn-beijing.aliyuncs.com/kaoyan/2026/05/15/35a6c75331ae467abbd27bdf569d65bf.png,2026-10-09T06:35:09.585239+00:00,mini_program_api_value_reconciled,secondary_structured,3925f20fd47b4328,matched
太原理工大学,2026,数学学院,应用统计,admitted_count,11.0,11.0,0.0,0.01,schoolMajorVO.enterpersonVolunteerNum,https://admin.jiuxianzai.cn/api/applet/home/index/schoolDetail/3948f82c1aa2c4e3379718fb0f208377,https://jiuxianzai.oss-cn-beijing.aliyuncs.com/kaoyan/2026/05/15/35a6c75331ae467abbd27bdf569d65bf.png,2026-10-09T06:35:09.585239+00:00,mini_program_api_value_reconciled,secondary_structured,3925f20fd47b4328,matched
太原理工大学,2026,数学学院,应用统计,retest_count,11.0,11.0,0.0,0.01,schoolMajorVO.enterpersonRepeatNum,https://admin.jiuxianzai.cn/api/applet/home/index/schoolDetail/3948f82c1aa2c4e3379718fb0f208377,https://jiuxianzai.oss-cn-beijing.aliyuncs.com/kaoyan/2026/05/15/35a6c75331ae467abbd27bdf569d65bf.png,2026-10-09T06:35:09.585239+00:00,mini_program_api_value_reconciled,secondary_structured,3925f20fd47b4328,matched
宁夏大学,2025,数学统计学院,应用统计,admitted_min,319.0,319.0,0.0,0.51,schoolMajorVO.repeatMinGrade,https://admin.jiuxianzai.cn/api/applet/home/index/schoolDetail/4fbd4b8789c924e2451381c240420e77,https://jiuxianzai.oss-cn-beijing.aliyuncs.com/kaoyan/2025/04/09/a5b5fd0b034e4f6dbc597399095feb69.png,2026-10-09T06:35:09.925648+00:00,mini_program_api_value_reconciled,secondary_structured,9a2dd7cc50323e29,matched
宁夏大学,2025,数学统计学院,应用统计,admitted_count,6.0,6.0,0.0,0.01,schoolMajorVO.enterpersonVolunteerNum,https://admin.jiuxianzai.cn/api/applet/home/index/schoolDetail/4fbd4b8789c924e2451381c240420e77,https://jiuxianzai.oss-cn-beijing.aliyuncs.com/kaoyan/2025/04/09/a5b5fd0b034e4f6dbc597399095feb69.png,2026-10-09T06:35:09.925648+00:00,mini_program_api_value_reconciled,secondary_structured,9a2dd7cc50323e29,matched
宁夏大学,2025,数学统计学院,应用统计,retest_count,6.0,6.0,0.0,0.01,schoolMajorVO.enterpersonRepeatNum,https://admin.jiuxianzai.cn/api/applet/home/index/schoolDetail/4fbd4b8789c924e2451381c240420e77,https://jiuxianzai.oss-cn-beijing.aliyuncs.com/kaoyan/2025/04/09/a5b5fd0b034e4f6dbc597399095feb69.png,2026-10-09T06:35:09.925648+00:00,mini_program_api_value_reconciled,secondary_structured,9a2dd7cc50323e29,matched
宁夏大学,2026,数学统计学院,应用统计,cutoff,314.0,314.0,0.0,0.51,schoolMajorVO.repeatGrade,https://admin.jiuxianzai.cn/api/applet/home/index/schoolDetail/4fbd4b8789c924e2451381c240420e77,https://jiuxianzai.oss-cn-beijing.aliyuncs.com/kaoyan/2026/05/15/bbbe5c78d88e499e99c36f83a1577e39.png,2026-10-09T06:35:09.925648+00:00,mini_program_api_value_reconciled,secondary_structured,9a2dd7cc50323e29,matched
宁夏大学,2026,数学统计学院,应用统计,admitted_min,314.0,314.0,0.0,0.51,schoolMajorVO.repeatMinGrade,https://admin.jiuxianzai.cn/api/applet/home/index/schoolDetail/4fbd4b8789c924e2451381c240420e77,https://jiuxianzai.oss-cn-beijing.aliyuncs.com/kaoyan/2026/05/15/bbbe5c78d88e499e99c36f83a1577e39.png,2026-10-09T06:35:09.925648+00:00,mini_program_api_value_reconciled,secondary_structured,9a2dd7cc50323e29,matched
宁夏大学,2026,数学统计学院,应用统计,admitted_count,22.0,22.0,0.0,0.01,schoolMajorVO.enterpersonVolunteerNum,https://admin.jiuxianzai.cn/api/applet/home/index/schoolDetail/4fbd4b8789c924e2451381c240420e77,https://jiuxianzai.oss-cn-beijing.aliyuncs.com/kaoyan/2026/05/15/bbbe5c78d88e499e99c36f83a1577e39.png,2026-10-09T06:35:09.925648+00:00,mini_program_api_value_reconciled,secondary_structured,9a2dd7cc50323e29,matched
宁夏大学,2026,数学统计学院,应用统计,retest_count,22.0,22.0,0.0,0.01,schoolMajorVO.enterpersonRepeatNum,https://admin.jiuxianzai.cn/api/applet/home/index/schoolDetail/4fbd4b8789c924e2451381c240420e77,https://jiuxianzai.oss-cn-beijing.aliyuncs.com/kaoyan/2026/05/15/bbbe5c78d88e499e99c36f83a1577e39.png,2026-10-09T06:35:09.925648+00:00,mini_program_api_value_reconciled,secondary_structured,9a2dd7cc50323e29,matched
安徽大学,2022,大数据与统计学院,应用统计,cutoff,370.0,370.0,0.0,0.51,schoolMajorVO.repeatGrade,https://admin.jiuxianzai.cn/api/applet/home/index/schoolDetail/d6afc64ca7e548b14b98bd2d9c265bea,https://jiuxianzai.oss-cn-beijing.aliyuncs.com/kaoyan/2022/04/18/881a373e1f014b4c935ea3da6a3f11a7.png,2026-10-09T06:35:12.198048+00:00,mini_program_api_value_reconciled,secondary_structured,f366af6563909a9c,matched
安徽大学,2022,大数据与统计学院,应用统计,admitted_count,86.0,86.0,0.0,0.01,schoolMajorVO.enterpersonVolunteerNum,https://admin.jiuxianzai.cn/api/applet/home/index/schoolDetail/d6afc64ca7e548b14b98bd2d9c265bea,https://jiuxianzai.oss-cn-beijing.aliyuncs.com/kaoyan/2022/04/18/881a373e1f014b4c935ea3da6a3f11a7.png,2026-10-09T06:35:12.198048+00:00,mini_program_api_value_reconciled,secondary_structured,f366af6563909a9c,matched
安徽大学,2022,大数据与统计学院,应用统计,retest_count,113.0,113.0,0.0,0.01,schoolMajorVO.enterpersonRepeatNum,https://admin.jiuxianzai.cn/api/applet/home/index/schoolDetail/d6afc64ca7e548b14b98bd2d9c265bea,https://jiuxianzai.oss-cn-beijing.aliyuncs.com/kaoyan/2022/04/18/881a373e1f014b4c935ea3da6a3f11a7.png,2026-10-09T06:35:12.198048+00:00,mini_program_api_value_reconciled,secondary_structured,f366af6563909a9c,matched
安徽大学,2023,大数据与统计学院,应用统计,cutoff,364.0,364.0,0.0,0.51,schoolMajorVO.repeatGrade,https://admin.jiuxianzai.cn/api/applet/home/index/schoolDetail/d6afc64ca7e548b14b98bd2d9c265bea,https://jiuxianzai.oss-cn-beijing.aliyuncs.com/kaoyan/2023/06/01/72b98c5d674e47ce80c28b85147367a8.png,2026-10-09T06:35:12.198048+00:00,mini_program_api_value_reconciled,secondary_structured,f366af6563909a9c,matched
安徽大学,2023,大数据与统计学院,应用统计,admitted_min,364.0,364.0,0.0,0.51,schoolMajorVO.repeatMinGrade,https://admin.jiuxianzai.cn/api/applet/home/index/schoolDetail/d6afc64ca7e548b14b98bd2d9c265bea,https://jiuxianzai.oss-cn-beijing.aliyuncs.com/kaoyan/2023/06/01/72b98c5d674e47ce80c28b85147367a8.png,2026-10-09T06:35:12.198048+00:00,mini_program_api_value_reconciled,secondary_structured,f366af6563909a9c,matched
安徽大学,2023,大数据与统计学院,应用统计,admitted_count,85.0,85.0,0.0,0.01,schoolMajorVO.enterpersonVolunteerNum,https://admin.jiuxianzai.cn/api/applet/home/index/schoolDetail/d6afc64ca7e548b14b98bd2d9c265bea,https://jiuxianzai.oss-cn-beijing.aliyuncs.com/kaoyan/2023/06/01/72b98c5d674e47ce80c28b85147367a8.png,2026-10-09T06:35:12.198048+00:00,mini_program_api_value_reconciled,secondary_structured,f366af6563909a9c,matched
安徽大学,2023,大数据与统计学院,应用统计,retest_count,102.0,102.0,0.0,0.01,schoolMajorVO.enterpersonRepeatNum,https://admin.jiuxianzai.cn/api/applet/home/index/schoolDetail/d6afc64ca7e548b14b98bd2d9c265bea,https://jiuxianzai.oss-cn-beijing.aliyuncs.com/kaoyan/2023/06/01/72b98c5d674e47ce80c28b85147367a8.png,2026-10-09T06:35:12.198048+00:00,mini_program_api_value_reconciled,secondary_structured,f366af6563909a9c,matched
安徽大学,2024,大数据与统计学院,应用统计,admitted_min,377.0,377.0,0.0,0.51,schoolMajorVO.repeatMinGrade,https://admin.jiuxianzai.cn/api/applet/home/index/schoolDetail/d6afc64ca7e548b14b98bd2d9c265bea,https://jiuxianzai.oss-cn-beijing.aliyuncs.com/kaoyan/2024/05/01/88523e2be2d4424fa887d4ff7d068e51.png,2026-10-09T06:35:12.198048+00:00,mini_program_api_value_reconciled,secondary_structured,f366af6563909a9c,matched
安徽大学,2024,大数据与统计学院,应用统计,admitted_count,80.0,80.0,0.0,0.01,schoolMajorVO.enterpersonVolunteerNum,https://admin.jiuxianzai.cn/api/applet/home/index/schoolDetail/d6afc64ca7e548b14b98bd2d9c265bea,https://jiuxianzai.oss-cn-beijing.aliyuncs.com/kaoyan/2024/05/01/88523e2be2d4424fa887d4ff7d068e51.png,2026-10-09T06:35:12.198048+00:00,mini_program_api_value_reconciled,secondary_structured,f366af6563909a9c,matched
安徽大学,2024,大数据与统计学院,应用统计,retest_count,96.0,96.0,0.0,0.01,schoolMajorVO.enterpersonRepeatNum,https://admin.jiuxianzai.cn/api/applet/home/index/schoolDetail/d6afc64ca7e548b14b98bd2d9c265bea,https://jiuxianzai.oss-cn-beijing.aliyuncs.com/kaoyan/2024/05/01/88523e2be2d4424fa887d4ff7d068e51.png,2026-10-09T06:35:12.198048+00:00,mini_program_api_value_reconciled,secondary_structured,f366af6563909a9c,matched
安徽大学,2025,大数据与统计学院,应用统计,admitted_min,366.0,366.0,0.0,0.51,schoolMajorVO.repeatMinGrade,https://admin.jiuxianzai.cn/api/applet/home/index/schoolDetail/d6afc64ca7e548b14b98bd2d9c265bea,https://jiuxianzai.oss-cn-beijing.aliyuncs.com/kaoyan/2025/05/08/c165e5f05eff4440910719b396188deb.png,2026-10-09T06:35:12.198048+00:00,mini_program_api_value_reconciled,secondary_structured,f366af6563909a9c,matched
安徽大学,2025,大数据与统计学院,应用统计,admitted_count,76.0,76.0,0.0,0.01,schoolMajorVO.enterpersonVolunteerNum,https://admin.jiuxianzai.cn/api/applet/home/index/schoolDetail/d6afc64ca7e548b14b98bd2d9c265bea,https://jiuxianzai.oss-cn-beijing.aliyuncs.com/kaoyan/2025/05/08/c165e5f05eff4440910719b396188deb.png,2026-10-09T06:35:12.198048+00:00,mini_program_api_value_reconciled,secondary_structured,f366af6563909a9c,matched
安徽大学,2025,大数据与统计学院,应用统计,retest_count,94.0,94.0,0.0,0.01,schoolMajorVO.enterpersonRepeatNum,https://admin.jiuxianzai.cn/api/applet/home/index/schoolDetail/d6afc64ca7e548b14b98bd2d9c265bea,https://jiuxianzai.oss-cn-beijing.aliyuncs.com/kaoyan/2025/05/08/c165e5f05eff4440910719b396188deb.png,2026-10-09T06:35:12.198048+00:00,mini_program_api_value_reconciled,secondary_structured,f366af6563909a9c,matched
安徽大学,2026,大数据与统计学院,应用统计,admitted_min,383.0,383.0,0.0,0.51,schoolMajorVO.repeatMinGrade,https://admin.jiuxianzai.cn/api/applet/home/index/schoolDetail/d6afc64ca7e548b14b98bd2d9c265bea,https://jiuxianzai.oss-cn-beijing.aliyuncs.com/kaoyan/2026/05/15/835187452f1d4df4b2f728020b1b7b95.png,2026-10-09T06:35:12.198048+00:00,mini_program_api_value_reconciled,secondary_structured,f366af6563909a9c,matched
对外经济贸易大学,2022,统计学院,应用统计,cutoff,370.0,370.0,0.0,0.51,schoolMajorVO.repeatGrade,https://admin.jiuxianzai.cn/api/applet/home/index/schoolDetail/4f4327be5131d059f282fa1dc5bc439d,https://jiuxianzai.oss-cn-beijing.aliyuncs.com/kaoyan/2022/04/18/fae7a116b15842cc9ee80366121d5474.png,2026-10-09T06:35:10.052782+00:00,mini_program_api_value_reconciled,secondary_structured,586ff42dbde2d58b,matched
对外经济贸易大学,2022,统计学院,应用统计,admitted_count,60.0,60.0,0.0,0.01,schoolMajorVO.enterpersonVolunteerNum,https://admin.jiuxianzai.cn/api/applet/home/index/schoolDetail/4f4327be5131d059f282fa1dc5bc439d,https://jiuxianzai.oss-cn-beijing.aliyuncs.com/kaoyan/2022/04/18/fae7a116b15842cc9ee80366121d5474.png,2026-10-09T06:35:10.052782+00:00,mini_program_api_value_reconciled,secondary_structured,586ff42dbde2d58b,matched
对外经济贸易大学,2022,统计学院,应用统计,retest_count,71.0,71.0,0.0,0.01,schoolMajorVO.enterpersonRepeatNum,https://admin.jiuxianzai.cn/api/applet/home/index/schoolDetail/4f4327be5131d059f282fa1dc5bc439d,https://jiuxianzai.oss-cn-beijing.aliyuncs.com/kaoyan/2022/04/18/fae7a116b15842cc9ee80366121d5474.png,2026-10-09T06:35:10.052782+00:00,mini_program_api_value_reconciled,secondary_structured,586ff42dbde2d58b,matched
对外经济贸易大学,2023,统计学院,应用统计,cutoff,370.0,370.0,0.0,0.51,schoolMajorVO.repeatGrade,https://admin.jiuxianzai.cn/api/applet/home/index/schoolDetail/4f4327be5131d059f282fa1dc5bc439d,https://jiuxianzai.oss-cn-beijing.aliyuncs.com/kaoyan/2023/04/13/c8c5ed442b1542798f4751ed4ac4848e.png,2026-10-09T06:35:10.052782+00:00,mini_program_api_value_reconciled,secondary_structured,586ff42dbde2d58b,matched
对外经济贸易大学,2023,统计学院,应用统计,admitted_min,370.0,370.0,0.0,0.51,schoolMajorVO.repeatMinGrade,https://admin.jiuxianzai.cn/api/applet/home/index/schoolDetail/4f4327be5131d059f282fa1dc5bc439d,https://jiuxianzai.oss-cn-beijing.aliyuncs.com/kaoyan/2023/04/13/c8c5ed442b1542798f4751ed4ac4848e.png,2026-10-09T06:35:10.052782+00:00,mini_program_api_value_reconciled,secondary_structured,586ff42dbde2d58b,matched
对外经济贸易大学,2023,统计学院,应用统计,admitted_count,70.0,70.0,0.0,0.01,schoolMajorVO.enterpersonVolunteerNum,https://admin.jiuxianzai.cn/api/applet/home/index/schoolDetail/4f4327be5131d059f282fa1dc5bc439d,https://jiuxianzai.oss-cn-beijing.aliyuncs.com/kaoyan/2023/04/13/c8c5ed442b1542798f4751ed4ac4848e.png,2026-10-09T06:35:10.052782+00:00,mini_program_api_value_reconciled,secondary_structured,586ff42dbde2d58b,matched
对外经济贸易大学,2023,统计学院,应用统计,retest_count,84.0,84.0,0.0,0.01,schoolMajorVO.enterpersonRepeatNum,https://admin.jiuxianzai.cn/api/applet/home/index/schoolDetail/4f4327be5131d059f282fa1dc5bc439d,https://jiuxianzai.oss-cn-beijing.aliyuncs.com/kaoyan/2023/04/13/c8c5ed442b1542798f4751ed4ac4848e.png,2026-10-09T06:35:10.052782+00:00,mini_program_api_value_reconciled,secondary_structured,586ff42dbde2d58b,matched
对外经济贸易大学,2024,统计学院,应用统计,admitted_min,381.0,381.0,0.0,0.51,schoolMajorVO.repeatMinGrade,https://admin.jiuxianzai.cn/api/applet/home/index/schoolDetail/4f4327be5131d059f282fa1dc5bc439d,https://jiuxianzai.oss-cn-beijing.aliyuncs.com/kaoyan/2024/04/08/0dac15757d2e4788a61e6d13425efe97.png,2026-10-09T06:35:10.052782+00:00,mini_program_api_value_reconciled,secondary_structured,586ff42dbde2d58b,matched
对外经济贸易大学,2024,统计学院,应用统计,admitted_count,61.0,61.0,0.0,0.01,schoolMajorVO.enterpersonVolunteerNum,https://admin.jiuxianzai.cn/api/applet/home/index/schoolDetail/4f4327be5131d059f282fa1dc5bc439d,https://jiuxianzai.oss-cn-beijing.aliyuncs.com/kaoyan/2024/04/08/0dac15757d2e4788a61e6d13425efe97.png,2026-10-09T06:35:10.052782+00:00,mini_program_api_value_reconciled,secondary_structured,586ff42dbde2d58b,matched
对外经济贸易大学,2024,统计学院,应用统计,retest_count,73.0,73.0,0.0,0.01,schoolMajorVO.enterpersonRepeatNum,https://admin.jiuxianzai.cn/api/applet/home/index/schoolDetail/4f4327be5131d059f282fa1dc5bc439d,https://jiuxianzai.oss-cn-beijing.aliyuncs.com/kaoyan/2024/04/08/0dac15757d2e4788a61e6d13425efe97.png,2026-10-09T06:35:10.052782+00:00,mini_program_api_value_reconciled,secondary_structured,586ff42dbde2d58b,matched
对外经济贸易大学,2025,统计学院,应用统计,admitted_min,364.0,364.0,0.0,0.51,schoolMajorVO.repeatMinGrade,https://admin.jiuxianzai.cn/api/applet/home/index/schoolDetail/4f4327be5131d059f282fa1dc5bc439d,https://jiuxianzai.oss-cn-beijing.aliyuncs.com/kaoyan/2025/04/07/6328370ac6e942bc97c076665186c4bf.png,2026-10-09T06:35:10.052782+00:00,mini_program_api_value_reconciled,secondary_structured,586ff42dbde2d58b,matched
对外经济贸易大学,2025,统计学院,应用统计,admitted_count,69.0,69.0,0.0,0.01,schoolMajorVO.enterpersonVolunteerNum,https://admin.jiuxianzai.cn/api/applet/home/index/schoolDetail/4f4327be5131d059f282fa1dc5bc439d,https://jiuxianzai.oss-cn-beijing.aliyuncs.com/kaoyan/2025/04/07/6328370ac6e942bc97c076665186c4bf.png,2026-10-09T06:35:10.052782+00:00,mini_program_api_value_reconciled,secondary_structured,586ff42dbde2d58b,matched
对外经济贸易大学,2025,统计学院,应用统计,retest_count,83.0,83.0,0.0,0.01,schoolMajorVO.enterpersonRepeatNum,https://admin.jiuxianzai.cn/api/applet/home/index/schoolDetail/4f4327be5131d059f282fa1dc5bc439d,https://jiuxianzai.oss-cn-beijing.aliyuncs.com/kaoyan/2025/04/07/6328370ac6e942bc97c076665186c4bf.png,2026-10-09T06:35:10.052782+00:00,mini_program_api_value_reconciled,secondary_structured,586ff42dbde2d58b,matched
对外经济贸易大学,2026,统计学院,应用统计,admitted_min,373.0,373.0,0.0,0.51,schoolMajorVO.repeatMinGrade,https://admin.jiuxianzai.cn/api/applet/home/index/schoolDetail/4f4327be5131d059f282fa1dc5bc439d,https://jiuxianzai.oss-cn-beijing.aliyuncs.com/kaoyan/2026/05/15/ee713d3dc33c461dadb906e500537580.png,2026-10-09T06:35:10.052782+00:00,mini_program_api_value_reconciled,secondary_structured,586ff42dbde2d58b,matched
对外经济贸易大学,2026,统计学院,应用统计,admitted_count,60.0,60.0,0.0,0.01,schoolMajorVO.enterpersonVolunteerNum,https://admin.jiuxianzai.cn/api/applet/home/index/schoolDetail/4f4327be5131d059f282fa1dc5bc439d,https://jiuxianzai.oss-cn-beijing.aliyuncs.com/kaoyan/2026/05/15/ee713d3dc33c461dadb906e500537580.png,2026-10-09T06:35:10.052782+00:00,mini_program_api_value_reconciled,secondary_structured,586ff42dbde2d58b,matched
对外经济贸易大学,2026,统计学院,应用统计,retest_count,72.0,72.0,0.0,0.01,schoolMajorVO.enterpersonRepeatNum,https://admin.jiuxianzai.cn/api/applet/home/index/schoolDetail/4f4327be5131d059f282fa1dc5bc439d,https://jiuxianzai.oss-cn-beijing.aliyuncs.com/kaoyan/2026/05/15/ee713d3dc33c461dadb906e500537580.png,2026-10-09T06:35:10.052782+00:00,mini_program_api_value_reconciled,secondary_structured,586ff42dbde2d58b,matched
山东大学,2024,数学与统计学院,应用统计,cutoff,370.0,370.0,0.0,0.51,schoolMajorVO.repeatGrade,https://admin.jiuxianzai.cn/api/applet/home/index/schoolDetail/727607996751a2d9d928e322d0752dec,,2026-10-09T06:35:10.400385+00:00,mini_program_api_value_reconciled,secondary_structured,67736fa294666869,matched
山东大学,2025,数学与统计学院,应用统计,cutoff,335.0,335.0,0.0,0.51,schoolMajorVO.repeatGrade,https://admin.jiuxianzai.cn/api/applet/home/index/schoolDetail/727607996751a2d9d928e322d0752dec,,2026-10-09T06:35:10.400385+00:00,mini_program_api_value_reconciled,secondary_structured,67736fa294666869,matched
山东大学,2023,经济研究院,应用统计,admitted_min,382.0,382.0,0.0,0.51,schoolMajorVO.repeatMinGrade,https://admin.jiuxianzai.cn/api/applet/home/index/schoolDetail/31b62e0d95454d48153d7796036ac476,https://jiuxianzai.oss-cn-beijing.aliyuncs.com/kaoyan/2023/04/13/e1132086c1494461bf27546ce146d56e.png,2026-10-09T06:35:09.454673+00:00,mini_program_api_value_reconciled,secondary_structured,2ba11a9dfeafb53a,matched
山东大学,2024,经济研究院,应用统计,admitted_min,372.0,372.0,0.0,0.51,schoolMajorVO.repeatMinGrade,https://admin.jiuxianzai.cn/api/applet/home/index/schoolDetail/31b62e0d95454d48153d7796036ac476,https://jiuxianzai.oss-cn-beijing.aliyuncs.com/kaoyan/2024/04/08/381af16d7c874a5b9e2028b4c9c782bc.png,2026-10-09T06:35:09.454673+00:00,mini_program_api_value_reconciled,secondary_structured,2ba11a9dfeafb53a,matched
山东大学,2022,金融研究院,应用统计,cutoff,360.0,360.0,0.0,0.51,schoolMajorVO.repeatGrade,https://admin.jiuxianzai.cn/api/applet/home/index/schoolDetail/40fec209b0e48864d536ae90cb4f263e,https://jiuxianzai.oss-cn-beijing.aliyuncs.com/kaoyan/2022/04/17/a272a6826d8e40c9a8f75d71743c5438.png,2026-10-09T06:35:09.724185+00:00,mini_program_api_value_reconciled,secondary_structured,78966a56ef7c2a18,matched
山东大学,2025,金融研究院,应用统计,cutoff,335.0,335.0,0.0,0.51,schoolMajorVO.repeatGrade,https://admin.jiuxianzai.cn/api/applet/home/index/schoolDetail/40fec209b0e48864d536ae90cb4f263e,https://jiuxianzai.oss-cn-beijing.aliyuncs.com/kaoyan/2025/04/04/5e89d0b3a7e2488c8aaa2f8db53e3e55.png,2026-10-09T06:35:09.724185+00:00,mini_program_api_value_reconciled,secondary_structured,78966a56ef7c2a18,matched
山东大学,2025,金融研究院,应用统计,admitted_min,347.0,347.0,0.0,0.51,schoolMajorVO.repeatMinGrade,https://admin.jiuxianzai.cn/api/applet/home/index/schoolDetail/40fec209b0e48864d536ae90cb4f263e,https://jiuxianzai.oss-cn-beijing.aliyuncs.com/kaoyan/2025/04/04/5e89d0b3a7e2488c8aaa2f8db53e3e55.png,2026-10-09T06:35:09.724185+00:00,mini_program_api_value_reconciled,secondary_structured,78966a56ef7c2a18,matched
山东大学,2026,金融研究院,应用统计,admitted_min,331.0,331.0,0.0,0.51,schoolMajorVO.repeatMinGrade,https://admin.jiuxianzai.cn/api/applet/home/index/schoolDetail/40fec209b0e48864d536ae90cb4f263e,https://jiuxianzai.oss-cn-beijing.aliyuncs.com/kaoyan/2026/05/14/52b85047fb4646c5b697709c02989293.png,2026-10-09T06:35:09.724185+00:00,mini_program_api_value_reconciled,secondary_structured,78966a56ef7c2a18,matched
延边大学,2022,理学院,应用统计,admitted_count,4.0,4.0,0.0,0.01,schoolMajorVO.enterpersonVolunteerNum,https://admin.jiuxianzai.cn/api/applet/home/index/schoolDetail/153f02b8efd30492688680311b1468e8,,2026-10-09T06:35:08.649433+00:00,mini_program_api_value_reconciled,secondary_structured,335114e8800f096a,matched
延边大学,2022,理学院,应用统计,retest_count,4.0,4.0,0.0,0.01,schoolMajorVO.enterpersonRepeatNum,https://admin.jiuxianzai.cn/api/applet/home/index/schoolDetail/153f02b8efd30492688680311b1468e8,,2026-10-09T06:35:08.649433+00:00,mini_program_api_value_reconciled,secondary_structured,335114e8800f096a,matched
延边大学,2023,理学院,应用统计,cutoff,378.0,378.0,0.0,0.51,schoolMajorVO.repeatGrade,https://admin.jiuxianzai.cn/api/applet/home/index/schoolDetail/153f02b8efd30492688680311b1468e8,https://jiuxianzai.oss-cn-beijing.aliyuncs.com/kaoyan/2023/04/13/1949af07b49e46c0a3a2a670680ccb0a.png,2026-10-09T06:35:08.649433+00:00,mini_program_api_value_reconciled,secondary_structured,335114e8800f096a,matched
延边大学,2023,理学院,应用统计,admitted_min,378.0,378.0,0.0,0.51,schoolMajorVO.repeatMinGrade,https://admin.jiuxianzai.cn/api/applet/home/index/schoolDetail/153f02b8efd30492688680311b1468e8,https://jiuxianzai.oss-cn-beijing.aliyuncs.com/kaoyan/2023/04/13/1949af07b49e46c0a3a2a670680ccb0a.png,2026-10-09T06:35:08.649433+00:00,mini_program_api_value_reconciled,secondary_structured,335114e8800f096a,matched
延边大学,2023,理学院,应用统计,admitted_count,2.0,2.0,0.0,0.01,schoolMajorVO.enterpersonVolunteerNum,https://admin.jiuxianzai.cn/api/applet/home/index/schoolDetail/153f02b8efd30492688680311b1468e8,https://jiuxianzai.oss-cn-beijing.aliyuncs.com/kaoyan/2023/04/13/1949af07b49e46c0a3a2a670680ccb0a.png,2026-10-09T06:35:08.649433+00:00,mini_program_api_value_reconciled,secondary_structured,335114e8800f096a,matched
延边大学,2023,理学院,应用统计,retest_count,2.0,2.0,0.0,0.01,schoolMajorVO.enterpersonRepeatNum,https://admin.jiuxianzai.cn/api/applet/home/index/schoolDetail/153f02b8efd30492688680311b1468e8,https://jiuxianzai.oss-cn-beijing.aliyuncs.com/kaoyan/2023/04/13/1949af07b49e46c0a3a2a670680ccb0a.png,2026-10-09T06:35:08.649433+00:00,mini_program_api_value_reconciled,secondary_structured,335114e8800f096a,matched
延边大学,2024,理学院,应用统计,admitted_min,339.0,339.0,0.0,0.51,schoolMajorVO.repeatMinGrade,https://admin.jiuxianzai.cn/api/applet/home/index/schoolDetail/153f02b8efd30492688680311b1468e8,https://jiuxianzai.oss-cn-beijing.aliyuncs.com/kaoyan/2024/04/14/826a5f9c3706410190cafba06d51d9fb.png,2026-10-09T06:35:08.649433+00:00,mini_program_api_value_reconciled,secondary_structured,335114e8800f096a,matched
延边大学,2024,理学院,应用统计,admitted_count,4.0,4.0,0.0,0.01,schoolMajorVO.enterpersonVolunteerNum,https://admin.jiuxianzai.cn/api/applet/home/index/schoolDetail/153f02b8efd30492688680311b1468e8,https://jiuxianzai.oss-cn-beijing.aliyuncs.com/kaoyan/2024/04/14/826a5f9c3706410190cafba06d51d9fb.png,2026-10-09T06:35:08.649433+00:00,mini_program_api_value_reconciled,secondary_structured,335114e8800f096a,matched
延边大学,2024,理学院,应用统计,retest_count,6.0,6.0,0.0,0.01,schoolMajorVO.enterpersonRepeatNum,https://admin.jiuxianzai.cn/api/applet/home/index/schoolDetail/153f02b8efd30492688680311b1468e8,https://jiuxianzai.oss-cn-beijing.aliyuncs.com/kaoyan/2024/04/14/826a5f9c3706410190cafba06d51d9fb.png,2026-10-09T06:35:08.649433+00:00,mini_program_api_value_reconciled,secondary_structured,335114e8800f096a,matched
延边大学,2025,理学院,应用统计,admitted_min,315.0,315.0,0.0,0.51,schoolMajorVO.repeatMinGrade,https://admin.jiuxianzai.cn/api/applet/home/index/schoolDetail/153f02b8efd30492688680311b1468e8,https://jiuxianzai.oss-cn-beijing.aliyuncs.com/kaoyan/2025/04/07/fe8537f4e3eb49419c5ae9f31acc95c4.png,2026-10-09T06:35:08.649433+00:00,mini_program_api_value_reconciled,secondary_structured,335114e8800f096a,matched
延边大学,2025,理学院,应用统计,admitted_count,7.0,7.0,0.0,0.01,schoolMajorVO.enterpersonVolunteerNum,https://admin.jiuxianzai.cn/api/applet/home/index/schoolDetail/153f02b8efd30492688680311b1468e8,https://jiuxianzai.oss-cn-beijing.aliyuncs.com/kaoyan/2025/04/07/fe8537f4e3eb49419c5ae9f31acc95c4.png,2026-10-09T06:35:08.649433+00:00,mini_program_api_value_reconciled,secondary_structured,335114e8800f096a,matched
延边大学,2025,理学院,应用统计,retest_count,8.0,8.0,0.0,0.01,schoolMajorVO.enterpersonRepeatNum,https://admin.jiuxianzai.cn/api/applet/home/index/schoolDetail/153f02b8efd30492688680311b1468e8,https://jiuxianzai.oss-cn-beijing.aliyuncs.com/kaoyan/2025/04/07/fe8537f4e3eb49419c5ae9f31acc95c4.png,2026-10-09T06:35:08.649433+00:00,mini_program_api_value_reconciled,secondary_structured,335114e8800f096a,matched
延边大学,2026,理学院,应用统计,admitted_min,316.0,316.0,0.0,0.51,schoolMajorVO.repeatMinGrade,https://admin.jiuxianzai.cn/api/applet/home/index/schoolDetail/153f02b8efd30492688680311b1468e8,https://jiuxianzai.oss-cn-beijing.aliyuncs.com/kaoyan/2026/05/15/5c03395d1e674b6191d6374486ad2aeb.png,2026-10-09T06:35:08.649433+00:00,mini_program_api_value_reconciled,secondary_structured,335114e8800f096a,matched
延边大学,2026,理学院,应用统计,admitted_count,6.0,6.0,0.0,0.01,schoolMajorVO.enterpersonVolunteerNum,https://admin.jiuxianzai.cn/api/applet/home/index/schoolDetail/153f02b8efd30492688680311b1468e8,https://jiuxianzai.oss-cn-beijing.aliyuncs.com/kaoyan/2026/05/15/5c03395d1e674b6191d6374486ad2aeb.png,2026-10-09T06:35:08.649433+00:00,mini_program_api_value_reconciled,secondary_structured,335114e8800f096a,matched
延边大学,2026,理学院,应用统计,retest_count,7.0,7.0,0.0,0.01,schoolMajorVO.enterpersonRepeatNum,https://admin.jiuxianzai.cn/api/applet/home/index/schoolDetail/153f02b8efd30492688680311b1468e8,https://jiuxianzai.oss-cn-beijing.aliyuncs.com/kaoyan/2026/05/15/5c03395d1e674b6191d6374486ad2aeb.png,2026-10-09T06:35:08.649433+00:00,mini_program_api_value_reconciled,secondary_structured,335114e8800f096a,matched
新疆大学,2022,数学与系统科学学院,应用统计,admitted_count,4.0,4.0,0.0,0.01,schoolMajorVO.enterpersonVolunteerNum,https://admin.jiuxianzai.cn/api/applet/home/index/schoolDetail/b315329ed2a27f19f095c3b25ce12c51,https://jiuxianzai.oss-cn-beijing.aliyuncs.com/kaoyan/2022/04/18/93d08176eb0441ad9ac4ab478fd47dae.png,2026-10-09T06:35:11.626488+00:00,mini_program_api_value_reconciled,secondary_structured,6aaf3c38ad63054a,matched
新疆大学,2022,数学与系统科学学院,应用统计,retest_count,8.0,8.0,0.0,0.01,schoolMajorVO.enterpersonRepeatNum,https://admin.jiuxianzai.cn/api/applet/home/index/schoolDetail/b315329ed2a27f19f095c3b25ce12c51,https://jiuxianzai.oss-cn-beijing.aliyuncs.com/kaoyan/2022/04/18/93d08176eb0441ad9ac4ab478fd47dae.png,2026-10-09T06:35:11.626488+00:00,mini_program_api_value_reconciled,secondary_structured,6aaf3c38ad63054a,matched
新疆大学,2023,数学与系统科学学院,应用统计,cutoff,336.0,336.0,0.0,0.51,schoolMajorVO.repeatGrade,https://admin.jiuxianzai.cn/api/applet/home/index/schoolDetail/b315329ed2a27f19f095c3b25ce12c51,https://jiuxianzai.oss-cn-beijing.aliyuncs.com/kaoyan/2023/04/13/2d9ad3e3f44040818a2a86ee86a21a5b.png,2026-10-09T06:35:11.626488+00:00,mini_program_api_value_reconciled,secondary_structured,6aaf3c38ad63054a,matched
新疆大学,2023,数学与系统科学学院,应用统计,admitted_min,336.0,336.0,0.0,0.51,schoolMajorVO.repeatMinGrade,https://admin.jiuxianzai.cn/api/applet/home/index/schoolDetail/b315329ed2a27f19f095c3b25ce12c51,https://jiuxianzai.oss-cn-beijing.aliyuncs.com/kaoyan/2023/04/13/2d9ad3e3f44040818a2a86ee86a21a5b.png,2026-10-09T06:35:11.626488+00:00,mini_program_api_value_reconciled,secondary_structured,6aaf3c38ad63054a,matched
新疆大学,2023,数学与系统科学学院,应用统计,admitted_count,10.0,10.0,0.0,0.01,schoolMajorVO.enterpersonVolunteerNum,https://admin.jiuxianzai.cn/api/applet/home/index/schoolDetail/b315329ed2a27f19f095c3b25ce12c51,https://jiuxianzai.oss-cn-beijing.aliyuncs.com/kaoyan/2023/04/13/2d9ad3e3f44040818a2a86ee86a21a5b.png,2026-10-09T06:35:11.626488+00:00,mini_program_api_value_reconciled,secondary_structured,6aaf3c38ad63054a,matched
新疆大学,2023,数学与系统科学学院,应用统计,retest_count,10.0,10.0,0.0,0.01,schoolMajorVO.enterpersonRepeatNum,https://admin.jiuxianzai.cn/api/applet/home/index/schoolDetail/b315329ed2a27f19f095c3b25ce12c51,https://jiuxianzai.oss-cn-beijing.aliyuncs.com/kaoyan/2023/04/13/2d9ad3e3f44040818a2a86ee86a21a5b.png,2026-10-09T06:35:11.626488+00:00,mini_program_api_value_reconciled,secondary_structured,6aaf3c38ad63054a,matched
新疆大学,2024,数学与系统科学学院,应用统计,admitted_min,329.0,329.0,0.0,0.51,schoolMajorVO.repeatMinGrade,https://admin.jiuxianzai.cn/api/applet/home/index/schoolDetail/b315329ed2a27f19f095c3b25ce12c51,https://jiuxianzai.oss-cn-beijing.aliyuncs.com/kaoyan/2024/04/08/4f4ffa3950864f5cafcd568de8f451c9.png,2026-10-09T06:35:11.626488+00:00,mini_program_api_value_reconciled,secondary_structured,6aaf3c38ad63054a,matched
新疆大学,2024,数学与系统科学学院,应用统计,admitted_count,9.0,9.0,0.0,0.01,schoolMajorVO.enterpersonVolunteerNum,https://admin.jiuxianzai.cn/api/applet/home/index/schoolDetail/b315329ed2a27f19f095c3b25ce12c51,https://jiuxianzai.oss-cn-beijing.aliyuncs.com/kaoyan/2024/04/08/4f4ffa3950864f5cafcd568de8f451c9.png,2026-10-09T06:35:11.626488+00:00,mini_program_api_value_reconciled,secondary_structured,6aaf3c38ad63054a,matched
新疆大学,2024,数学与系统科学学院,应用统计,retest_count,9.0,9.0,0.0,0.01,schoolMajorVO.enterpersonRepeatNum,https://admin.jiuxianzai.cn/api/applet/home/index/schoolDetail/b315329ed2a27f19f095c3b25ce12c51,https://jiuxianzai.oss-cn-beijing.aliyuncs.com/kaoyan/2024/04/08/4f4ffa3950864f5cafcd568de8f451c9.png,2026-10-09T06:35:11.626488+00:00,mini_program_api_value_reconciled,secondary_structured,6aaf3c38ad63054a,matched
新疆大学,2025,数学与系统科学学院,应用统计,cutoff,313.0,313.0,0.0,0.51,schoolMajorVO.repeatGrade,https://admin.jiuxianzai.cn/api/applet/home/index/schoolDetail/b315329ed2a27f19f095c3b25ce12c51,https://jiuxianzai.oss-cn-beijing.aliyuncs.com/kaoyan/2025/04/07/fedcb988c3074cda9cb8f16d22f8cb32.png,2026-10-09T06:35:11.626488+00:00,mini_program_api_value_reconciled,secondary_structured,6aaf3c38ad63054a,matched
新疆大学,2025,数学与系统科学学院,应用统计,admitted_min,313.0,313.0,0.0,0.51,schoolMajorVO.repeatMinGrade,https://admin.jiuxianzai.cn/api/applet/home/index/schoolDetail/b315329ed2a27f19f095c3b25ce12c51,https://jiuxianzai.oss-cn-beijing.aliyuncs.com/kaoyan/2025/04/07/fedcb988c3074cda9cb8f16d22f8cb32.png,2026-10-09T06:35:11.626488+00:00,mini_program_api_value_reconciled,secondary_structured,6aaf3c38ad63054a,matched
新疆大学,2025,数学与系统科学学院,应用统计,admitted_count,20.0,20.0,0.0,0.01,schoolMajorVO.enterpersonVolunteerNum,https://admin.jiuxianzai.cn/api/applet/home/index/schoolDetail/b315329ed2a27f19f095c3b25ce12c51,https://jiuxianzai.oss-cn-beijing.aliyuncs.com/kaoyan/2025/04/07/fedcb988c3074cda9cb8f16d22f8cb32.png,2026-10-09T06:35:11.626488+00:00,mini_program_api_value_reconciled,secondary_structured,6aaf3c38ad63054a,matched
新疆大学,2025,数学与系统科学学院,应用统计,retest_count,21.0,21.0,0.0,0.01,schoolMajorVO.enterpersonRepeatNum,https://admin.jiuxianzai.cn/api/applet/home/index/schoolDetail/b315329ed2a27f19f095c3b25ce12c51,https://jiuxianzai.oss-cn-beijing.aliyuncs.com/kaoyan/2025/04/07/fedcb988c3074cda9cb8f16d22f8cb32.png,2026-10-09T06:35:11.626488+00:00,mini_program_api_value_reconciled,secondary_structured,6aaf3c38ad63054a,matched
新疆大学,2026,数学与系统科学学院,应用统计,admitted_count,46.0,46.0,0.0,0.01,schoolMajorVO.enterpersonVolunteerNum,https://admin.jiuxianzai.cn/api/applet/home/index/schoolDetail/b315329ed2a27f19f095c3b25ce12c51,https://jiuxianzai.oss-cn-beijing.aliyuncs.com/kaoyan/2026/05/15/8069b222682f4060a0d0770a3c9d2b83.png,2026-10-09T06:35:11.626488+00:00,mini_program_api_value_reconciled,secondary_structured,6aaf3c38ad63054a,matched
新疆大学,2026,数学与系统科学学院,应用统计,retest_count,46.0,46.0,0.0,0.01,schoolMajorVO.enterpersonRepeatNum,https://admin.jiuxianzai.cn/api/applet/home/index/schoolDetail/b315329ed2a27f19f095c3b25ce12c51,https://jiuxianzai.oss-cn-beijing.aliyuncs.com/kaoyan/2026/05/15/8069b222682f4060a0d0770a3c9d2b83.png,2026-10-09T06:35:11.626488+00:00,mini_program_api_value_reconciled,secondary_structured,6aaf3c38ad63054a,matched
暨南大学,2023,信息科学技术学院,应用统计,cutoff,389.0,389.0,0.0,0.51,schoolMajorVO.repeatGrade,https://admin.jiuxianzai.cn/api/applet/home/index/schoolDetail/f72997260b3ef04000cb9ddfb7770a97,https://jiuxianzai.oss-cn-beijing.aliyuncs.com/kaoyan/2023/04/13/026cf2be44bf4f37aa82ce14a35ea971.png,2026-10-09T06:35:12.715476+00:00,mini_program_api_value_reconciled,secondary_structured,0eda37be77fa12bd,matched
暨南大学,2025,信息科学技术学院,应用统计,cutoff,323.0,323.0,0.0,0.51,schoolMajorVO.repeatGrade,https://admin.jiuxianzai.cn/api/applet/home/index/schoolDetail/f72997260b3ef04000cb9ddfb7770a97,https://jiuxianzai.oss-cn-beijing.aliyuncs.com/kaoyan/2025/04/07/8c469c75027045059d8ed2a78abd8290.png,2026-10-09T06:35:12.715476+00:00,mini_program_api_value_reconciled,secondary_structured,0eda37be77fa12bd,matched
暨南大学,2025,信息科学技术学院,应用统计,admitted_min,323.0,323.0,0.0,0.51,schoolMajorVO.repeatMinGrade,https://admin.jiuxianzai.cn/api/applet/home/index/schoolDetail/f72997260b3ef04000cb9ddfb7770a97,https://jiuxianzai.oss-cn-beijing.aliyuncs.com/kaoyan/2025/04/07/8c469c75027045059d8ed2a78abd8290.png,2026-10-09T06:35:12.715476+00:00,mini_program_api_value_reconciled,secondary_structured,0eda37be77fa12bd,matched
暨南大学,2026,信息科学技术学院,应用统计,admitted_min,379.0,379.0,0.0,0.51,schoolMajorVO.repeatMinGrade,https://admin.jiuxianzai.cn/api/applet/home/index/schoolDetail/f72997260b3ef04000cb9ddfb7770a97,https://jiuxianzai.oss-cn-beijing.aliyuncs.com/kaoyan/2026/05/15/75637d0d0dc54ccfac18a533e730bbb0.png,2026-10-09T06:35:12.715476+00:00,mini_program_api_value_reconciled,secondary_structured,0eda37be77fa12bd,matched
暨南大学,2022,经济学院,应用统计,cutoff,381.0,381.0,0.0,0.51,schoolMajorVO.repeatGrade,https://admin.jiuxianzai.cn/api/applet/home/index/schoolDetail/6b02702b49711b202869e23d1d26ff6e,https://jiuxianzai.oss-cn-beijing.aliyuncs.com/kaoyan/2022/04/18/6219e0c042e142508fa7824fc778f17b.png,2026-10-09T06:35:10.304812+00:00,mini_program_api_value_reconciled,secondary_structured,e9b60adbd1b84003,matched
暨南大学,2023,经济学院,应用统计,cutoff,389.0,389.0,0.0,0.51,schoolMajorVO.repeatGrade,https://admin.jiuxianzai.cn/api/applet/home/index/schoolDetail/6b02702b49711b202869e23d1d26ff6e,https://jiuxianzai.oss-cn-beijing.aliyuncs.com/kaoyan/2023/04/13/a538b63b8cd34296ba3626869e1cac99.png,2026-10-09T06:35:10.304812+00:00,mini_program_api_value_reconciled,secondary_structured,e9b60adbd1b84003,matched
暨南大学,2023,经济学院,应用统计,admitted_min,389.0,389.0,0.0,0.51,schoolMajorVO.repeatMinGrade,https://admin.jiuxianzai.cn/api/applet/home/index/schoolDetail/6b02702b49711b202869e23d1d26ff6e,https://jiuxianzai.oss-cn-beijing.aliyuncs.com/kaoyan/2023/04/13/a538b63b8cd34296ba3626869e1cac99.png,2026-10-09T06:35:10.304812+00:00,mini_program_api_value_reconciled,secondary_structured,e9b60adbd1b84003,matched
暨南大学,2024,经济学院,应用统计,admitted_min,364.0,364.0,0.0,0.51,schoolMajorVO.repeatMinGrade,https://admin.jiuxianzai.cn/api/applet/home/index/schoolDetail/6b02702b49711b202869e23d1d26ff6e,https://jiuxianzai.oss-cn-beijing.aliyuncs.com/kaoyan/2024/04/08/0bcc731b232b4639beaf29e44b4c613e.png,2026-10-09T06:35:10.304812+00:00,mini_program_api_value_reconciled,secondary_structured,e9b60adbd1b84003,matched
武汉大学,2022,数学与统计学院,应用统计,cutoff,415.0,415.0,0.0,0.51,schoolMajorVO.repeatGrade,https://admin.jiuxianzai.cn/api/applet/home/index/schoolDetail/c7e895b74699dc0627195a1b12f880fd,https://jiuxianzai.oss-cn-beijing.aliyuncs.com/kaoyan/2022/04/17/d897fa7c80164875bcd166f85066337f.png,2026-10-09T06:35:11.900577+00:00,mini_program_api_value_reconciled,secondary_structured,2ba680d24dd7e8f4,matched
武汉大学,2022,数学与统计学院,应用统计,admitted_count,16.0,16.0,0.0,0.01,schoolMajorVO.enterpersonVolunteerNum,https://admin.jiuxianzai.cn/api/applet/home/index/schoolDetail/c7e895b74699dc0627195a1b12f880fd,https://jiuxianzai.oss-cn-beijing.aliyuncs.com/kaoyan/2022/04/17/d897fa7c80164875bcd166f85066337f.png,2026-10-09T06:35:11.900577+00:00,mini_program_api_value_reconciled,secondary_structured,2ba680d24dd7e8f4,matched
武汉大学,2022,数学与统计学院,应用统计,retest_count,23.0,23.0,0.0,0.01,schoolMajorVO.enterpersonRepeatNum,https://admin.jiuxianzai.cn/api/applet/home/index/schoolDetail/c7e895b74699dc0627195a1b12f880fd,https://jiuxianzai.oss-cn-beijing.aliyuncs.com/kaoyan/2022/04/17/d897fa7c80164875bcd166f85066337f.png,2026-10-09T06:35:11.900577+00:00,mini_program_api_value_reconciled,secondary_structured,2ba680d24dd7e8f4,matched
武汉大学,2023,数学与统计学院,应用统计,admitted_min,371.0,371.0,0.0,0.51,schoolMajorVO.repeatMinGrade,https://admin.jiuxianzai.cn/api/applet/home/index/schoolDetail/c7e895b74699dc0627195a1b12f880fd,https://jiuxianzai.oss-cn-beijing.aliyuncs.com/kaoyan/2023/06/01/c0b2a797df6a456f82a718b14da40827.png,2026-10-09T06:35:11.900577+00:00,mini_program_api_value_reconciled,secondary_structured,2ba680d24dd7e8f4,matched
武汉大学,2023,数学与统计学院,应用统计,admitted_count,15.0,15.0,0.0,0.01,schoolMajorVO.enterpersonVolunteerNum,https://admin.jiuxianzai.cn/api/applet/home/index/schoolDetail/c7e895b74699dc0627195a1b12f880fd,https://jiuxianzai.oss-cn-beijing.aliyuncs.com/kaoyan/2023/06/01/c0b2a797df6a456f82a718b14da40827.png,2026-10-09T06:35:11.900577+00:00,mini_program_api_value_reconciled,secondary_structured,2ba680d24dd7e8f4,matched
武汉大学,2023,数学与统计学院,应用统计,retest_count,17.0,17.0,0.0,0.01,schoolMajorVO.enterpersonRepeatNum,https://admin.jiuxianzai.cn/api/applet/home/index/schoolDetail/c7e895b74699dc0627195a1b12f880fd,https://jiuxianzai.oss-cn-beijing.aliyuncs.com/kaoyan/2023/06/01/c0b2a797df6a456f82a718b14da40827.png,2026-10-09T06:35:11.900577+00:00,mini_program_api_value_reconciled,secondary_structured,2ba680d24dd7e8f4,matched
武汉大学,2024,数学与统计学院,应用统计,admitted_min,386.0,386.0,0.0,0.51,schoolMajorVO.repeatMinGrade,https://admin.jiuxianzai.cn/api/applet/home/index/schoolDetail/c7e895b74699dc0627195a1b12f880fd,https://jiuxianzai.oss-cn-beijing.aliyuncs.com/kaoyan/2024/04/08/ab20328b844b42918396250f504d2296.png,2026-10-09T06:35:11.900577+00:00,mini_program_api_value_reconciled,secondary_structured,2ba680d24dd7e8f4,matched
武汉大学,2024,数学与统计学院,应用统计,admitted_count,11.0,11.0,0.0,0.01,schoolMajorVO.enterpersonVolunteerNum,https://admin.jiuxianzai.cn/api/applet/home/index/schoolDetail/c7e895b74699dc0627195a1b12f880fd,https://jiuxianzai.oss-cn-beijing.aliyuncs.com/kaoyan/2024/04/08/ab20328b844b42918396250f504d2296.png,2026-10-09T06:35:11.900577+00:00,mini_program_api_value_reconciled,secondary_structured,2ba680d24dd7e8f4,matched
武汉大学,2024,数学与统计学院,应用统计,retest_count,14.0,14.0,0.0,0.01,schoolMajorVO.enterpersonRepeatNum,https://admin.jiuxianzai.cn/api/applet/home/index/schoolDetail/c7e895b74699dc0627195a1b12f880fd,https://jiuxianzai.oss-cn-beijing.aliyuncs.com/kaoyan/2024/04/08/ab20328b844b42918396250f504d2296.png,2026-10-09T06:35:11.900577+00:00,mini_program_api_value_reconciled,secondary_structured,2ba680d24dd7e8f4,matched
武汉大学,2025,数学与统计学院,应用统计,admitted_min,382.0,382.0,0.0,0.51,schoolMajorVO.repeatMinGrade,https://admin.jiuxianzai.cn/api/applet/home/index/schoolDetail/c7e895b74699dc0627195a1b12f880fd,https://jiuxianzai.oss-cn-beijing.aliyuncs.com/kaoyan/2025/04/03/3f3998057c2e455c8fd5571125f2591a.png,2026-10-09T06:35:11.900577+00:00,mini_program_api_value_reconciled,secondary_structured,2ba680d24dd7e8f4,matched
武汉大学,2025,数学与统计学院,应用统计,admitted_count,6.0,6.0,0.0,0.01,schoolMajorVO.enterpersonVolunteerNum,https://admin.jiuxianzai.cn/api/applet/home/index/schoolDetail/c7e895b74699dc0627195a1b12f880fd,https://jiuxianzai.oss-cn-beijing.aliyuncs.com/kaoyan/2025/04/03/3f3998057c2e455c8fd5571125f2591a.png,2026-10-09T06:35:11.900577+00:00,mini_program_api_value_reconciled,secondary_structured,2ba680d24dd7e8f4,matched
武汉大学,2025,数学与统计学院,应用统计,retest_count,9.0,9.0,0.0,0.01,schoolMajorVO.enterpersonRepeatNum,https://admin.jiuxianzai.cn/api/applet/home/index/schoolDetail/c7e895b74699dc0627195a1b12f880fd,https://jiuxianzai.oss-cn-beijing.aliyuncs.com/kaoyan/2025/04/03/3f3998057c2e455c8fd5571125f2591a.png,2026-10-09T06:35:11.900577+00:00,mini_program_api_value_reconciled,secondary_structured,2ba680d24dd7e8f4,matched
武汉理工大学,2022,数学与统计学院,应用统计,cutoff,369.0,369.0,0.0,0.51,schoolMajorVO.repeatGrade,https://admin.jiuxianzai.cn/api/applet/home/index/schoolDetail/f9cac867d6bbe20bb29d70cb87d0e136,https://jiuxianzai.oss-cn-beijing.aliyuncs.com/kaoyan/2022/04/18/0bae897a215541c1b2f30a9f53e5ff73.png,2026-10-09T06:35:13.076919+00:00,mini_program_api_value_reconciled,secondary_structured,30dadcabcefec26b,matched
武汉理工大学,2022,数学与统计学院,应用统计,admitted_count,43.0,43.0,0.0,0.01,schoolMajorVO.enterpersonVolunteerNum,https://admin.jiuxianzai.cn/api/applet/home/index/schoolDetail/f9cac867d6bbe20bb29d70cb87d0e136,https://jiuxianzai.oss-cn-beijing.aliyuncs.com/kaoyan/2022/04/18/0bae897a215541c1b2f30a9f53e5ff73.png,2026-10-09T06:35:13.076919+00:00,mini_program_api_value_reconciled,secondary_structured,30dadcabcefec26b,matched
武汉理工大学,2022,数学与统计学院,应用统计,retest_count,54.0,54.0,0.0,0.01,schoolMajorVO.enterpersonRepeatNum,https://admin.jiuxianzai.cn/api/applet/home/index/schoolDetail/f9cac867d6bbe20bb29d70cb87d0e136,https://jiuxianzai.oss-cn-beijing.aliyuncs.com/kaoyan/2022/04/18/0bae897a215541c1b2f30a9f53e5ff73.png,2026-10-09T06:35:13.076919+00:00,mini_program_api_value_reconciled,secondary_structured,30dadcabcefec26b,matched
武汉理工大学,2023,数学与统计学院,应用统计,cutoff,379.0,379.0,0.0,0.51,schoolMajorVO.repeatGrade,https://admin.jiuxianzai.cn/api/applet/home/index/schoolDetail/f9cac867d6bbe20bb29d70cb87d0e136,https://jiuxianzai.oss-cn-beijing.aliyuncs.com/kaoyan/2023/04/13/147af1e509934837a48a2b2eaa48e318.png,2026-10-09T06:35:13.076919+00:00,mini_program_api_value_reconciled,secondary_structured,30dadcabcefec26b,matched
武汉理工大学,2023,数学与统计学院,应用统计,admitted_min,379.0,379.0,0.0,0.51,schoolMajorVO.repeatMinGrade,https://admin.jiuxianzai.cn/api/applet/home/index/schoolDetail/f9cac867d6bbe20bb29d70cb87d0e136,https://jiuxianzai.oss-cn-beijing.aliyuncs.com/kaoyan/2023/04/13/147af1e509934837a48a2b2eaa48e318.png,2026-10-09T06:35:13.076919+00:00,mini_program_api_value_reconciled,secondary_structured,30dadcabcefec26b,matched
武汉理工大学,2023,数学与统计学院,应用统计,admitted_count,42.0,42.0,0.0,0.01,schoolMajorVO.enterpersonVolunteerNum,https://admin.jiuxianzai.cn/api/applet/home/index/schoolDetail/f9cac867d6bbe20bb29d70cb87d0e136,https://jiuxianzai.oss-cn-beijing.aliyuncs.com/kaoyan/2023/04/13/147af1e509934837a48a2b2eaa48e318.png,2026-10-09T06:35:13.076919+00:00,mini_program_api_value_reconciled,secondary_structured,30dadcabcefec26b,matched
武汉理工大学,2023,数学与统计学院,应用统计,retest_count,56.0,56.0,0.0,0.01,schoolMajorVO.enterpersonRepeatNum,https://admin.jiuxianzai.cn/api/applet/home/index/schoolDetail/f9cac867d6bbe20bb29d70cb87d0e136,https://jiuxianzai.oss-cn-beijing.aliyuncs.com/kaoyan/2023/04/13/147af1e509934837a48a2b2eaa48e318.png,2026-10-09T06:35:13.076919+00:00,mini_program_api_value_reconciled,secondary_structured,30dadcabcefec26b,matched
武汉理工大学,2024,数学与统计学院（襄阳示范区）,应用统计,admitted_min,346.0,346.0,0.0,0.51,schoolMajorVO.repeatMinGrade,https://admin.jiuxianzai.cn/api/applet/home/index/schoolDetail/34523f809ded9c102849ecd909fd0bf8,https://jiuxianzai.oss-cn-beijing.aliyuncs.com/kaoyan/2024/04/18/538db8e868f14f708d27fc9c888715b8.png,2026-10-09T06:35:09.451675+00:00,mini_program_api_value_reconciled,secondary_structured,c71a0f5053115a28,matched
武汉理工大学,2025,数学与统计学院（襄阳示范区）,应用统计,admitted_min,347.0,347.0,0.0,0.51,schoolMajorVO.repeatMinGrade,https://admin.jiuxianzai.cn/api/applet/home/index/schoolDetail/34523f809ded9c102849ecd909fd0bf8,https://jiuxianzai.oss-cn-beijing.aliyuncs.com/kaoyan/2025/05/08/0d2fe4c1b21f4e138f5db66e6e8ee5b3.png,2026-10-09T06:35:09.451675+00:00,mini_program_api_value_reconciled,secondary_structured,c71a0f5053115a28,matched
武汉理工大学,2026,数学与统计学院（襄阳示范区）,应用统计,admitted_min,359.0,359.0,0.0,0.51,schoolMajorVO.repeatMinGrade,https://admin.jiuxianzai.cn/api/applet/home/index/schoolDetail/34523f809ded9c102849ecd909fd0bf8,https://jiuxianzai.oss-cn-beijing.aliyuncs.com/kaoyan/2026/05/15/8a3d1f898dde4514bdb4ef8379652faa.png,2026-10-09T06:35:09.451675+00:00,mini_program_api_value_reconciled,secondary_structured,c71a0f5053115a28,matched
河北工业大学,2022,理学院,应用统计,cutoff,360.0,360.0,0.0,0.51,schoolMajorVO.repeatGrade,https://admin.jiuxianzai.cn/api/applet/home/index/schoolDetail/c2ff9e028cb9a501c8b32ce810184de5,https://jiuxianzai.oss-cn-beijing.aliyuncs.com/kaoyan/2022/04/18/afebceb4f8674be8a00b93448ac2d7fc.png,2026-10-09T06:35:11.905592+00:00,mini_program_api_value_reconciled,secondary_structured,d9545a70ad4c17f0,matched
河北工业大学,2022,理学院,应用统计,admitted_count,13.0,13.0,0.0,0.01,schoolMajorVO.enterpersonVolunteerNum,https://admin.jiuxianzai.cn/api/applet/home/index/schoolDetail/c2ff9e028cb9a501c8b32ce810184de5,https://jiuxianzai.oss-cn-beijing.aliyuncs.com/kaoyan/2022/04/18/afebceb4f8674be8a00b93448ac2d7fc.png,2026-10-09T06:35:11.905592+00:00,mini_program_api_value_reconciled,secondary_structured,d9545a70ad4c17f0,matched
河北工业大学,2022,理学院,应用统计,retest_count,13.0,13.0,0.0,0.01,schoolMajorVO.enterpersonRepeatNum,https://admin.jiuxianzai.cn/api/applet/home/index/schoolDetail/c2ff9e028cb9a501c8b32ce810184de5,https://jiuxianzai.oss-cn-beijing.aliyuncs.com/kaoyan/2022/04/18/afebceb4f8674be8a00b93448ac2d7fc.png,2026-10-09T06:35:11.905592+00:00,mini_program_api_value_reconciled,secondary_structured,d9545a70ad4c17f0,matched
河北工业大学,2023,理学院,应用统计,cutoff,353.0,353.0,0.0,0.51,schoolMajorVO.repeatGrade,https://admin.jiuxianzai.cn/api/applet/home/index/schoolDetail/c2ff9e028cb9a501c8b32ce810184de5,https://jiuxianzai.oss-cn-beijing.aliyuncs.com/kaoyan/2023/04/13/b67b0ba0d7fd4a339b23e7c775ce197c.png,2026-10-09T06:35:11.905592+00:00,mini_program_api_value_reconciled,secondary_structured,d9545a70ad4c17f0,matched
河北工业大学,2023,理学院,应用统计,admitted_min,353.0,353.0,0.0,0.51,schoolMajorVO.repeatMinGrade,https://admin.jiuxianzai.cn/api/applet/home/index/schoolDetail/c2ff9e028cb9a501c8b32ce810184de5,https://jiuxianzai.oss-cn-beijing.aliyuncs.com/kaoyan/2023/04/13/b67b0ba0d7fd4a339b23e7c775ce197c.png,2026-10-09T06:35:11.905592+00:00,mini_program_api_value_reconciled,secondary_structured,d9545a70ad4c17f0,matched
河北工业大学,2023,理学院,应用统计,admitted_count,24.0,24.0,0.0,0.01,schoolMajorVO.enterpersonVolunteerNum,https://admin.jiuxianzai.cn/api/applet/home/index/schoolDetail/c2ff9e028cb9a501c8b32ce810184de5,https://jiuxianzai.oss-cn-beijing.aliyuncs.com/kaoyan/2023/04/13/b67b0ba0d7fd4a339b23e7c775ce197c.png,2026-10-09T06:35:11.905592+00:00,mini_program_api_value_reconciled,secondary_structured,d9545a70ad4c17f0,matched
河北工业大学,2023,理学院,应用统计,retest_count,32.0,32.0,0.0,0.01,schoolMajorVO.enterpersonRepeatNum,https://admin.jiuxianzai.cn/api/applet/home/index/schoolDetail/c2ff9e028cb9a501c8b32ce810184de5,https://jiuxianzai.oss-cn-beijing.aliyuncs.com/kaoyan/2023/04/13/b67b0ba0d7fd4a339b23e7c775ce197c.png,2026-10-09T06:35:11.905592+00:00,mini_program_api_value_reconciled,secondary_structured,d9545a70ad4c17f0,matched
河北工业大学,2024,理学院,应用统计,admitted_min,362.0,362.0,0.0,0.51,schoolMajorVO.repeatMinGrade,https://admin.jiuxianzai.cn/api/applet/home/index/schoolDetail/c2ff9e028cb9a501c8b32ce810184de5,https://jiuxianzai.oss-cn-beijing.aliyuncs.com/kaoyan/2024/04/08/5d4b5c0ef25e46079bde6f97faf561d4.png,2026-10-09T06:35:11.905592+00:00,mini_program_api_value_reconciled,secondary_structured,d9545a70ad4c17f0,matched
河北工业大学,2024,理学院,应用统计,admitted_count,24.0,24.0,0.0,0.01,schoolMajorVO.enterpersonVolunteerNum,https://admin.jiuxianzai.cn/api/applet/home/index/schoolDetail/c2ff9e028cb9a501c8b32ce810184de5,https://jiuxianzai.oss-cn-beijing.aliyuncs.com/kaoyan/2024/04/08/5d4b5c0ef25e46079bde6f97faf561d4.png,2026-10-09T06:35:11.905592+00:00,mini_program_api_value_reconciled,secondary_structured,d9545a70ad4c17f0,matched
河北工业大学,2024,理学院,应用统计,retest_count,33.0,33.0,0.0,0.01,schoolMajorVO.enterpersonRepeatNum,https://admin.jiuxianzai.cn/api/applet/home/index/schoolDetail/c2ff9e028cb9a501c8b32ce810184de5,https://jiuxianzai.oss-cn-beijing.aliyuncs.com/kaoyan/2024/04/08/5d4b5c0ef25e46079bde6f97faf561d4.png,2026-10-09T06:35:11.905592+00:00,mini_program_api_value_reconciled,secondary_structured,d9545a70ad4c17f0,matched
河北工业大学,2025,理学院,应用统计,cutoff,323.0,323.0,0.0,0.51,schoolMajorVO.repeatGrade,https://admin.jiuxianzai.cn/api/applet/home/index/schoolDetail/c2ff9e028cb9a501c8b32ce810184de5,https://jiuxianzai.oss-cn-beijing.aliyuncs.com/kaoyan/2025/04/07/16aaeecaa42f4282b1a7ad262dcd80be.png,2026-10-09T06:35:11.905592+00:00,mini_program_api_value_reconciled,secondary_structured,d9545a70ad4c17f0,matched
河北工业大学,2025,理学院,应用统计,admitted_min,323.0,323.0,0.0,0.51,schoolMajorVO.repeatMinGrade,https://admin.jiuxianzai.cn/api/applet/home/index/schoolDetail/c2ff9e028cb9a501c8b32ce810184de5,https://jiuxianzai.oss-cn-beijing.aliyuncs.com/kaoyan/2025/04/07/16aaeecaa42f4282b1a7ad262dcd80be.png,2026-10-09T06:35:11.905592+00:00,mini_program_api_value_reconciled,secondary_structured,d9545a70ad4c17f0,matched
河北工业大学,2025,理学院,应用统计,admitted_count,24.0,24.0,0.0,0.01,schoolMajorVO.enterpersonVolunteerNum,https://admin.jiuxianzai.cn/api/applet/home/index/schoolDetail/c2ff9e028cb9a501c8b32ce810184de5,https://jiuxianzai.oss-cn-beijing.aliyuncs.com/kaoyan/2025/04/07/16aaeecaa42f4282b1a7ad262dcd80be.png,2026-10-09T06:35:11.905592+00:00,mini_program_api_value_reconciled,secondary_structured,d9545a70ad4c17f0,matched
河北工业大学,2025,理学院,应用统计,retest_count,25.0,25.0,0.0,0.01,schoolMajorVO.enterpersonRepeatNum,https://admin.jiuxianzai.cn/api/applet/home/index/schoolDetail/c2ff9e028cb9a501c8b32ce810184de5,https://jiuxianzai.oss-cn-beijing.aliyuncs.com/kaoyan/2025/04/07/16aaeecaa42f4282b1a7ad262dcd80be.png,2026-10-09T06:35:11.905592+00:00,mini_program_api_value_reconciled,secondary_structured,d9545a70ad4c17f0,matched
河北工业大学,2026,理学院,应用统计,admitted_min,369.0,369.0,0.0,0.51,schoolMajorVO.repeatMinGrade,https://admin.jiuxianzai.cn/api/applet/home/index/schoolDetail/c2ff9e028cb9a501c8b32ce810184de5,https://jiuxianzai.oss-cn-beijing.aliyuncs.com/kaoyan/2026/05/15/bdc1055f2e6f403b90a021720f07634f.png,2026-10-09T06:35:11.905592+00:00,mini_program_api_value_reconciled,secondary_structured,d9545a70ad4c17f0,matched
河北工业大学,2026,理学院,应用统计,admitted_count,21.0,21.0,0.0,0.01,schoolMajorVO.enterpersonVolunteerNum,https://admin.jiuxianzai.cn/api/applet/home/index/schoolDetail/c2ff9e028cb9a501c8b32ce810184de5,https://jiuxianzai.oss-cn-beijing.aliyuncs.com/kaoyan/2026/05/15/bdc1055f2e6f403b90a021720f07634f.png,2026-10-09T06:35:11.905592+00:00,mini_program_api_value_reconciled,secondary_structured,d9545a70ad4c17f0,matched
河北工业大学,2026,理学院,应用统计,retest_count,28.0,28.0,0.0,0.01,schoolMajorVO.enterpersonRepeatNum,https://admin.jiuxianzai.cn/api/applet/home/index/schoolDetail/c2ff9e028cb9a501c8b32ce810184de5,https://jiuxianzai.oss-cn-beijing.aliyuncs.com/kaoyan/2026/05/15/bdc1055f2e6f403b90a021720f07634f.png,2026-10-09T06:35:11.905592+00:00,mini_program_api_value_reconciled,secondary_structured,d9545a70ad4c17f0,matched
河海大学,2026,前沿交叉科学研究院,应用统计,admitted_min,357.0,357.0,0.0,0.51,schoolMajorVO.repeatMinGrade,https://admin.jiuxianzai.cn/api/applet/home/index/schoolDetail/56e3e5a6404fb8ba192e3d891bfdfc35,https://jiuxianzai.oss-cn-beijing.aliyuncs.com/kaoyan/2026/05/15/10a91af297604e30bcdcceb6827ff524.png,2026-10-09T06:35:09.929648+00:00,mini_program_api_value_reconciled,secondary_structured,3bcf581384b68091,matched
河海大学,2022,数学学院,应用统计,admitted_count,17.0,17.0,0.0,0.01,schoolMajorVO.enterpersonVolunteerNum,https://admin.jiuxianzai.cn/api/applet/home/index/schoolDetail/7affba1152da17a8ed22186d16b81af0,https://jiuxianzai.oss-cn-beijing.aliyuncs.com/kaoyan/2022/04/18/023bff83bacd4b6d9445b0ad5fd8a5b9.png,2026-10-09T06:35:10.547798+00:00,mini_program_api_value_reconciled,secondary_structured,199c508563fe8c28,matched
河海大学,2022,数学学院,应用统计,retest_count,17.0,17.0,0.0,0.01,schoolMajorVO.enterpersonRepeatNum,https://admin.jiuxianzai.cn/api/applet/home/index/schoolDetail/7affba1152da17a8ed22186d16b81af0,https://jiuxianzai.oss-cn-beijing.aliyuncs.com/kaoyan/2022/04/18/023bff83bacd4b6d9445b0ad5fd8a5b9.png,2026-10-09T06:35:10.547798+00:00,mini_program_api_value_reconciled,secondary_structured,199c508563fe8c28,matched
河海大学,2023,数学学院,应用统计,cutoff,346.0,346.0,0.0,0.51,schoolMajorVO.repeatGrade,https://admin.jiuxianzai.cn/api/applet/home/index/schoolDetail/7affba1152da17a8ed22186d16b81af0,https://jiuxianzai.oss-cn-beijing.aliyuncs.com/kaoyan/2023/04/13/9f09d0a237a04b63b9ef55a02cc14533.png,2026-10-09T06:35:10.547798+00:00,mini_program_api_value_reconciled,secondary_structured,199c508563fe8c28,matched
河海大学,2023,数学学院,应用统计,admitted_min,352.0,352.0,0.0,0.51,schoolMajorVO.repeatMinGrade,https://admin.jiuxianzai.cn/api/applet/home/index/schoolDetail/7affba1152da17a8ed22186d16b81af0,https://jiuxianzai.oss-cn-beijing.aliyuncs.com/kaoyan/2023/04/13/9f09d0a237a04b63b9ef55a02cc14533.png,2026-10-09T06:35:10.547798+00:00,mini_program_api_value_reconciled,secondary_structured,199c508563fe8c28,matched
河海大学,2023,数学学院,应用统计,admitted_count,21.0,21.0,0.0,0.01,schoolMajorVO.enterpersonVolunteerNum,https://admin.jiuxianzai.cn/api/applet/home/index/schoolDetail/7affba1152da17a8ed22186d16b81af0,https://jiuxianzai.oss-cn-beijing.aliyuncs.com/kaoyan/2023/04/13/9f09d0a237a04b63b9ef55a02cc14533.png,2026-10-09T06:35:10.547798+00:00,mini_program_api_value_reconciled,secondary_structured,199c508563fe8c28,matched
河海大学,2023,数学学院,应用统计,retest_count,26.0,26.0,0.0,0.01,schoolMajorVO.enterpersonRepeatNum,https://admin.jiuxianzai.cn/api/applet/home/index/schoolDetail/7affba1152da17a8ed22186d16b81af0,https://jiuxianzai.oss-cn-beijing.aliyuncs.com/kaoyan/2023/04/13/9f09d0a237a04b63b9ef55a02cc14533.png,2026-10-09T06:35:10.547798+00:00,mini_program_api_value_reconciled,secondary_structured,199c508563fe8c28,matched
河海大学,2024,数学学院,应用统计,admitted_min,369.0,369.0,0.0,0.51,schoolMajorVO.repeatMinGrade,https://admin.jiuxianzai.cn/api/applet/home/index/schoolDetail/7affba1152da17a8ed22186d16b81af0,https://jiuxianzai.oss-cn-beijing.aliyuncs.com/kaoyan/2024/04/08/c49cc562a18c4a978b8cd7830e100885.png,2026-10-09T06:35:10.547798+00:00,mini_program_api_value_reconciled,secondary_structured,199c508563fe8c28,matched
河海大学,2024,数学学院,应用统计,admitted_count,21.0,21.0,0.0,0.01,schoolMajorVO.enterpersonVolunteerNum,https://admin.jiuxianzai.cn/api/applet/home/index/schoolDetail/7affba1152da17a8ed22186d16b81af0,https://jiuxianzai.oss-cn-beijing.aliyuncs.com/kaoyan/2024/04/08/c49cc562a18c4a978b8cd7830e100885.png,2026-10-09T06:35:10.547798+00:00,mini_program_api_value_reconciled,secondary_structured,199c508563fe8c28,matched
河海大学,2024,数学学院,应用统计,retest_count,27.0,27.0,0.0,0.01,schoolMajorVO.enterpersonRepeatNum,https://admin.jiuxianzai.cn/api/applet/home/index/schoolDetail/7affba1152da17a8ed22186d16b81af0,https://jiuxianzai.oss-cn-beijing.aliyuncs.com/kaoyan/2024/04/08/c49cc562a18c4a978b8cd7830e100885.png,2026-10-09T06:35:10.547798+00:00,mini_program_api_value_reconciled,secondary_structured,199c508563fe8c28,matched
河海大学,2025,数学学院,应用统计,admitted_min,337.0,337.0,0.0,0.51,schoolMajorVO.repeatMinGrade,https://admin.jiuxianzai.cn/api/applet/home/index/schoolDetail/7affba1152da17a8ed22186d16b81af0,https://jiuxianzai.oss-cn-beijing.aliyuncs.com/kaoyan/2025/04/07/c1ced377a446479eac60ff59037430af.png,2026-10-09T06:35:10.547798+00:00,mini_program_api_value_reconciled,secondary_structured,199c508563fe8c28,matched
河海大学,2025,数学学院,应用统计,admitted_count,31.0,31.0,0.0,0.01,schoolMajorVO.enterpersonVolunteerNum,https://admin.jiuxianzai.cn/api/applet/home/index/schoolDetail/7affba1152da17a8ed22186d16b81af0,https://jiuxianzai.oss-cn-beijing.aliyuncs.com/kaoyan/2025/04/07/c1ced377a446479eac60ff59037430af.png,2026-10-09T06:35:10.547798+00:00,mini_program_api_value_reconciled,secondary_structured,199c508563fe8c28,matched
河海大学,2025,数学学院,应用统计,retest_count,38.0,38.0,0.0,0.01,schoolMajorVO.enterpersonRepeatNum,https://admin.jiuxianzai.cn/api/applet/home/index/schoolDetail/7affba1152da17a8ed22186d16b81af0,https://jiuxianzai.oss-cn-beijing.aliyuncs.com/kaoyan/2025/04/07/c1ced377a446479eac60ff59037430af.png,2026-10-09T06:35:10.547798+00:00,mini_program_api_value_reconciled,secondary_structured,199c508563fe8c28,matched
清华大学,2022,数学科学系,应用统计,cutoff,420.0,420.0,0.0,0.51,schoolMajorVO.repeatGrade,https://admin.jiuxianzai.cn/api/applet/home/index/schoolDetail/727293ed8fd7c3a5f2674f0546b020d3,https://jiuxianzai.oss-cn-beijing.aliyuncs.com/kaoyan/2022/05/07/d5878f0f92ce43b5a17c0ffb78fb30d2.png,2026-10-09T06:35:10.404388+00:00,mini_program_api_value_reconciled,secondary_structured,42eace2fbc53cc3c,matched
清华大学,2022,数学科学系,应用统计,retest_count,17.0,17.0,0.0,0.01,schoolMajorVO.enterpersonRepeatNum,https://admin.jiuxianzai.cn/api/applet/home/index/schoolDetail/727293ed8fd7c3a5f2674f0546b020d3,https://jiuxianzai.oss-cn-beijing.aliyuncs.com/kaoyan/2022/05/07/d5878f0f92ce43b5a17c0ffb78fb30d2.png,2026-10-09T06:35:10.404388+00:00,mini_program_api_value_reconciled,secondary_structured,42eace2fbc53cc3c,matched
清华大学,2023,数学科学系,应用统计,retest_count,12.0,12.0,0.0,0.01,schoolMajorVO.enterpersonRepeatNum,https://admin.jiuxianzai.cn/api/applet/home/index/schoolDetail/727293ed8fd7c3a5f2674f0546b020d3,https://jiuxianzai.oss-cn-beijing.aliyuncs.com/kaoyan/2023/05/11/1548eebc701e47e797e098bd740775d9.png,2026-10-09T06:35:10.404388+00:00,mini_program_api_value_reconciled,secondary_structured,42eace2fbc53cc3c,matched
清华大学,2024,数学科学系,应用统计,cutoff,420.0,420.0,0.0,0.51,schoolMajorVO.repeatGrade,https://admin.jiuxianzai.cn/api/applet/home/index/schoolDetail/727293ed8fd7c3a5f2674f0546b020d3,https://jiuxianzai.oss-cn-beijing.aliyuncs.com/kaoyan/2024/05/08/ec71af13daf449faa89cdbcd200dd6d9.png,2026-10-09T06:35:10.404388+00:00,mini_program_api_value_reconciled,secondary_structured,42eace2fbc53cc3c,matched
清华大学,2024,数学科学系,应用统计,admitted_min,421.0,421.0,0.0,0.51,schoolMajorVO.repeatMinGrade,https://admin.jiuxianzai.cn/api/applet/home/index/schoolDetail/727293ed8fd7c3a5f2674f0546b020d3,https://jiuxianzai.oss-cn-beijing.aliyuncs.com/kaoyan/2024/05/08/ec71af13daf449faa89cdbcd200dd6d9.png,2026-10-09T06:35:10.404388+00:00,mini_program_api_value_reconciled,secondary_structured,42eace2fbc53cc3c,matched
清华大学,2024,数学科学系,应用统计,admitted_count,7.0,7.0,0.0,0.01,schoolMajorVO.enterpersonVolunteerNum,https://admin.jiuxianzai.cn/api/applet/home/index/schoolDetail/727293ed8fd7c3a5f2674f0546b020d3,https://jiuxianzai.oss-cn-beijing.aliyuncs.com/kaoyan/2024/05/08/ec71af13daf449faa89cdbcd200dd6d9.png,2026-10-09T06:35:10.404388+00:00,mini_program_api_value_reconciled,secondary_structured,42eace2fbc53cc3c,matched
清华大学,2024,数学科学系,应用统计,retest_count,13.0,13.0,0.0,0.01,schoolMajorVO.enterpersonRepeatNum,https://admin.jiuxianzai.cn/api/applet/home/index/schoolDetail/727293ed8fd7c3a5f2674f0546b020d3,https://jiuxianzai.oss-cn-beijing.aliyuncs.com/kaoyan/2024/05/08/ec71af13daf449faa89cdbcd200dd6d9.png,2026-10-09T06:35:10.404388+00:00,mini_program_api_value_reconciled,secondary_structured,42eace2fbc53cc3c,matched
清华大学,2025,数学科学系,应用统计,cutoff,380.0,380.0,0.0,0.51,schoolMajorVO.repeatGrade,https://admin.jiuxianzai.cn/api/applet/home/index/schoolDetail/727293ed8fd7c3a5f2674f0546b020d3,https://jiuxianzai.oss-cn-beijing.aliyuncs.com/kaoyan/2025/04/15/33e9052ea10448f09c83f6ceeeb48211.png,2026-10-09T06:35:10.404388+00:00,mini_program_api_value_reconciled,secondary_structured,42eace2fbc53cc3c,matched
清华大学,2025,数学科学系,应用统计,admitted_min,381.0,381.0,0.0,0.51,schoolMajorVO.repeatMinGrade,https://admin.jiuxianzai.cn/api/applet/home/index/schoolDetail/727293ed8fd7c3a5f2674f0546b020d3,https://jiuxianzai.oss-cn-beijing.aliyuncs.com/kaoyan/2025/04/15/33e9052ea10448f09c83f6ceeeb48211.png,2026-10-09T06:35:10.404388+00:00,mini_program_api_value_reconciled,secondary_structured,42eace2fbc53cc3c,matched
清华大学,2025,数学科学系,应用统计,retest_count,16.0,16.0,0.0,0.01,schoolMajorVO.enterpersonRepeatNum,https://admin.jiuxianzai.cn/api/applet/home/index/schoolDetail/727293ed8fd7c3a5f2674f0546b020d3,https://jiuxianzai.oss-cn-beijing.aliyuncs.com/kaoyan/2025/04/15/33e9052ea10448f09c83f6ceeeb48211.png,2026-10-09T06:35:10.404388+00:00,mini_program_api_value_reconciled,secondary_structured,42eace2fbc53cc3c,matched
清华大学,2026,数学科学系,应用统计,cutoff,375.0,375.0,0.0,0.51,schoolMajorVO.repeatGrade,https://admin.jiuxianzai.cn/api/applet/home/index/schoolDetail/727293ed8fd7c3a5f2674f0546b020d3,https://jiuxianzai.oss-cn-beijing.aliyuncs.com/kaoyan/2026/05/06/05b9aca53bf44e92aac7cc0a8c56a3d7.png,2026-10-09T06:35:10.404388+00:00,mini_program_api_value_reconciled,secondary_structured,42eace2fbc53cc3c,matched
清华大学,2026,数学科学系,应用统计,admitted_min,400.0,400.0,0.0,0.51,schoolMajorVO.repeatMinGrade,https://admin.jiuxianzai.cn/api/applet/home/index/schoolDetail/727293ed8fd7c3a5f2674f0546b020d3,https://jiuxianzai.oss-cn-beijing.aliyuncs.com/kaoyan/2026/05/06/05b9aca53bf44e92aac7cc0a8c56a3d7.png,2026-10-09T06:35:10.404388+00:00,mini_program_api_value_reconciled,secondary_structured,42eace2fbc53cc3c,matched
清华大学,2026,数学科学系,应用统计,admitted_count,4.0,4.0,0.0,0.01,schoolMajorVO.enterpersonVolunteerNum,https://admin.jiuxianzai.cn/api/applet/home/index/schoolDetail/727293ed8fd7c3a5f2674f0546b020d3,https://jiuxianzai.oss-cn-beijing.aliyuncs.com/kaoyan/2026/05/06/05b9aca53bf44e92aac7cc0a8c56a3d7.png,2026-10-09T06:35:10.404388+00:00,mini_program_api_value_reconciled,secondary_structured,42eace2fbc53cc3c,matched
清华大学,2026,数学科学系,应用统计,retest_count,7.0,7.0,0.0,0.01,schoolMajorVO.enterpersonRepeatNum,https://admin.jiuxianzai.cn/api/applet/home/index/schoolDetail/727293ed8fd7c3a5f2674f0546b020d3,https://jiuxianzai.oss-cn-beijing.aliyuncs.com/kaoyan/2026/05/06/05b9aca53bf44e92aac7cc0a8c56a3d7.png,2026-10-09T06:35:10.404388+00:00,mini_program_api_value_reconciled,secondary_structured,42eace2fbc53cc3c,matched
湖南大学,2022,金融与统计学院,应用统计,admitted_count,16.0,16.0,0.0,0.01,schoolMajorVO.enterpersonVolunteerNum,https://admin.jiuxianzai.cn/api/applet/home/index/schoolDetail/315b5d1f12b9b6f9aa49d359169ff96c,,2026-10-09T06:35:09.317301+00:00,mini_program_api_value_reconciled,secondary_structured,1510f1ff476084b2,matched
湖南大学,2022,金融与统计学院,应用统计,retest_count,24.0,24.0,0.0,0.01,schoolMajorVO.enterpersonRepeatNum,https://admin.jiuxianzai.cn/api/applet/home/index/schoolDetail/315b5d1f12b9b6f9aa49d359169ff96c,,2026-10-09T06:35:09.317301+00:00,mini_program_api_value_reconciled,secondary_structured,1510f1ff476084b2,matched
湖南大学,2023,金融与统计学院,应用统计,admitted_min,387.0,387.0,0.0,0.51,schoolMajorVO.repeatMinGrade,https://admin.jiuxianzai.cn/api/applet/home/index/schoolDetail/315b5d1f12b9b6f9aa49d359169ff96c,https://jiuxianzai.oss-cn-beijing.aliyuncs.com/kaoyan/2023/04/13/83c6a586acd445d98730c05ac75dc9d2.png,2026-10-09T06:35:09.317301+00:00,mini_program_api_value_reconciled,secondary_structured,1510f1ff476084b2,matched
湖南大学,2023,金融与统计学院,应用统计,admitted_count,20.0,20.0,0.0,0.01,schoolMajorVO.enterpersonVolunteerNum,https://admin.jiuxianzai.cn/api/applet/home/index/schoolDetail/315b5d1f12b9b6f9aa49d359169ff96c,https://jiuxianzai.oss-cn-beijing.aliyuncs.com/kaoyan/2023/04/13/83c6a586acd445d98730c05ac75dc9d2.png,2026-10-09T06:35:09.317301+00:00,mini_program_api_value_reconciled,secondary_structured,1510f1ff476084b2,matched
湖南大学,2023,金融与统计学院,应用统计,retest_count,24.0,24.0,0.0,0.01,schoolMajorVO.enterpersonRepeatNum,https://admin.jiuxianzai.cn/api/applet/home/index/schoolDetail/315b5d1f12b9b6f9aa49d359169ff96c,https://jiuxianzai.oss-cn-beijing.aliyuncs.com/kaoyan/2023/04/13/83c6a586acd445d98730c05ac75dc9d2.png,2026-10-09T06:35:09.317301+00:00,mini_program_api_value_reconciled,secondary_structured,1510f1ff476084b2,matched
湖南大学,2024,金融与统计学院,应用统计,admitted_min,371.0,371.0,0.0,0.51,schoolMajorVO.repeatMinGrade,https://admin.jiuxianzai.cn/api/applet/home/index/schoolDetail/315b5d1f12b9b6f9aa49d359169ff96c,https://jiuxianzai.oss-cn-beijing.aliyuncs.com/kaoyan/2024/04/08/1a7bc4c94a1c4b6b8d533d123e6cf870.png,2026-10-09T06:35:09.317301+00:00,mini_program_api_value_reconciled,secondary_structured,1510f1ff476084b2,matched
湖南大学,2024,金融与统计学院,应用统计,admitted_count,21.0,21.0,0.0,0.01,schoolMajorVO.enterpersonVolunteerNum,https://admin.jiuxianzai.cn/api/applet/home/index/schoolDetail/315b5d1f12b9b6f9aa49d359169ff96c,https://jiuxianzai.oss-cn-beijing.aliyuncs.com/kaoyan/2024/04/08/1a7bc4c94a1c4b6b8d533d123e6cf870.png,2026-10-09T06:35:09.317301+00:00,mini_program_api_value_reconciled,secondary_structured,1510f1ff476084b2,matched
湖南大学,2024,金融与统计学院,应用统计,retest_count,27.0,27.0,0.0,0.01,schoolMajorVO.enterpersonRepeatNum,https://admin.jiuxianzai.cn/api/applet/home/index/schoolDetail/315b5d1f12b9b6f9aa49d359169ff96c,https://jiuxianzai.oss-cn-beijing.aliyuncs.com/kaoyan/2024/04/08/1a7bc4c94a1c4b6b8d533d123e6cf870.png,2026-10-09T06:35:09.317301+00:00,mini_program_api_value_reconciled,secondary_structured,1510f1ff476084b2,matched
湖南大学,2025,金融与统计学院,应用统计,admitted_min,380.0,380.0,0.0,0.51,schoolMajorVO.repeatMinGrade,https://admin.jiuxianzai.cn/api/applet/home/index/schoolDetail/315b5d1f12b9b6f9aa49d359169ff96c,https://jiuxianzai.oss-cn-beijing.aliyuncs.com/kaoyan/2025/04/03/3ba00dbbff81409fabfa53bcdc7627bc.png,2026-10-09T06:35:09.317301+00:00,mini_program_api_value_reconciled,secondary_structured,1510f1ff476084b2,matched
湖南大学,2025,金融与统计学院,应用统计,admitted_count,16.0,16.0,0.0,0.01,schoolMajorVO.enterpersonVolunteerNum,https://admin.jiuxianzai.cn/api/applet/home/index/schoolDetail/315b5d1f12b9b6f9aa49d359169ff96c,https://jiuxianzai.oss-cn-beijing.aliyuncs.com/kaoyan/2025/04/03/3ba00dbbff81409fabfa53bcdc7627bc.png,2026-10-09T06:35:09.317301+00:00,mini_program_api_value_reconciled,secondary_structured,1510f1ff476084b2,matched
湖南大学,2025,金融与统计学院,应用统计,retest_count,21.0,21.0,0.0,0.01,schoolMajorVO.enterpersonRepeatNum,https://admin.jiuxianzai.cn/api/applet/home/index/schoolDetail/315b5d1f12b9b6f9aa49d359169ff96c,https://jiuxianzai.oss-cn-beijing.aliyuncs.com/kaoyan/2025/04/03/3ba00dbbff81409fabfa53bcdc7627bc.png,2026-10-09T06:35:09.317301+00:00,mini_program_api_value_reconciled,secondary_structured,1510f1ff476084b2,matched
湖南师范大学,2022,数学与统计学院,应用统计,admitted_count,25.0,25.0,0.0,0.01,schoolMajorVO.enterpersonVolunteerNum,https://admin.jiuxianzai.cn/api/applet/home/index/schoolDetail/7a28a25a9c92d0a21e5d4f3cd446765e,https://jiuxianzai.oss-cn-beijing.aliyuncs.com/kaoyan/2022/04/18/7ade716352a743cb9e49f9d7b6be96cd.png,2026-10-09T06:35:10.544247+00:00,mini_program_api_value_reconciled,secondary_structured,bea4183a0682e968,matched
湖南师范大学,2022,数学与统计学院,应用统计,retest_count,30.0,30.0,0.0,0.01,schoolMajorVO.enterpersonRepeatNum,https://admin.jiuxianzai.cn/api/applet/home/index/schoolDetail/7a28a25a9c92d0a21e5d4f3cd446765e,https://jiuxianzai.oss-cn-beijing.aliyuncs.com/kaoyan/2022/04/18/7ade716352a743cb9e49f9d7b6be96cd.png,2026-10-09T06:35:10.544247+00:00,mini_program_api_value_reconciled,secondary_structured,bea4183a0682e968,matched
湖南师范大学,2023,数学与统计学院,应用统计,cutoff,346.0,346.0,0.0,0.51,schoolMajorVO.repeatGrade,https://admin.jiuxianzai.cn/api/applet/home/index/schoolDetail/7a28a25a9c92d0a21e5d4f3cd446765e,https://jiuxianzai.oss-cn-beijing.aliyuncs.com/kaoyan/2023/04/13/ee31af0dce0a4371963ffacf7511de9c.png,2026-10-09T06:35:10.544247+00:00,mini_program_api_value_reconciled,secondary_structured,bea4183a0682e968,matched
湖南师范大学,2023,数学与统计学院,应用统计,admitted_min,348.0,348.0,0.0,0.51,schoolMajorVO.repeatMinGrade,https://admin.jiuxianzai.cn/api/applet/home/index/schoolDetail/7a28a25a9c92d0a21e5d4f3cd446765e,https://jiuxianzai.oss-cn-beijing.aliyuncs.com/kaoyan/2023/04/13/ee31af0dce0a4371963ffacf7511de9c.png,2026-10-09T06:35:10.544247+00:00,mini_program_api_value_reconciled,secondary_structured,bea4183a0682e968,matched
湖南师范大学,2023,数学与统计学院,应用统计,admitted_count,23.0,23.0,0.0,0.01,schoolMajorVO.enterpersonVolunteerNum,https://admin.jiuxianzai.cn/api/applet/home/index/schoolDetail/7a28a25a9c92d0a21e5d4f3cd446765e,https://jiuxianzai.oss-cn-beijing.aliyuncs.com/kaoyan/2023/04/13/ee31af0dce0a4371963ffacf7511de9c.png,2026-10-09T06:35:10.544247+00:00,mini_program_api_value_reconciled,secondary_structured,bea4183a0682e968,matched
湖南师范大学,2023,数学与统计学院,应用统计,retest_count,32.0,32.0,0.0,0.01,schoolMajorVO.enterpersonRepeatNum,https://admin.jiuxianzai.cn/api/applet/home/index/schoolDetail/7a28a25a9c92d0a21e5d4f3cd446765e,https://jiuxianzai.oss-cn-beijing.aliyuncs.com/kaoyan/2023/04/13/ee31af0dce0a4371963ffacf7511de9c.png,2026-10-09T06:35:10.544247+00:00,mini_program_api_value_reconciled,secondary_structured,bea4183a0682e968,matched
湖南师范大学,2024,数学与统计学院,应用统计,admitted_min,339.0,339.0,0.0,0.51,schoolMajorVO.repeatMinGrade,https://admin.jiuxianzai.cn/api/applet/home/index/schoolDetail/7a28a25a9c92d0a21e5d4f3cd446765e,https://jiuxianzai.oss-cn-beijing.aliyuncs.com/kaoyan/2024/04/08/fa1155fd510440d98f5773b79fde0e13.png,2026-10-09T06:35:10.544247+00:00,mini_program_api_value_reconciled,secondary_structured,bea4183a0682e968,matched
湖南师范大学,2024,数学与统计学院,应用统计,admitted_count,21.0,21.0,0.0,0.01,schoolMajorVO.enterpersonVolunteerNum,https://admin.jiuxianzai.cn/api/applet/home/index/schoolDetail/7a28a25a9c92d0a21e5d4f3cd446765e,https://jiuxianzai.oss-cn-beijing.aliyuncs.com/kaoyan/2024/04/08/fa1155fd510440d98f5773b79fde0e13.png,2026-10-09T06:35:10.544247+00:00,mini_program_api_value_reconciled,secondary_structured,bea4183a0682e968,matched
湖南师范大学,2024,数学与统计学院,应用统计,retest_count,21.0,21.0,0.0,0.01,schoolMajorVO.enterpersonRepeatNum,https://admin.jiuxianzai.cn/api/applet/home/index/schoolDetail/7a28a25a9c92d0a21e5d4f3cd446765e,https://jiuxianzai.oss-cn-beijing.aliyuncs.com/kaoyan/2024/04/08/fa1155fd510440d98f5773b79fde0e13.png,2026-10-09T06:35:10.544247+00:00,mini_program_api_value_reconciled,secondary_structured,bea4183a0682e968,matched
湖南师范大学,2025,数学与统计学院,应用统计,admitted_min,332.0,332.0,0.0,0.51,schoolMajorVO.repeatMinGrade,https://admin.jiuxianzai.cn/api/applet/home/index/schoolDetail/7a28a25a9c92d0a21e5d4f3cd446765e,https://jiuxianzai.oss-cn-beijing.aliyuncs.com/kaoyan/2025/04/07/7b1c9299cfc84127ab507f90b39ae4d5.png,2026-10-09T06:35:10.544247+00:00,mini_program_api_value_reconciled,secondary_structured,bea4183a0682e968,matched
湖南师范大学,2025,数学与统计学院,应用统计,admitted_count,27.0,27.0,0.0,0.01,schoolMajorVO.enterpersonVolunteerNum,https://admin.jiuxianzai.cn/api/applet/home/index/schoolDetail/7a28a25a9c92d0a21e5d4f3cd446765e,https://jiuxianzai.oss-cn-beijing.aliyuncs.com/kaoyan/2025/04/07/7b1c9299cfc84127ab507f90b39ae4d5.png,2026-10-09T06:35:10.544247+00:00,mini_program_api_value_reconciled,secondary_structured,bea4183a0682e968,matched
湖南师范大学,2025,数学与统计学院,应用统计,retest_count,36.0,36.0,0.0,0.01,schoolMajorVO.enterpersonRepeatNum,https://admin.jiuxianzai.cn/api/applet/home/index/schoolDetail/7a28a25a9c92d0a21e5d4f3cd446765e,https://jiuxianzai.oss-cn-beijing.aliyuncs.com/kaoyan/2025/04/07/7b1c9299cfc84127ab507f90b39ae4d5.png,2026-10-09T06:35:10.544247+00:00,mini_program_api_value_reconciled,secondary_structured,bea4183a0682e968,matched
湖南师范大学,2026,数学与统计学院,应用统计,admitted_min,339.0,339.0,0.0,0.51,schoolMajorVO.repeatMinGrade,https://admin.jiuxianzai.cn/api/applet/home/index/schoolDetail/7a28a25a9c92d0a21e5d4f3cd446765e,https://jiuxianzai.oss-cn-beijing.aliyuncs.com/kaoyan/2026/05/15/2e41765a68034441b23b22eda7e31720.png,2026-10-09T06:35:10.544247+00:00,mini_program_api_value_reconciled,secondary_structured,bea4183a0682e968,matched
湖南师范大学,2026,数学与统计学院,应用统计,admitted_count,27.0,27.0,0.0,0.01,schoolMajorVO.enterpersonVolunteerNum,https://admin.jiuxianzai.cn/api/applet/home/index/schoolDetail/7a28a25a9c92d0a21e5d4f3cd446765e,https://jiuxianzai.oss-cn-beijing.aliyuncs.com/kaoyan/2026/05/15/2e41765a68034441b23b22eda7e31720.png,2026-10-09T06:35:10.544247+00:00,mini_program_api_value_reconciled,secondary_structured,bea4183a0682e968,matched
湖南师范大学,2026,数学与统计学院,应用统计,retest_count,43.0,43.0,0.0,0.01,schoolMajorVO.enterpersonRepeatNum,https://admin.jiuxianzai.cn/api/applet/home/index/schoolDetail/7a28a25a9c92d0a21e5d4f3cd446765e,https://jiuxianzai.oss-cn-beijing.aliyuncs.com/kaoyan/2026/05/15/2e41765a68034441b23b22eda7e31720.png,2026-10-09T06:35:10.544247+00:00,mini_program_api_value_reconciled,secondary_structured,bea4183a0682e968,matched
石河子大学,2023,经济与管理学院,应用统计,admitted_count,0.0,0.0,0.0,0.01,schoolMajorVO.enterpersonVolunteerNum,https://admin.jiuxianzai.cn/api/applet/home/index/schoolDetail/e15b657c1ff4c22efadc28fe8c94ac23,,2026-10-09T06:35:12.375145+00:00,mini_program_api_value_reconciled,secondary_structured,8bf9d382604ee97c,matched
石河子大学,2023,经济与管理学院,应用统计,retest_count,0.0,0.0,0.0,0.01,schoolMajorVO.enterpersonRepeatNum,https://admin.jiuxianzai.cn/api/applet/home/index/schoolDetail/e15b657c1ff4c22efadc28fe8c94ac23,,2026-10-09T06:35:12.375145+00:00,mini_program_api_value_reconciled,secondary_structured,8bf9d382604ee97c,matched
石河子大学,2024,经济与管理学院,应用统计,cutoff,328.0,328.0,0.0,0.51,schoolMajorVO.repeatGrade,https://admin.jiuxianzai.cn/api/applet/home/index/schoolDetail/e15b657c1ff4c22efadc28fe8c94ac23,,2026-10-09T06:35:12.375145+00:00,mini_program_api_value_reconciled,secondary_structured,8bf9d382604ee97c,matched
石河子大学,2024,经济与管理学院,应用统计,admitted_count,1.0,1.0,0.0,0.01,schoolMajorVO.enterpersonVolunteerNum,https://admin.jiuxianzai.cn/api/applet/home/index/schoolDetail/e15b657c1ff4c22efadc28fe8c94ac23,,2026-10-09T06:35:12.375145+00:00,mini_program_api_value_reconciled,secondary_structured,8bf9d382604ee97c,matched
石河子大学,2024,经济与管理学院,应用统计,retest_count,1.0,1.0,0.0,0.01,schoolMajorVO.enterpersonRepeatNum,https://admin.jiuxianzai.cn/api/applet/home/index/schoolDetail/e15b657c1ff4c22efadc28fe8c94ac23,,2026-10-09T06:35:12.375145+00:00,mini_program_api_value_reconciled,secondary_structured,8bf9d382604ee97c,matched
石河子大学,2025,经济与管理学院,应用统计,admitted_min,347.0,347.0,0.0,0.51,schoolMajorVO.repeatMinGrade,https://admin.jiuxianzai.cn/api/applet/home/index/schoolDetail/e15b657c1ff4c22efadc28fe8c94ac23,,2026-10-09T06:35:12.375145+00:00,mini_program_api_value_reconciled,secondary_structured,8bf9d382604ee97c,matched
石河子大学,2025,经济与管理学院,应用统计,admitted_count,1.0,1.0,0.0,0.01,schoolMajorVO.enterpersonVolunteerNum,https://admin.jiuxianzai.cn/api/applet/home/index/schoolDetail/e15b657c1ff4c22efadc28fe8c94ac23,,2026-10-09T06:35:12.375145+00:00,mini_program_api_value_reconciled,secondary_structured,8bf9d382604ee97c,matched
石河子大学,2025,经济与管理学院,应用统计,retest_count,1.0,1.0,0.0,0.01,schoolMajorVO.enterpersonRepeatNum,https://admin.jiuxianzai.cn/api/applet/home/index/schoolDetail/e15b657c1ff4c22efadc28fe8c94ac23,,2026-10-09T06:35:12.375145+00:00,mini_program_api_value_reconciled,secondary_structured,8bf9d382604ee97c,matched
石河子大学,2026,经济与管理学院,应用统计,admitted_min,355.0,355.0,0.0,0.51,schoolMajorVO.repeatMinGrade,https://admin.jiuxianzai.cn/api/applet/home/index/schoolDetail/e15b657c1ff4c22efadc28fe8c94ac23,https://jiuxianzai.oss-cn-beijing.aliyuncs.com/kaoyan/2026/05/15/565068063a81423096af92f44b3b91c5.png,2026-10-09T06:35:12.375145+00:00,mini_program_api_value_reconciled,secondary_structured,8bf9d382604ee97c,matched
石河子大学,2026,经济与管理学院,应用统计,admitted_count,2.0,2.0,0.0,0.01,schoolMajorVO.enterpersonVolunteerNum,https://admin.jiuxianzai.cn/api/applet/home/index/schoolDetail/e15b657c1ff4c22efadc28fe8c94ac23,https://jiuxianzai.oss-cn-beijing.aliyuncs.com/kaoyan/2026/05/15/565068063a81423096af92f44b3b91c5.png,2026-10-09T06:35:12.375145+00:00,mini_program_api_value_reconciled,secondary_structured,8bf9d382604ee97c,matched
石河子大学,2026,经济与管理学院,应用统计,retest_count,2.0,2.0,0.0,0.01,schoolMajorVO.enterpersonRepeatNum,https://admin.jiuxianzai.cn/api/applet/home/index/schoolDetail/e15b657c1ff4c22efadc28fe8c94ac23,https://jiuxianzai.oss-cn-beijing.aliyuncs.com/kaoyan/2026/05/15/565068063a81423096af92f44b3b91c5.png,2026-10-09T06:35:12.375145+00:00,mini_program_api_value_reconciled,secondary_structured,8bf9d382604ee97c,matched
福州大学,2022,数学与统计学院,应用统计,admitted_count,20.0,20.0,0.0,0.01,schoolMajorVO.enterpersonVolunteerNum,https://admin.jiuxianzai.cn/api/applet/home/index/schoolDetail/112f71f0dd993eb4aa1251b4cffcfda5,https://jiuxianzai.oss-cn-beijing.aliyuncs.com/kaoyan/2022/05/16/17d3c3ab6e804b179965c245ae09a242.png,2026-10-09T06:35:08.645005+00:00,mini_program_api_value_reconciled,secondary_structured,7d3e5a7c3c435612,matched
福州大学,2023,数学与统计学院,应用统计,cutoff,383.0,383.0,0.0,0.51,schoolMajorVO.repeatGrade,https://admin.jiuxianzai.cn/api/applet/home/index/schoolDetail/112f71f0dd993eb4aa1251b4cffcfda5,https://jiuxianzai.oss-cn-beijing.aliyuncs.com/kaoyan/2023/04/13/920bbb30bf79457795ee612c91319adf.png,2026-10-09T06:35:08.645005+00:00,mini_program_api_value_reconciled,secondary_structured,7d3e5a7c3c435612,matched
福州大学,2023,数学与统计学院,应用统计,admitted_min,385.0,385.0,0.0,0.51,schoolMajorVO.repeatMinGrade,https://admin.jiuxianzai.cn/api/applet/home/index/schoolDetail/112f71f0dd993eb4aa1251b4cffcfda5,https://jiuxianzai.oss-cn-beijing.aliyuncs.com/kaoyan/2023/04/13/920bbb30bf79457795ee612c91319adf.png,2026-10-09T06:35:08.645005+00:00,mini_program_api_value_reconciled,secondary_structured,7d3e5a7c3c435612,matched
福州大学,2023,数学与统计学院,应用统计,admitted_count,21.0,21.0,0.0,0.01,schoolMajorVO.enterpersonVolunteerNum,https://admin.jiuxianzai.cn/api/applet/home/index/schoolDetail/112f71f0dd993eb4aa1251b4cffcfda5,https://jiuxianzai.oss-cn-beijing.aliyuncs.com/kaoyan/2023/04/13/920bbb30bf79457795ee612c91319adf.png,2026-10-09T06:35:08.645005+00:00,mini_program_api_value_reconciled,secondary_structured,7d3e5a7c3c435612,matched
福州大学,2023,数学与统计学院,应用统计,retest_count,27.0,27.0,0.0,0.01,schoolMajorVO.enterpersonRepeatNum,https://admin.jiuxianzai.cn/api/applet/home/index/schoolDetail/112f71f0dd993eb4aa1251b4cffcfda5,https://jiuxianzai.oss-cn-beijing.aliyuncs.com/kaoyan/2023/04/13/920bbb30bf79457795ee612c91319adf.png,2026-10-09T06:35:08.645005+00:00,mini_program_api_value_reconciled,secondary_structured,7d3e5a7c3c435612,matched
福州大学,2024,数学与统计学院,应用统计,admitted_min,390.0,390.0,0.0,0.51,schoolMajorVO.repeatMinGrade,https://admin.jiuxianzai.cn/api/applet/home/index/schoolDetail/112f71f0dd993eb4aa1251b4cffcfda5,https://jiuxianzai.oss-cn-beijing.aliyuncs.com/kaoyan/2024/04/08/28024a11b1424652a07ee47ad77a07ce.png,2026-10-09T06:35:08.645005+00:00,mini_program_api_value_reconciled,secondary_structured,7d3e5a7c3c435612,matched
福州大学,2024,数学与统计学院,应用统计,admitted_count,21.0,21.0,0.0,0.01,schoolMajorVO.enterpersonVolunteerNum,https://admin.jiuxianzai.cn/api/applet/home/index/schoolDetail/112f71f0dd993eb4aa1251b4cffcfda5,https://jiuxianzai.oss-cn-beijing.aliyuncs.com/kaoyan/2024/04/08/28024a11b1424652a07ee47ad77a07ce.png,2026-10-09T06:35:08.645005+00:00,mini_program_api_value_reconciled,secondary_structured,7d3e5a7c3c435612,matched
福州大学,2024,数学与统计学院,应用统计,retest_count,28.0,28.0,0.0,0.01,schoolMajorVO.enterpersonRepeatNum,https://admin.jiuxianzai.cn/api/applet/home/index/schoolDetail/112f71f0dd993eb4aa1251b4cffcfda5,https://jiuxianzai.oss-cn-beijing.aliyuncs.com/kaoyan/2024/04/08/28024a11b1424652a07ee47ad77a07ce.png,2026-10-09T06:35:08.645005+00:00,mini_program_api_value_reconciled,secondary_structured,7d3e5a7c3c435612,matched
福州大学,2025,数学与统计学院,应用统计,admitted_min,348.0,348.0,0.0,0.51,schoolMajorVO.repeatMinGrade,https://admin.jiuxianzai.cn/api/applet/home/index/schoolDetail/112f71f0dd993eb4aa1251b4cffcfda5,https://jiuxianzai.oss-cn-beijing.aliyuncs.com/kaoyan/2025/05/28/4233dabfacbf4678bf3c0ae9a57226b1.png,2026-10-09T06:35:08.645005+00:00,mini_program_api_value_reconciled,secondary_structured,7d3e5a7c3c435612,matched
福州大学,2025,数学与统计学院,应用统计,admitted_count,26.0,26.0,0.0,0.01,schoolMajorVO.enterpersonVolunteerNum,https://admin.jiuxianzai.cn/api/applet/home/index/schoolDetail/112f71f0dd993eb4aa1251b4cffcfda5,https://jiuxianzai.oss-cn-beijing.aliyuncs.com/kaoyan/2025/05/28/4233dabfacbf4678bf3c0ae9a57226b1.png,2026-10-09T06:35:08.645005+00:00,mini_program_api_value_reconciled,secondary_structured,7d3e5a7c3c435612,matched
福州大学,2025,数学与统计学院,应用统计,retest_count,30.0,30.0,0.0,0.01,schoolMajorVO.enterpersonRepeatNum,https://admin.jiuxianzai.cn/api/applet/home/index/schoolDetail/112f71f0dd993eb4aa1251b4cffcfda5,https://jiuxianzai.oss-cn-beijing.aliyuncs.com/kaoyan/2025/05/28/4233dabfacbf4678bf3c0ae9a57226b1.png,2026-10-09T06:35:08.645005+00:00,mini_program_api_value_reconciled,secondary_structured,7d3e5a7c3c435612,matched
福州大学,2026,数学与统计学院,应用统计,admitted_min,390.0,390.0,0.0,0.51,schoolMajorVO.repeatMinGrade,https://admin.jiuxianzai.cn/api/applet/home/index/schoolDetail/112f71f0dd993eb4aa1251b4cffcfda5,https://jiuxianzai.oss-cn-beijing.aliyuncs.com/kaoyan/2026/05/15/2238d928f947414b85a436dac60ce72b.png,2026-10-09T06:35:08.645005+00:00,mini_program_api_value_reconciled,secondary_structured,7d3e5a7c3c435612,matched
福州大学,2026,数学与统计学院,应用统计,admitted_count,23.0,23.0,0.0,0.01,schoolMajorVO.enterpersonVolunteerNum,https://admin.jiuxianzai.cn/api/applet/home/index/schoolDetail/112f71f0dd993eb4aa1251b4cffcfda5,https://jiuxianzai.oss-cn-beijing.aliyuncs.com/kaoyan/2026/05/15/2238d928f947414b85a436dac60ce72b.png,2026-10-09T06:35:08.645005+00:00,mini_program_api_value_reconciled,secondary_structured,7d3e5a7c3c435612,matched
福州大学,2026,数学与统计学院,应用统计,retest_count,31.0,31.0,0.0,0.01,schoolMajorVO.enterpersonRepeatNum,https://admin.jiuxianzai.cn/api/applet/home/index/schoolDetail/112f71f0dd993eb4aa1251b4cffcfda5,https://jiuxianzai.oss-cn-beijing.aliyuncs.com/kaoyan/2026/05/15/2238d928f947414b85a436dac60ce72b.png,2026-10-09T06:35:08.645005+00:00,mini_program_api_value_reconciled,secondary_structured,7d3e5a7c3c435612,matched
苏州大学,2022,数学科学学院,应用统计,admitted_count,11.0,11.0,0.0,0.01,schoolMajorVO.enterpersonVolunteerNum,https://admin.jiuxianzai.cn/api/applet/home/index/schoolDetail/da0b27311237c18eee5b89aae943b658,https://jiuxianzai.oss-cn-beijing.aliyuncs.com/kaoyan/2022/04/18/0387ee5c43be409fa9b2a41e499549fe.png,2026-10-09T06:35:12.195046+00:00,mini_program_api_value_reconciled,secondary_structured,397774f58ae1e931,matched
苏州大学,2022,数学科学学院,应用统计,retest_count,14.0,14.0,0.0,0.01,schoolMajorVO.enterpersonRepeatNum,https://admin.jiuxianzai.cn/api/applet/home/index/schoolDetail/da0b27311237c18eee5b89aae943b658,https://jiuxianzai.oss-cn-beijing.aliyuncs.com/kaoyan/2022/04/18/0387ee5c43be409fa9b2a41e499549fe.png,2026-10-09T06:35:12.195046+00:00,mini_program_api_value_reconciled,secondary_structured,397774f58ae1e931,matched
苏州大学,2023,数学科学学院,应用统计,cutoff,364.0,364.0,0.0,0.51,schoolMajorVO.repeatGrade,https://admin.jiuxianzai.cn/api/applet/home/index/schoolDetail/da0b27311237c18eee5b89aae943b658,https://jiuxianzai.oss-cn-beijing.aliyuncs.com/kaoyan/2023/06/01/3a9f279bb34f40f19d870384339d5ac8.png,2026-10-09T06:35:12.195046+00:00,mini_program_api_value_reconciled,secondary_structured,397774f58ae1e931,matched
苏州大学,2023,数学科学学院,应用统计,admitted_count,21.0,21.0,0.0,0.01,schoolMajorVO.enterpersonVolunteerNum,https://admin.jiuxianzai.cn/api/applet/home/index/schoolDetail/da0b27311237c18eee5b89aae943b658,https://jiuxianzai.oss-cn-beijing.aliyuncs.com/kaoyan/2023/06/01/3a9f279bb34f40f19d870384339d5ac8.png,2026-10-09T06:35:12.195046+00:00,mini_program_api_value_reconciled,secondary_structured,397774f58ae1e931,matched
苏州大学,2023,数学科学学院,应用统计,retest_count,23.0,23.0,0.0,0.01,schoolMajorVO.enterpersonRepeatNum,https://admin.jiuxianzai.cn/api/applet/home/index/schoolDetail/da0b27311237c18eee5b89aae943b658,https://jiuxianzai.oss-cn-beijing.aliyuncs.com/kaoyan/2023/06/01/3a9f279bb34f40f19d870384339d5ac8.png,2026-10-09T06:35:12.195046+00:00,mini_program_api_value_reconciled,secondary_structured,397774f58ae1e931,matched
苏州大学,2024,数学科学学院,应用统计,admitted_min,381.0,381.0,0.0,0.51,schoolMajorVO.repeatMinGrade,https://admin.jiuxianzai.cn/api/applet/home/index/schoolDetail/da0b27311237c18eee5b89aae943b658,https://jiuxianzai.oss-cn-beijing.aliyuncs.com/kaoyan/2024/04/08/6cd0b1336f3149efa929647c10ebf5fa.png,2026-10-09T06:35:12.195046+00:00,mini_program_api_value_reconciled,secondary_structured,397774f58ae1e931,matched
苏州大学,2024,数学科学学院,应用统计,admitted_count,27.0,27.0,0.0,0.01,schoolMajorVO.enterpersonVolunteerNum,https://admin.jiuxianzai.cn/api/applet/home/index/schoolDetail/da0b27311237c18eee5b89aae943b658,https://jiuxianzai.oss-cn-beijing.aliyuncs.com/kaoyan/2024/04/08/6cd0b1336f3149efa929647c10ebf5fa.png,2026-10-09T06:35:12.195046+00:00,mini_program_api_value_reconciled,secondary_structured,397774f58ae1e931,matched
苏州大学,2024,数学科学学院,应用统计,retest_count,35.0,35.0,0.0,0.01,schoolMajorVO.enterpersonRepeatNum,https://admin.jiuxianzai.cn/api/applet/home/index/schoolDetail/da0b27311237c18eee5b89aae943b658,https://jiuxianzai.oss-cn-beijing.aliyuncs.com/kaoyan/2024/04/08/6cd0b1336f3149efa929647c10ebf5fa.png,2026-10-09T06:35:12.195046+00:00,mini_program_api_value_reconciled,secondary_structured,397774f58ae1e931,matched
苏州大学,2025,数学科学学院,应用统计,admitted_min,380.0,380.0,0.0,0.51,schoolMajorVO.repeatMinGrade,https://admin.jiuxianzai.cn/api/applet/home/index/schoolDetail/da0b27311237c18eee5b89aae943b658,https://jiuxianzai.oss-cn-beijing.aliyuncs.com/kaoyan/2025/04/07/a91c4affade34593a8a96f7560f723c5.png,2026-10-09T06:35:12.195046+00:00,mini_program_api_value_reconciled,secondary_structured,397774f58ae1e931,matched
苏州大学,2025,数学科学学院,应用统计,admitted_count,15.0,15.0,0.0,0.01,schoolMajorVO.enterpersonVolunteerNum,https://admin.jiuxianzai.cn/api/applet/home/index/schoolDetail/da0b27311237c18eee5b89aae943b658,https://jiuxianzai.oss-cn-beijing.aliyuncs.com/kaoyan/2025/04/07/a91c4affade34593a8a96f7560f723c5.png,2026-10-09T06:35:12.195046+00:00,mini_program_api_value_reconciled,secondary_structured,397774f58ae1e931,matched
苏州大学,2025,数学科学学院,应用统计,retest_count,21.0,21.0,0.0,0.01,schoolMajorVO.enterpersonRepeatNum,https://admin.jiuxianzai.cn/api/applet/home/index/schoolDetail/da0b27311237c18eee5b89aae943b658,https://jiuxianzai.oss-cn-beijing.aliyuncs.com/kaoyan/2025/04/07/a91c4affade34593a8a96f7560f723c5.png,2026-10-09T06:35:12.195046+00:00,mini_program_api_value_reconciled,secondary_structured,397774f58ae1e931,matched
苏州大学,2026,数学科学学院,应用统计,admitted_min,381.0,381.0,0.0,0.51,schoolMajorVO.repeatMinGrade,https://admin.jiuxianzai.cn/api/applet/home/index/schoolDetail/da0b27311237c18eee5b89aae943b658,https://jiuxianzai.oss-cn-beijing.aliyuncs.com/kaoyan/2026/05/15/c3491e2bcacc445cbe8e8ada04f1293b.png,2026-10-09T06:35:12.195046+00:00,mini_program_api_value_reconciled,secondary_structured,397774f58ae1e931,matched
苏州大学,2026,数学科学学院,应用统计,admitted_count,19.0,19.0,0.0,0.01,schoolMajorVO.enterpersonVolunteerNum,https://admin.jiuxianzai.cn/api/applet/home/index/schoolDetail/da0b27311237c18eee5b89aae943b658,https://jiuxianzai.oss-cn-beijing.aliyuncs.com/kaoyan/2026/05/15/c3491e2bcacc445cbe8e8ada04f1293b.png,2026-10-09T06:35:12.195046+00:00,mini_program_api_value_reconciled,secondary_structured,397774f58ae1e931,matched
苏州大学,2026,数学科学学院,应用统计,retest_count,20.0,20.0,0.0,0.01,schoolMajorVO.enterpersonRepeatNum,https://admin.jiuxianzai.cn/api/applet/home/index/schoolDetail/da0b27311237c18eee5b89aae943b658,https://jiuxianzai.oss-cn-beijing.aliyuncs.com/kaoyan/2026/05/15/c3491e2bcacc445cbe8e8ada04f1293b.png,2026-10-09T06:35:12.195046+00:00,mini_program_api_value_reconciled,secondary_structured,397774f58ae1e931,matched
西北大学,2022,数学学院,应用统计,admitted_count,55.0,55.0,0.0,0.01,schoolMajorVO.enterpersonVolunteerNum,https://admin.jiuxianzai.cn/api/applet/home/index/schoolDetail/a8a62f7f7ad02bcd50fec1350e962d1a,https://jiuxianzai.oss-cn-beijing.aliyuncs.com/kaoyan/2022/04/18/126e31addc7142d39d6e76271142591c.png,2026-10-09T06:35:11.283423+00:00,mini_program_api_value_reconciled,secondary_structured,ff4a9440d5e1ad41,matched
西北大学,2022,数学学院,应用统计,retest_count,74.0,74.0,0.0,0.01,schoolMajorVO.enterpersonRepeatNum,https://admin.jiuxianzai.cn/api/applet/home/index/schoolDetail/a8a62f7f7ad02bcd50fec1350e962d1a,https://jiuxianzai.oss-cn-beijing.aliyuncs.com/kaoyan/2022/04/18/126e31addc7142d39d6e76271142591c.png,2026-10-09T06:35:11.283423+00:00,mini_program_api_value_reconciled,secondary_structured,ff4a9440d5e1ad41,matched
西北大学,2023,数学学院,应用统计,cutoff,386.0,386.0,0.0,0.51,schoolMajorVO.repeatGrade,https://admin.jiuxianzai.cn/api/applet/home/index/schoolDetail/a8a62f7f7ad02bcd50fec1350e962d1a,https://jiuxianzai.oss-cn-beijing.aliyuncs.com/kaoyan/2023/04/13/ba122587d23b449b91baf9f54aaf17cd.png,2026-10-09T06:35:11.283423+00:00,mini_program_api_value_reconciled,secondary_structured,ff4a9440d5e1ad41,matched
西北大学,2023,数学学院,应用统计,admitted_min,389.0,389.0,0.0,0.51,schoolMajorVO.repeatMinGrade,https://admin.jiuxianzai.cn/api/applet/home/index/schoolDetail/a8a62f7f7ad02bcd50fec1350e962d1a,https://jiuxianzai.oss-cn-beijing.aliyuncs.com/kaoyan/2023/04/13/ba122587d23b449b91baf9f54aaf17cd.png,2026-10-09T06:35:11.283423+00:00,mini_program_api_value_reconciled,secondary_structured,ff4a9440d5e1ad41,matched
西北大学,2023,数学学院,应用统计,admitted_count,55.0,55.0,0.0,0.01,schoolMajorVO.enterpersonVolunteerNum,https://admin.jiuxianzai.cn/api/applet/home/index/schoolDetail/a8a62f7f7ad02bcd50fec1350e962d1a,https://jiuxianzai.oss-cn-beijing.aliyuncs.com/kaoyan/2023/04/13/ba122587d23b449b91baf9f54aaf17cd.png,2026-10-09T06:35:11.283423+00:00,mini_program_api_value_reconciled,secondary_structured,ff4a9440d5e1ad41,matched
西北大学,2023,数学学院,应用统计,retest_count,72.0,72.0,0.0,0.01,schoolMajorVO.enterpersonRepeatNum,https://admin.jiuxianzai.cn/api/applet/home/index/schoolDetail/a8a62f7f7ad02bcd50fec1350e962d1a,https://jiuxianzai.oss-cn-beijing.aliyuncs.com/kaoyan/2023/04/13/ba122587d23b449b91baf9f54aaf17cd.png,2026-10-09T06:35:11.283423+00:00,mini_program_api_value_reconciled,secondary_structured,ff4a9440d5e1ad41,matched
西北大学,2024,数学学院,应用统计,admitted_min,344.0,344.0,0.0,0.51,schoolMajorVO.repeatMinGrade,https://admin.jiuxianzai.cn/api/applet/home/index/schoolDetail/a8a62f7f7ad02bcd50fec1350e962d1a,https://jiuxianzai.oss-cn-beijing.aliyuncs.com/kaoyan/2024/04/08/425ca9e56e524553b506f20500674ed4.png,2026-10-09T06:35:11.283423+00:00,mini_program_api_value_reconciled,secondary_structured,ff4a9440d5e1ad41,matched
西北大学,2024,数学学院,应用统计,admitted_count,47.0,47.0,0.0,0.01,schoolMajorVO.enterpersonVolunteerNum,https://admin.jiuxianzai.cn/api/applet/home/index/schoolDetail/a8a62f7f7ad02bcd50fec1350e962d1a,https://jiuxianzai.oss-cn-beijing.aliyuncs.com/kaoyan/2024/04/08/425ca9e56e524553b506f20500674ed4.png,2026-10-09T06:35:11.283423+00:00,mini_program_api_value_reconciled,secondary_structured,ff4a9440d5e1ad41,matched
西北大学,2024,数学学院,应用统计,retest_count,60.0,60.0,0.0,0.01,schoolMajorVO.enterpersonRepeatNum,https://admin.jiuxianzai.cn/api/applet/home/index/schoolDetail/a8a62f7f7ad02bcd50fec1350e962d1a,https://jiuxianzai.oss-cn-beijing.aliyuncs.com/kaoyan/2024/04/08/425ca9e56e524553b506f20500674ed4.png,2026-10-09T06:35:11.283423+00:00,mini_program_api_value_reconciled,secondary_structured,ff4a9440d5e1ad41,matched
西北大学,2025,数学学院,应用统计,cutoff,323.0,323.0,0.0,0.51,schoolMajorVO.repeatGrade,https://admin.jiuxianzai.cn/api/applet/home/index/schoolDetail/a8a62f7f7ad02bcd50fec1350e962d1a,https://jiuxianzai.oss-cn-beijing.aliyuncs.com/kaoyan/2025/04/07/de0a5fa1bb924389987e6b869c209f90.png,2026-10-09T06:35:11.283423+00:00,mini_program_api_value_reconciled,secondary_structured,ff4a9440d5e1ad41,matched
西北大学,2025,数学学院,应用统计,admitted_min,325.0,325.0,0.0,0.51,schoolMajorVO.repeatMinGrade,https://admin.jiuxianzai.cn/api/applet/home/index/schoolDetail/a8a62f7f7ad02bcd50fec1350e962d1a,https://jiuxianzai.oss-cn-beijing.aliyuncs.com/kaoyan/2025/04/07/de0a5fa1bb924389987e6b869c209f90.png,2026-10-09T06:35:11.283423+00:00,mini_program_api_value_reconciled,secondary_structured,ff4a9440d5e1ad41,matched
西北大学,2025,数学学院,应用统计,admitted_count,31.0,31.0,0.0,0.01,schoolMajorVO.enterpersonVolunteerNum,https://admin.jiuxianzai.cn/api/applet/home/index/schoolDetail/a8a62f7f7ad02bcd50fec1350e962d1a,https://jiuxianzai.oss-cn-beijing.aliyuncs.com/kaoyan/2025/04/07/de0a5fa1bb924389987e6b869c209f90.png,2026-10-09T06:35:11.283423+00:00,mini_program_api_value_reconciled,secondary_structured,ff4a9440d5e1ad41,matched
西北大学,2025,数学学院,应用统计,retest_count,36.0,36.0,0.0,0.01,schoolMajorVO.enterpersonRepeatNum,https://admin.jiuxianzai.cn/api/applet/home/index/schoolDetail/a8a62f7f7ad02bcd50fec1350e962d1a,https://jiuxianzai.oss-cn-beijing.aliyuncs.com/kaoyan/2025/04/07/de0a5fa1bb924389987e6b869c209f90.png,2026-10-09T06:35:11.283423+00:00,mini_program_api_value_reconciled,secondary_structured,ff4a9440d5e1ad41,matched
西北大学,2026,数学学院,应用统计,admitted_min,341.0,341.0,0.0,0.51,schoolMajorVO.repeatMinGrade,https://admin.jiuxianzai.cn/api/applet/home/index/schoolDetail/a8a62f7f7ad02bcd50fec1350e962d1a,https://jiuxianzai.oss-cn-beijing.aliyuncs.com/kaoyan/2026/05/15/8fb0932a93094aecb06f6ea68a52b35d.png,2026-10-09T06:35:11.283423+00:00,mini_program_api_value_reconciled,secondary_structured,ff4a9440d5e1ad41,matched
西北工业大学,2023,数学与统计学院,应用统计,admitted_min,351.0,351.0,0.0,0.51,schoolMajorVO.repeatMinGrade,https://admin.jiuxianzai.cn/api/applet/home/index/schoolDetail/b4bdac7bbcc576c0d8e30f51a1934e02,https://jiuxianzai.oss-cn-beijing.aliyuncs.com/kaoyan/2023/04/13/8903bf7b4be24a2e85dc788b16b2c6d6.png,2026-10-09T06:35:11.572048+00:00,mini_program_api_value_reconciled,secondary_structured,64732ef34f5459d1,matched
西北工业大学,2023,数学与统计学院,应用统计,admitted_count,5.0,5.0,0.0,0.01,schoolMajorVO.enterpersonVolunteerNum,https://admin.jiuxianzai.cn/api/applet/home/index/schoolDetail/b4bdac7bbcc576c0d8e30f51a1934e02,https://jiuxianzai.oss-cn-beijing.aliyuncs.com/kaoyan/2023/04/13/8903bf7b4be24a2e85dc788b16b2c6d6.png,2026-10-09T06:35:11.572048+00:00,mini_program_api_value_reconciled,secondary_structured,64732ef34f5459d1,matched
西北工业大学,2023,数学与统计学院,应用统计,retest_count,5.0,5.0,0.0,0.01,schoolMajorVO.enterpersonRepeatNum,https://admin.jiuxianzai.cn/api/applet/home/index/schoolDetail/b4bdac7bbcc576c0d8e30f51a1934e02,https://jiuxianzai.oss-cn-beijing.aliyuncs.com/kaoyan/2023/04/13/8903bf7b4be24a2e85dc788b16b2c6d6.png,2026-10-09T06:35:11.572048+00:00,mini_program_api_value_reconciled,secondary_structured,64732ef34f5459d1,matched
西北工业大学,2024,数学与统计学院,应用统计,admitted_min,371.0,371.0,0.0,0.51,schoolMajorVO.repeatMinGrade,https://admin.jiuxianzai.cn/api/applet/home/index/schoolDetail/b4bdac7bbcc576c0d8e30f51a1934e02,https://jiuxianzai.oss-cn-beijing.aliyuncs.com/kaoyan/2024/04/08/ed785bf414e54e34b7025928fbb79bc8.png,2026-10-09T06:35:11.572048+00:00,mini_program_api_value_reconciled,secondary_structured,64732ef34f5459d1,matched
西北工业大学,2024,数学与统计学院,应用统计,admitted_count,4.0,4.0,0.0,0.01,schoolMajorVO.enterpersonVolunteerNum,https://admin.jiuxianzai.cn/api/applet/home/index/schoolDetail/b4bdac7bbcc576c0d8e30f51a1934e02,https://jiuxianzai.oss-cn-beijing.aliyuncs.com/kaoyan/2024/04/08/ed785bf414e54e34b7025928fbb79bc8.png,2026-10-09T06:35:11.572048+00:00,mini_program_api_value_reconciled,secondary_structured,64732ef34f5459d1,matched
西北工业大学,2024,数学与统计学院,应用统计,retest_count,6.0,6.0,0.0,0.01,schoolMajorVO.enterpersonRepeatNum,https://admin.jiuxianzai.cn/api/applet/home/index/schoolDetail/b4bdac7bbcc576c0d8e30f51a1934e02,https://jiuxianzai.oss-cn-beijing.aliyuncs.com/kaoyan/2024/04/08/ed785bf414e54e34b7025928fbb79bc8.png,2026-10-09T06:35:11.572048+00:00,mini_program_api_value_reconciled,secondary_structured,64732ef34f5459d1,matched
西北工业大学,2025,数学与统计学院,应用统计,cutoff,350.0,350.0,0.0,0.51,schoolMajorVO.repeatGrade,https://admin.jiuxianzai.cn/api/applet/home/index/schoolDetail/b4bdac7bbcc576c0d8e30f51a1934e02,https://jiuxianzai.oss-cn-beijing.aliyuncs.com/kaoyan/2025/04/04/2e5e39af89ba44caa0c2ae6b843e7834.png,2026-10-09T06:35:11.572048+00:00,mini_program_api_value_reconciled,secondary_structured,64732ef34f5459d1,matched
西北工业大学,2025,数学与统计学院,应用统计,admitted_min,350.0,350.0,0.0,0.51,schoolMajorVO.repeatMinGrade,https://admin.jiuxianzai.cn/api/applet/home/index/schoolDetail/b4bdac7bbcc576c0d8e30f51a1934e02,https://jiuxianzai.oss-cn-beijing.aliyuncs.com/kaoyan/2025/04/04/2e5e39af89ba44caa0c2ae6b843e7834.png,2026-10-09T06:35:11.572048+00:00,mini_program_api_value_reconciled,secondary_structured,64732ef34f5459d1,matched
西北工业大学,2025,数学与统计学院,应用统计,admitted_count,5.0,5.0,0.0,0.01,schoolMajorVO.enterpersonVolunteerNum,https://admin.jiuxianzai.cn/api/applet/home/index/schoolDetail/b4bdac7bbcc576c0d8e30f51a1934e02,https://jiuxianzai.oss-cn-beijing.aliyuncs.com/kaoyan/2025/04/04/2e5e39af89ba44caa0c2ae6b843e7834.png,2026-10-09T06:35:11.572048+00:00,mini_program_api_value_reconciled,secondary_structured,64732ef34f5459d1,matched
西北工业大学,2025,数学与统计学院,应用统计,retest_count,5.0,5.0,0.0,0.01,schoolMajorVO.enterpersonRepeatNum,https://admin.jiuxianzai.cn/api/applet/home/index/schoolDetail/b4bdac7bbcc576c0d8e30f51a1934e02,https://jiuxianzai.oss-cn-beijing.aliyuncs.com/kaoyan/2025/04/04/2e5e39af89ba44caa0c2ae6b843e7834.png,2026-10-09T06:35:11.572048+00:00,mini_program_api_value_reconciled,secondary_structured,64732ef34f5459d1,matched
西北工业大学,2026,数学与统计学院,应用统计,cutoff,350.0,350.0,0.0,0.51,schoolMajorVO.repeatGrade,https://admin.jiuxianzai.cn/api/applet/home/index/schoolDetail/b4bdac7bbcc576c0d8e30f51a1934e02,https://jiuxianzai.oss-cn-beijing.aliyuncs.com/kaoyan/2026/05/14/425536ad86a84134be2e5d24b9636d87.png,2026-10-09T06:35:11.572048+00:00,mini_program_api_value_reconciled,secondary_structured,64732ef34f5459d1,matched
西北工业大学,2026,数学与统计学院,应用统计,admitted_min,357.0,357.0,0.0,0.51,schoolMajorVO.repeatMinGrade,https://admin.jiuxianzai.cn/api/applet/home/index/schoolDetail/b4bdac7bbcc576c0d8e30f51a1934e02,https://jiuxianzai.oss-cn-beijing.aliyuncs.com/kaoyan/2026/05/14/425536ad86a84134be2e5d24b9636d87.png,2026-10-09T06:35:11.572048+00:00,mini_program_api_value_reconciled,secondary_structured,64732ef34f5459d1,matched
西北工业大学,2026,数学与统计学院,应用统计,admitted_count,4.0,4.0,0.0,0.01,schoolMajorVO.enterpersonVolunteerNum,https://admin.jiuxianzai.cn/api/applet/home/index/schoolDetail/b4bdac7bbcc576c0d8e30f51a1934e02,https://jiuxianzai.oss-cn-beijing.aliyuncs.com/kaoyan/2026/05/14/425536ad86a84134be2e5d24b9636d87.png,2026-10-09T06:35:11.572048+00:00,mini_program_api_value_reconciled,secondary_structured,64732ef34f5459d1,matched
西南交通大学,2025,数学学院,应用统计,admitted_min,331.0,331.0,0.0,0.51,schoolMajorVO.repeatMinGrade,https://admin.jiuxianzai.cn/api/applet/home/index/schoolDetail/22f40568727b2b630ef5aeac61c8cc86,https://jiuxianzai.oss-cn-beijing.aliyuncs.com/kaoyan/2025/04/07/03df13c2084f42b5b8d9bee85808735f.png,2026-10-09T06:35:08.871152+00:00,mini_program_api_value_reconciled,secondary_structured,5f9ba0ad6df2d005,matched
西南交通大学,2025,数学学院,应用统计,admitted_count,10.0,10.0,0.0,0.01,schoolMajorVO.enterpersonVolunteerNum,https://admin.jiuxianzai.cn/api/applet/home/index/schoolDetail/22f40568727b2b630ef5aeac61c8cc86,https://jiuxianzai.oss-cn-beijing.aliyuncs.com/kaoyan/2025/04/07/03df13c2084f42b5b8d9bee85808735f.png,2026-10-09T06:35:08.871152+00:00,mini_program_api_value_reconciled,secondary_structured,5f9ba0ad6df2d005,matched
西南交通大学,2025,数学学院,应用统计,retest_count,13.0,13.0,0.0,0.01,schoolMajorVO.enterpersonRepeatNum,https://admin.jiuxianzai.cn/api/applet/home/index/schoolDetail/22f40568727b2b630ef5aeac61c8cc86,https://jiuxianzai.oss-cn-beijing.aliyuncs.com/kaoyan/2025/04/07/03df13c2084f42b5b8d9bee85808735f.png,2026-10-09T06:35:08.871152+00:00,mini_program_api_value_reconciled,secondary_structured,5f9ba0ad6df2d005,matched
西南交通大学,2026,数学学院,应用统计,admitted_min,360.0,360.0,0.0,0.51,schoolMajorVO.repeatMinGrade,https://admin.jiuxianzai.cn/api/applet/home/index/schoolDetail/22f40568727b2b630ef5aeac61c8cc86,https://jiuxianzai.oss-cn-beijing.aliyuncs.com/kaoyan/2026/05/15/85d8569f173f4aaeaf144a141dda91da.png,2026-10-09T06:35:08.871152+00:00,mini_program_api_value_reconciled,secondary_structured,5f9ba0ad6df2d005,matched
西南交通大学,2026,数学学院,应用统计,admitted_count,10.0,10.0,0.0,0.01,schoolMajorVO.enterpersonVolunteerNum,https://admin.jiuxianzai.cn/api/applet/home/index/schoolDetail/22f40568727b2b630ef5aeac61c8cc86,https://jiuxianzai.oss-cn-beijing.aliyuncs.com/kaoyan/2026/05/15/85d8569f173f4aaeaf144a141dda91da.png,2026-10-09T06:35:08.871152+00:00,mini_program_api_value_reconciled,secondary_structured,5f9ba0ad6df2d005,matched
西南交通大学,2026,数学学院,应用统计,retest_count,18.0,18.0,0.0,0.01,schoolMajorVO.enterpersonRepeatNum,https://admin.jiuxianzai.cn/api/applet/home/index/schoolDetail/22f40568727b2b630ef5aeac61c8cc86,https://jiuxianzai.oss-cn-beijing.aliyuncs.com/kaoyan/2026/05/15/85d8569f173f4aaeaf144a141dda91da.png,2026-10-09T06:35:08.871152+00:00,mini_program_api_value_reconciled,secondary_structured,5f9ba0ad6df2d005,matched
西南大学,2022,数学与统计学院,应用统计,cutoff,382.0,382.0,0.0,0.51,schoolMajorVO.repeatGrade,https://admin.jiuxianzai.cn/api/applet/home/index/schoolDetail/2efb3bf61f65f7fd5b43f15d3a532ba6,https://jiuxianzai.oss-cn-beijing.aliyuncs.com/kaoyan/2022/03/27/b43472a0bed34157906630f4be2b2bdc.jpg,2026-10-09T06:35:09.299314+00:00,mini_program_api_value_reconciled,secondary_structured,98a5b4e1273066e9,matched
西南大学,2022,数学与统计学院,应用统计,admitted_count,33.0,33.0,0.0,0.01,schoolMajorVO.enterpersonVolunteerNum,https://admin.jiuxianzai.cn/api/applet/home/index/schoolDetail/2efb3bf61f65f7fd5b43f15d3a532ba6,https://jiuxianzai.oss-cn-beijing.aliyuncs.com/kaoyan/2022/03/27/b43472a0bed34157906630f4be2b2bdc.jpg,2026-10-09T06:35:09.299314+00:00,mini_program_api_value_reconciled,secondary_structured,98a5b4e1273066e9,matched
西南大学,2022,数学与统计学院,应用统计,retest_count,45.0,45.0,0.0,0.01,schoolMajorVO.enterpersonRepeatNum,https://admin.jiuxianzai.cn/api/applet/home/index/schoolDetail/2efb3bf61f65f7fd5b43f15d3a532ba6,https://jiuxianzai.oss-cn-beijing.aliyuncs.com/kaoyan/2022/03/27/b43472a0bed34157906630f4be2b2bdc.jpg,2026-10-09T06:35:09.299314+00:00,mini_program_api_value_reconciled,secondary_structured,98a5b4e1273066e9,matched
西南大学,2023,数学与统计学院,应用统计,cutoff,370.0,370.0,0.0,0.51,schoolMajorVO.repeatGrade,https://admin.jiuxianzai.cn/api/applet/home/index/schoolDetail/2efb3bf61f65f7fd5b43f15d3a532ba6,https://jiuxianzai.oss-cn-beijing.aliyuncs.com/kaoyan/2023/06/01/0e8b358cf13040ff8540d6765197f126.png,2026-10-09T06:35:09.299314+00:00,mini_program_api_value_reconciled,secondary_structured,98a5b4e1273066e9,matched
西南大学,2023,数学与统计学院,应用统计,admitted_count,25.0,25.0,0.0,0.01,schoolMajorVO.enterpersonVolunteerNum,https://admin.jiuxianzai.cn/api/applet/home/index/schoolDetail/2efb3bf61f65f7fd5b43f15d3a532ba6,https://jiuxianzai.oss-cn-beijing.aliyuncs.com/kaoyan/2023/06/01/0e8b358cf13040ff8540d6765197f126.png,2026-10-09T06:35:09.299314+00:00,mini_program_api_value_reconciled,secondary_structured,98a5b4e1273066e9,matched
西南大学,2023,数学与统计学院,应用统计,retest_count,31.0,31.0,0.0,0.01,schoolMajorVO.enterpersonRepeatNum,https://admin.jiuxianzai.cn/api/applet/home/index/schoolDetail/2efb3bf61f65f7fd5b43f15d3a532ba6,https://jiuxianzai.oss-cn-beijing.aliyuncs.com/kaoyan/2023/06/01/0e8b358cf13040ff8540d6765197f126.png,2026-10-09T06:35:09.299314+00:00,mini_program_api_value_reconciled,secondary_structured,98a5b4e1273066e9,matched
西南大学,2024,数学与统计学院,应用统计,admitted_min,391.0,391.0,0.0,0.51,schoolMajorVO.repeatMinGrade,https://admin.jiuxianzai.cn/api/applet/home/index/schoolDetail/2efb3bf61f65f7fd5b43f15d3a532ba6,https://jiuxianzai.oss-cn-beijing.aliyuncs.com/kaoyan/2024/04/14/7328410dde294040ae045f6e4a84becc.png,2026-10-09T06:35:09.299314+00:00,mini_program_api_value_reconciled,secondary_structured,98a5b4e1273066e9,matched
西南大学,2024,数学与统计学院,应用统计,admitted_count,23.0,23.0,0.0,0.01,schoolMajorVO.enterpersonVolunteerNum,https://admin.jiuxianzai.cn/api/applet/home/index/schoolDetail/2efb3bf61f65f7fd5b43f15d3a532ba6,https://jiuxianzai.oss-cn-beijing.aliyuncs.com/kaoyan/2024/04/14/7328410dde294040ae045f6e4a84becc.png,2026-10-09T06:35:09.299314+00:00,mini_program_api_value_reconciled,secondary_structured,98a5b4e1273066e9,matched
西南大学,2024,数学与统计学院,应用统计,retest_count,31.0,31.0,0.0,0.01,schoolMajorVO.enterpersonRepeatNum,https://admin.jiuxianzai.cn/api/applet/home/index/schoolDetail/2efb3bf61f65f7fd5b43f15d3a532ba6,https://jiuxianzai.oss-cn-beijing.aliyuncs.com/kaoyan/2024/04/14/7328410dde294040ae045f6e4a84becc.png,2026-10-09T06:35:09.299314+00:00,mini_program_api_value_reconciled,secondary_structured,98a5b4e1273066e9,matched
西南大学,2025,数学与统计学院,应用统计,admitted_min,351.0,351.0,0.0,0.51,schoolMajorVO.repeatMinGrade,https://admin.jiuxianzai.cn/api/applet/home/index/schoolDetail/2efb3bf61f65f7fd5b43f15d3a532ba6,https://jiuxianzai.oss-cn-beijing.aliyuncs.com/kaoyan/2025/07/02/58c014bc4d1a4627b6a82ef14982bcbc.png,2026-10-09T06:35:09.299314+00:00,mini_program_api_value_reconciled,secondary_structured,98a5b4e1273066e9,matched
西南大学,2025,数学与统计学院,应用统计,admitted_count,34.0,34.0,0.0,0.01,schoolMajorVO.enterpersonVolunteerNum,https://admin.jiuxianzai.cn/api/applet/home/index/schoolDetail/2efb3bf61f65f7fd5b43f15d3a532ba6,https://jiuxianzai.oss-cn-beijing.aliyuncs.com/kaoyan/2025/07/02/58c014bc4d1a4627b6a82ef14982bcbc.png,2026-10-09T06:35:09.299314+00:00,mini_program_api_value_reconciled,secondary_structured,98a5b4e1273066e9,matched
西南大学,2025,数学与统计学院,应用统计,retest_count,41.0,41.0,0.0,0.01,schoolMajorVO.enterpersonRepeatNum,https://admin.jiuxianzai.cn/api/applet/home/index/schoolDetail/2efb3bf61f65f7fd5b43f15d3a532ba6,https://jiuxianzai.oss-cn-beijing.aliyuncs.com/kaoyan/2025/07/02/58c014bc4d1a4627b6a82ef14982bcbc.png,2026-10-09T06:35:09.299314+00:00,mini_program_api_value_reconciled,secondary_structured,98a5b4e1273066e9,matched
西南大学,2026,数学与统计学院,应用统计,admitted_min,400.0,400.0,0.0,0.51,schoolMajorVO.repeatMinGrade,https://admin.jiuxianzai.cn/api/applet/home/index/schoolDetail/2efb3bf61f65f7fd5b43f15d3a532ba6,https://jiuxianzai.oss-cn-beijing.aliyuncs.com/kaoyan/2026/05/15/733bcffcf3e94532b0b67b19f6feed08.png,2026-10-09T06:35:09.299314+00:00,mini_program_api_value_reconciled,secondary_structured,98a5b4e1273066e9,matched
西南大学,2026,数学与统计学院,应用统计,admitted_count,23.0,23.0,0.0,0.01,schoolMajorVO.enterpersonVolunteerNum,https://admin.jiuxianzai.cn/api/applet/home/index/schoolDetail/2efb3bf61f65f7fd5b43f15d3a532ba6,https://jiuxianzai.oss-cn-beijing.aliyuncs.com/kaoyan/2026/05/15/733bcffcf3e94532b0b67b19f6feed08.png,2026-10-09T06:35:09.299314+00:00,mini_program_api_value_reconciled,secondary_structured,98a5b4e1273066e9,matched
西南大学,2026,数学与统计学院,应用统计,retest_count,28.0,28.0,0.0,0.01,schoolMajorVO.enterpersonRepeatNum,https://admin.jiuxianzai.cn/api/applet/home/index/schoolDetail/2efb3bf61f65f7fd5b43f15d3a532ba6,https://jiuxianzai.oss-cn-beijing.aliyuncs.com/kaoyan/2026/05/15/733bcffcf3e94532b0b67b19f6feed08.png,2026-10-09T06:35:09.299314+00:00,mini_program_api_value_reconciled,secondary_structured,98a5b4e1273066e9,matched
西南财经大学,2022,统计与数据科学学院,应用统计,admitted_count,85.0,85.0,0.0,0.01,schoolMajorVO.enterpersonVolunteerNum,https://admin.jiuxianzai.cn/api/applet/home/index/schoolDetail/691263c169077ceca3f9203b6d406912,https://jiuxianzai.oss-cn-beijing.aliyuncs.com/kaoyan/2022/05/06/7c977f212bef4992af8ad426ff0f541a.png,2026-10-09T06:35:10.398384+00:00,mini_program_api_value_reconciled,secondary_structured,8b2e99012fc1884d,matched
西南财经大学,2022,统计与数据科学学院,应用统计,retest_count,102.0,102.0,0.0,0.01,schoolMajorVO.enterpersonRepeatNum,https://admin.jiuxianzai.cn/api/applet/home/index/schoolDetail/691263c169077ceca3f9203b6d406912,https://jiuxianzai.oss-cn-beijing.aliyuncs.com/kaoyan/2022/05/06/7c977f212bef4992af8ad426ff0f541a.png,2026-10-09T06:35:10.398384+00:00,mini_program_api_value_reconciled,secondary_structured,8b2e99012fc1884d,matched
西南财经大学,2023,统计与数据科学学院,应用统计,cutoff,385.0,385.0,0.0,0.51,schoolMajorVO.repeatGrade,https://admin.jiuxianzai.cn/api/applet/home/index/schoolDetail/691263c169077ceca3f9203b6d406912,https://jiuxianzai.oss-cn-beijing.aliyuncs.com/kaoyan/2023/04/13/c3cacae2c2a04bf09704cdcbb2e191ad.png,2026-10-09T06:35:10.398384+00:00,mini_program_api_value_reconciled,secondary_structured,8b2e99012fc1884d,matched
西南财经大学,2023,统计与数据科学学院,应用统计,admitted_min,386.0,386.0,0.0,0.51,schoolMajorVO.repeatMinGrade,https://admin.jiuxianzai.cn/api/applet/home/index/schoolDetail/691263c169077ceca3f9203b6d406912,https://jiuxianzai.oss-cn-beijing.aliyuncs.com/kaoyan/2023/04/13/c3cacae2c2a04bf09704cdcbb2e191ad.png,2026-10-09T06:35:10.398384+00:00,mini_program_api_value_reconciled,secondary_structured,8b2e99012fc1884d,matched
西南财经大学,2023,统计与数据科学学院,应用统计,admitted_count,80.0,80.0,0.0,0.01,schoolMajorVO.enterpersonVolunteerNum,https://admin.jiuxianzai.cn/api/applet/home/index/schoolDetail/691263c169077ceca3f9203b6d406912,https://jiuxianzai.oss-cn-beijing.aliyuncs.com/kaoyan/2023/04/13/c3cacae2c2a04bf09704cdcbb2e191ad.png,2026-10-09T06:35:10.398384+00:00,mini_program_api_value_reconciled,secondary_structured,8b2e99012fc1884d,matched
西南财经大学,2023,统计与数据科学学院,应用统计,retest_count,99.0,99.0,0.0,0.01,schoolMajorVO.enterpersonRepeatNum,https://admin.jiuxianzai.cn/api/applet/home/index/schoolDetail/691263c169077ceca3f9203b6d406912,https://jiuxianzai.oss-cn-beijing.aliyuncs.com/kaoyan/2023/04/13/c3cacae2c2a04bf09704cdcbb2e191ad.png,2026-10-09T06:35:10.398384+00:00,mini_program_api_value_reconciled,secondary_structured,8b2e99012fc1884d,matched
西南财经大学,2024,统计与数据科学学院,应用统计,admitted_min,406.0,406.0,0.0,0.51,schoolMajorVO.repeatMinGrade,https://admin.jiuxianzai.cn/api/applet/home/index/schoolDetail/691263c169077ceca3f9203b6d406912,https://jiuxianzai.oss-cn-beijing.aliyuncs.com/kaoyan/2024/04/08/011c17156ef64a79a26069383ea13421.png,2026-10-09T06:35:10.398384+00:00,mini_program_api_value_reconciled,secondary_structured,8b2e99012fc1884d,matched
西南财经大学,2024,统计与数据科学学院,应用统计,admitted_count,64.0,64.0,0.0,0.01,schoolMajorVO.enterpersonVolunteerNum,https://admin.jiuxianzai.cn/api/applet/home/index/schoolDetail/691263c169077ceca3f9203b6d406912,https://jiuxianzai.oss-cn-beijing.aliyuncs.com/kaoyan/2024/04/08/011c17156ef64a79a26069383ea13421.png,2026-10-09T06:35:10.398384+00:00,mini_program_api_value_reconciled,secondary_structured,8b2e99012fc1884d,matched
西南财经大学,2024,统计与数据科学学院,应用统计,retest_count,78.0,78.0,0.0,0.01,schoolMajorVO.enterpersonRepeatNum,https://admin.jiuxianzai.cn/api/applet/home/index/schoolDetail/691263c169077ceca3f9203b6d406912,https://jiuxianzai.oss-cn-beijing.aliyuncs.com/kaoyan/2024/04/08/011c17156ef64a79a26069383ea13421.png,2026-10-09T06:35:10.398384+00:00,mini_program_api_value_reconciled,secondary_structured,8b2e99012fc1884d,matched
西南财经大学,2025,统计与数据科学学院,应用统计,admitted_min,361.0,361.0,0.0,0.51,schoolMajorVO.repeatMinGrade,https://admin.jiuxianzai.cn/api/applet/home/index/schoolDetail/691263c169077ceca3f9203b6d406912,https://jiuxianzai.oss-cn-beijing.aliyuncs.com/kaoyan/2025/04/07/af1e9dd8c2d84ac8bf61db5202dd270d.png,2026-10-09T06:35:10.398384+00:00,mini_program_api_value_reconciled,secondary_structured,8b2e99012fc1884d,matched
西南财经大学,2025,统计与数据科学学院,应用统计,admitted_count,55.0,55.0,0.0,0.01,schoolMajorVO.enterpersonVolunteerNum,https://admin.jiuxianzai.cn/api/applet/home/index/schoolDetail/691263c169077ceca3f9203b6d406912,https://jiuxianzai.oss-cn-beijing.aliyuncs.com/kaoyan/2025/04/07/af1e9dd8c2d84ac8bf61db5202dd270d.png,2026-10-09T06:35:10.398384+00:00,mini_program_api_value_reconciled,secondary_structured,8b2e99012fc1884d,matched
西南财经大学,2025,统计与数据科学学院,应用统计,retest_count,64.0,64.0,0.0,0.01,schoolMajorVO.enterpersonRepeatNum,https://admin.jiuxianzai.cn/api/applet/home/index/schoolDetail/691263c169077ceca3f9203b6d406912,https://jiuxianzai.oss-cn-beijing.aliyuncs.com/kaoyan/2025/04/07/af1e9dd8c2d84ac8bf61db5202dd270d.png,2026-10-09T06:35:10.398384+00:00,mini_program_api_value_reconciled,secondary_structured,8b2e99012fc1884d,matched
西南财经大学,2026,统计与数据科学学院,应用统计,admitted_min,358.0,358.0,0.0,0.51,schoolMajorVO.repeatMinGrade,https://admin.jiuxianzai.cn/api/applet/home/index/schoolDetail/691263c169077ceca3f9203b6d406912,https://jiuxianzai.oss-cn-beijing.aliyuncs.com/kaoyan/2026/05/15/503817f05e984d418f7e5712c582ad4e.png,2026-10-09T06:35:10.398384+00:00,mini_program_api_value_reconciled,secondary_structured,8b2e99012fc1884d,matched
西安交通大学,2023,数学与统计学院,应用统计,cutoff,370.0,370.0,0.0,0.51,schoolMajorVO.repeatGrade,https://admin.jiuxianzai.cn/api/applet/home/index/schoolDetail/8b7ba3fc84812cac8b0bc8f00fe842aa,https://jiuxianzai.oss-cn-beijing.aliyuncs.com/kaoyan/2023/04/13/c2163c033a16445883d6db6f69c3920d.png,2026-10-09T06:35:10.868230+00:00,mini_program_api_value_reconciled,secondary_structured,9575f86db8fa73d7,matched
西安交通大学,2023,数学与统计学院,应用统计,admitted_min,376.0,376.0,0.0,0.51,schoolMajorVO.repeatMinGrade,https://admin.jiuxianzai.cn/api/applet/home/index/schoolDetail/8b7ba3fc84812cac8b0bc8f00fe842aa,https://jiuxianzai.oss-cn-beijing.aliyuncs.com/kaoyan/2023/04/13/c2163c033a16445883d6db6f69c3920d.png,2026-10-09T06:35:10.868230+00:00,mini_program_api_value_reconciled,secondary_structured,9575f86db8fa73d7,matched
西安交通大学,2024,数学与统计学院,应用统计,cutoff,350.0,350.0,0.0,0.51,schoolMajorVO.repeatGrade,https://admin.jiuxianzai.cn/api/applet/home/index/schoolDetail/8b7ba3fc84812cac8b0bc8f00fe842aa,https://jiuxianzai.oss-cn-beijing.aliyuncs.com/kaoyan/2024/04/28/183fd03d47b74e8d8b37dae1dc03cf96.png,2026-10-09T06:35:10.868230+00:00,mini_program_api_value_reconciled,secondary_structured,9575f86db8fa73d7,matched
西安交通大学,2024,数学与统计学院,应用统计,admitted_min,350.0,350.0,0.0,0.51,schoolMajorVO.repeatMinGrade,https://admin.jiuxianzai.cn/api/applet/home/index/schoolDetail/8b7ba3fc84812cac8b0bc8f00fe842aa,https://jiuxianzai.oss-cn-beijing.aliyuncs.com/kaoyan/2024/04/28/183fd03d47b74e8d8b37dae1dc03cf96.png,2026-10-09T06:35:10.868230+00:00,mini_program_api_value_reconciled,secondary_structured,9575f86db8fa73d7,matched
西安交通大学,2025,数学与统计学院,应用统计,admitted_min,362.0,362.0,0.0,0.51,schoolMajorVO.repeatMinGrade,https://admin.jiuxianzai.cn/api/applet/home/index/schoolDetail/8b7ba3fc84812cac8b0bc8f00fe842aa,https://jiuxianzai.oss-cn-beijing.aliyuncs.com/kaoyan/2025/05/28/690df7dcce244af2955b247307cf5cc9.png,2026-10-09T06:35:10.868230+00:00,mini_program_api_value_reconciled,secondary_structured,9575f86db8fa73d7,matched
西安交通大学,2025,数学与统计学院,应用统计,admitted_count,44.0,44.0,0.0,0.01,schoolMajorVO.enterpersonVolunteerNum,https://admin.jiuxianzai.cn/api/applet/home/index/schoolDetail/8b7ba3fc84812cac8b0bc8f00fe842aa,https://jiuxianzai.oss-cn-beijing.aliyuncs.com/kaoyan/2025/05/28/690df7dcce244af2955b247307cf5cc9.png,2026-10-09T06:35:10.868230+00:00,mini_program_api_value_reconciled,secondary_structured,9575f86db8fa73d7,matched
西安交通大学,2025,数学与统计学院,应用统计,retest_count,56.0,56.0,0.0,0.01,schoolMajorVO.enterpersonRepeatNum,https://admin.jiuxianzai.cn/api/applet/home/index/schoolDetail/8b7ba3fc84812cac8b0bc8f00fe842aa,https://jiuxianzai.oss-cn-beijing.aliyuncs.com/kaoyan/2025/05/28/690df7dcce244af2955b247307cf5cc9.png,2026-10-09T06:35:10.868230+00:00,mini_program_api_value_reconciled,secondary_structured,9575f86db8fa73d7,matched
西安交通大学,2023,经济与金融学院,应用统计,cutoff,370.0,370.0,0.0,0.51,schoolMajorVO.repeatGrade,https://admin.jiuxianzai.cn/api/applet/home/index/schoolDetail/78b55c383768fe4a90acc4aaacbf692a,,2026-10-09T06:35:10.476635+00:00,mini_program_api_value_reconciled,secondary_structured,0dbfa21dc1d38dc2,matched
西安交通大学,2025,经济与金融学院,应用统计,cutoff,345.0,345.0,0.0,0.51,schoolMajorVO.repeatGrade,https://admin.jiuxianzai.cn/api/applet/home/index/schoolDetail/78b55c383768fe4a90acc4aaacbf692a,,2026-10-09T06:35:10.476635+00:00,mini_program_api_value_reconciled,secondary_structured,0dbfa21dc1d38dc2,matched
西安交通大学,2026,经济与金融学院,应用统计,admitted_min,370.0,370.0,0.0,0.51,schoolMajorVO.repeatMinGrade,https://admin.jiuxianzai.cn/api/applet/home/index/schoolDetail/78b55c383768fe4a90acc4aaacbf692a,https://jiuxianzai.oss-cn-beijing.aliyuncs.com/kaoyan/2026/05/14/d197fe2a4f854380b6a8db339bc3a696.png,2026-10-09T06:35:10.476635+00:00,mini_program_api_value_reconciled,secondary_structured,0dbfa21dc1d38dc2,matched
西安交通大学,2026,经济与金融学院,应用统计,retest_count,38.0,38.0,0.0,0.01,schoolMajorVO.enterpersonRepeatNum,https://admin.jiuxianzai.cn/api/applet/home/index/schoolDetail/78b55c383768fe4a90acc4aaacbf692a,https://jiuxianzai.oss-cn-beijing.aliyuncs.com/kaoyan/2026/05/14/d197fe2a4f854380b6a8db339bc3a696.png,2026-10-09T06:35:10.476635+00:00,mini_program_api_value_reconciled,secondary_structured,0dbfa21dc1d38dc2,matched
西安电子科技大学,2022,数学与统计学院,应用统计,cutoff,400.0,400.0,0.0,0.51,schoolMajorVO.repeatGrade,https://admin.jiuxianzai.cn/api/applet/home/index/schoolDetail/edd0951fcbacf51a7ff0beb53e1d7bb6,https://jiuxianzai.oss-cn-beijing.aliyuncs.com/kaoyan/2022/04/18/8b8decd137da4a8ab9b33696a87c15a2.png,2026-10-09T06:35:12.692789+00:00,mini_program_api_value_reconciled,secondary_structured,75ff50269c636ced,matched
西安电子科技大学,2022,数学与统计学院,应用统计,admitted_count,12.0,12.0,0.0,0.01,schoolMajorVO.enterpersonVolunteerNum,https://admin.jiuxianzai.cn/api/applet/home/index/schoolDetail/edd0951fcbacf51a7ff0beb53e1d7bb6,https://jiuxianzai.oss-cn-beijing.aliyuncs.com/kaoyan/2022/04/18/8b8decd137da4a8ab9b33696a87c15a2.png,2026-10-09T06:35:12.692789+00:00,mini_program_api_value_reconciled,secondary_structured,75ff50269c636ced,matched
西安电子科技大学,2022,数学与统计学院,应用统计,retest_count,18.0,18.0,0.0,0.01,schoolMajorVO.enterpersonRepeatNum,https://admin.jiuxianzai.cn/api/applet/home/index/schoolDetail/edd0951fcbacf51a7ff0beb53e1d7bb6,https://jiuxianzai.oss-cn-beijing.aliyuncs.com/kaoyan/2022/04/18/8b8decd137da4a8ab9b33696a87c15a2.png,2026-10-09T06:35:12.692789+00:00,mini_program_api_value_reconciled,secondary_structured,75ff50269c636ced,matched
西安电子科技大学,2023,数学与统计学院,应用统计,cutoff,350.0,350.0,0.0,0.51,schoolMajorVO.repeatGrade,https://admin.jiuxianzai.cn/api/applet/home/index/schoolDetail/edd0951fcbacf51a7ff0beb53e1d7bb6,https://jiuxianzai.oss-cn-beijing.aliyuncs.com/kaoyan/2023/04/13/3ec631639cf54d09a119b88a7e133f50.png,2026-10-09T06:35:12.692789+00:00,mini_program_api_value_reconciled,secondary_structured,75ff50269c636ced,matched
西安电子科技大学,2023,数学与统计学院,应用统计,admitted_min,351.0,351.0,0.0,0.51,schoolMajorVO.repeatMinGrade,https://admin.jiuxianzai.cn/api/applet/home/index/schoolDetail/edd0951fcbacf51a7ff0beb53e1d7bb6,https://jiuxianzai.oss-cn-beijing.aliyuncs.com/kaoyan/2023/04/13/3ec631639cf54d09a119b88a7e133f50.png,2026-10-09T06:35:12.692789+00:00,mini_program_api_value_reconciled,secondary_structured,75ff50269c636ced,matched
西安电子科技大学,2023,数学与统计学院,应用统计,admitted_count,13.0,13.0,0.0,0.01,schoolMajorVO.enterpersonVolunteerNum,https://admin.jiuxianzai.cn/api/applet/home/index/schoolDetail/edd0951fcbacf51a7ff0beb53e1d7bb6,https://jiuxianzai.oss-cn-beijing.aliyuncs.com/kaoyan/2023/04/13/3ec631639cf54d09a119b88a7e133f50.png,2026-10-09T06:35:12.692789+00:00,mini_program_api_value_reconciled,secondary_structured,75ff50269c636ced,matched
西安电子科技大学,2023,数学与统计学院,应用统计,retest_count,17.0,17.0,0.0,0.01,schoolMajorVO.enterpersonRepeatNum,https://admin.jiuxianzai.cn/api/applet/home/index/schoolDetail/edd0951fcbacf51a7ff0beb53e1d7bb6,https://jiuxianzai.oss-cn-beijing.aliyuncs.com/kaoyan/2023/04/13/3ec631639cf54d09a119b88a7e133f50.png,2026-10-09T06:35:12.692789+00:00,mini_program_api_value_reconciled,secondary_structured,75ff50269c636ced,matched
西安电子科技大学,2024,数学与统计学院,应用统计,admitted_min,347.0,347.0,0.0,0.51,schoolMajorVO.repeatMinGrade,https://admin.jiuxianzai.cn/api/applet/home/index/schoolDetail/edd0951fcbacf51a7ff0beb53e1d7bb6,https://jiuxianzai.oss-cn-beijing.aliyuncs.com/kaoyan/2024/04/08/548b92030b0d40cda31281312b06ee4a.png,2026-10-09T06:35:12.692789+00:00,mini_program_api_value_reconciled,secondary_structured,75ff50269c636ced,matched
西安电子科技大学,2024,数学与统计学院,应用统计,admitted_count,9.0,9.0,0.0,0.01,schoolMajorVO.enterpersonVolunteerNum,https://admin.jiuxianzai.cn/api/applet/home/index/schoolDetail/edd0951fcbacf51a7ff0beb53e1d7bb6,https://jiuxianzai.oss-cn-beijing.aliyuncs.com/kaoyan/2024/04/08/548b92030b0d40cda31281312b06ee4a.png,2026-10-09T06:35:12.692789+00:00,mini_program_api_value_reconciled,secondary_structured,75ff50269c636ced,matched
西安电子科技大学,2024,数学与统计学院,应用统计,retest_count,10.0,10.0,0.0,0.01,schoolMajorVO.enterpersonRepeatNum,https://admin.jiuxianzai.cn/api/applet/home/index/schoolDetail/edd0951fcbacf51a7ff0beb53e1d7bb6,https://jiuxianzai.oss-cn-beijing.aliyuncs.com/kaoyan/2024/04/08/548b92030b0d40cda31281312b06ee4a.png,2026-10-09T06:35:12.692789+00:00,mini_program_api_value_reconciled,secondary_structured,75ff50269c636ced,matched
西安电子科技大学,2025,数学与统计学院,应用统计,admitted_min,375.0,375.0,0.0,0.51,schoolMajorVO.repeatMinGrade,https://admin.jiuxianzai.cn/api/applet/home/index/schoolDetail/edd0951fcbacf51a7ff0beb53e1d7bb6,https://jiuxianzai.oss-cn-beijing.aliyuncs.com/kaoyan/2025/04/07/af9d9dbab8cc43e882de93c13b60cac2.png,2026-10-09T06:35:12.692789+00:00,mini_program_api_value_reconciled,secondary_structured,75ff50269c636ced,matched
西安电子科技大学,2025,数学与统计学院,应用统计,admitted_count,10.0,10.0,0.0,0.01,schoolMajorVO.enterpersonVolunteerNum,https://admin.jiuxianzai.cn/api/applet/home/index/schoolDetail/edd0951fcbacf51a7ff0beb53e1d7bb6,https://jiuxianzai.oss-cn-beijing.aliyuncs.com/kaoyan/2025/04/07/af9d9dbab8cc43e882de93c13b60cac2.png,2026-10-09T06:35:12.692789+00:00,mini_program_api_value_reconciled,secondary_structured,75ff50269c636ced,matched
西安电子科技大学,2025,数学与统计学院,应用统计,retest_count,15.0,15.0,0.0,0.01,schoolMajorVO.enterpersonRepeatNum,https://admin.jiuxianzai.cn/api/applet/home/index/schoolDetail/edd0951fcbacf51a7ff0beb53e1d7bb6,https://jiuxianzai.oss-cn-beijing.aliyuncs.com/kaoyan/2025/04/07/af9d9dbab8cc43e882de93c13b60cac2.png,2026-10-09T06:35:12.692789+00:00,mini_program_api_value_reconciled,secondary_structured,75ff50269c636ced,matched
西安电子科技大学,2026,数学与统计学院,应用统计,admitted_min,355.0,355.0,0.0,0.51,schoolMajorVO.repeatMinGrade,https://admin.jiuxianzai.cn/api/applet/home/index/schoolDetail/edd0951fcbacf51a7ff0beb53e1d7bb6,https://jiuxianzai.oss-cn-beijing.aliyuncs.com/kaoyan/2026/05/15/3b79b2b49f95474eaf029356090b32c8.png,2026-10-09T06:35:12.692789+00:00,mini_program_api_value_reconciled,secondary_structured,75ff50269c636ced,matched
西安电子科技大学,2026,数学与统计学院,应用统计,admitted_count,14.0,14.0,0.0,0.01,schoolMajorVO.enterpersonVolunteerNum,https://admin.jiuxianzai.cn/api/applet/home/index/schoolDetail/edd0951fcbacf51a7ff0beb53e1d7bb6,https://jiuxianzai.oss-cn-beijing.aliyuncs.com/kaoyan/2026/05/15/3b79b2b49f95474eaf029356090b32c8.png,2026-10-09T06:35:12.692789+00:00,mini_program_api_value_reconciled,secondary_structured,75ff50269c636ced,matched
西安电子科技大学,2026,数学与统计学院,应用统计,retest_count,22.0,22.0,0.0,0.01,schoolMajorVO.enterpersonRepeatNum,https://admin.jiuxianzai.cn/api/applet/home/index/schoolDetail/edd0951fcbacf51a7ff0beb53e1d7bb6,https://jiuxianzai.oss-cn-beijing.aliyuncs.com/kaoyan/2026/05/15/3b79b2b49f95474eaf029356090b32c8.png,2026-10-09T06:35:12.692789+00:00,mini_program_api_value_reconciled,secondary_structured,75ff50269c636ced,matched
贵州大学,2022,数学与统计学院,应用统计,admitted_count,33.0,33.0,0.0,0.01,schoolMajorVO.enterpersonVolunteerNum,https://admin.jiuxianzai.cn/api/applet/home/index/schoolDetail/3bfd37b14412a43b3e531fe8705c8fa8,https://jiuxianzai.oss-cn-beijing.aliyuncs.com/kaoyan/2022/04/18/522db7b550a345cda91542936d0aff33.png,2026-10-09T06:35:09.515502+00:00,mini_program_api_value_reconciled,secondary_structured,873a44c1fef1cccb,matched
贵州大学,2022,数学与统计学院,应用统计,retest_count,60.0,60.0,0.0,0.01,schoolMajorVO.enterpersonRepeatNum,https://admin.jiuxianzai.cn/api/applet/home/index/schoolDetail/3bfd37b14412a43b3e531fe8705c8fa8,https://jiuxianzai.oss-cn-beijing.aliyuncs.com/kaoyan/2022/04/18/522db7b550a345cda91542936d0aff33.png,2026-10-09T06:35:09.515502+00:00,mini_program_api_value_reconciled,secondary_structured,873a44c1fef1cccb,matched
贵州大学,2023,数学与统计学院,应用统计,cutoff,336.0,336.0,0.0,0.51,schoolMajorVO.repeatGrade,https://admin.jiuxianzai.cn/api/applet/home/index/schoolDetail/3bfd37b14412a43b3e531fe8705c8fa8,https://jiuxianzai.oss-cn-beijing.aliyuncs.com/kaoyan/2023/04/13/a4a651dfe07144608173e1bc51ddf033.png,2026-10-09T06:35:09.515502+00:00,mini_program_api_value_reconciled,secondary_structured,873a44c1fef1cccb,matched
贵州大学,2023,数学与统计学院,应用统计,admitted_min,336.0,336.0,0.0,0.51,schoolMajorVO.repeatMinGrade,https://admin.jiuxianzai.cn/api/applet/home/index/schoolDetail/3bfd37b14412a43b3e531fe8705c8fa8,https://jiuxianzai.oss-cn-beijing.aliyuncs.com/kaoyan/2023/04/13/a4a651dfe07144608173e1bc51ddf033.png,2026-10-09T06:35:09.515502+00:00,mini_program_api_value_reconciled,secondary_structured,873a44c1fef1cccb,matched
贵州大学,2023,数学与统计学院,应用统计,admitted_count,29.0,29.0,0.0,0.01,schoolMajorVO.enterpersonVolunteerNum,https://admin.jiuxianzai.cn/api/applet/home/index/schoolDetail/3bfd37b14412a43b3e531fe8705c8fa8,https://jiuxianzai.oss-cn-beijing.aliyuncs.com/kaoyan/2023/04/13/a4a651dfe07144608173e1bc51ddf033.png,2026-10-09T06:35:09.515502+00:00,mini_program_api_value_reconciled,secondary_structured,873a44c1fef1cccb,matched
贵州大学,2023,数学与统计学院,应用统计,retest_count,29.0,29.0,0.0,0.01,schoolMajorVO.enterpersonRepeatNum,https://admin.jiuxianzai.cn/api/applet/home/index/schoolDetail/3bfd37b14412a43b3e531fe8705c8fa8,https://jiuxianzai.oss-cn-beijing.aliyuncs.com/kaoyan/2023/04/13/a4a651dfe07144608173e1bc51ddf033.png,2026-10-09T06:35:09.515502+00:00,mini_program_api_value_reconciled,secondary_structured,873a44c1fef1cccb,matched
贵州大学,2024,数学与统计学院,应用统计,admitted_min,333.0,333.0,0.0,0.51,schoolMajorVO.repeatMinGrade,https://admin.jiuxianzai.cn/api/applet/home/index/schoolDetail/3bfd37b14412a43b3e531fe8705c8fa8,https://jiuxianzai.oss-cn-beijing.aliyuncs.com/kaoyan/2024/04/08/1e3483948d284a7fa026f3fc8f52443f.png,2026-10-09T06:35:09.515502+00:00,mini_program_api_value_reconciled,secondary_structured,873a44c1fef1cccb,matched
贵州大学,2024,数学与统计学院,应用统计,admitted_count,37.0,37.0,0.0,0.01,schoolMajorVO.enterpersonVolunteerNum,https://admin.jiuxianzai.cn/api/applet/home/index/schoolDetail/3bfd37b14412a43b3e531fe8705c8fa8,https://jiuxianzai.oss-cn-beijing.aliyuncs.com/kaoyan/2024/04/08/1e3483948d284a7fa026f3fc8f52443f.png,2026-10-09T06:35:09.515502+00:00,mini_program_api_value_reconciled,secondary_structured,873a44c1fef1cccb,matched
贵州大学,2024,数学与统计学院,应用统计,retest_count,47.0,47.0,0.0,0.01,schoolMajorVO.enterpersonRepeatNum,https://admin.jiuxianzai.cn/api/applet/home/index/schoolDetail/3bfd37b14412a43b3e531fe8705c8fa8,https://jiuxianzai.oss-cn-beijing.aliyuncs.com/kaoyan/2024/04/08/1e3483948d284a7fa026f3fc8f52443f.png,2026-10-09T06:35:09.515502+00:00,mini_program_api_value_reconciled,secondary_structured,873a44c1fef1cccb,matched
贵州大学,2025,数学与统计学院,应用统计,cutoff,313.0,313.0,0.0,0.51,schoolMajorVO.repeatGrade,https://admin.jiuxianzai.cn/api/applet/home/index/schoolDetail/3bfd37b14412a43b3e531fe8705c8fa8,https://jiuxianzai.oss-cn-beijing.aliyuncs.com/kaoyan/2025/04/07/74b361390ac5432a88b9a3b76c47ca38.png,2026-10-09T06:35:09.515502+00:00,mini_program_api_value_reconciled,secondary_structured,873a44c1fef1cccb,matched
贵州大学,2025,数学与统计学院,应用统计,admitted_min,314.0,314.0,0.0,0.51,schoolMajorVO.repeatMinGrade,https://admin.jiuxianzai.cn/api/applet/home/index/schoolDetail/3bfd37b14412a43b3e531fe8705c8fa8,https://jiuxianzai.oss-cn-beijing.aliyuncs.com/kaoyan/2025/04/07/74b361390ac5432a88b9a3b76c47ca38.png,2026-10-09T06:35:09.515502+00:00,mini_program_api_value_reconciled,secondary_structured,873a44c1fef1cccb,matched
贵州大学,2025,数学与统计学院,应用统计,admitted_count,46.0,46.0,0.0,0.01,schoolMajorVO.enterpersonVolunteerNum,https://admin.jiuxianzai.cn/api/applet/home/index/schoolDetail/3bfd37b14412a43b3e531fe8705c8fa8,https://jiuxianzai.oss-cn-beijing.aliyuncs.com/kaoyan/2025/04/07/74b361390ac5432a88b9a3b76c47ca38.png,2026-10-09T06:35:09.515502+00:00,mini_program_api_value_reconciled,secondary_structured,873a44c1fef1cccb,matched
贵州大学,2025,数学与统计学院,应用统计,retest_count,63.0,63.0,0.0,0.01,schoolMajorVO.enterpersonRepeatNum,https://admin.jiuxianzai.cn/api/applet/home/index/schoolDetail/3bfd37b14412a43b3e531fe8705c8fa8,https://jiuxianzai.oss-cn-beijing.aliyuncs.com/kaoyan/2025/04/07/74b361390ac5432a88b9a3b76c47ca38.png,2026-10-09T06:35:09.515502+00:00,mini_program_api_value_reconciled,secondary_structured,873a44c1fef1cccb,matched
贵州大学,2026,数学与统计学院,应用统计,admitted_min,323.0,323.0,0.0,0.51,schoolMajorVO.repeatMinGrade,https://admin.jiuxianzai.cn/api/applet/home/index/schoolDetail/3bfd37b14412a43b3e531fe8705c8fa8,https://jiuxianzai.oss-cn-beijing.aliyuncs.com/kaoyan/2026/05/15/48b8d0295cb848b88f35bf12b8a1998c.png,2026-10-09T06:35:09.515502+00:00,mini_program_api_value_reconciled,secondary_structured,873a44c1fef1cccb,matched
贵州大学,2026,数学与统计学院,应用统计,admitted_count,48.0,48.0,0.0,0.01,schoolMajorVO.enterpersonVolunteerNum,https://admin.jiuxianzai.cn/api/applet/home/index/schoolDetail/3bfd37b14412a43b3e531fe8705c8fa8,https://jiuxianzai.oss-cn-beijing.aliyuncs.com/kaoyan/2026/05/15/48b8d0295cb848b88f35bf12b8a1998c.png,2026-10-09T06:35:09.515502+00:00,mini_program_api_value_reconciled,secondary_structured,873a44c1fef1cccb,matched
贵州大学,2026,数学与统计学院,应用统计,retest_count,73.0,73.0,0.0,0.01,schoolMajorVO.enterpersonRepeatNum,https://admin.jiuxianzai.cn/api/applet/home/index/schoolDetail/3bfd37b14412a43b3e531fe8705c8fa8,https://jiuxianzai.oss-cn-beijing.aliyuncs.com/kaoyan/2026/05/15/48b8d0295cb848b88f35bf12b8a1998c.png,2026-10-09T06:35:09.515502+00:00,mini_program_api_value_reconciled,secondary_structured,873a44c1fef1cccb,matched
辽宁大学,2023,数学与统计学院,应用统计,admitted_min,348.0,348.0,0.0,0.51,schoolMajorVO.repeatMinGrade,https://admin.jiuxianzai.cn/api/applet/home/index/schoolDetail/641847d4de044596a1580f1b2ed79c5c,https://jiuxianzai.oss-cn-beijing.aliyuncs.com/kaoyan/2023/06/07/9251888f5ebe4e2f96d9e62fa26d5ee8.png,2026-10-09T06:35:10.078404+00:00,mini_program_api_value_reconciled,secondary_structured,99a199dec466547c,matched
辽宁大学,2024,数学与统计学院,应用统计,admitted_min,343.0,343.0,0.0,0.51,schoolMajorVO.repeatMinGrade,https://admin.jiuxianzai.cn/api/applet/home/index/schoolDetail/641847d4de044596a1580f1b2ed79c5c,https://jiuxianzai.oss-cn-beijing.aliyuncs.com/kaoyan/2024/05/19/f352a6406ef8429ebebd4bc233764f69.png,2026-10-09T06:35:10.078404+00:00,mini_program_api_value_reconciled,secondary_structured,99a199dec466547c,matched
辽宁大学,2025,数学与统计学院,应用统计,admitted_min,349.0,349.0,0.0,0.51,schoolMajorVO.repeatMinGrade,https://admin.jiuxianzai.cn/api/applet/home/index/schoolDetail/641847d4de044596a1580f1b2ed79c5c,https://jiuxianzai.oss-cn-beijing.aliyuncs.com/kaoyan/2025/04/09/8af7cca761334286814b939ae041e709.png,2026-10-09T06:35:10.078404+00:00,mini_program_api_value_reconciled,secondary_structured,99a199dec466547c,matched
辽宁大学,2026,数学与统计学院,应用统计,admitted_min,340.0,340.0,0.0,0.51,schoolMajorVO.repeatMinGrade,https://admin.jiuxianzai.cn/api/applet/home/index/schoolDetail/641847d4de044596a1580f1b2ed79c5c,https://jiuxianzai.oss-cn-beijing.aliyuncs.com/kaoyan/2026/05/15/1fd25e819ba54ff49e91f415dc879161.png,2026-10-09T06:35:10.078404+00:00,mini_program_api_value_reconciled,secondary_structured,99a199dec466547c,matched
辽宁大学,2022,经济学院,应用统计,admitted_count,44.0,44.0,0.0,0.01,schoolMajorVO.enterpersonVolunteerNum,https://admin.jiuxianzai.cn/api/applet/home/index/schoolDetail/3d84697bbf795da24d79d3c8158d9b6d,https://jiuxianzai.oss-cn-beijing.aliyuncs.com/kaoyan/2022/05/16/8f3a3aae57384d46868ed4ca7c5a1078.png,2026-10-09T06:35:09.683949+00:00,mini_program_api_value_reconciled,secondary_structured,19eb0324a6281ad6,matched
辽宁大学,2022,经济学院,应用统计,retest_count,58.0,58.0,0.0,0.01,schoolMajorVO.enterpersonRepeatNum,https://admin.jiuxianzai.cn/api/applet/home/index/schoolDetail/3d84697bbf795da24d79d3c8158d9b6d,https://jiuxianzai.oss-cn-beijing.aliyuncs.com/kaoyan/2022/05/16/8f3a3aae57384d46868ed4ca7c5a1078.png,2026-10-09T06:35:09.683949+00:00,mini_program_api_value_reconciled,secondary_structured,19eb0324a6281ad6,matched
辽宁大学,2023,经济学院,应用统计,cutoff,360.0,360.0,0.0,0.51,schoolMajorVO.repeatGrade,https://admin.jiuxianzai.cn/api/applet/home/index/schoolDetail/3d84697bbf795da24d79d3c8158d9b6d,https://jiuxianzai.oss-cn-beijing.aliyuncs.com/kaoyan/2023/06/07/1c853110387d4352918d43a3b20095ea.png,2026-10-09T06:35:09.683949+00:00,mini_program_api_value_reconciled,secondary_structured,19eb0324a6281ad6,matched
郑州大学,2022,数学与统计学院,应用统计,cutoff,374.0,374.0,0.0,0.51,schoolMajorVO.repeatGrade,https://admin.jiuxianzai.cn/api/applet/home/index/schoolDetail/e6184904e58ab302502ce1d2b0cf01dc,https://jiuxianzai.oss-cn-beijing.aliyuncs.com/kaoyan/2022/04/18/b5f0869c16774fc6a94868c73423ac1d.png,2026-10-09T06:35:12.611289+00:00,mini_program_api_value_reconciled,secondary_structured,2792cf62bb7af7cd,matched
郑州大学,2022,数学与统计学院,应用统计,admitted_count,70.0,70.0,0.0,0.01,schoolMajorVO.enterpersonVolunteerNum,https://admin.jiuxianzai.cn/api/applet/home/index/schoolDetail/e6184904e58ab302502ce1d2b0cf01dc,https://jiuxianzai.oss-cn-beijing.aliyuncs.com/kaoyan/2022/04/18/b5f0869c16774fc6a94868c73423ac1d.png,2026-10-09T06:35:12.611289+00:00,mini_program_api_value_reconciled,secondary_structured,2792cf62bb7af7cd,matched
郑州大学,2022,数学与统计学院,应用统计,retest_count,73.0,73.0,0.0,0.01,schoolMajorVO.enterpersonRepeatNum,https://admin.jiuxianzai.cn/api/applet/home/index/schoolDetail/e6184904e58ab302502ce1d2b0cf01dc,https://jiuxianzai.oss-cn-beijing.aliyuncs.com/kaoyan/2022/04/18/b5f0869c16774fc6a94868c73423ac1d.png,2026-10-09T06:35:12.611289+00:00,mini_program_api_value_reconciled,secondary_structured,2792cf62bb7af7cd,matched
郑州大学,2023,数学与统计学院,应用统计,cutoff,366.0,366.0,0.0,0.51,schoolMajorVO.repeatGrade,https://admin.jiuxianzai.cn/api/applet/home/index/schoolDetail/e6184904e58ab302502ce1d2b0cf01dc,https://jiuxianzai.oss-cn-beijing.aliyuncs.com/kaoyan/2023/06/01/540745a12bdb42a49111fd75eb4b7575.png,2026-10-09T06:35:12.611289+00:00,mini_program_api_value_reconciled,secondary_structured,2792cf62bb7af7cd,matched
郑州大学,2023,数学与统计学院,应用统计,admitted_count,71.0,71.0,0.0,0.01,schoolMajorVO.enterpersonVolunteerNum,https://admin.jiuxianzai.cn/api/applet/home/index/schoolDetail/e6184904e58ab302502ce1d2b0cf01dc,https://jiuxianzai.oss-cn-beijing.aliyuncs.com/kaoyan/2023/06/01/540745a12bdb42a49111fd75eb4b7575.png,2026-10-09T06:35:12.611289+00:00,mini_program_api_value_reconciled,secondary_structured,2792cf62bb7af7cd,matched
郑州大学,2023,数学与统计学院,应用统计,retest_count,89.0,89.0,0.0,0.01,schoolMajorVO.enterpersonRepeatNum,https://admin.jiuxianzai.cn/api/applet/home/index/schoolDetail/e6184904e58ab302502ce1d2b0cf01dc,https://jiuxianzai.oss-cn-beijing.aliyuncs.com/kaoyan/2023/06/01/540745a12bdb42a49111fd75eb4b7575.png,2026-10-09T06:35:12.611289+00:00,mini_program_api_value_reconciled,secondary_structured,2792cf62bb7af7cd,matched
郑州大学,2024,数学与统计学院,应用统计,admitted_min,347.0,347.0,0.0,0.51,schoolMajorVO.repeatMinGrade,https://admin.jiuxianzai.cn/api/applet/home/index/schoolDetail/e6184904e58ab302502ce1d2b0cf01dc,https://jiuxianzai.oss-cn-beijing.aliyuncs.com/kaoyan/2024/05/01/222f44e3390c44228ef1b20364d4b430.png,2026-10-09T06:35:12.611289+00:00,mini_program_api_value_reconciled,secondary_structured,2792cf62bb7af7cd,matched
郑州大学,2024,数学与统计学院,应用统计,admitted_count,75.0,75.0,0.0,0.01,schoolMajorVO.enterpersonVolunteerNum,https://admin.jiuxianzai.cn/api/applet/home/index/schoolDetail/e6184904e58ab302502ce1d2b0cf01dc,https://jiuxianzai.oss-cn-beijing.aliyuncs.com/kaoyan/2024/05/01/222f44e3390c44228ef1b20364d4b430.png,2026-10-09T06:35:12.611289+00:00,mini_program_api_value_reconciled,secondary_structured,2792cf62bb7af7cd,matched
郑州大学,2024,数学与统计学院,应用统计,retest_count,93.0,93.0,0.0,0.01,schoolMajorVO.enterpersonRepeatNum,https://admin.jiuxianzai.cn/api/applet/home/index/schoolDetail/e6184904e58ab302502ce1d2b0cf01dc,https://jiuxianzai.oss-cn-beijing.aliyuncs.com/kaoyan/2024/05/01/222f44e3390c44228ef1b20364d4b430.png,2026-10-09T06:35:12.611289+00:00,mini_program_api_value_reconciled,secondary_structured,2792cf62bb7af7cd,matched
郑州大学,2025,数学与统计学院,应用统计,admitted_min,363.0,363.0,0.0,0.51,schoolMajorVO.repeatMinGrade,https://admin.jiuxianzai.cn/api/applet/home/index/schoolDetail/e6184904e58ab302502ce1d2b0cf01dc,https://jiuxianzai.oss-cn-beijing.aliyuncs.com/kaoyan/2025/05/08/9e2bb456652b42929faf0caaaf1c4176.png,2026-10-09T06:35:12.611289+00:00,mini_program_api_value_reconciled,secondary_structured,2792cf62bb7af7cd,matched
郑州大学,2025,数学与统计学院,应用统计,admitted_count,45.0,45.0,0.0,0.01,schoolMajorVO.enterpersonVolunteerNum,https://admin.jiuxianzai.cn/api/applet/home/index/schoolDetail/e6184904e58ab302502ce1d2b0cf01dc,https://jiuxianzai.oss-cn-beijing.aliyuncs.com/kaoyan/2025/05/08/9e2bb456652b42929faf0caaaf1c4176.png,2026-10-09T06:35:12.611289+00:00,mini_program_api_value_reconciled,secondary_structured,2792cf62bb7af7cd,matched
郑州大学,2025,数学与统计学院,应用统计,retest_count,56.0,56.0,0.0,0.01,schoolMajorVO.enterpersonRepeatNum,https://admin.jiuxianzai.cn/api/applet/home/index/schoolDetail/e6184904e58ab302502ce1d2b0cf01dc,https://jiuxianzai.oss-cn-beijing.aliyuncs.com/kaoyan/2025/05/08/9e2bb456652b42929faf0caaaf1c4176.png,2026-10-09T06:35:12.611289+00:00,mini_program_api_value_reconciled,secondary_structured,2792cf62bb7af7cd,matched
郑州大学,2026,数学与统计学院,应用统计,admitted_min,366.0,366.0,0.0,0.51,schoolMajorVO.repeatMinGrade,https://admin.jiuxianzai.cn/api/applet/home/index/schoolDetail/e6184904e58ab302502ce1d2b0cf01dc,https://jiuxianzai.oss-cn-beijing.aliyuncs.com/kaoyan/2026/05/15/2903b99fb021427f908ffceeb4088294.png,2026-10-09T06:35:12.611289+00:00,mini_program_api_value_reconciled,secondary_structured,2792cf62bb7af7cd,matched
郑州大学,2026,数学与统计学院,应用统计,admitted_count,44.0,44.0,0.0,0.01,schoolMajorVO.enterpersonVolunteerNum,https://admin.jiuxianzai.cn/api/applet/home/index/schoolDetail/e6184904e58ab302502ce1d2b0cf01dc,https://jiuxianzai.oss-cn-beijing.aliyuncs.com/kaoyan/2026/05/15/2903b99fb021427f908ffceeb4088294.png,2026-10-09T06:35:12.611289+00:00,mini_program_api_value_reconciled,secondary_structured,2792cf62bb7af7cd,matched
郑州大学,2026,数学与统计学院,应用统计,retest_count,53.0,53.0,0.0,0.01,schoolMajorVO.enterpersonRepeatNum,https://admin.jiuxianzai.cn/api/applet/home/index/schoolDetail/e6184904e58ab302502ce1d2b0cf01dc,https://jiuxianzai.oss-cn-beijing.aliyuncs.com/kaoyan/2026/05/15/2903b99fb021427f908ffceeb4088294.png,2026-10-09T06:35:12.611289+00:00,mini_program_api_value_reconciled,secondary_structured,2792cf62bb7af7cd,matched
重庆大学,2022,数学与统计学院,应用统计,admitted_min,390.0,390.0,0.0,0.51,schoolMajorVO.repeatMinGrade,https://admin.jiuxianzai.cn/api/applet/home/index/schoolDetail/b0ae736153035d286890da2d0a95b244,https://jiuxianzai.oss-cn-beijing.aliyuncs.com/kaoyan/2022/04/17/8d04e2e4beae40beb7cd36ebd11a1df8.png,2026-10-09T06:35:11.524249+00:00,mini_program_api_value_reconciled,secondary_structured,f5654203d1bb58b9,matched
重庆大学,2022,数学与统计学院,应用统计,admitted_count,45.0,45.0,0.0,0.01,schoolMajorVO.enterpersonVolunteerNum,https://admin.jiuxianzai.cn/api/applet/home/index/schoolDetail/b0ae736153035d286890da2d0a95b244,https://jiuxianzai.oss-cn-beijing.aliyuncs.com/kaoyan/2022/04/17/8d04e2e4beae40beb7cd36ebd11a1df8.png,2026-10-09T06:35:11.524249+00:00,mini_program_api_value_reconciled,secondary_structured,f5654203d1bb58b9,matched
重庆大学,2022,数学与统计学院,应用统计,retest_count,152.0,152.0,0.0,0.01,schoolMajorVO.enterpersonRepeatNum,https://admin.jiuxianzai.cn/api/applet/home/index/schoolDetail/b0ae736153035d286890da2d0a95b244,https://jiuxianzai.oss-cn-beijing.aliyuncs.com/kaoyan/2022/04/17/8d04e2e4beae40beb7cd36ebd11a1df8.png,2026-10-09T06:35:11.524249+00:00,mini_program_api_value_reconciled,secondary_structured,f5654203d1bb58b9,matched
重庆大学,2023,数学与统计学院,应用统计,admitted_min,377.0,377.0,0.0,0.51,schoolMajorVO.repeatMinGrade,https://admin.jiuxianzai.cn/api/applet/home/index/schoolDetail/b0ae736153035d286890da2d0a95b244,https://jiuxianzai.oss-cn-beijing.aliyuncs.com/kaoyan/2023/05/18/9a1e365e7ce6451ba0210eb0a6a2d983.png,2026-10-09T06:35:11.524249+00:00,mini_program_api_value_reconciled,secondary_structured,f5654203d1bb58b9,matched
重庆大学,2023,数学与统计学院,应用统计,admitted_count,39.0,39.0,0.0,0.01,schoolMajorVO.enterpersonVolunteerNum,https://admin.jiuxianzai.cn/api/applet/home/index/schoolDetail/b0ae736153035d286890da2d0a95b244,https://jiuxianzai.oss-cn-beijing.aliyuncs.com/kaoyan/2023/05/18/9a1e365e7ce6451ba0210eb0a6a2d983.png,2026-10-09T06:35:11.524249+00:00,mini_program_api_value_reconciled,secondary_structured,f5654203d1bb58b9,matched
重庆大学,2023,数学与统计学院,应用统计,retest_count,101.0,101.0,0.0,0.01,schoolMajorVO.enterpersonRepeatNum,https://admin.jiuxianzai.cn/api/applet/home/index/schoolDetail/b0ae736153035d286890da2d0a95b244,https://jiuxianzai.oss-cn-beijing.aliyuncs.com/kaoyan/2023/05/18/9a1e365e7ce6451ba0210eb0a6a2d983.png,2026-10-09T06:35:11.524249+00:00,mini_program_api_value_reconciled,secondary_structured,f5654203d1bb58b9,matched
重庆大学,2024,数学与统计学院,应用统计,cutoff,355.0,355.0,0.0,0.51,schoolMajorVO.repeatGrade,https://admin.jiuxianzai.cn/api/applet/home/index/schoolDetail/b0ae736153035d286890da2d0a95b244,https://jiuxianzai.oss-cn-beijing.aliyuncs.com/kaoyan/2024/05/11/078da1507b96413d837047e3c132587f.png,2026-10-09T06:35:11.524249+00:00,mini_program_api_value_reconciled,secondary_structured,f5654203d1bb58b9,matched
重庆大学,2024,数学与统计学院,应用统计,admitted_min,363.0,363.0,0.0,0.51,schoolMajorVO.repeatMinGrade,https://admin.jiuxianzai.cn/api/applet/home/index/schoolDetail/b0ae736153035d286890da2d0a95b244,https://jiuxianzai.oss-cn-beijing.aliyuncs.com/kaoyan/2024/05/11/078da1507b96413d837047e3c132587f.png,2026-10-09T06:35:11.524249+00:00,mini_program_api_value_reconciled,secondary_structured,f5654203d1bb58b9,matched
重庆大学,2024,数学与统计学院,应用统计,admitted_count,46.0,46.0,0.0,0.01,schoolMajorVO.enterpersonVolunteerNum,https://admin.jiuxianzai.cn/api/applet/home/index/schoolDetail/b0ae736153035d286890da2d0a95b244,https://jiuxianzai.oss-cn-beijing.aliyuncs.com/kaoyan/2024/05/11/078da1507b96413d837047e3c132587f.png,2026-10-09T06:35:11.524249+00:00,mini_program_api_value_reconciled,secondary_structured,f5654203d1bb58b9,matched
重庆大学,2025,数学与统计学院,应用统计,admitted_min,362.0,362.0,0.0,0.51,schoolMajorVO.repeatMinGrade,https://admin.jiuxianzai.cn/api/applet/home/index/schoolDetail/b0ae736153035d286890da2d0a95b244,https://jiuxianzai.oss-cn-beijing.aliyuncs.com/kaoyan/2025/05/08/27861ecee89b4557bf7d9379511e3925.png,2026-10-09T06:35:11.524249+00:00,mini_program_api_value_reconciled,secondary_structured,f5654203d1bb58b9,matched
重庆大学,2025,数学与统计学院,应用统计,admitted_count,52.0,52.0,0.0,0.01,schoolMajorVO.enterpersonVolunteerNum,https://admin.jiuxianzai.cn/api/applet/home/index/schoolDetail/b0ae736153035d286890da2d0a95b244,https://jiuxianzai.oss-cn-beijing.aliyuncs.com/kaoyan/2025/05/08/27861ecee89b4557bf7d9379511e3925.png,2026-10-09T06:35:11.524249+00:00,mini_program_api_value_reconciled,secondary_structured,f5654203d1bb58b9,matched
重庆大学,2025,数学与统计学院,应用统计,retest_count,75.0,75.0,0.0,0.01,schoolMajorVO.enterpersonRepeatNum,https://admin.jiuxianzai.cn/api/applet/home/index/schoolDetail/b0ae736153035d286890da2d0a95b244,https://jiuxianzai.oss-cn-beijing.aliyuncs.com/kaoyan/2025/05/08/27861ecee89b4557bf7d9379511e3925.png,2026-10-09T06:35:11.524249+00:00,mini_program_api_value_reconciled,secondary_structured,f5654203d1bb58b9,matched
重庆大学,2026,数学与统计学院,应用统计,admitted_min,390.0,390.0,0.0,0.51,schoolMajorVO.repeatMinGrade,https://admin.jiuxianzai.cn/api/applet/home/index/schoolDetail/b0ae736153035d286890da2d0a95b244,https://jiuxianzai.oss-cn-beijing.aliyuncs.com/kaoyan/2026/05/14/6736f3662922478a98137b87757c4516.png,2026-10-09T06:35:11.524249+00:00,mini_program_api_value_reconciled,secondary_structured,f5654203d1bb58b9,matched
重庆大学,2026,数学与统计学院,应用统计,admitted_count,51.0,51.0,0.0,0.01,schoolMajorVO.enterpersonVolunteerNum,https://admin.jiuxianzai.cn/api/applet/home/index/schoolDetail/b0ae736153035d286890da2d0a95b244,https://jiuxianzai.oss-cn-beijing.aliyuncs.com/kaoyan/2026/05/14/6736f3662922478a98137b87757c4516.png,2026-10-09T06:35:11.524249+00:00,mini_program_api_value_reconciled,secondary_structured,f5654203d1bb58b9,matched
重庆大学,2026,数学与统计学院,应用统计,retest_count,84.0,84.0,0.0,0.01,schoolMajorVO.enterpersonRepeatNum,https://admin.jiuxianzai.cn/api/applet/home/index/schoolDetail/b0ae736153035d286890da2d0a95b244,https://jiuxianzai.oss-cn-beijing.aliyuncs.com/kaoyan/2026/05/14/6736f3662922478a98137b87757c4516.png,2026-10-09T06:35:11.524249+00:00,mini_program_api_value_reconciled,secondary_structured,f5654203d1bb58b9,matched
陕西师范大学,2023,数学与统计学院,应用统计,cutoff,350.0,350.0,0.0,0.51,schoolMajorVO.repeatGrade,https://admin.jiuxianzai.cn/api/applet/home/index/schoolDetail/3f35a6bf161df2c1957177f9d19cc26a,https://jiuxianzai.oss-cn-beijing.aliyuncs.com/kaoyan/2023/06/01/73f226ad6c55460c855f226871e76f16.png,2026-10-09T06:35:09.785597+00:00,mini_program_api_value_reconciled,secondary_structured,2130e98c83a3c746,matched
陕西师范大学,2023,数学与统计学院,应用统计,admitted_min,350.0,350.0,0.0,0.51,schoolMajorVO.repeatMinGrade,https://admin.jiuxianzai.cn/api/applet/home/index/schoolDetail/3f35a6bf161df2c1957177f9d19cc26a,https://jiuxianzai.oss-cn-beijing.aliyuncs.com/kaoyan/2023/06/01/73f226ad6c55460c855f226871e76f16.png,2026-10-09T06:35:09.785597+00:00,mini_program_api_value_reconciled,secondary_structured,2130e98c83a3c746,matched
陕西师范大学,2023,数学与统计学院,应用统计,admitted_count,7.0,7.0,0.0,0.01,schoolMajorVO.enterpersonVolunteerNum,https://admin.jiuxianzai.cn/api/applet/home/index/schoolDetail/3f35a6bf161df2c1957177f9d19cc26a,https://jiuxianzai.oss-cn-beijing.aliyuncs.com/kaoyan/2023/06/01/73f226ad6c55460c855f226871e76f16.png,2026-10-09T06:35:09.785597+00:00,mini_program_api_value_reconciled,secondary_structured,2130e98c83a3c746,matched
陕西师范大学,2023,数学与统计学院,应用统计,retest_count,7.0,7.0,0.0,0.01,schoolMajorVO.enterpersonRepeatNum,https://admin.jiuxianzai.cn/api/applet/home/index/schoolDetail/3f35a6bf161df2c1957177f9d19cc26a,https://jiuxianzai.oss-cn-beijing.aliyuncs.com/kaoyan/2023/06/01/73f226ad6c55460c855f226871e76f16.png,2026-10-09T06:35:09.785597+00:00,mini_program_api_value_reconciled,secondary_structured,2130e98c83a3c746,matched
陕西师范大学,2024,数学与统计学院,应用统计,admitted_min,359.0,359.0,0.0,0.51,schoolMajorVO.repeatMinGrade,https://admin.jiuxianzai.cn/api/applet/home/index/schoolDetail/3f35a6bf161df2c1957177f9d19cc26a,https://jiuxianzai.oss-cn-beijing.aliyuncs.com/kaoyan/2024/05/08/ef6008dcf95240f798d770fb6808388d.png,2026-10-09T06:35:09.785597+00:00,mini_program_api_value_reconciled,secondary_structured,2130e98c83a3c746,matched
陕西师范大学,2024,数学与统计学院,应用统计,admitted_count,10.0,10.0,0.0,0.01,schoolMajorVO.enterpersonVolunteerNum,https://admin.jiuxianzai.cn/api/applet/home/index/schoolDetail/3f35a6bf161df2c1957177f9d19cc26a,https://jiuxianzai.oss-cn-beijing.aliyuncs.com/kaoyan/2024/05/08/ef6008dcf95240f798d770fb6808388d.png,2026-10-09T06:35:09.785597+00:00,mini_program_api_value_reconciled,secondary_structured,2130e98c83a3c746,matched
陕西师范大学,2025,数学与统计学院,应用统计,cutoff,323.0,323.0,0.0,0.51,schoolMajorVO.repeatGrade,https://admin.jiuxianzai.cn/api/applet/home/index/schoolDetail/3f35a6bf161df2c1957177f9d19cc26a,https://jiuxianzai.oss-cn-beijing.aliyuncs.com/kaoyan/2025/05/08/11de1a3a748d49fe9a2791ef9fdc8dd4.png,2026-10-09T06:35:09.785597+00:00,mini_program_api_value_reconciled,secondary_structured,2130e98c83a3c746,matched
陕西师范大学,2025,数学与统计学院,应用统计,admitted_min,323.0,323.0,0.0,0.51,schoolMajorVO.repeatMinGrade,https://admin.jiuxianzai.cn/api/applet/home/index/schoolDetail/3f35a6bf161df2c1957177f9d19cc26a,https://jiuxianzai.oss-cn-beijing.aliyuncs.com/kaoyan/2025/05/08/11de1a3a748d49fe9a2791ef9fdc8dd4.png,2026-10-09T06:35:09.785597+00:00,mini_program_api_value_reconciled,secondary_structured,2130e98c83a3c746,matched
陕西师范大学,2025,数学与统计学院,应用统计,admitted_count,32.0,32.0,0.0,0.01,schoolMajorVO.enterpersonVolunteerNum,https://admin.jiuxianzai.cn/api/applet/home/index/schoolDetail/3f35a6bf161df2c1957177f9d19cc26a,https://jiuxianzai.oss-cn-beijing.aliyuncs.com/kaoyan/2025/05/08/11de1a3a748d49fe9a2791ef9fdc8dd4.png,2026-10-09T06:35:09.785597+00:00,mini_program_api_value_reconciled,secondary_structured,2130e98c83a3c746,matched
陕西师范大学,2025,数学与统计学院,应用统计,retest_count,36.0,36.0,0.0,0.01,schoolMajorVO.enterpersonRepeatNum,https://admin.jiuxianzai.cn/api/applet/home/index/schoolDetail/3f35a6bf161df2c1957177f9d19cc26a,https://jiuxianzai.oss-cn-beijing.aliyuncs.com/kaoyan/2025/05/08/11de1a3a748d49fe9a2791ef9fdc8dd4.png,2026-10-09T06:35:09.785597+00:00,mini_program_api_value_reconciled,secondary_structured,2130e98c83a3c746,matched
陕西师范大学,2026,数学与统计学院,应用统计,admitted_min,340.0,340.0,0.0,0.51,schoolMajorVO.repeatMinGrade,https://admin.jiuxianzai.cn/api/applet/home/index/schoolDetail/3f35a6bf161df2c1957177f9d19cc26a,https://jiuxianzai.oss-cn-beijing.aliyuncs.com/kaoyan/2026/05/15/c376bd3dea1c4572af5fe7f1fa349530.png,2026-10-09T06:35:09.785597+00:00,mini_program_api_value_reconciled,secondary_structured,2130e98c83a3c746,matched
陕西师范大学,2026,数学与统计学院,应用统计,admitted_count,30.0,30.0,0.0,0.01,schoolMajorVO.enterpersonVolunteerNum,https://admin.jiuxianzai.cn/api/applet/home/index/schoolDetail/3f35a6bf161df2c1957177f9d19cc26a,https://jiuxianzai.oss-cn-beijing.aliyuncs.com/kaoyan/2026/05/15/c376bd3dea1c4572af5fe7f1fa349530.png,2026-10-09T06:35:09.785597+00:00,mini_program_api_value_reconciled,secondary_structured,2130e98c83a3c746,matched
陕西师范大学,2026,数学与统计学院,应用统计,retest_count,38.0,38.0,0.0,0.01,schoolMajorVO.enterpersonRepeatNum,https://admin.jiuxianzai.cn/api/applet/home/index/schoolDetail/3f35a6bf161df2c1957177f9d19cc26a,https://jiuxianzai.oss-cn-beijing.aliyuncs.com/kaoyan/2026/05/15/c376bd3dea1c4572af5fe7f1fa349530.png,2026-10-09T06:35:09.785597+00:00,mini_program_api_value_reconciled,secondary_structured,2130e98c83a3c746,matched
