school,year,national_zone,national_line,cutoff,cutoff_text,cutoff_evidence,cutoff_evidence_class,cutoff_weight,cutoff_detail,cutoff_source,admitted_count,admitted_min,admitted_median,admitted_max,retest_count,retest_ratio_reported,retest_ratio_calculated,q10_value,q10_method,q10_weight,target_value,target_kind,target_weight,margin_cutoff,margin_q10,admission_official_url_present,admission_source_note,issue_count,issue_codes,source_sheet,source_row,lag1_cutoff,lag1_q10,lag1_margin_q10,lag1_admitted_count,lag1_cutoff_change,lag1_margin_change,trailing_margin_median,lag1_surprise_z,peer_lag1_surprise_mean
清华大学,2022,A,360,420.0,420（机构2022汇总；多方向取最高普通线）,机构汇总（二次核验）,third_party,0.62,已给出院校线,https://www.educity.cn/kyyy/5009654.html,9,433.0,439.0,451.0,17,2.125,1.8889,433.0,small_n_minimum,0.48,433.0,q10_proxy,0.48,60.0,73.0,1,https://www.math.tsinghua.edu.cn/2022nianyingyongtongjizhuanyeshuoshixiangmugongkaizhaokaoniluqumingdangongshi.pdf | 普通统考拟录取；2026复录比=7/4，其余年份复试名单未闭合则不计算；就现在考研小程序院校模块（2026-08-14读取）：https://admin.jiuxianzai.cn/api/applet/home/index/schoolDetail/727293ed8fd7c3a5f2674f0546b020d3,1,retest_ratio_mismatch,年度线与录取,5,,,,,,,,,
清华大学,2023,A,346,405.0,405（清华大学2023校/项目线）,官方,official,1.0,清华大学2023校/项目线,https://yz.chsi.com.cn/kyzx/zt/lnfsx2023.shtml,4,406.0,421.0,436.0,12,1.5,3.0,406.0,small_n_minimum,0.48,406.0,q10_proxy,0.48,59.0,60.0,1,https://www.math.tsinghua.edu.cn/2023nianyingyongtongjizhuanyeshuoshiluqumingdangongshi.pdf | 普通统考拟录取；2026复录比=7/4，其余年份复试名单未闭合则不计算；就现在考研小程序院校模块（2026-08-14读取）：https://admin.jiuxianzai.cn/api/applet/home/index/schoolDetail/727293ed8fd7c3a5f2674f0546b020d3,1,retest_ratio_mismatch,年度线与录取,6,420.0,433.0,73.0,9,,,73.0,,
清华大学,2024,A,338,420.0,420（机构公开页；多方向取最高，需以官网复核）,机构公开汇总（二次核验）,third_party,0.62,(042)数学科学系 (01)应用统计=420,https://www.ludengkaoyan.com/school3/qrz/zsml/111.html,7,421.0,425.0,438.0,13,1.8571428571428572,1.8571,421.0,small_n_minimum,0.48,421.0,q10_proxy,0.48,82.0,83.0,1,https://www.math.tsinghua.edu.cn/qinghuadaxue2024nianshuxuekexuexishuoshiyanjiushengyingyongtongjizhuanyeluqugongshimingdan.pdf | 普通统考拟录取；2026复录比=7/4，其余年份复试名单未闭合则不计算；就现在考研小程序院校模块（2026-08-14读取）：https://admin.jiuxianzai.cn/api/applet/home/index/schoolDetail/727293ed8fd7c3a5f2674f0546b020d3；经人数与最低录取线校验的名单图：https://jiuxianzai.oss-cn-beijing.aliyuncs.com/kaoyan/2024/05/08/ec71af13daf449faa89cdbcd200dd6d9.png,0,,年度线与录取,7,405.0,406.0,60.0,4,-15.0,-13.0,66.5,-1.0833333333333333,0.6667
清华大学,2025,A,323,380.0,380（机构公开页；多方向取最高，需以官网复核）,机构公开汇总（二次核验）,third_party,0.62,(042)数学科学系 (01)应用统计=380,https://www.ludengkaoyan.com/school3/qrz/zsml/138436.html,7,381.0,401.0,433.0,16,1.6,2.2857,381.0,small_n_minimum,0.48,381.0,q10_proxy,0.48,57.0,58.0,1,https://www.math.tsinghua.edu.cn/qinghuadaxue2025nianshuxuekexuexishuoshiyanjiushengyingyongtongjizhuanyeniluqumingdangongshi.pdf | 普通统考拟录取；2026复录比=7/4，其余年份复试名单未闭合则不计算；就现在考研小程序院校模块（2026-08-14读取）：https://admin.jiuxianzai.cn/api/applet/home/index/schoolDetail/727293ed8fd7c3a5f2674f0546b020d3,1,retest_ratio_mismatch,年度线与录取,8,420.0,421.0,83.0,7,15.0,23.0,73.0,1.7121688509790496,0.9835
清华大学,2026,A,324,375.0,375（数学科学系全日制项目；统计系非全另核）,官方学院,official,1.0,数学科学系全日制项目；统计系非全另核,https://www.math.tsinghua.edu.cn/qinghuadaxue2026nianshuxuekexuexi2026nianshuoshitongzhaoshengfushiluqushishixize.pdf,4,400.0,423.5,426.0,7,1.75,1.75,400.0,small_n_minimum,0.48,400.0,q10_proxy,0.48,51.0,76.0,1,https://www.math.tsinghua.edu.cn/qinghuadaxue2026nianshuxuekexuexishuoshiyanjiushengyingyongtongjizhuanyeniluqumingdangongshi.pdf ; https://math.tsinghua.edu.cn/css/qinghuadaxue2026nianshuxuekexuexiquanguoshuoshiyanjiushengzhaoshengkaoshiyingyongtongjizhuanyeruweifushimingdangongshi.pdf | 普通统考拟录取；2026复录比=7/4，其余年份复试名单未闭合则不计算；就现在考研小程序院校模块（2026-08-14读取）：https://admin.jiuxianzai.cn/api/applet/home/index/schoolDetail/727293ed8fd7c3a5f2674f0546b020d3；经人数与最低录取线校验的名单图：https://jiuxianzai.oss-cn-beijing.aliyuncs.com/kaoyan/2026/05/06/05b9aca53bf44e92aac7cc0a8c56a3d7.png；卡方2026录取名单专辑交叉验证：录取线400 | 2026年清华大学公布拟录取名单4人 https://mp.weixin.qq.com/s?__biz=MzIxNTM0MjQ3OA==&mid=2247511820&idx=3&sn=ff869c735847ee446ed5996fc2b54269&chksm=979b23eda0ecaafbb29372b852f8fb189a5f3e05490667a5fe4c5e94eba75a35076096ffbcae#rd,0,,年度线与录取,9,380.0,381.0,58.0,7,-40.0,-25.0,66.5,-1.011736139214893,0.3146
复旦大学,2022,A,360,410.0,410（机构2022汇总；多方向取最高普通线）,机构汇总（二次核验）,third_party,0.62,已给出院校线,https://www.educity.cn/kyyy/5009654.html,66,,,,78,1.181818181818182,1.1818,,missing,0.0,410.0,cutoff_fallback,0.341,50.0,,0,就现在考研小程序院校模块（2026-08-14读取）：https://admin.jiuxianzai.cn/api/applet/home/index/schoolDetail/04666d5b128db218a90e39f747d03dfc; https://admin.jiuxianzai.cn/api/applet/home/index/schoolDetail/20775c93b99cf5698397826887fa4815; https://admin.jiuxianzai.cn/api/applet/home/index/schoolDetail/464adb1fb8a82fa2bb215950f412d827; https://admin.jiuxianzai.cn/api/applet/home/index/schoolDetail/a3965c86ea7c934487502710e04554ae,0,,年度线与录取,10,,,,,,,,,
复旦大学,2023,A,346,395.0,395（复旦大学2023应用统计线）,官方,official,1.0,复旦大学2023应用统计线,https://yz.chsi.com.cn/kyzx/zt/lnfsx2023.shtml,84,395.0,,,109,1.2976190476190477,1.2976,395.0,minimum_only,0.252,395.0,q10_proxy,0.252,49.0,49.0,0,就现在考研小程序院校模块（2026-08-14读取）：https://admin.jiuxianzai.cn/api/applet/home/index/schoolDetail/04666d5b128db218a90e39f747d03dfc; https://admin.jiuxianzai.cn/api/applet/home/index/schoolDetail/20775c93b99cf5698397826887fa4815; https://admin.jiuxianzai.cn/api/applet/home/index/schoolDetail/464adb1fb8a82fa2bb215950f412d827; https://admin.jiuxianzai.cn/api/applet/home/index/schoolDetail/a3965c86ea7c934487502710e04554ae,0,,年度线与录取,11,410.0,,,66,,,,,
复旦大学,2024,A,338,395.0,395（机构公开页；多方向取最高，需以官网复核）,机构公开汇总（二次核验）,third_party,0.62,(018)数学科学学院 (01)高维数据分析=395；(018)数学科学学院 (02)散乱数据拟合=395；(018)数学科学学院 (03)统计计算方法=395；(084)上海数学中心 (01)统计建模与推断=395；(084)上海数学中心 (02)统计机器学习=395；(098)大数据学院 (01)大数据统计=395；(098)大数据学院 (02)人工智能=395,https://www.ludengkaoyan.com/school15/qrz/zsml/16448.html,110,396.0,,,121,1.1,1.1,396.0,minimum_only,0.252,396.0,q10_proxy,0.252,57.0,58.0,0,就现在考研小程序院校模块（2026-08-14读取）：https://admin.jiuxianzai.cn/api/applet/home/index/schoolDetail/04666d5b128db218a90e39f747d03dfc; https://admin.jiuxianzai.cn/api/applet/home/index/schoolDetail/20775c93b99cf5698397826887fa4815; https://admin.jiuxianzai.cn/api/applet/home/index/schoolDetail/464adb1fb8a82fa2bb215950f412d827; https://admin.jiuxianzai.cn/api/applet/home/index/schoolDetail/a3965c86ea7c934487502710e04554ae,0,,年度线与录取,12,395.0,395.0,49.0,84,-15.0,,49.0,,0.6667
复旦大学,2025,A,323,345.0,345（机构公开页；多方向取最高，需以官网复核）,机构公开汇总（二次核验）,third_party,0.62,(018)数学科学学院 (01)高维数据分析=345；(018)数学科学学院 (02)散乱数据拟合=345；(018)数学科学学院 (03)统计计算方法=345；(084)上海数学中心 (01)统计建模与推断=345；(084)上海数学中心 (02)统计机器学习=345；(098)大数据学院 (01)大数据统计=345；(098)大数据学院 (02)人工智能=345；(098)大数据学院 (03)人工智能（类脑研究院）=345；(402)上海数学与交叉学科研究院 (01)人工智能=345；(402)上海数学与交叉学科研究院 (02)大数据分析=345,https://www.ludengkaoyan.com/school15/qrz/zsml/173760.html,144,345.0,,,149,1.0347222222222223,1.0347,345.0,minimum_only,0.252,345.0,q10_proxy,0.252,22.0,22.0,0,就现在考研小程序院校模块（2026-08-14读取）：https://admin.jiuxianzai.cn/api/applet/home/index/schoolDetail/04666d5b128db218a90e39f747d03dfc; https://admin.jiuxianzai.cn/api/applet/home/index/schoolDetail/20775c93b99cf5698397826887fa4815; https://admin.jiuxianzai.cn/api/applet/home/index/schoolDetail/464adb1fb8a82fa2bb215950f412d827; https://admin.jiuxianzai.cn/api/applet/home/index/schoolDetail/a3965c86ea7c934487502710e04554ae,0,,年度线与录取,13,395.0,396.0,58.0,110,0.0,9.0,53.5,0.75,1.9583
复旦大学,2026,A,324,380.0,380（0252应用统计学校基本线，四培养单位，学校官方）,官方学校2026,official,1.0,2026官方对照表确认0252由数学科学学院、上海数学中心、大数据学院、上海数学与交叉学科研究院招生。,https://gsao.fudan.edu.cn/_upload/article/files/18/fc/7a23e1c8471c8cf6eab8c0459cb0/d2f601bf-0bfd-4275-ab86-535e691b9f49.pdf,148,380.0,412.0,451.0,158,1.0675675675675675,1.0676,386.05,order_stat_interpolation,0.68,386.05,q10_proxy,0.68,56.0,62.05000000000001,1,https://math.fudan.edu.cn/ca/cc/c30374a772812/page.htm ; https://scms.fudan.edu.cn/info/1047/12031.htm ; https://sds.fudan.edu.cn/ca/bd/c17701a772797/page.htm ; https://www.simis.cn/2026%E5%B9%B4%E7%A1%95%E5%A3%AB%E7%A0%94%E7%A9%B6%E5%A4%8D%E8%AF%95%E5%90%8D%E5%8D%95/ ; https://gsao.fudan.edu.cn/e6/ec/c15906a780012/page.htm | 全校025200四单位汇总：数学科学学院22复试/22录取；上海数学中心8/8；大数据学院92/88；上海数学与交叉学科研究院36/30。合计158/148，实际复录比1.068。拟录取初试分最低380、中位412、最高451。大数据学院名单同时含071400，按官方最终名单考号分组剔除，不将其计入025200。；就现在考研小程序院校模块（2026-08-14读取）：https://admin.jiuxianzai.cn/api/applet/home/index/schoolDetail/04666d5b128db218a90e39f747d03dfc; https://admin.jiuxianzai.cn/api/applet/home/index/schoolDetail/20775c93b99cf5698397826887fa4815; https://admin.jiuxianzai.cn/api/applet/home/index/schoolDetail/464adb1fb8a82fa2bb215950f412d827; https://admin.jiuxianzai.cn/api/applet/home/index/schoolDetail/a3965c86ea7c934487502710e04554ae；经人数与最低录取线校验的名单图：https://jiuxianzai.oss-cn-beijing.aliyuncs.com/kaoyan/2026/05/19/e061786fad8345eea5790809cb6ff1d1.png; https://jiuxianzai.oss-cn-beijing.aliyuncs.com/kaoyan/2026/05/19/02ae9ca1bc9241e28251b2cdb062dfc5.png; https://jiuxianzai.oss-cn-beijing.aliyuncs.com/kaoyan/2026/05/19/9e1166ed69c1442abb64d7c7c7241223.png; https://jiuxianzai.oss-cn-beijing.aliyuncs.com/kaoyan/2026/05/19/25428559b0cf4dbfb504859f2a22d035.png；卡方2026录取名单专辑交叉验证：录取149人，录取线380 | 2026年复旦大学公布拟录取名单89+30+8+22人 https://mp.weixin.qq.com/s?__biz=MzIxNTM0MjQ3OA==&mid=2247512727&idx=1&sn=039c6897a8b83570f80b79ea937b6880&chksm=979b3e76a0ecb7600fdb56cdb9880a179e965335e92e94cf464f1e9fc7ae698c38cd7eec8099#rd,0,,年度线与录取,14,345.0,345.0,22.0,144,-50.0,-36.0,49.0,-4.721435316336167,0.5053
上海交通大学,2022,A,360,400.0,400（机构2022汇总；多方向取最高普通线）,机构汇总（二次核验）,third_party,0.62,已给出院校线,https://www.educity.cn/kyyy/5009654.html,44,,414.5,437.0,55,1.25,1.25,,missing,0.0,400.0,cutoff_fallback,0.341,40.0,,0,就现在考研小程序院校模块（2026-08-14读取）：https://admin.jiuxianzai.cn/api/applet/home/index/schoolDetail/61ab8bb59fd94ad71f849af6ceac6c8f；经人数与最低录取线校验的名单图：https://jiuxianzai.oss-cn-beijing.aliyuncs.com/kaoyan/2022/04/17/61806cf665264300922569a1fb6eaebd.png,0,,年度线与录取,15,,,,,,,,,
上海交通大学,2023,A,346,365.0,365（上海交通大学2023学校专业基本线）,官方,official,1.0,上海交通大学2023学校专业基本线,https://yz.chsi.com.cn/kyzx/zt/lnfsx2023.shtml,49,365.0,,,58,1.183673469387755,1.1837,365.0,minimum_only,0.252,365.0,q10_proxy,0.252,19.0,19.0,0,就现在考研小程序院校模块（2026-08-14读取）：https://admin.jiuxianzai.cn/api/applet/home/index/schoolDetail/61ab8bb59fd94ad71f849af6ceac6c8f,0,,年度线与录取,16,400.0,,,44,,,,,
上海交通大学,2024,A,338,380.0,380（机构公开页；多方向取最高，需以官网复核）,机构公开汇总（二次核验）,third_party,0.62,(071)数学科学学院 (01)不区分研究方向=380,https://www.ludengkaoyan.com/school17/qrz/zsml/16458.html,52,384.0,406.5,434.0,64,1.2307692307692308,1.2308,387.79,order_stat_interpolation,0.49,387.79,q10_proxy,0.49,42.0,49.79000000000002,0,就现在考研小程序院校模块（2026-08-14读取）：https://admin.jiuxianzai.cn/api/applet/home/index/schoolDetail/61ab8bb59fd94ad71f849af6ceac6c8f；经人数与最低录取线校验的名单图：https://jiuxianzai.oss-cn-beijing.aliyuncs.com/kaoyan/2024/04/03/3a99b128c2fe4ac398baccc7dd3043d0.png,0,,年度线与录取,17,365.0,365.0,19.0,49,-35.0,,19.0,,0.0833
上海交通大学,2025,A,323,375.0,375（机构公开页；多方向取最高，需以官网复核）,机构公开汇总（二次核验）,third_party,0.62,(071)数学科学学院 (01)不区分研究方向=375,https://www.ludengkaoyan.com/school17/qrz/zsml/175438.html,61,375.0,399.0,436.0,74,1.213114754098361,1.2131,379.16,order_stat_interpolation,0.49,379.16,q10_proxy,0.49,52.0,56.160000000000025,0,就现在考研小程序院校模块（2026-08-14读取）：https://admin.jiuxianzai.cn/api/applet/home/index/schoolDetail/61ab8bb59fd94ad71f849af6ceac6c8f；经人数与最低录取线校验的名单图：https://jiuxianzai.oss-cn-beijing.aliyuncs.com/kaoyan/2025/04/07/758038f531874eca90d483272707cb78.png,0,,年度线与录取,18,380.0,387.79,49.79000000000002,52,15.0,30.79000000000002,34.39500000000001,2.565833333333335,0.8539
上海交通大学,2026,A,324,390.0,390（学校0252基本线）,官方,official,1.0,学校0252基本线,https://yzb.sjtu.edu.cn/post/3503,52,390.0,416.0,435.0,64,1.2307692307692308,1.2308,394.38,order_stat_interpolation,0.49,394.38,q10_proxy,0.49,66.0,70.38,0,就现在考研小程序院校模块（2026-08-14读取）：https://admin.jiuxianzai.cn/api/applet/home/index/schoolDetail/61ab8bb59fd94ad71f849af6ceac6c8f；经人数与最低录取线校验的名单图：https://jiuxianzai.oss-cn-beijing.aliyuncs.com/kaoyan/2026/05/06/d0538b2afbd7447ca69d5c87f49a8718.png；卡方2026录取名单专辑交叉验证：录取线390 | 2026年上海交通大学公布拟录取名单51+1人 https://mp.weixin.qq.com/s?__biz=MzIxNTM0MjQ3OA==&mid=2247511431&idx=1&sn=5e773f674de557af6b7b8fd470961ad5&chksm=979b2166a0eca8705f982282c0420bf0947de17bf65457e9bd100af6461ec580f4206f3e35a8#rd,0,,年度线与录取,19,375.0,379.16,56.160000000000025,61,-5.0,6.3700000000000045,49.79000000000002,0.9535752763889637,0.2067
南京大学,2022,A,360,375.0,375（机构2022汇总；多方向取最高普通线）,机构汇总（二次核验）,third_party,0.62,已给出院校线,https://www.educity.cn/kyyy/5009654.html,8,,,,10,1.25,1.25,,missing,0.0,375.0,cutoff_fallback,0.341,15.0,,0,就现在考研小程序院校模块（2026-08-14读取）：https://admin.jiuxianzai.cn/api/applet/home/index/schoolDetail/ee98dffe2eda32cac728d69d270870f9,0,,年度线与录取,20,,,,,,,,,
南京大学,2023,A,346,370.0,370（南京大学数学系2023应用统计线）,官方学院,official,1.0,南京大学数学系2023应用统计线,https://math.nju.edu.cn/DFS/file/2023/03/17/20230317123707200fsqjvf.pdf,5,370.0,384.0,400.0,5,1.0,1.0,370.0,small_n_minimum,0.346,370.0,q10_proxy,0.346,24.0,24.0,0,就现在考研小程序院校模块（2026-08-14读取）：https://admin.jiuxianzai.cn/api/applet/home/index/schoolDetail/ee98dffe2eda32cac728d69d270870f9；经人数与最低录取线校验的名单图：https://jiuxianzai.oss-cn-beijing.aliyuncs.com/kaoyan/2024/05/28/d44e30280b8a49ee98212d586aee1c65.png,0,,年度线与录取,21,375.0,,,8,,,,,
南京大学,2024,A,338,370.0,370（机构公开页；多方向取最高，需以官网复核）,机构公开汇总（二次核验）,third_party,0.62,(021)数学系 (01)应用统计硕士=370,https://www.ludengkaoyan.com/school19/qrz/zsml/16495.html,7,388.0,398.0,420.0,9,1.2857142857142858,1.2857,388.0,small_n_minimum,0.346,388.0,q10_proxy,0.346,32.0,50.0,0,就现在考研小程序院校模块（2026-08-14读取）：https://admin.jiuxianzai.cn/api/applet/home/index/schoolDetail/ee98dffe2eda32cac728d69d270870f9；经人数与最低录取线校验的名单图：https://jiuxianzai.oss-cn-beijing.aliyuncs.com/kaoyan/2024/04/14/a47351585d3e40b590f082c5ebc74741.png,0,,年度线与录取,22,370.0,370.0,24.0,5,-5.0,,24.0,,0.0833
南京大学,2025,A,323,355.0,355（机构公开页；多方向取最高，需以官网复核）,机构公开汇总（二次核验）,third_party,0.62,(021)数学学院 (01)应用统计硕士=355,https://www.ludengkaoyan.com/school19/qrz/zsml/182179.html,14,359.0,383.5,421.0,17,1.2142857142857142,1.2143,360.88,order_stat_interpolation,0.49,360.88,q10_proxy,0.49,32.0,37.879999999999995,0,就现在考研小程序院校模块（2026-08-14读取）：https://admin.jiuxianzai.cn/api/applet/home/index/schoolDetail/ee98dffe2eda32cac728d69d270870f9；经人数与最低录取线校验的名单图：https://jiuxianzai.oss-cn-beijing.aliyuncs.com/kaoyan/2025/04/20/52d4b020b43042609c22b16b78e1f57c.png,0,,年度线与录取,23,370.0,388.0,50.0,7,0.0,26.0,37.0,2.1666666666666665,0.8805
南京大学,2026,A,324,406.0,406（数学学院实际入围线（名单最低分））,官方学院,official,1.0,数学学院实际入围线（名单最低分）,https://math.nju.edu.cn/DFS/file/2026/03/18/202603181823272823iq65i.pdf,11,409.0,424.0,449.0,14,1.2727272727272727,1.2727,409.6,order_stat_interpolation,0.68,409.6,q10_proxy,0.68,82.0,85.60000000000002,1,https://math.nju.edu.cn/zs/sszs/20260402/i371514.html | 官方复试14人、拟录取11人；初试最低409、中位424；就现在考研小程序院校模块（2026-08-14读取）：https://admin.jiuxianzai.cn/api/applet/home/index/schoolDetail/ee98dffe2eda32cac728d69d270870f9；经人数与最低录取线校验的名单图：https://jiuxianzai.oss-cn-beijing.aliyuncs.com/kaoyan/2026/05/14/437591903b11459190d442b1403f841f.png；卡方2026录取名单专辑交叉验证：录取线409 | 2026年南京大学公布拟录取名单11人 https://mp.weixin.qq.com/s?__biz=MzIxNTM0MjQ3OA==&mid=2247511448&idx=1&sn=6a2dd1a25c69126924b598a6556ebe48&chksm=979b2179a0eca86f65f8d444d5764060314d92edb22536d616e58a116580a4ec194e7a220dd6#rd,0,,年度线与录取,24,355.0,360.88,37.879999999999995,14,-15.0,-12.120000000000005,37.879999999999995,0.04565783602610775,0.2544
中国科学技术大学,2022,A,360,390.0,390（机构2022汇总；多方向取最高普通线）,机构汇总（二次核验）,third_party,0.62,已给出院校线,https://www.educity.cn/kyyy/5009654.html,6,394.0,,,11,1.8333333333333333,1.8333,394.0,minimum_only,0.252,394.0,q10_proxy,0.252,30.0,34.0,0,就现在考研小程序院校模块（2026-08-14读取）：https://admin.jiuxianzai.cn/api/applet/home/index/schoolDetail/6df6138cb0a86a95e60cd2c1e2b91e5e,0,,年度线与录取,25,,,,,,,,,
中国科学技术大学,2023,A,346,380.0,380（中国科学技术大学2023应用统计线）,学校线二次转载,unclassified,0.5,中国科学技术大学2023应用统计线,https://www.yanzhaowang.com.cn/fushi/fenshuxian/202303/2052884.html,10,,394.5,434.0,12,1.2,1.2,,missing,0.0,380.0,cutoff_fallback,0.275,34.0,,0,就现在考研小程序院校模块（2026-08-14读取）：https://admin.jiuxianzai.cn/api/applet/home/index/schoolDetail/6df6138cb0a86a95e60cd2c1e2b91e5e；经人数与最低录取线校验的名单图：https://jiuxianzai.oss-cn-beijing.aliyuncs.com/kaoyan/2023/05/18/9d1dbf70716a4687bd9301dc8d41c135.png,0,,年度线与录取,26,390.0,394.0,34.0,6,,,34.0,,
中国科学技术大学,2024,A,338,380.0,380（机构公开页；多方向取最高，需以官网复核）,机构公开汇总（二次核验）,third_party,0.62,(204)管理学院 (00)不区分研究方向=380,https://www.ludengkaoyan.com/school22/qrz/zsml/16560.html,11,380.0,404.0,437.0,12,1.0909090909090908,1.0909,380.96,order_stat_interpolation,0.49,380.96,q10_proxy,0.49,42.0,42.95999999999998,0,就现在考研小程序院校模块（2026-08-14读取）：https://admin.jiuxianzai.cn/api/applet/home/index/schoolDetail/6df6138cb0a86a95e60cd2c1e2b91e5e；经人数与最低录取线校验的名单图：https://jiuxianzai.oss-cn-beijing.aliyuncs.com/kaoyan/2024/05/01/98f17db88f624a6cb598e27555721baf.png,0,,年度线与录取,27,380.0,,,10,-10.0,,34.0,,0.6667
中国科学技术大学,2025,A,323,333.0,333（机构公开页；多方向取最高，需以官网复核）,机构公开汇总（二次核验）,third_party,0.62,(204)管理学院 (00)不区分研究方向=333,https://www.ludengkaoyan.com/school22/qrz/zsml/197487.html,12,343.0,377.5,437.0,12,1.0,1.0,344.88,order_stat_interpolation,0.49,344.88,q10_proxy,0.49,10.0,21.879999999999995,0,就现在考研小程序院校模块（2026-08-14读取）：https://admin.jiuxianzai.cn/api/applet/home/index/schoolDetail/6df6138cb0a86a95e60cd2c1e2b91e5e；经人数与最低录取线校验的名单图：https://jiuxianzai.oss-cn-beijing.aliyuncs.com/kaoyan/2025/04/04/3148b02d516d49259fb8c9762e14a9d3.png,0,,年度线与录取,28,380.0,380.96,42.95999999999998,11,0.0,,38.47999999999999,0.7466666666666649,0.9752
中国科学技术大学,2026,A,324,390.0,390（管理学院025200应用统计，学院官方）,官方学院2026,official,1.0,复试名单中实际最低初试分为392；390为公布复试线，两者分列。,https://som.ustc.edu.cn/2026/0319/c36754a723567/page.htm,12,392.0,403.5,432.0,17,1.4166666666666667,1.4167,392.63,order_stat_interpolation,0.68,392.63,q10_proxy,0.68,66.0,68.63,1,https://som.ustc.edu.cn/2026/0319/c36754a723567/page.htm ; https://som.ustc.edu.cn/2026/0402/c36754a725336/page.htm | 17人进入复试、12人拟录取；拟录取初试分数最小392、中位403.5、最大432。390为学院复试线，392是名单中实际最低分，二者不混用。；就现在考研小程序院校模块（2026-08-14读取）：https://admin.jiuxianzai.cn/api/applet/home/index/schoolDetail/6df6138cb0a86a95e60cd2c1e2b91e5e；经人数与最低录取线校验的名单图：https://jiuxianzai.oss-cn-beijing.aliyuncs.com/kaoyan/2026/05/14/a331294371e0400eb623577d8b708a57.png；卡方2026录取名单专辑交叉验证：录取线392  | 2026年中国科学技术大学公布拟录取名单12人 https://mp.weixin.qq.com/s?__biz=MzIxNTM0MjQ3OA==&mid=2247511476&idx=3&sn=d81954b381ba48cbdf83728e6af36289&chksm=979b2155a0eca8439f89635ac4f66f67ba918b5d937c2fdff22717d5c919af0a5a44eedd915c#rd,0,,年度线与录取,29,333.0,344.88,21.879999999999995,12,-47.0,-21.079999999999984,34.0,-2.4992291534177458,0.3884
中国人民大学,2022,A,360,380.0,380（机构2022汇总；多方向取最高普通线）,机构汇总（二次核验）,third_party,0.62,已给出院校线,https://www.educity.cn/kyyy/5009654.html,62,,,,75,1.2096774193548387,1.2097,,missing,0.0,380.0,cutoff_fallback,0.341,20.0,,0,就现在考研小程序院校模块（2026-08-14读取）：https://admin.jiuxianzai.cn/api/applet/home/index/schoolDetail/5cc9312943c90cba85bb2d324933e5cf; https://admin.jiuxianzai.cn/api/applet/home/index/schoolDetail/ab43bf74efe98dc996b878a32bd695d8,0,,年度线与录取,30,,,,,,,,,
中国人民大学,2023,A,346,380.0,380（中国人民大学2023应用统计线）,官方,official,1.0,中国人民大学2023应用统计线,https://yz.chsi.com.cn/kyzx/zt/lnfsx2023.shtml,25,383.0,,,31,1.24,1.24,383.0,minimum_only,0.252,383.0,q10_proxy,0.252,34.0,37.0,0,就现在考研小程序院校模块（2026-08-14读取）：https://admin.jiuxianzai.cn/api/applet/home/index/schoolDetail/5cc9312943c90cba85bb2d324933e5cf; https://admin.jiuxianzai.cn/api/applet/home/index/schoolDetail/ab43bf74efe98dc996b878a32bd695d8,0,,年度线与录取,31,380.0,,,62,,,,,
中国人民大学,2024,A,338,400.0,400（机构公开页；多方向取最高，需以官网复核）,机构公开汇总（二次核验）,third_party,0.62,(115)统计学院 (00)不区分研究方向=400；(116)统计与大数据研究院 (01)数据科学与人工智能=400,https://www.ludengkaoyan.com/school2/qrz/zsml/108.html,29,405.0,419.0,450.0,37,1.2758620689655171,1.2759,407.0,order_stat_interpolation,0.49,407.0,q10_proxy,0.49,62.0,69.0,0,就现在考研小程序院校模块（2026-08-14读取）：https://admin.jiuxianzai.cn/api/applet/home/index/schoolDetail/5cc9312943c90cba85bb2d324933e5cf; https://admin.jiuxianzai.cn/api/applet/home/index/schoolDetail/ab43bf74efe98dc996b878a32bd695d8；经人数与最低录取线校验的名单图：https://jiuxianzai.oss-cn-beijing.aliyuncs.com/kaoyan/2024/05/01/126dc7bf6b5744a9b9b81311c5ea7c7b.png; https://jiuxianzai.oss-cn-beijing.aliyuncs.com/kaoyan/2024/05/01/ccf28d76aaed4d30afe773738d90120d.png,0,,年度线与录取,32,380.0,383.0,37.0,25,0.0,,37.0,,0.6667
中国人民大学,2025,A,323,355.0,355（统计学院025200，学院官方）,官方学院2025,official,1.0,,https://stat.ruc.edu.cn/tzgg/44b0a2b212b9477494645db69c1efd8f.htm,28,358.0,,,54,1.29,1.9286,358.0,minimum_only,0.35,358.0,q10_proxy,0.35,32.0,35.0,1,https://stat.ruc.edu.cn/tzgg/8fb8c0c652e04a7c9e6c30b4adb218f6.htm | 官方公布差额比例129%、统考计划28人；未用比例反推具体复试人数；就现在考研小程序院校模块（2026-08-14读取）：https://admin.jiuxianzai.cn/api/applet/home/index/schoolDetail/5cc9312943c90cba85bb2d324933e5cf; https://admin.jiuxianzai.cn/api/applet/home/index/schoolDetail/ab43bf74efe98dc996b878a32bd695d8,1,retest_ratio_mismatch,年度线与录取,33,400.0,407.0,69.0,29,20.0,32.0,53.0,2.6666666666666665,1.0
中国人民大学,2026,A,324,340.0,340（机构公开页；多方向取最高，需以官网复核）,机构公开汇总（二次核验）,third_party,0.62,(115)统计学院 (00)不区分研究方向=340；(116)统计与大数据研究院 (01)数据科学与人工智能=340,https://www.ludengkaoyan.com/school2/qrz/zsml/268413.html,46,344.0,400.5,434.0,53,1.1521739130434785,1.1522,353.29,order_stat_interpolation,0.49,353.29,q10_proxy,0.49,16.0,29.29000000000002,0,就现在考研小程序院校模块（2026-08-14读取）：https://admin.jiuxianzai.cn/api/applet/home/index/schoolDetail/5cc9312943c90cba85bb2d324933e5cf; https://admin.jiuxianzai.cn/api/applet/home/index/schoolDetail/ab43bf74efe98dc996b878a32bd695d8；经人数与最低录取线校验的名单图：https://jiuxianzai.oss-cn-beijing.aliyuncs.com/kaoyan/2026/05/14/3f0bfbbc422b4bdab6aabdd20c18216d.png; https://jiuxianzai.oss-cn-beijing.aliyuncs.com/kaoyan/2026/05/14/3daa2a7a7ed44da095916da7d2643b46.png；卡方2026录取名单专辑交叉验证：相差40分，录取线386/344 | 2026年中国人民大学公布拟录取名单32+13+1人 https://mp.weixin.qq.com/s?__biz=MzIxNTM0MjQ3OA==&mid=2247511877&idx=4&sn=e486845d30ee1931a03595a9baf5f063&chksm=979b23a4a0ecaab2eed73f14056cf0b97f7d6b544d396fbc4c2e652df27614b1a52ad1f6fb4d#rd,0,,年度线与录取,34,355.0,358.0,35.0,28,-45.0,-34.0,37.0,-0.7588021044111696,0.2968
上海财经大学,2022,A,360,367.0,367（机构2022汇总；多方向取最高普通线）,机构汇总（二次核验）,third_party,0.62,(009)数学学院： 360/52/52/78/78 (010)统计与管理学院： 367/52/52/78/78(其他研究方向) 360/52/52/78/78(05上财-波士顿大学数理金融和金融科技硕士),https://www.educity.cn/kyyy/5009654.html,190,,,,,,,,missing,0.0,367.0,cutoff_fallback,0.341,7.0,,0,就现在考研小程序院校模块（2026-08-14读取）：https://admin.jiuxianzai.cn/api/applet/home/index/schoolDetail/015e45aa720f0d941241bec22327ed9d; https://admin.jiuxianzai.cn/api/applet/home/index/schoolDetail/7d3e0fe1601b71a518a0bd16b951f135; https://admin.jiuxianzai.cn/api/applet/home/index/schoolDetail/ab3b483738ca750788aaef4042e1b656,0,,年度线与录取,35,,,,,,,,,
上海财经大学,2023,A,346,365.0,365（小程序院校模块；待官网复核）,主流机构小程序,third_party,0.62,国家线不等同学院实际复试线,https://yz.chsi.com.cn/kyzx/zt/lnfsx2023.shtml,188,364.0,,,239,1.2712765957446808,1.2713,364.0,minimum_only,0.252,364.0,q10_proxy,0.252,19.0,18.0,0,就现在考研小程序院校模块（2026-08-14读取）：https://admin.jiuxianzai.cn/api/applet/home/index/schoolDetail/015e45aa720f0d941241bec22327ed9d; https://admin.jiuxianzai.cn/api/applet/home/index/schoolDetail/7d3e0fe1601b71a518a0bd16b951f135; https://admin.jiuxianzai.cn/api/applet/home/index/schoolDetail/ab3b483738ca750788aaef4042e1b656,1,admitted_min_below_selected_cutoff,年度线与录取,36,367.0,,,190,,,,,
上海财经大学,2024,A,338,380.0,380（统计与管理学院A组380；数理金融项目338；数值取最高普通线）,学校公开报录报告镜像,unclassified,0.5,统计与管理学院A组380；数理金融项目338；数值取最高普通线,https://static.kaoyan.cn/file/2024/09/09/03ae3e8670da5739f58bca7dc6067c10.pdf,95,339.0,394.0,437.0,116,1.2210526315789474,1.2211,349.06,order_stat_interpolation,0.49,349.06,q10_proxy,0.49,42.0,11.060000000000002,0,就现在考研小程序院校模块（2026-08-14读取）：https://admin.jiuxianzai.cn/api/applet/home/index/schoolDetail/015e45aa720f0d941241bec22327ed9d; https://admin.jiuxianzai.cn/api/applet/home/index/schoolDetail/7d3e0fe1601b71a518a0bd16b951f135; https://admin.jiuxianzai.cn/api/applet/home/index/schoolDetail/ab3b483738ca750788aaef4042e1b656；经人数与最低录取线校验的名单图：https://jiuxianzai.oss-cn-beijing.aliyuncs.com/kaoyan/2024/05/30/a729756b39804560800586041d60c15c.png; https://jiuxianzai.oss-cn-beijing.aliyuncs.com/kaoyan/2024/04/14/c265178b373e45ca875f9ef1cce5cb94.png; https://jiuxianzai.oss-cn-beijing.aliyuncs.com/kaoyan/2024/04/14/699939875f3042cc8225ff85a22f2ea7.png,1,admitted_min_below_selected_cutoff,年度线与录取,37,365.0,364.0,18.0,188,-2.0,,18.0,,-0.6125
上海财经大学,2025,A,323,323.0,323（机构公开页；多方向取最高，需以官网复核）,机构公开汇总（二次核验）,third_party,0.62,(009)数学学院 (11)统计计算与数据建模=323；(010)统计与管理学院 (01)数据科学与商务统计=323；(010)统计与管理学院 (02)人工智能与金融统计=323；(010)统计与管理学院 (03)机器学习与健康统计=323；(010)统计与管理学院 (04)大数据技术与经济统计=323；(010)统计与管理学院 (05)上财-波士顿大学数理金融和金融科技硕士=323,https://www.ludengkaoyan.com/school70/qrz/zsml/179389.html,131,324.0,,,162,1.2,1.2366,324.0,minimum_only,0.252,324.0,q10_proxy,0.252,0.0,1.0,0,https://www.sjds.net/a/462113.html | 机构页称复试比例1:1.2；学院/方向口径需官网复核；就现在考研小程序院校模块（2026-08-14读取）：https://admin.jiuxianzai.cn/api/applet/home/index/schoolDetail/015e45aa720f0d941241bec22327ed9d; https://admin.jiuxianzai.cn/api/applet/home/index/schoolDetail/7d3e0fe1601b71a518a0bd16b951f135; https://admin.jiuxianzai.cn/api/applet/home/index/schoolDetail/ab3b483738ca750788aaef4042e1b656,0,,年度线与录取,38,380.0,349.06,11.060000000000002,95,15.0,-6.939999999999998,14.530000000000001,-0.5783333333333331,0.898
上海财经大学,2026,A,324,324.0,324（机构公开页；多方向取最高，需以官网复核）,机构公开汇总（二次核验）,third_party,0.62,(009)数学学院 (11)统计计算与数据建模=324；(010)统计与数据科学学院 (01)数据科学与商务统计=324；(010)统计与数据科学学院 (02)人工智能与金融统计=324；(010)统计与数据科学学院 (03)机器学习与健康统计=324；(010)统计与数据科学学院 (04)大数据技术与经济统计=324；(010)统计与数据科学学院 (05)上财-波士顿大学数理金融和金融科技硕士=324,https://www.ludengkaoyan.com/school70/qrz/zsml/308856.html,97,336.0,390.0,443.0,124,1.2783505154639174,1.2784,345.9,order_stat_interpolation,0.49,345.9,q10_proxy,0.49,0.0,21.899999999999977,0,就现在考研小程序院校模块（2026-08-14读取）：https://admin.jiuxianzai.cn/api/applet/home/index/schoolDetail/015e45aa720f0d941241bec22327ed9d; https://admin.jiuxianzai.cn/api/applet/home/index/schoolDetail/7d3e0fe1601b71a518a0bd16b951f135; https://admin.jiuxianzai.cn/api/applet/home/index/schoolDetail/ab3b483738ca750788aaef4042e1b656；经人数与最低录取线校验的名单图：https://jiuxianzai.oss-cn-beijing.aliyuncs.com/kaoyan/2026/05/15/da7b1b86fb01406b9cc6d767844201fa.png; https://jiuxianzai.oss-cn-beijing.aliyuncs.com/kaoyan/2026/05/15/036bfff27b8b44778020bff05673062a.png; https://jiuxianzai.oss-cn-beijing.aliyuncs.com/kaoyan/2026/05/15/a0983a889afe4180b526b7901d2109de.png；卡方2026录取名单专辑交叉验证：录取线364/355/336 | 2026年上海财经大学公布拟录取名单21+73+3人 https://mp.weixin.qq.com/s?__biz=MzIxNTM0MjQ3OA==&mid=2247511601&idx=1&sn=9ce15ac7abf2db731c14affc443db961&chksm=979b22d0a0ecabc64efe690968b18861c6a4ce0ba19bf2dffa7e5ffa8512c6d5dedb0dff9d6d#rd,0,,年度线与录取,39,323.0,324.0,1.0,131,-57.0,-10.060000000000002,11.060000000000002,-2.629930828737273,-0.0443
武汉大学,2022,A,360,415.0,415（机构2022汇总；多方向取最高普通线）,机构汇总（二次核验）,third_party,0.62,已给出院校线,https://www.educity.cn/kyyy/5009654.html,16,,428.0,452.0,23,1.4375,1.4375,,missing,0.0,415.0,cutoff_fallback,0.341,55.0,,0,就现在考研小程序院校模块（2026-08-14读取）：https://admin.jiuxianzai.cn/api/applet/home/index/schoolDetail/c7e895b74699dc0627195a1b12f880fd；经人数与最低录取线校验的名单图：https://jiuxianzai.oss-cn-beijing.aliyuncs.com/kaoyan/2022/04/17/d897fa7c80164875bcd166f85066337f.png,0,,年度线与录取,40,,,,,,,,,
武汉大学,2023,A,346,370.0,370（武汉大学2023应用统计线）,官方,official,1.0,武汉大学2023应用统计线,https://yz.chsi.com.cn/kyzx/zt/lnfsx2023.shtml,15,371.0,,,17,1.1333333333333333,1.1333,371.0,minimum_only,0.252,371.0,q10_proxy,0.252,24.0,25.0,0,就现在考研小程序院校模块（2026-08-14读取）：https://admin.jiuxianzai.cn/api/applet/home/index/schoolDetail/c7e895b74699dc0627195a1b12f880fd,0,,年度线与录取,41,415.0,,,16,,,,,
武汉大学,2024,A,338,385.0,385（机构公开页；多方向取最高，需以官网复核）,机构公开汇总（二次核验）,third_party,0.62,(201)数学与统计学院 (00)不区分研究方向=385,https://www.ludengkaoyan.com/school26/qrz/zsml/16652.html,11,386.0,399.0,430.0,14,1.2727272727272727,1.2727,386.52,order_stat_interpolation,0.49,386.52,q10_proxy,0.49,47.0,48.51999999999998,0,就现在考研小程序院校模块（2026-08-14读取）：https://admin.jiuxianzai.cn/api/applet/home/index/schoolDetail/c7e895b74699dc0627195a1b12f880fd；经人数与最低录取线校验的名单图：https://jiuxianzai.oss-cn-beijing.aliyuncs.com/kaoyan/2024/04/08/ab20328b844b42918396250f504d2296.png,0,,年度线与录取,42,370.0,371.0,25.0,15,-45.0,,25.0,,0.0833
武汉大学,2025,A,323,380.0,380（机构公开页；多方向取最高，需以官网复核）,机构公开汇总（二次核验）,third_party,0.62,(201)数学与统计学院 (01)生物统计=380；(201)数学与统计学院 (02)金融统计与风险管理=380；(201)数学与统计学院 (03)统计学习=380,https://www.ludengkaoyan.com/school26/qrz/zsml/219963.html,6,382.0,,,9,1.5,1.5,382.0,minimum_only,0.252,382.0,q10_proxy,0.252,57.0,59.0,0,就现在考研小程序院校模块（2026-08-14读取）：https://admin.jiuxianzai.cn/api/applet/home/index/schoolDetail/c7e895b74699dc0627195a1b12f880fd,0,,年度线与录取,43,385.0,386.52,48.51999999999998,11,15.0,23.519999999999982,36.75999999999999,1.9599999999999984,0.8943
武汉大学,2026,A,324,325.0,325（机构公开页；多方向取最高，需以官网复核）,机构公开汇总（二次核验）,third_party,0.62,(201)数学与统计学院 (01)生物统计=325；(201)数学与统计学院 (02)金融统计与风险管理=325；(201)数学与统计学院 (03)统计学习=325；(201)数学与统计学院 (04)时间序列分析=325；(201)数学与统计学院 (05)深度学习=325,https://www.ludengkaoyan.com/school26/qrz/zsml/347629.html,13,346.0,382.0,411.0,13,1.0,1.0,348.4,order_stat_interpolation,0.49,348.4,q10_proxy,0.49,1.0,24.399999999999977,0,就现在考研小程序院校模块（2026-08-14读取）：https://admin.jiuxianzai.cn/api/applet/home/index/schoolDetail/c7e895b74699dc0627195a1b12f880fd；卡方2026录取名单专辑交叉验证：录取线333 | 2026年武汉大学应用统计公布拟录取名单13+1+1人 https://mp.weixin.qq.com/s?__biz=MzIxNTM0MjQ3OA==&mid=2247511562&idx=3&sn=0ca108d7943813df177d2ac6f4e79388&chksm=979b22eba0ecabfd1f4ddea87f849d4ac7cdc110a3f6518d7bd51fc5dd6ed09fd4aa12ad5011#rd；统计战线小程序2026名单图逐页复核，并与卡方文章标题‘13+1+1人’闭合：普通计划13人全部拟录取，另有少干、士兵专项各1人；普通计划初试最低346、中位382、最高411，复试13/录取13。专项不混入普通计划分布。,1,special_plan_exclusion_unclear,年度线与录取,44,380.0,382.0,59.0,6,-5.0,10.480000000000018,48.51999999999998,1.2755675587380524,0.1897
西安交通大学,2022,A,360,360.0,360（机构2022汇总；多方向取最高普通线）,机构汇总（二次核验）,third_party,0.62,已给出院校线,https://www.educity.cn/kyyy/5009654.html,59,,,,72,1.2203389830508475,1.2203,,missing,0.0,360.0,cutoff_fallback,0.341,0.0,,0,就现在考研小程序院校模块（2026-08-14读取）：https://admin.jiuxianzai.cn/api/applet/home/index/schoolDetail/78b55c383768fe4a90acc4aaacbf692a; https://admin.jiuxianzai.cn/api/applet/home/index/schoolDetail/8b7ba3fc84812cac8b0bc8f00fe842aa,0,,年度线与录取,45,,,,,,,,,
西安交通大学,2023,A,346,370.0,370（西安交通大学2023应用统计线）,官方,official,1.0,西安交通大学2023应用统计线,https://yz.chsi.com.cn/kyzx/zt/lnfsx2023.shtml,59,376.0,,,76,1.2881355932203389,1.2881,376.0,minimum_only,0.252,376.0,q10_proxy,0.252,24.0,30.0,0,就现在考研小程序院校模块（2026-08-14读取）：https://admin.jiuxianzai.cn/api/applet/home/index/schoolDetail/78b55c383768fe4a90acc4aaacbf692a; https://admin.jiuxianzai.cn/api/applet/home/index/schoolDetail/8b7ba3fc84812cac8b0bc8f00fe842aa,0,,年度线与录取,46,360.0,,,59,,,,,
西安交通大学,2024,A,338,350.0,350（机构公开页；多方向取最高，需以官网复核）,机构公开汇总（二次核验）,third_party,0.62,(007)数学与统计学院 (01)COT项目-大数据=350；(019)经济与金融学院 (01)COT项目-金融数据建模与分析=350,https://www.ludengkaoyan.com/school35/qrz/zsml/16767.html,69,350.0,,,,,,350.0,minimum_only,0.252,350.0,q10_proxy,0.252,12.0,12.0,0,就现在考研小程序院校模块（2026-08-14读取）：https://admin.jiuxianzai.cn/api/applet/home/index/schoolDetail/78b55c383768fe4a90acc4aaacbf692a; https://admin.jiuxianzai.cn/api/applet/home/index/schoolDetail/8b7ba3fc84812cac8b0bc8f00fe842aa,0,,年度线与录取,47,370.0,376.0,30.0,59,10.0,,30.0,,0.6667
西安交通大学,2025,A,323,345.0,345（机构公开页；多方向取最高，需以官网复核）,机构公开汇总（二次核验）,third_party,0.62,(007)数学与统计学院 (01)COT项目-大数据=345；(019)经济与金融学院 (01)COT项目-金融数据建模与分析=345,https://www.ludengkaoyan.com/school35/qrz/zsml/245460.html,44,362.0,,,56,1.2727272727272727,1.2727,362.0,minimum_only,0.252,362.0,q10_proxy,0.252,22.0,39.0,0,就现在考研小程序院校模块（2026-08-14读取）：https://admin.jiuxianzai.cn/api/applet/home/index/schoolDetail/78b55c383768fe4a90acc4aaacbf692a; https://admin.jiuxianzai.cn/api/applet/home/index/schoolDetail/8b7ba3fc84812cac8b0bc8f00fe842aa,0,,年度线与录取,48,350.0,350.0,12.0,69,-20.0,-18.0,21.0,-1.5,1.2656
西安交通大学,2026,A,324,360.0,360（机构公开页；多方向取最高，需以官网复核）,机构公开汇总（二次核验）,third_party,0.62,(007)数学与统计学院 (01)COT项目-大数据=360；(019)经济与金融学院 (01)COT项目-金融数据建模与分析=360,https://www.ludengkaoyan.com/school35/qrz/zsml/372889.html,66,370.0,398.0,429.0,38,0.5757575757575758,0.5758,374.91,order_stat_interpolation,0.49,374.91,q10_proxy,0.49,36.0,50.910000000000025,0,就现在考研小程序院校模块（2026-08-14读取）：https://admin.jiuxianzai.cn/api/applet/home/index/schoolDetail/78b55c383768fe4a90acc4aaacbf692a; https://admin.jiuxianzai.cn/api/applet/home/index/schoolDetail/8b7ba3fc84812cac8b0bc8f00fe842aa；经人数与最低录取线校验的名单图：https://jiuxianzai.oss-cn-beijing.aliyuncs.com/kaoyan/2026/05/14/d197fe2a4f854380b6a8db339bc3a696.png; https://jiuxianzai.oss-cn-beijing.aliyuncs.com/kaoyan/2026/05/14/13d30b77ca544932bb1417fed8d1dfd2.png；卡方2026录取名单专辑交叉验证：录取线370 | 2026年西安交通大学经济与金融学院公布拟录取名单24人 https://mp.weixin.qq.com/s?__biz=MzIxNTM0MjQ3OA==&mid=2247511476&idx=4&sn=1d2f372abd4f6689b8cf53c2b622b68c&chksm=979b2155a0eca8435d15836c6253c667fcab98355f52ae1038ba6c6584fbd7b14d062e0a84e3#rd；录取线390/370 | 2026年西安交通大学公布拟录取名单42+24人 https://mp.weixin.qq.com/s?__biz=MzIxNTM0MjQ3OA==&mid=2247511884&idx=4&sn=c8cf84f5dbcecbab79655aa864cf27c7&chksm=979b23ada0ecaabbadba8f8ae04ce6e2c0b9b0c6e3a724d5c0f29d45cf8bed351322522e8331#rd,0,,年度线与录取,49,345.0,362.0,39.0,44,-5.0,27.0,30.0,1.3489815189531904,0.1859
华中科技大学,2022,A,360,375.0,375（机构2022汇总；多方向取最高普通线）,机构汇总（二次核验）,third_party,0.62,已给出院校线,https://www.educity.cn/kyyy/5009654.html,14,,,,19,1.3571428571428572,1.3571,,missing,0.0,375.0,cutoff_fallback,0.341,15.0,,0,就现在考研小程序院校模块（2026-08-14读取）：https://admin.jiuxianzai.cn/api/applet/home/index/schoolDetail/c1e96541506f114e67db7328097dc137,0,,年度线与录取,50,,,,,,,,,
华中科技大学,2023,A,346,375.0,375（华中科技大学2023应用统计线）,官方,official,1.0,华中科技大学2023应用统计线,https://yz.chsi.com.cn/kyzx/zt/lnfsx2023.shtml,10,377.0,,,13,1.3,1.3,377.0,minimum_only,0.252,377.0,q10_proxy,0.252,29.0,31.0,0,就现在考研小程序院校模块（2026-08-14读取）：https://admin.jiuxianzai.cn/api/applet/home/index/schoolDetail/c1e96541506f114e67db7328097dc137,0,,年度线与录取,51,375.0,,,14,,,,,
华中科技大学,2024,A,338,365.0,365（机构公开页；多方向取最高，需以官网复核）,机构公开汇总（二次核验）,third_party,0.62,(011)数学与统计学院 (01)统计建模与数据挖掘=365；(011)数学与统计学院 (02)信息统计=365；(011)数学与统计学院 (03)经济与金融统计分析=365；(011)数学与统计学院 (04)生物与医学统计分析=365；(011)数学与统计学院 (05)社会统计与管理统计=365；(011)数学与统计学院 (06)统计计算及应用软件=365,https://www.ludengkaoyan.com/school27/qrz/zsml/16653.html,25,370.0,389.0,414.0,35,1.4,1.4,372.53,order_stat_interpolation,0.49,372.53,q10_proxy,0.49,27.0,34.52999999999997,0,就现在考研小程序院校模块（2026-08-14读取）：https://admin.jiuxianzai.cn/api/applet/home/index/schoolDetail/c1e96541506f114e67db7328097dc137；经人数与最低录取线校验的名单图：https://jiuxianzai.oss-cn-beijing.aliyuncs.com/kaoyan/2024/04/08/cdd2cdd0994f4a128c0b184c76250957.png,0,,年度线与录取,52,375.0,377.0,31.0,10,0.0,,31.0,,0.6667
华中科技大学,2025,A,323,365.0,365（机构公开页；多方向取最高，需以官网复核）,机构公开汇总（二次核验）,third_party,0.62,(011)数学与统计学院 (01)统计建模与数据挖掘=365；(011)数学与统计学院 (02)信息统计=365；(011)数学与统计学院 (03)经济与金融统计分析=365；(011)数学与统计学院 (04)生物与医学统计分析=365；(011)数学与统计学院 (05)社会统计与管理统计=365；(011)数学与统计学院 (06)统计计算及应用软件=365,https://www.ludengkaoyan.com/school27/qrz/zsml/219709.html,31,366.0,383.0,419.0,42,1.2,1.3548,368.49,order_stat_interpolation,0.49,368.49,q10_proxy,0.49,42.0,45.49000000000001,0,https://www.sjds.net/a/462173.html | 机构页称差额比例不低于120%；就现在考研小程序院校模块（2026-08-14读取）：https://admin.jiuxianzai.cn/api/applet/home/index/schoolDetail/c1e96541506f114e67db7328097dc137；经人数与最低录取线校验的名单图：https://jiuxianzai.oss-cn-beijing.aliyuncs.com/kaoyan/2025/04/03/55129b2aaf0349f89b756967ff9e48ad.png,1,retest_ratio_mismatch,年度线与录取,53,365.0,372.53,34.52999999999997,25,-10.0,3.5299999999999727,32.764999999999986,0.2941666666666644,1.0053
华中科技大学,2026,A,324,375.0,375（机构公开页；多方向取最高，需以官网复核）,机构公开汇总（二次核验）,third_party,0.62,(011)数学与统计学院 (01)统计建模与数据挖掘=375；(011)数学与统计学院 (02)信息统计=375；(011)数学与统计学院 (03)经济与金融统计分析=375；(011)数学与统计学院 (04)生物与医学统计分析=375；(011)数学与统计学院 (05)社会统计与管理统计=375；(011)数学与统计学院 (06)统计计算及应用软件=375,https://www.ludengkaoyan.com/school27/qrz/zsml/347696.html,29,376.0,392.0,427.0,34,1.1724137931034482,1.1724,378.29,order_stat_interpolation,0.49,378.29,q10_proxy,0.49,51.0,54.29000000000002,0,就现在考研小程序院校模块（2026-08-14读取）：https://admin.jiuxianzai.cn/api/applet/home/index/schoolDetail/c1e96541506f114e67db7328097dc137；经人数与最低录取线校验的名单图：https://jiuxianzai.oss-cn-beijing.aliyuncs.com/kaoyan/2026/05/22/6b3b54fd1b97464284beddf7c60c802d.png；卡方2026录取名单专辑交叉验证：录取线376 | 2026年华中科技大学公布拟录取名单27人 https://mp.weixin.qq.com/s?__biz=MzIxNTM0MjQ3OA==&mid=2247511185&idx=1&sn=bae230d535cefa7a559f5a6d9c6d360a&chksm=979b2070a0eca966d2e79b831429d9fa40e6703a7669b8c18d573bec07dd70fda95b72d0a571#rd,0,,年度线与录取,54,365.0,368.49,45.49000000000001,31,0.0,10.960000000000036,34.52999999999997,3.1812500000000057,0.0894
中山大学,2022,A,360,370.0,370（机构2022汇总；多方向取最高普通线）,机构汇总（二次核验）,third_party,0.62,已给出院校线,https://www.educity.cn/kyyy/5009654.html,51,,,,71,1.392156862745098,1.3922,,missing,0.0,370.0,cutoff_fallback,0.341,10.0,,0,就现在考研小程序院校模块（2026-08-14读取）：https://admin.jiuxianzai.cn/api/applet/home/index/schoolDetail/66ed9f49b9b099637689a24514d230ca; https://admin.jiuxianzai.cn/api/applet/home/index/schoolDetail/d47a11518920b7bad3d5ed52d26c6685,0,,年度线与录取,55,,,,,,,,,
中山大学,2023,A,346,380.0,380（中山大学2023应用统计线）,官方,official,1.0,中山大学2023应用统计线,https://graduate.sysu.edu.cn/zsw/sites/admission.prod.dpcms4.sysu.edu.cn/files/2023-03/%E4%B8%AD%E5%B1%B1%E5%A4%A7%E5%AD%A62023%E5%B9%B4%E7%A1%95%E5%A3%AB%E7%A0%94%E7%A9%B6%E7%94%9F%E5%85%A5%E5%AD%A6%E8%80%83%E8%AF%95%E5%A4%8D%E8%AF%95%E5%9F%BA%E6%9C%AC%E5%88%86%E6%95%B0%E7%BA%BF_2.pdf,44,380.0,,,71,1.6136363636363635,1.6136,380.0,minimum_only,0.252,380.0,q10_proxy,0.252,34.0,34.0,0,就现在考研小程序院校模块（2026-08-14读取）：https://admin.jiuxianzai.cn/api/applet/home/index/schoolDetail/66ed9f49b9b099637689a24514d230ca; https://admin.jiuxianzai.cn/api/applet/home/index/schoolDetail/d47a11518920b7bad3d5ed52d26c6685,0,,年度线与录取,56,370.0,,,51,,,,,
中山大学,2024,A,338,390.0,390（机构公开页；多方向取最高，需以官网复核）,机构公开汇总（二次核验）,third_party,0.62,(340)数学学院 (69)不分方向=390；(742)数学学院（珠海） (69)不分方向=390,https://www.ludengkaoyan.com/school30/qrz/zsml/16706.html,48,396.0,,,74,1.5416666666666667,1.5417,396.0,minimum_only,0.252,396.0,q10_proxy,0.252,52.0,58.0,0,就现在考研小程序院校模块（2026-08-14读取）：https://admin.jiuxianzai.cn/api/applet/home/index/schoolDetail/66ed9f49b9b099637689a24514d230ca; https://admin.jiuxianzai.cn/api/applet/home/index/schoolDetail/d47a11518920b7bad3d5ed52d26c6685,0,,年度线与录取,57,380.0,380.0,34.0,44,10.0,,34.0,,0.6667
中山大学,2025,A,323,330.0,330（机构公开页；多方向取最高，需以官网复核）,机构公开汇总（二次核验）,third_party,0.62,(340)数学学院 (69)不分方向=330；(742)数学学院（珠海） (69)不分方向=330,https://www.ludengkaoyan.com/school30/qrz/zsml/230708.html,46,331.0,375.5,426.0,70,1.5217391304347827,1.5217,338.32,order_stat_interpolation,0.49,338.32,q10_proxy,0.49,7.0,15.319999999999993,0,就现在考研小程序院校模块（2026-08-14读取）：https://admin.jiuxianzai.cn/api/applet/home/index/schoolDetail/66ed9f49b9b099637689a24514d230ca; https://admin.jiuxianzai.cn/api/applet/home/index/schoolDetail/d47a11518920b7bad3d5ed52d26c6685；经人数与最低录取线校验的名单图：https://jiuxianzai.oss-cn-beijing.aliyuncs.com/kaoyan/2025/04/03/fcbc1db47b7940d8a4278b9559834a57.png; https://jiuxianzai.oss-cn-beijing.aliyuncs.com/kaoyan/2025/04/03/8a8fb43e1ccc45ab80ba625c8ab65ba0.png,0,,年度线与录取,58,390.0,396.0,58.0,48,10.0,24.0,46.0,2.0,0.8916
中山大学,2026,A,324,330.0,330（机构公开页；多方向取最高，需以官网复核）,机构公开汇总（二次核验）,third_party,0.62,(340)数学学院 (69)不分方向=330；(742)数学学院（珠海） (69)不分方向=330,https://www.ludengkaoyan.com/school30/qrz/zsml/358542.html,44,367.0,406.0,450.0,62,1.4090909090909092,1.4091,373.35,order_stat_interpolation,0.49,373.35,q10_proxy,0.49,6.0,49.35000000000002,0,就现在考研小程序院校模块（2026-08-14读取）：https://admin.jiuxianzai.cn/api/applet/home/index/schoolDetail/66ed9f49b9b099637689a24514d230ca; https://admin.jiuxianzai.cn/api/applet/home/index/schoolDetail/d47a11518920b7bad3d5ed52d26c6685；经人数与最低录取线校验的名单图：https://jiuxianzai.oss-cn-beijing.aliyuncs.com/kaoyan/2026/05/14/21b2e7050f184975974d0f5cd028600d.png; https://jiuxianzai.oss-cn-beijing.aliyuncs.com/kaoyan/2026/05/14/87876062a28d4054aa88130454389599.png；卡方2026录取名单专辑交叉验证：录取线383 | 2026年中山大学数学学院公布拟录取名单37人，候补3人 https://mp.weixin.qq.com/s?__biz=MzIxNTM0MjQ3OA==&mid=2247511227&idx=1&sn=2e169133b6676bf8e670061159b7ad1a&chksm=979b205aa0eca94ce3ec6c7d4a295fed0289087797929838ee0679dddfb2e828a29e6f105860#rd；录取线383/367 | 2026年中山大学公布拟录取名单37+7人，候补3人 https://mp.weixin.qq.com/s?__biz=MzIxNTM0MjQ3OA==&mid=2247511276&idx=2&sn=2ce4b547da2174434559dd954cd57f3a&chksm=979b200da0eca91b665463aac8fb7b0f819830f804907eac473f87b61203b7abfb4e0e621367#rd,0,,年度线与录取,59,330.0,338.32,15.319999999999993,46,-60.0,-42.68000000000001,34.0,-1.7244480417284953,0.3476
哈尔滨工业大学,2022,A,360,360.0,360（机构2022汇总；多方向取最高普通线）,机构汇总（二次核验）,third_party,0.62,已给出院校线,https://www.educity.cn/kyyy/5009654.html,27,385.0,,,35,1.2962962962962965,1.2963,385.0,minimum_only,0.252,385.0,q10_proxy,0.252,0.0,25.0,0,就现在考研小程序院校模块（2026-08-14读取）：https://admin.jiuxianzai.cn/api/applet/home/index/schoolDetail/2abe7e3630536d13e6c24af313946f55; https://admin.jiuxianzai.cn/api/applet/home/index/schoolDetail/ac7907670ef7f7988197585cbbbe5f55,0,,年度线与录取,60,,,,,,,,,
哈尔滨工业大学,2023,A,346,360.0,360（哈尔滨工业大学2023应用统计线）,官方,official,1.0,哈尔滨工业大学2023应用统计线,https://yzb.hit.edu.cn/_t1161/2023/0314/c22276a292420/page.htm,16,386.0,,,22,1.375,1.375,386.0,minimum_only,0.252,386.0,q10_proxy,0.252,14.0,40.0,0,就现在考研小程序院校模块（2026-08-14读取）：https://admin.jiuxianzai.cn/api/applet/home/index/schoolDetail/2abe7e3630536d13e6c24af313946f55; https://admin.jiuxianzai.cn/api/applet/home/index/schoolDetail/ac7907670ef7f7988197585cbbbe5f55,0,,年度线与录取,61,360.0,385.0,25.0,27,,,25.0,,
哈尔滨工业大学,2024,A,338,350.0,350（机构公开页；多方向取最高，需以官网复核）,机构公开汇总（二次核验）,third_party,0.62,(020)数学学院 (00)不区分研究方向=350,https://www.ludengkaoyan.com/school14/qrz/zsml/16440.html,19,392.0,401.0,443.0,23,1.2105263157894737,1.2105,393.0,order_stat_interpolation,0.49,393.0,q10_proxy,0.49,12.0,55.0,0,就现在考研小程序院校模块（2026-08-14读取）：https://admin.jiuxianzai.cn/api/applet/home/index/schoolDetail/2abe7e3630536d13e6c24af313946f55; https://admin.jiuxianzai.cn/api/applet/home/index/schoolDetail/ac7907670ef7f7988197585cbbbe5f55；经人数与最低录取线校验的名单图：https://jiuxianzai.oss-cn-beijing.aliyuncs.com/kaoyan/2024/04/08/1bf92527bac449f186677fdd42ad6c8c.png,0,,年度线与录取,62,360.0,386.0,40.0,16,0.0,15.0,32.5,1.25,-0.5
哈尔滨工业大学,2025,A,323,330.0,330（机构公开页；多方向取最高，需以官网复核）,机构公开汇总（二次核验）,third_party,0.62,(020)数学学院 (00)不区分研究方向=330,https://www.ludengkaoyan.com/school14/qrz/zsml/171103.html,21,352.0,376.0,430.0,26,1.238095238095238,1.2381,354.88,order_stat_interpolation,0.49,354.88,q10_proxy,0.49,7.0,31.879999999999995,0,就现在考研小程序院校模块（2026-08-14读取）：https://admin.jiuxianzai.cn/api/applet/home/index/schoolDetail/2abe7e3630536d13e6c24af313946f55; https://admin.jiuxianzai.cn/api/applet/home/index/schoolDetail/ac7907670ef7f7988197585cbbbe5f55；经人数与最低录取线校验的名单图：https://jiuxianzai.oss-cn-beijing.aliyuncs.com/kaoyan/2025/04/04/16d988dc5a2f4988812e145822132d84.png,0,,年度线与录取,63,350.0,393.0,55.0,19,-10.0,15.0,40.0,2.023472278429786,0.8901
哈尔滨工业大学,2026,A,324,340.0,340（机构公开页；多方向取最高，需以官网复核）,机构公开汇总（二次核验）,third_party,0.62,(020)数学学院 (10)不区分研究方向=340；(020)数学学院 (60)不区分研究方向（苏州基地）=340,https://www.ludengkaoyan.com/school14/qrz/zsml/301597.html,26,371.0,403.0,426.0,33,1.2692307692307692,1.2692,375.35,order_stat_interpolation,0.49,375.35,q10_proxy,0.49,16.0,51.35000000000002,0,就现在考研小程序院校模块（2026-08-14读取）：https://admin.jiuxianzai.cn/api/applet/home/index/schoolDetail/2abe7e3630536d13e6c24af313946f55; https://admin.jiuxianzai.cn/api/applet/home/index/schoolDetail/ac7907670ef7f7988197585cbbbe5f55；经人数与最低录取线校验的名单图：https://jiuxianzai.oss-cn-beijing.aliyuncs.com/kaoyan/2026/05/14/2c6b0c02223343069b9f6a790e6cfe26.png; https://jiuxianzai.oss-cn-beijing.aliyuncs.com/kaoyan/2026/05/14/92f69d1e6e5841cba0f12bd65b456812.png；卡方2026录取名单专辑交叉验证：录取线358/387｜2026年哈尔滨工业大学公布拟录取名单24+1+2人 https://mp.weixin.qq.com/s?__biz=MzIxNTM0MjQ3OA==&mid=2247511834&idx=4&sn=6b083f36d19e55940fd9a2aea2a36777&chksm=979b23fba0ecaaedfc59112f04bf19e883102f0ca2ac99c145d9c25aec1ee69df5cfe4d1c968#rd,0,,年度线与录取,64,330.0,354.88,31.879999999999995,21,-20.0,-23.120000000000005,35.94,-0.3651243311299971,0.2761
西南财经大学,2022,A,360,360.0,360（机构2022汇总；多方向取最高普通线）,机构汇总（二次核验）,third_party,0.62,已给出院校线,https://www.educity.cn/kyyy/5009654.html,85,,,,102,1.2,1.2,,missing,0.0,360.0,cutoff_fallback,0.341,0.0,,0,就现在考研小程序院校模块（2026-08-14读取）：https://admin.jiuxianzai.cn/api/applet/home/index/schoolDetail/691263c169077ceca3f9203b6d406912,0,,年度线与录取,65,,,,,,,,,
西南财经大学,2023,A,346,385.0,385（01-02方向385；03方向346，数值取普通方向最高线）,官方历史查询,official,1.0,01-02方向385；03方向346，数值取普通方向最高线,https://yzcx.swufe.edu.cn/chaxun/yzb/ss/2023/06_fs/01_fsx/2023fsx.htm,80,386.0,,,99,1.2375,1.2375,386.0,minimum_only,0.252,386.0,q10_proxy,0.252,39.0,40.0,0,就现在考研小程序院校模块（2026-08-14读取）：https://admin.jiuxianzai.cn/api/applet/home/index/schoolDetail/691263c169077ceca3f9203b6d406912,0,,年度线与录取,66,360.0,,,85,,,,,
西南财经大学,2024,A,338,338.0,338（机构公开页；多方向取最高，需以官网复核）,机构公开汇总（二次核验）,third_party,0.62,(006)统计学院 (01)金融统计=338；(006)统计学院 (02)大数据分析=338；(006)统计学院 (03)金融大数据分析=338；(006)统计学院 (04)金融产业数字化=338,https://www.ludengkaoyan.com/school100/qrz/zsml/16754.html,64,406.0,,,78,1.21875,1.2188,406.0,minimum_only,0.252,406.0,q10_proxy,0.252,0.0,68.0,0,就现在考研小程序院校模块（2026-08-14读取）：https://admin.jiuxianzai.cn/api/applet/home/index/schoolDetail/691263c169077ceca3f9203b6d406912,0,,年度线与录取,67,385.0,386.0,40.0,80,25.0,,40.0,,-0.6125
西南财经大学,2025,A,323,323.0,323（机构公开页；多方向取最高，需以官网复核）,机构公开汇总（二次核验）,third_party,0.62,(006)统计学院 (01)金融统计=323；(006)统计学院 (02)大数据分析=323；(006)统计学院 (03)金融产业数字化=323,https://www.ludengkaoyan.com/school100/qrz/zsml/244472.html,55,361.0,,,64,1.1636363636363636,1.1636,361.0,minimum_only,0.252,361.0,q10_proxy,0.252,0.0,38.0,0,就现在考研小程序院校模块（2026-08-14读取）：https://admin.jiuxianzai.cn/api/applet/home/index/schoolDetail/691263c169077ceca3f9203b6d406912,0,,年度线与录取,68,338.0,406.0,68.0,64,-47.0,28.0,54.0,2.3333333333333335,0.4926
西南财经大学,2026,A,324,324.0,324（机构公开页；多方向取最高，需以官网复核）,机构公开汇总（二次核验）,third_party,0.62,(006)统计与数据科学学院 (01)金融统计=324；(006)统计与数据科学学院 (02)大数据分析=324；(006)统计与数据科学学院 (03)金融产业数字化=324,https://www.ludengkaoyan.com/school100/qrz/zsml/371933.html,71,358.0,390.0,454.0,88,1.2394366197183098,1.2394,363.67,order_stat_interpolation,0.49,363.67,q10_proxy,0.49,0.0,39.670000000000016,0,就现在考研小程序院校模块（2026-08-14读取）：https://admin.jiuxianzai.cn/api/applet/home/index/schoolDetail/691263c169077ceca3f9203b6d406912；卡方2026录取名单专辑交叉验证：录取线358 | 2026年西南财经大学公布拟录取名单71+1+3人 https://mp.weixin.qq.com/s?__biz=MzIxNTM0MjQ3OA==&mid=2247511468&idx=2&sn=f9e80ec3fc980fa6d3944d10de6362c7&chksm=979b214da0eca85b8adb60257baed822ccaf46c3a8a7e49af92a8914ceb1979eb6065504c5f3#rd；统计战线小程序2026复试名单图人工下滑复核：绿色为未拟录取；与卡方标题71+1+3人闭合。分布及复录比按普通计划71人/88人，剔除1名少干和3名士兵专项。,1,special_plan_exclusion_unclear,年度线与录取,69,323.0,361.0,38.0,55,-15.0,-30.0,40.0,-0.770846582258966,-0.1013
华东师范大学,2022,A,360,378.0,378（机构2022汇总；多方向取最高普通线）,机构汇总（二次核验）,third_party,0.62,已给出院校线,https://www.educity.cn/kyyy/5009654.html,45,,,,50,1.1111111111111112,1.1111,,missing,0.0,378.0,cutoff_fallback,0.341,18.0,,0,就现在考研小程序院校模块（2026-08-14读取）：https://admin.jiuxianzai.cn/api/applet/home/index/schoolDetail/f11a1afe431281838693214490993dcf,0,,年度线与录取,70,,,,,,,,,
华东师范大学,2023,A,346,395.0,395（华东师范大学2023应用统计线）,官方,official,1.0,华东师范大学2023应用统计线,https://yz.chsi.com.cn/kyzx/zt/lnfsx2023.shtml,40,395.0,,,44,1.1,1.1,395.0,minimum_only,0.252,395.0,q10_proxy,0.252,49.0,49.0,0,就现在考研小程序院校模块（2026-08-14读取）：https://admin.jiuxianzai.cn/api/applet/home/index/schoolDetail/f11a1afe431281838693214490993dcf,0,,年度线与录取,71,378.0,,,45,,,,,
华东师范大学,2024,A,338,338.0,338（机构公开页；多方向取最高，需以官网复核）,机构公开汇总（二次核验）,third_party,0.62,(159)统计学院 (01)商务智能与大数据分析=338；(159)统计学院 (02)人工智能与机器学习=338；(159)统计学院 (03)量化投资与金融工程=338；(159)统计学院 (04)数据融合与生物统计=338；(159)统计学院 (05)工业统计与智能分析=338；(159)统计学院 (06)计算社会科学=338,https://www.ludengkaoyan.com/school18/qrz/zsml/16470.html,68,353.0,382.0,422.0,82,1.2058823529411764,1.2059,358.11,order_stat_interpolation,0.49,358.11,q10_proxy,0.49,0.0,20.110000000000014,0,就现在考研小程序院校模块（2026-08-14读取）：https://admin.jiuxianzai.cn/api/applet/home/index/schoolDetail/f11a1afe431281838693214490993dcf；经人数与最低录取线校验的名单图：https://jiuxianzai.oss-cn-beijing.aliyuncs.com/kaoyan/2024/05/08/21583573d37f4db1a876a8dd114f37b2.png,0,,年度线与录取,72,395.0,395.0,49.0,40,17.0,,49.0,,0.6667
华东师范大学,2025,A,323,323.0,323（机构公开页；多方向取最高，需以官网复核）,机构公开汇总（二次核验）,third_party,0.62,(159)统计学院 (01)商务智能与大数据分析=323；(159)统计学院 (02)人工智能与机器学习=323；(159)统计学院 (03)量化投资与金融工程=323；(159)统计学院 (04)数据融合与生物统计=323；(159)统计学院 (05)工业统计与智能分析=323,https://www.ludengkaoyan.com/school18/qrz/zsml/178262.html,65,360.0,,,76,1.1692307692307693,1.1692,360.0,minimum_only,0.252,360.0,q10_proxy,0.252,0.0,37.0,0,就现在考研小程序院校模块（2026-08-14读取）：https://admin.jiuxianzai.cn/api/applet/home/index/schoolDetail/f11a1afe431281838693214490993dcf,0,,年度线与录取,73,338.0,358.11,20.110000000000014,68,-57.0,-28.889999999999986,34.55500000000001,-2.407499999999999,1.1855
华东师范大学,2026,A,324,392.0,392（统计学院025200）,官方,official,1.0,统计学院025200,https://yjszs.ecnu.edu.cn/_upload/article/files/0a/0b/623bd1cf46ef96998a7b42a8b6c0/399e6790-cafb-4e1a-9b32-e3f13aee36b8.pdf,62,392.0,407.0,439.0,72,1.1612903225806452,1.1613,394.61,order_stat_interpolation,0.68,394.61,q10_proxy,0.68,68.0,70.61000000000001,1,就现在考研小程序院校模块（2026-08-14读取）：https://admin.jiuxianzai.cn/api/applet/home/index/schoolDetail/f11a1afe431281838693214490993dcf；经人数与最低录取线校验的名单图：https://jiuxianzai.oss-cn-beijing.aliyuncs.com/kaoyan/2026/05/14/1aca6d9e31e341368d6514815a476373.png；卡方2026录取名单专辑交叉验证：录取线392 | 2026年华东师范大学公布拟录取名单60人 https://mp.weixin.qq.com/s?__biz=MzIxNTM0MjQ3OA==&mid=2247511431&idx=2&sn=9e84660a94b2d07b7fbb5bead21e6122&chksm=979b2166a0eca870e9fec1a1493f98f4906d3b31fa8bedb37f93df4c49168f35fc4411314e84#rd；补录2人，录取线392 | 2026年华东师范大学公布拟录取名单62人 https://mp.weixin.qq.com/s?__biz=MzIxNTM0MjQ3OA==&mid=2247511562&idx=1&sn=3146712c38b6277740855609e955016e&chksm=979b22eba0ecabfd17df6e86f16c27ac9653ad85da2621d2e8c8161565f4ea0ae7a228d8c875#rd；官方首批名单+主流机构最新补录闭环：https://stat.ecnu.edu.cn/_upload/article/files/75/13/fccefefd4b98a332d1077b17f9c6/6edeeed4-7a55-4fd6-b207-aff078745e0e.pdf；仅统计表中明确标注“推荐拟录取”的应用统计全日制考生。；后续补录已由卡方最新专辑与小程序当前人数/名单双重闭环，最终分布按更新后名单。,0,,年度线与录取,74,323.0,360.0,37.0,65,-15.0,16.889999999999986,37.0,0.11416614101213372,0.2508
厦门大学,2022,A,360,390.0,390（机构2022汇总；多方向取最高普通线）,机构汇总（二次核验）,third_party,0.62,已给出院校线,https://www.educity.cn/kyyy/5009654.html,23,,,,31,1.3478260869565215,1.3478,,missing,0.0,390.0,cutoff_fallback,0.341,30.0,,0,就现在考研小程序院校模块（2026-08-14读取）：https://admin.jiuxianzai.cn/api/applet/home/index/schoolDetail/331a930094fdde14ed239c3719efb92f; https://admin.jiuxianzai.cn/api/applet/home/index/schoolDetail/dc429a8368db232074a6ecc990d24f28,0,,年度线与录取,75,,,,,,,,,
厦门大学,2023,A,346,360.0,360（厦门大学2023应用统计线）,官方,official,1.0,厦门大学2023应用统计线,https://yz.chsi.com.cn/kyzx/zt/lnfsx2023.shtml,36,362.0,,,48,1.3333333333333333,1.3333,362.0,minimum_only,0.252,362.0,q10_proxy,0.252,14.0,16.0,0,就现在考研小程序院校模块（2026-08-14读取）：https://admin.jiuxianzai.cn/api/applet/home/index/schoolDetail/331a930094fdde14ed239c3719efb92f; https://admin.jiuxianzai.cn/api/applet/home/index/schoolDetail/dc429a8368db232074a6ecc990d24f28,0,,年度线与录取,76,390.0,,,23,,,,,
厦门大学,2024,A,338,360.0,360（机构公开页；多方向取最高，需以官网复核）,机构公开汇总（二次核验）,third_party,0.62,(022)统计学与数据科学系 (00)不区分研究方向=360；(028)王亚南经济研究院 (00)不区分研究方向=360,https://www.ludengkaoyan.com/school23/qrz/zsml/16576.html,43,367.0,,,59,1.372093023255814,1.3721,367.0,minimum_only,0.252,367.0,q10_proxy,0.252,22.0,29.0,0,就现在考研小程序院校模块（2026-08-14读取）：https://admin.jiuxianzai.cn/api/applet/home/index/schoolDetail/331a930094fdde14ed239c3719efb92f; https://admin.jiuxianzai.cn/api/applet/home/index/schoolDetail/dc429a8368db232074a6ecc990d24f28,0,,年度线与录取,77,360.0,362.0,16.0,36,-30.0,,16.0,,0.0833
厦门大学,2025,A,323,350.0,350（机构公开页；多方向取最高，需以官网复核）,机构公开汇总（二次核验）,third_party,0.62,(022)统计学与数据科学系 (00)不区分研究方向=350；(028)王亚南经济研究院 (00)不区分研究方向=350,https://www.ludengkaoyan.com/school23/qrz/zsml/201560.html,42,366.0,,,55,1.5,1.3095,366.0,minimum_only,0.252,366.0,q10_proxy,0.252,27.0,43.0,0,https://www.sjds.net/a/461938.html | 机构页称复试比例150%；两培养单位口径需官网复核；就现在考研小程序院校模块（2026-08-14读取）：https://admin.jiuxianzai.cn/api/applet/home/index/schoolDetail/331a930094fdde14ed239c3719efb92f; https://admin.jiuxianzai.cn/api/applet/home/index/schoolDetail/dc429a8368db232074a6ecc990d24f28,1,retest_ratio_mismatch,年度线与录取,78,360.0,367.0,29.0,43,0.0,13.0,22.5,1.0833333333333333,0.6198
厦门大学,2026,A,324,330.0,330（机构公开页；多方向取最高，需以官网复核）,机构公开汇总（二次核验）,third_party,0.62,(022)统计学与数据科学系 (00)不区分研究方向=330,https://www.ludengkaoyan.com/school23/qrz/zsml/329826.html,50,400.0,419.0,444.0,62,1.24,1.24,403.18,order_stat_interpolation,0.49,403.18,q10_proxy,0.49,6.0,79.18,0,就现在考研小程序院校模块（2026-08-14读取）：https://admin.jiuxianzai.cn/api/applet/home/index/schoolDetail/331a930094fdde14ed239c3719efb92f; https://admin.jiuxianzai.cn/api/applet/home/index/schoolDetail/dc429a8368db232074a6ecc990d24f28；经人数与最低录取线校验的名单图：https://jiuxianzai.oss-cn-beijing.aliyuncs.com/kaoyan/2026/05/14/80a2e940041d43d1a7a4f3885b38f55e.png；卡方2026录取名单专辑交叉验证：录取线400 | 2026年厦门大学公布拟录取名单44+6人 https://mp.weixin.qq.com/s?__biz=MzIxNTM0MjQ3OA==&mid=2247511546&idx=1&sn=c026617f09ae8b653199d3d1bf553829&chksm=979b211ba0eca80daade56135de753f20fcbf37ac4c9a761d7b7f918871df534972d017c4783#rd,0,,年度线与录取,79,350.0,366.0,43.0,42,-10.0,14.0,29.0,2.1272400875800312,0.1987
中央财经大学,2022,A,360,400.0,400（机构2022汇总；多方向取最高普通线）,机构汇总（二次核验）,third_party,0.62,已给出院校线,https://www.educity.cn/kyyy/5009654.html,45,,,,58,1.288888888888889,1.2889,,missing,0.0,400.0,cutoff_fallback,0.341,40.0,,0,就现在考研小程序院校模块（2026-08-14读取）：https://admin.jiuxianzai.cn/api/applet/home/index/schoolDetail/fe36c96441cd999fad75f7403840a58a,0,,年度线与录取,80,,,,,,,,,
中央财经大学,2023,A,346,371.0,371（中央财经大学2023应用统计线）,公开汇总，待官网复核,unclassified,0.5,中央财经大学2023应用统计线,https://yz.chsi.com.cn/kyzx/zt/lnfsx2023.shtml,50,371.0,,,59,1.18,1.18,371.0,minimum_only,0.252,371.0,q10_proxy,0.252,25.0,25.0,0,就现在考研小程序院校模块（2026-08-14读取）：https://admin.jiuxianzai.cn/api/applet/home/index/schoolDetail/fe36c96441cd999fad75f7403840a58a,0,,年度线与录取,81,400.0,,,45,,,,,
中央财经大学,2024,A,338,338.0,338（机构公开页；多方向取最高，需以官网复核）,机构公开汇总（二次核验）,third_party,0.62,(029)统计与数学学院 (01)金融统计=338；(029)统计与数学学院 (02)经济与商务统计=338；(029)统计与数学学院 (03)大数据分析=338,https://www.ludengkaoyan.com/school49/qrz/zsml/140.html,53,385.0,,,66,1.2452830188679245,1.2453,385.0,minimum_only,0.252,385.0,q10_proxy,0.252,0.0,47.0,0,就现在考研小程序院校模块（2026-08-14读取）：https://admin.jiuxianzai.cn/api/applet/home/index/schoolDetail/fe36c96441cd999fad75f7403840a58a,0,,年度线与录取,82,371.0,371.0,25.0,50,-29.0,,25.0,,-0.6125
中央财经大学,2025,A,323,323.0,323（机构公开页；多方向取最高，需以官网复核）,机构公开汇总（二次核验）,third_party,0.62,(029)统计与数学学院 (01)金融统计=323；(029)统计与数学学院 (02)经济与商务统计=323；(029)统计与数学学院 (03)大数据分析=323,https://www.ludengkaoyan.com/school49/qrz/zsml/144909.html,59,343.0,,,76,1.2881355932203389,1.2881,343.0,minimum_only,0.252,343.0,q10_proxy,0.252,0.0,20.0,0,就现在考研小程序院校模块（2026-08-14读取）：https://admin.jiuxianzai.cn/api/applet/home/index/schoolDetail/fe36c96441cd999fad75f7403840a58a,0,,年度线与录取,83,338.0,385.0,47.0,53,-33.0,22.0,36.0,1.8333333333333333,0.2233
中央财经大学,2026,A,324,324.0,324（机构公开页；多方向取最高，需以官网复核）,机构公开汇总（二次核验）,third_party,0.62,(029)统计与数学学院 (01)金融统计=324；(029)统计与数学学院 (02)经济与商务统计=324；(029)统计与数学学院 (03)大数据分析=324,https://www.ludengkaoyan.com/school49/qrz/zsml/275141.html,62,369.0,393.0,432.0,85,1.3709677419354838,1.371,373.17,order_stat_interpolation,0.49,373.17,q10_proxy,0.49,0.0,49.170000000000016,0,就现在考研小程序院校模块（2026-08-14读取）：https://admin.jiuxianzai.cn/api/applet/home/index/schoolDetail/fe36c96441cd999fad75f7403840a58a；卡方2026录取名单专辑交叉验证：录取线369 | 2026年中央财经大学公布拟录取名单62+1人 https://mp.weixin.qq.com/s?__biz=MzIxNTM0MjQ3OA==&mid=2247511820&idx=4&sn=064af89b901c53f4420ed740246c1873&chksm=979b23eda0ecaafb2edf9aa506cce714882e77776adb5ea06394f1a619473179e06dfbdfc998#rd；统计战线小程序2026复试名单图人工下滑复核：绿色为未拟录取；与卡方标题62+1人闭合。分布及复录比按普通计划62人/85人，剔除1名士兵专项。,1,special_plan_exclusion_unclear,年度线与录取,84,323.0,343.0,20.0,59,-15.0,-27.0,25.0,-0.9810774683295931,-0.1542
东南大学,2022,A,360,385.0,385（机构2022汇总；多方向取最高普通线）,机构汇总（二次核验）,third_party,0.62,已给出院校线,https://www.educity.cn/kyyy/5009654.html,5,,415.0,432.0,9,1.8,1.8,,missing,0.0,385.0,cutoff_fallback,0.341,25.0,,0,就现在考研小程序院校模块（2026-08-14读取）：https://admin.jiuxianzai.cn/api/applet/home/index/schoolDetail/39a1066661cc5563f00076704d954811；经人数与最低录取线校验的名单图：https://jiuxianzai.oss-cn-beijing.aliyuncs.com/kaoyan/2024/05/28/6ca57aa6f6c0426882eaecacad809d7c.png,0,,年度线与录取,85,,,,,,,,,
东南大学,2023,A,346,375.0,375（东南大学2023应用统计线）,官方,official,1.0,东南大学2023应用统计线,https://yz.chsi.com.cn/kyzx/zt/lnfsx2023.shtml,11,386.0,400.0,437.0,14,1.2727272727272727,1.2727,386.56,order_stat_interpolation,0.49,386.56,q10_proxy,0.49,29.0,40.56,0,就现在考研小程序院校模块（2026-08-14读取）：https://admin.jiuxianzai.cn/api/applet/home/index/schoolDetail/39a1066661cc5563f00076704d954811；经人数与最低录取线校验的名单图：https://jiuxianzai.oss-cn-beijing.aliyuncs.com/kaoyan/2024/05/28/862cbda2d04445668ab122a9866801e7.png,0,,年度线与录取,86,385.0,,,5,,,,,
东南大学,2024,A,338,365.0,365（机构公开页；多方向取最高，需以官网复核）,机构公开汇总（二次核验）,third_party,0.62,(007)数学学院 (01)经济金融统计=365；(007)数学学院 (02)质量管理=365；(007)数学学院 (03)抽样统计=365；(007)数学学院 (04)统计诊断技术=365；(007)数学学院 (05)生物医药统计=365,https://www.ludengkaoyan.com/school20/qrz/zsml/16497.html,12,387.0,412.0,434.0,18,1.5,1.5,388.36,order_stat_interpolation,0.49,388.36,q10_proxy,0.49,27.0,50.360000000000014,0,就现在考研小程序院校模块（2026-08-14读取）：https://admin.jiuxianzai.cn/api/applet/home/index/schoolDetail/39a1066661cc5563f00076704d954811；经人数与最低录取线校验的名单图：https://jiuxianzai.oss-cn-beijing.aliyuncs.com/kaoyan/2024/05/19/0a75f75ff4f345beb50e955efc2a5873.png,0,,年度线与录取,87,375.0,386.56,40.56,11,-10.0,,40.56,,0.6667
东南大学,2025,A,323,335.0,335（机构公开页；多方向取最高，需以官网复核）,机构公开汇总（二次核验）,third_party,0.62,(007)数学学院 (01)经济金融统计=335；(007)数学学院 (02)质量管理=335；(007)数学学院 (03)抽样统计=335；(007)数学学院 (04)统计诊断技术=335；(007)数学学院 (05)生物医药统计=335,https://www.ludengkaoyan.com/school20/qrz/zsml/183941.html,15,352.0,,,16,1.0666666666666669,1.0667,352.0,minimum_only,0.252,352.0,q10_proxy,0.252,12.0,29.0,0,就现在考研小程序院校模块（2026-08-14读取）：https://admin.jiuxianzai.cn/api/applet/home/index/schoolDetail/39a1066661cc5563f00076704d954811,0,,年度线与录取,88,365.0,388.36,50.360000000000014,12,-10.0,9.800000000000011,45.46000000000001,0.8166666666666677,0.9705
东南大学,2026,A,324,380.0,380（机构公开页；多方向取最高，需以官网复核）,机构公开汇总（二次核验）,third_party,0.62,(087)统计与数据科学学院 (01)机器学习与人工智能=380；(087)统计与数据科学学院 (02)数据科学与生物信息=380；(087)统计与数据科学学院 (03)金融科技与风险管理=380,https://www.ludengkaoyan.com/school20/qrz/zsml/312432.html,19,397.0,413.0,442.0,22,1.1578947368421053,1.1579,398.78,order_stat_interpolation,0.49,398.78,q10_proxy,0.49,56.0,74.77999999999997,0,就现在考研小程序院校模块（2026-08-14读取）：https://admin.jiuxianzai.cn/api/applet/home/index/schoolDetail/39a1066661cc5563f00076704d954811；经人数与最低录取线校验的名单图：https://jiuxianzai.oss-cn-beijing.aliyuncs.com/kaoyan/2026/05/25/e528261201bc43cfabc7331471dce90f.png；卡方2026录取名单专辑交叉验证：录取线397 | 2026年东南大学公布拟录取名单17人 https://mp.weixin.qq.com/s?__biz=MzIxNTM0MjQ3OA==&mid=2247512251&idx=4&sn=fcd7f47a7299ae69c3c03ccf201efdcf&chksm=979b3c5aa0ecb54c5d08b1d811b66291b1dd3a04eef0e9414ef7c1ce7937163c78d548ed09c9#rd,0,,年度线与录取,89,335.0,352.0,29.0,15,-30.0,-21.360000000000014,40.56,-2.2657383471397448,0.3761
西北工业大学,2022,A,360,,未招生,机构汇总（二次核验）,third_party,0.62,未招生,https://www.educity.cn/kyyy/5009654.html,,,,,,,,,missing,0.0,,cutoff_fallback,0.341,,,0,就现在考研小程序院校模块（2026-08-14读取）：https://admin.jiuxianzai.cn/api/applet/home/index/schoolDetail/b4bdac7bbcc576c0d8e30f51a1934e02,0,,年度线与录取,90,,,,,,,,,
西北工业大学,2023,A,346,350.0,350（西北工业大学2023应用统计线）,官方,official,1.0,西北工业大学2023应用统计线,https://yz.chsi.com.cn/kyzx/zt/lnfsx2023.shtml,5,351.0,,,5,1.0,1.0,351.0,minimum_only,0.252,351.0,q10_proxy,0.252,4.0,5.0,0,就现在考研小程序院校模块（2026-08-14读取）：https://admin.jiuxianzai.cn/api/applet/home/index/schoolDetail/b4bdac7bbcc576c0d8e30f51a1934e02,0,,年度线与录取,91,,,,,,,,,
西北工业大学,2024,A,338,360.0,360（机构公开页；多方向取最高，需以官网复核）,机构公开汇总（二次核验）,third_party,0.62,(023)数学与统计学院 (01)工业统计与系统性能优化=360；(023)数学与统计学院 (02)大数据分析及统计决策=360；(023)数学与统计学院 (03)生物医学统计与智慧医疗=360；(023)数学与统计学院 (04)统计计算与智能信息处理=360,https://www.ludengkaoyan.com/school36/qrz/zsml/16769.html,4,371.0,386.5,427.0,6,1.5,1.5,371.0,small_n_minimum,0.346,371.0,q10_proxy,0.346,22.0,33.0,0,就现在考研小程序院校模块（2026-08-14读取）：https://admin.jiuxianzai.cn/api/applet/home/index/schoolDetail/b4bdac7bbcc576c0d8e30f51a1934e02；经人数与最低录取线校验的名单图：https://jiuxianzai.oss-cn-beijing.aliyuncs.com/kaoyan/2024/04/08/ed785bf414e54e34b7025928fbb79bc8.png,0,,年度线与录取,92,350.0,351.0,5.0,5,,,5.0,,0.0833
西北工业大学,2025,A,323,350.0,350（机构公开页；多方向取最高，需以官网复核）,机构公开汇总（二次核验）,third_party,0.62,(023)数学与统计学院 (01)工业统计与系统性能优化=350；(023)数学与统计学院 (02)大数据分析及统计决策=350；(023)数学与统计学院 (03)生物医学统计与智慧医疗=350；(023)数学与统计学院 (04)统计计算与智能信息处理=350,https://www.ludengkaoyan.com/school36/qrz/zsml/245834.html,5,350.0,380.0,393.0,5,1.0,1.0,350.0,small_n_minimum,0.346,350.0,q10_proxy,0.346,27.0,27.0,0,就现在考研小程序院校模块（2026-08-14读取）：https://admin.jiuxianzai.cn/api/applet/home/index/schoolDetail/b4bdac7bbcc576c0d8e30f51a1934e02；经人数与最低录取线校验的名单图：https://jiuxianzai.oss-cn-beijing.aliyuncs.com/kaoyan/2025/04/04/2e5e39af89ba44caa0c2ae6b843e7834.png,0,,年度线与录取,93,360.0,371.0,33.0,4,10.0,28.0,19.0,2.3333333333333335,0.3073
西北工业大学,2026,A,324,350.0,350（机构公开页；多方向取最高，需以官网复核）,机构公开汇总（二次核验）,third_party,0.62,(023)数学与统计学院 (01)工业统计与系统性能优化=350；(023)数学与统计学院 (02)大数据分析及统计决策=350；(023)数学与统计学院 (03)生物医学统计与智慧医疗=350；(023)数学与统计学院 (04)统计计算与智能信息处理=350,https://www.ludengkaoyan.com/school36/qrz/zsml/373305.html,4,357.0,361.0,394.0,,,,357.0,small_n_minimum,0.346,357.0,q10_proxy,0.346,26.0,33.0,0,就现在考研小程序院校模块（2026-08-14读取）：https://admin.jiuxianzai.cn/api/applet/home/index/schoolDetail/b4bdac7bbcc576c0d8e30f51a1934e02；经人数与最低录取线校验的名单图：https://jiuxianzai.oss-cn-beijing.aliyuncs.com/kaoyan/2026/05/14/425536ad86a84134be2e5d24b9636d87.png；卡方2026录取名单专辑交叉验证：录取线357| 2026年西北工业大学公布拟录取名单4人 https://mp.weixin.qq.com/s?__biz=MzIxNTM0MjQ3OA==&mid=2247512178&idx=7&sn=ed78ea38c44f9de403e85075fa84003e&chksm=979b3c93a0ecb5856aaea02bfff2d5377a15f0a868452c54b44fd3bfe2727377c3422228b6ef#rd,0,,年度线与录取,94,350.0,350.0,27.0,5,-10.0,-6.0,27.0,0.385423291129483,0.2657
对外经济贸易大学,2022,A,360,370.0,370（机构2022汇总；多方向取最高普通线）,机构汇总（二次核验）,third_party,0.62,已给出院校线,https://www.educity.cn/kyyy/5009654.html,60,,,,71,1.1833333333333331,1.1833,,missing,0.0,370.0,cutoff_fallback,0.341,10.0,,0,就现在考研小程序院校模块（2026-08-14读取）：https://admin.jiuxianzai.cn/api/applet/home/index/schoolDetail/4f4327be5131d059f282fa1dc5bc439d,0,,年度线与录取,95,,,,,,,,,
对外经济贸易大学,2023,A,346,370.0,370（小程序院校模块；待官网复核）,主流机构小程序,third_party,0.62,国家线不等同学院实际复试线,https://yz.chsi.com.cn/kyzx/zt/lnfsx2023.shtml,70,370.0,,,84,1.2,1.2,370.0,minimum_only,0.252,370.0,q10_proxy,0.252,24.0,24.0,0,就现在考研小程序院校模块（2026-08-14读取）：https://admin.jiuxianzai.cn/api/applet/home/index/schoolDetail/4f4327be5131d059f282fa1dc5bc439d,0,,年度线与录取,96,370.0,,,60,,,,,
对外经济贸易大学,2024,A,338,338.0,338（机构公开页；多方向取最高，需以官网复核）,机构公开汇总（二次核验）,third_party,0.62,(014)统计学院 (01)商务统计与商业分析=338；(014)统计学院 (02)数量金融与风险管理=338；(014)统计学院 (03)数据科学与人工智能=338,https://www.ludengkaoyan.com/school50/qrz/zsml/143.html,61,381.0,,,73,1.1967213114754098,1.1967,381.0,minimum_only,0.252,381.0,q10_proxy,0.252,0.0,43.0,0,就现在考研小程序院校模块（2026-08-14读取）：https://admin.jiuxianzai.cn/api/applet/home/index/schoolDetail/4f4327be5131d059f282fa1dc5bc439d,0,,年度线与录取,97,370.0,370.0,24.0,70,0.0,,24.0,,-0.6125
对外经济贸易大学,2025,A,323,323.0,323（机构公开页；多方向取最高，需以官网复核）,机构公开汇总（二次核验）,third_party,0.62,(014)统计学院 (01)商务统计与商业分析=323；(014)统计学院 (02)数量金融与风险管理=323；(014)统计学院 (03)数据科学与人工智能=323,https://www.ludengkaoyan.com/school50/qrz/zsml/145161.html,69,364.0,,,83,1.2028985507246377,1.2029,364.0,minimum_only,0.252,364.0,q10_proxy,0.252,0.0,41.0,0,就现在考研小程序院校模块（2026-08-14读取）：https://admin.jiuxianzai.cn/api/applet/home/index/schoolDetail/4f4327be5131d059f282fa1dc5bc439d,0,,年度线与录取,98,338.0,381.0,43.0,61,-32.0,19.0,33.5,1.5833333333333333,0.259
对外经济贸易大学,2026,A,324,324.0,324（机构公开页；多方向取最高，需以官网复核）,机构公开汇总（二次核验）,third_party,0.62,(014)统计学院 (01)商务统计与商业分析=324；(014)统计学院 (02)数量金融与风险管理=324；(014)统计学院 (03)数据科学与人工智能=324,https://www.ludengkaoyan.com/school50/qrz/zsml/275348.html,60,373.0,390.0,425.0,72,1.2,1.2,375.94,order_stat_interpolation,0.49,375.94,q10_proxy,0.49,0.0,51.94,0,就现在考研小程序院校模块（2026-08-14读取）：https://admin.jiuxianzai.cn/api/applet/home/index/schoolDetail/4f4327be5131d059f282fa1dc5bc439d；经人数与最低录取线校验的名单图：https://jiuxianzai.oss-cn-beijing.aliyuncs.com/kaoyan/2026/05/15/ee713d3dc33c461dadb906e500537580.png；卡方2026录取名单专辑交叉验证：录取线373 | 2026年对外经济贸易大学公布拟录取名单59+1人 https://mp.weixin.qq.com/s?__biz=MzIxNTM0MjQ3OA==&mid=2247511468&idx=1&sn=e964b91ef926344b88787e2e7d1b66d2&chksm=979b214da0eca85bdacfdf3eb4aecff3a5f95456a34ff68c49f343fe0017cef2748605e32587#rd,0,,年度线与录取,99,323.0,364.0,41.0,69,-15.0,-2.0,41.0,0.5324927048499436,-0.2316
同济大学,2022,A,360,360.0,360（机构2022汇总；多方向取最高普通线）,机构汇总（二次核验）,third_party,0.62,已给出院校线,https://www.educity.cn/kyyy/5009654.html,,,,,,,,,missing,0.0,360.0,cutoff_fallback,0.341,0.0,,0,就现在考研小程序院校模块（2026-08-14读取）：https://admin.jiuxianzai.cn/api/applet/home/index/schoolDetail/9d0219b2df1e6de3dabed25b7cbbf267,0,,年度线与录取,100,,,,,,,,,
同济大学,2023,A,346,346.0,346（同济大学2023学校专业基本线）,官方,official,1.0,同济大学2023学校专业基本线,https://yz.chsi.com.cn/kyzx/zt/lnfsx2023.shtml,,,,,,,,,missing,0.0,346.0,cutoff_fallback,0.55,0.0,,0,就现在考研小程序院校模块（2026-08-14读取）：https://admin.jiuxianzai.cn/api/applet/home/index/schoolDetail/9d0219b2df1e6de3dabed25b7cbbf267,0,,年度线与录取,101,360.0,,,,,,,,
同济大学,2024,A,338,,未检出可用数值；待查官网,缺失,unclassified,0.5,,https://www.ludengkaoyan.com/major3/fsx/,,,,,,,,,missing,0.0,,cutoff_fallback,0.275,,,0,就现在考研小程序院校模块（2026-08-14读取）：https://admin.jiuxianzai.cn/api/applet/home/index/schoolDetail/9d0219b2df1e6de3dabed25b7cbbf267,0,,年度线与录取,102,346.0,,,,-14.0,,,,0.0833
同济大学,2025,A,323,323.0,323（机构公开页；多方向取最高，需以官网复核）,机构公开汇总（二次核验）,third_party,0.62,(102)数学科学学院 (01)人工智能与深度学习=323；(102)数学科学学院 (02)金融统计与量化投资=323,https://www.ludengkaoyan.com/school16/qrz/zsml/174728.html,33,386.0,,,35,1.0606060606060606,1.0606,386.0,minimum_only,0.252,386.0,q10_proxy,0.252,0.0,63.0,0,就现在考研小程序院校模块（2026-08-14读取）：https://admin.jiuxianzai.cn/api/applet/home/index/schoolDetail/9d0219b2df1e6de3dabed25b7cbbf267,0,,年度线与录取,103,,,,,,,,,1.0126
同济大学,2026,A,324,324.0,324（机构公开页；多方向取最高，需以官网复核）,机构公开汇总（二次核验）,third_party,0.62,(102)数学科学学院 (01)人工智能与深度学习=324；(102)数学科学学院 (02)金融统计与量化投资=324,https://www.ludengkaoyan.com/school16/qrz/zsml/304213.html,29,404.0,426.0,456.0,55,1.896551724137931,1.8966,407.14,order_stat_interpolation,0.49,407.14,q10_proxy,0.49,0.0,83.13999999999999,0,就现在考研小程序院校模块（2026-08-14读取）：https://admin.jiuxianzai.cn/api/applet/home/index/schoolDetail/9d0219b2df1e6de3dabed25b7cbbf267；卡方2026录取名单专辑交叉验证：刷掉近一半人，录取线404 | 2026年同济大学公布拟录取名单29+1人 https://mp.weixin.qq.com/s?__biz=MzIxNTM0MjQ3OA==&mid=2247512064&idx=2&sn=cdb6a640abcf31dc3f767d502f80ebf1&chksm=979b3ce1a0ecb5f75c54dc36a6bbf01f2a68b0874f3c2639cec8750d0e25a1330fce2c7fa0c6#rd；统计战线小程序2026复试名单图人工下滑复核：绿色为未拟录取；与卡方标题29+1人闭合。分布及复录比按普通计划29人/55人，剔除1名专项计划。,1,special_plan_exclusion_unclear,年度线与录取,104,323.0,386.0,63.0,33,,,63.0,,-0.017
中南财经政法大学,2022,A,360,360.0,360（机构2022汇总；多方向取最高普通线）,机构汇总（二次核验）,third_party,0.62,已给出院校线,https://www.educity.cn/kyyy/5009654.html,112,,,,150,1.3392857142857142,1.3393,,missing,0.0,360.0,cutoff_fallback,0.341,0.0,,0,就现在考研小程序院校模块（2026-08-14读取）：https://admin.jiuxianzai.cn/api/applet/home/index/schoolDetail/15dc051e0442d52a5bea9583661c8e9a,0,,年度线与录取,105,,,,,,,,,
中南财经政法大学,2023,A,346,382.0,382（小程序院校模块；待官网复核）,主流机构小程序,third_party,0.62,国家线不等同学院实际复试线,https://yz.chsi.com.cn/kyzx/zt/lnfsx2023.shtml,123,382.0,,,163,1.3252032520325203,1.3252,382.0,minimum_only,0.252,382.0,q10_proxy,0.252,36.0,36.0,0,就现在考研小程序院校模块（2026-08-14读取）：https://admin.jiuxianzai.cn/api/applet/home/index/schoolDetail/15dc051e0442d52a5bea9583661c8e9a,0,,年度线与录取,106,360.0,,,112,,,,,
中南财经政法大学,2024,A,338,338.0,338（机构公开页；多方向取最高，需以官网复核）,机构公开汇总（二次核验）,third_party,0.62,(118)统计与数学学院 (00)不区分研究方向=338,https://www.ludengkaoyan.com/school91/qrz/zsml/16686.html,119,365.0,,,155,1.3025210084033614,1.3025,365.0,minimum_only,0.252,365.0,q10_proxy,0.252,0.0,27.0,0,就现在考研小程序院校模块（2026-08-14读取）：https://admin.jiuxianzai.cn/api/applet/home/index/schoolDetail/15dc051e0442d52a5bea9583661c8e9a,0,,年度线与录取,107,382.0,382.0,36.0,123,22.0,,36.0,,-0.6125
中南财经政法大学,2025,A,323,323.0,323（机构公开页；多方向取最高，需以官网复核）,机构公开汇总（二次核验）,third_party,0.62,(118)统计与数学学院 (00)不区分研究方向=323,https://www.ludengkaoyan.com/school91/qrz/zsml/225498.html,178,323.0,346.0,437.0,181,1.011173184357542,1.0169,327.39,order_stat_interpolation,0.68,327.39,q10_proxy,0.68,0.0,4.389999999999986,1,https://tsxy.zuel.edu.cn/_upload/article/files/15/fa/e5c1c0e24e4190959c6705735842/2b97dccb-1810-4a22-befa-d8a3bced99b9.pdf | 拟录取公示不等于完整复试名单，故不计算复录比；就现在考研小程序院校模块（2026-08-14读取）：https://admin.jiuxianzai.cn/api/applet/home/index/schoolDetail/15dc051e0442d52a5bea9583661c8e9a,0,,年度线与录取,108,338.0,365.0,27.0,119,-44.0,-9.0,31.5,-0.75,0.5924
中南财经政法大学,2026,A,324,324.0,324（机构公开页；多方向取最高，需以官网复核）,机构公开汇总（二次核验）,third_party,0.62,(120)统计与数学学院 (00)不区分研究方向=324,https://www.ludengkaoyan.com/school91/qrz/zsml/352902.html,154,358.0,381.0,426.0,199,1.292207792207792,1.2922,362.36,order_stat_interpolation,0.49,362.36,q10_proxy,0.49,0.0,38.360000000000014,0,就现在考研小程序院校模块（2026-08-14读取）：https://admin.jiuxianzai.cn/api/applet/home/index/schoolDetail/15dc051e0442d52a5bea9583661c8e9a；卡方2026录取名单专辑交叉验证：录取线358 | 2026年中南财经政法大学公布拟录取名单152+1人 https://mp.weixin.qq.com/s?__biz=MzIxNTM0MjQ3OA==&mid=2247511448&idx=2&sn=d1dc7fc0f130a6c1533129c3b1850157&chksm=979b2179a0eca86f4602ff049b9ba6194377485d78cce34e59b15397414809541d3a3dfe2b0d#rd；补录2人，录取线358 | 2026年中南财经政法大学公布拟录取名单154+1人 https://mp.weixin.qq.com/s?__biz=MzIxNTM0MjQ3OA==&mid=2247511601&idx=5&sn=51e644ab0f1dc818417a0d0b9ef10a48&chksm=979b22d0a0ecabc6c3a56b9c45b9dc9323671abc5fbfc00ad5650ba3c6c6a87c40d58c449af1#rd；统计战线小程序补录后2026名单图逐页复核：共200行，绿色45人为未拟录取，白色155人含专项1人；普通计划154人拟录取、199人复试，初试最低358、中位381、最高426。与卡方初次‘152+1人’及后续补录2人文章闭合。,1,special_plan_exclusion_unclear,年度线与录取,109,323.0,327.39,4.389999999999986,178,-15.0,-22.610000000000014,27.0,-4.06343210875789,0.0513
国防科技大学,2022,A,360,,未在该机构2022汇总中检出；待查官网,缺失,unclassified,0.5,,https://www.educity.cn/kyyy/5009654.html,,,,,,,,,missing,0.0,,cutoff_fallback,0.275,,,0,就现在考研小程序院校模块（2026-08-14读取）：https://admin.jiuxianzai.cn/api/applet/home/index/schoolDetail/d0c418722a51b2fca15de22b27b1256f,0,,年度线与录取,110,,,,,,,,,
国防科技大学,2023,A,346,,A区国家线346（仅底线；未核院线，不纳入均值）,国家线底线/院线缺失,national_floor_only,0.35,国家线不等同学院实际复试线,https://yz.chsi.com.cn/kyzx/zt/lnfsx2023.shtml,,,,,,,,,missing,0.0,,cutoff_fallback,0.193,,,0,就现在考研小程序院校模块（2026-08-14读取）：https://admin.jiuxianzai.cn/api/applet/home/index/schoolDetail/d0c418722a51b2fca15de22b27b1256f,0,,年度线与录取,111,,,,,,,,,
国防科技大学,2024,A,338,338.0,338（机构公开页；多方向取最高，需以官网复核）,机构公开汇总（二次核验）,third_party,0.62,(001)理学院 (00)不区分研究方向=338,https://www.ludengkaoyan.com/school39/qrz/zsml/16704.html,,,,,,,,,missing,0.0,338.0,cutoff_fallback,0.341,0.0,,0,就现在考研小程序院校模块（2026-08-14读取）：https://admin.jiuxianzai.cn/api/applet/home/index/schoolDetail/d0c418722a51b2fca15de22b27b1256f,0,,年度线与录取,112,,,,,,,,,0.0833
国防科技大学,2025,A,323,323.0,323（机构公开页；多方向取最高，需以官网复核）,机构公开汇总（二次核验）,third_party,0.62,(001)理学院 (00)不区分研究方向=323,https://www.ludengkaoyan.com/school39/qrz/zsml/230622.html,,,,,,,,,missing,0.0,323.0,cutoff_fallback,0.341,0.0,,0,就现在考研小程序院校模块（2026-08-14读取）：https://admin.jiuxianzai.cn/api/applet/home/index/schoolDetail/d0c418722a51b2fca15de22b27b1256f,0,,年度线与录取,113,338.0,,,,,,,,1.0126
国防科技大学,2026,A,324,324.0,324（机构公开页；多方向取最高，需以官网复核）,机构公开汇总（二次核验）,third_party,0.62,(001)理学院 (00)不区分研究方向=324,https://www.ludengkaoyan.com/school39/qrz/zsml/358477.html,,,,,,,,,missing,0.0,324.0,cutoff_fallback,0.341,0.0,,0,就现在考研小程序院校模块（2026-08-14读取）：https://admin.jiuxianzai.cn/api/applet/home/index/schoolDetail/d0c418722a51b2fca15de22b27b1256f,0,,年度线与录取,114,323.0,,,,-15.0,,,,0.2701
四川大学,2022,A,360,,未招生,机构汇总（二次核验）,third_party,0.62,未招生,https://www.educity.cn/kyyy/5009654.html,,,,,,,,,missing,0.0,,cutoff_fallback,0.341,,,0,就现在考研小程序院校模块（2026-08-14读取）：https://admin.jiuxianzai.cn/api/applet/home/index/schoolDetail/8c6b6c55149992b9a76b94d7ce738ca1; https://admin.jiuxianzai.cn/api/applet/home/index/schoolDetail/e514582d975cddc4bd28e18724093d46,0,,年度线与录取,115,,,,,,,,,
四川大学,2023,A,346,355.0,355（四川大学2023应用统计线）,官方,official,1.0,四川大学2023应用统计线,https://yz.chsi.com.cn/kyzx/zt/lnfsx2023.shtml,13,358.0,,,18,1.3846153846153846,1.3846,358.0,minimum_only,0.252,358.0,q10_proxy,0.252,9.0,12.0,0,就现在考研小程序院校模块（2026-08-14读取）：https://admin.jiuxianzai.cn/api/applet/home/index/schoolDetail/8c6b6c55149992b9a76b94d7ce738ca1; https://admin.jiuxianzai.cn/api/applet/home/index/schoolDetail/e514582d975cddc4bd28e18724093d46,0,,年度线与录取,116,,,,,,,,,
四川大学,2024,A,338,370.0,370（机构公开页；多方向取最高，需以官网复核）,机构公开汇总（二次核验）,third_party,0.62,(101)经济学院 (01)宏观经济统计分析=370；(101)经济学院 (02)市场调查与数据分析=370；(101)经济学院 (03)金融数据分析=370；(201)数学学院 (01)大数据分析=370,https://www.ludengkaoyan.com/school32/qrz/zsml/16742.html,28,371.0,397.0,426.0,19,0.6785714285714286,0.6786,374.66,order_stat_interpolation,0.49,374.66,q10_proxy,0.49,32.0,36.660000000000025,0,就现在考研小程序院校模块（2026-08-14读取）：https://admin.jiuxianzai.cn/api/applet/home/index/schoolDetail/8c6b6c55149992b9a76b94d7ce738ca1; https://admin.jiuxianzai.cn/api/applet/home/index/schoolDetail/e514582d975cddc4bd28e18724093d46；经人数与最低录取线校验的名单图：https://jiuxianzai.oss-cn-beijing.aliyuncs.com/kaoyan/2024/05/19/da9257afdffe4595981244682d25d7fb.png; https://jiuxianzai.oss-cn-beijing.aliyuncs.com/kaoyan/2024/05/19/5225fdd1ae9445ac9cf33cb068b8616f.png,0,,年度线与录取,117,355.0,358.0,12.0,13,,,12.0,,0.0833
四川大学,2025,A,323,365.0,365（机构公开页；多方向取最高，需以官网复核）,机构公开汇总（二次核验）,third_party,0.62,(101)经济学院 (01)宏观经济统计分析=365；(101)经济学院 (02)市场调查与数据分析=365；(101)经济学院 (03)金融数据分析=365；(101)经济学院 (04)数字经济与数据要素分析=365；(201)数学学院 (01)大数据分析=365,https://www.ludengkaoyan.com/school32/qrz/zsml/239465.html,37,366.0,,,19,0.5135135135135135,0.5135,366.0,minimum_only,0.252,366.0,q10_proxy,0.252,42.0,43.0,0,就现在考研小程序院校模块（2026-08-14读取）：https://admin.jiuxianzai.cn/api/applet/home/index/schoolDetail/8c6b6c55149992b9a76b94d7ce738ca1; https://admin.jiuxianzai.cn/api/applet/home/index/schoolDetail/e514582d975cddc4bd28e18724093d46,0,,年度线与录取,118,370.0,374.66,36.660000000000025,28,15.0,24.660000000000025,24.330000000000013,2.055000000000002,0.3769
四川大学,2026,A,324,385.0,385（机构公开页；多方向取最高，需以官网复核）,机构公开汇总（二次核验）,third_party,0.62,(101)经济学院 (01)宏观经济统计分析=385；(101)经济学院 (02)市场调查与数据分析=385；(101)经济学院 (03)金融数据分析=385；(101)经济学院 (04)数字经济与数据要素分析=385；(201)数学学院 (01)大数据分析=385,https://www.ludengkaoyan.com/school32/qrz/zsml/367220.html,44,385.0,409.5,446.0,18,0.4090909090909091,0.4091,388.99,order_stat_interpolation,0.49,388.99,q10_proxy,0.49,61.0,64.99000000000001,0,就现在考研小程序院校模块（2026-08-14读取）：https://admin.jiuxianzai.cn/api/applet/home/index/schoolDetail/8c6b6c55149992b9a76b94d7ce738ca1; https://admin.jiuxianzai.cn/api/applet/home/index/schoolDetail/e514582d975cddc4bd28e18724093d46；经人数与最低录取线校验的名单图：https://jiuxianzai.oss-cn-beijing.aliyuncs.com/kaoyan/2026/05/14/b26470a58b3b4d5385327ea94c17b097.png; https://jiuxianzai.oss-cn-beijing.aliyuncs.com/kaoyan/2026/05/14/55407a0a14d947c9913baf5ea3f75152.png；卡方2026录取名单专辑交叉验证：录取线396/385 | 2026年四川大学公布拟录取名单12+32人 https://mp.weixin.qq.com/s?__biz=MzIxNTM0MjQ3OA==&mid=2247511761&idx=3&sn=6d625638212f5774bb6a26d4343108c6&chksm=979b2230a0ecab267ed3694b23463b13a5ec5b6df36a15db0ef0b7f66faa47ad5f777c802f5b#rd,0,,年度线与录取,119,365.0,366.0,43.0,37,-5.0,6.339999999999975,36.660000000000025,1.021309203522142,0.2031
山东大学,2022,A,360,360.0,360（机构2022汇总；多方向取最高普通线）,机构汇总（二次核验）,third_party,0.62,已给出院校线,https://www.educity.cn/kyyy/5009654.html,32,,,,41,1.28125,1.2812,,missing,0.0,360.0,cutoff_fallback,0.341,0.0,,0,就现在考研小程序院校模块（2026-08-14读取）：https://admin.jiuxianzai.cn/api/applet/home/index/schoolDetail/31b62e0d95454d48153d7796036ac476; https://admin.jiuxianzai.cn/api/applet/home/index/schoolDetail/40fec209b0e48864d536ae90cb4f263e; https://admin.jiuxianzai.cn/api/applet/home/index/schoolDetail/727607996751a2d9d928e322d0752dec; https://admin.jiuxianzai.cn/api/applet/home/index/schoolDetail/e8d69b8f2c3ea00a6c831e8267c87cbf,0,,年度线与录取,120,,,,,,,,,
山东大学,2023,A,346,370.0,370（山东大学2023应用统计线）,官方,official,1.0,山东大学2023应用统计线,https://yz.chsi.com.cn/kyzx/zt/lnfsx2023.shtml,33,382.0,,,41,1.2424242424242424,1.2424,382.0,minimum_only,0.252,382.0,q10_proxy,0.252,24.0,36.0,0,就现在考研小程序院校模块（2026-08-14读取）：https://admin.jiuxianzai.cn/api/applet/home/index/schoolDetail/31b62e0d95454d48153d7796036ac476; https://admin.jiuxianzai.cn/api/applet/home/index/schoolDetail/40fec209b0e48864d536ae90cb4f263e; https://admin.jiuxianzai.cn/api/applet/home/index/schoolDetail/727607996751a2d9d928e322d0752dec; https://admin.jiuxianzai.cn/api/applet/home/index/schoolDetail/e8d69b8f2c3ea00a6c831e8267c87cbf,0,,年度线与录取,121,360.0,,,32,,,,,
山东大学,2024,A,338,370.0,370（机构公开页；多方向取最高，需以官网复核）,机构公开汇总（二次核验）,third_party,0.62,(005)经济研究院 (01)不区分研究方向=370；(020)金融研究院 (01)金融统计=370；(020)金融研究院 (02)大数据分析和机器学习=370；(020)金融研究院 (03)生物统计=370；(020)金融研究院 (04)金融科技=370；(089)数学与统计学院 (01)应用深度学习=370；(089)数学与统计学院 (02)空间数据分析=370,https://www.ludengkaoyan.com/school24/qrz/zsml/16601.html,12,372.0,401.0,413.0,14,1.1666666666666667,1.1667,373.58,order_stat_interpolation,0.49,373.58,q10_proxy,0.49,32.0,35.579999999999984,0,就现在考研小程序院校模块（2026-08-14读取）：https://admin.jiuxianzai.cn/api/applet/home/index/schoolDetail/31b62e0d95454d48153d7796036ac476; https://admin.jiuxianzai.cn/api/applet/home/index/schoolDetail/40fec209b0e48864d536ae90cb4f263e; https://admin.jiuxianzai.cn/api/applet/home/index/schoolDetail/727607996751a2d9d928e322d0752dec; https://admin.jiuxianzai.cn/api/applet/home/index/schoolDetail/e8d69b8f2c3ea00a6c831e8267c87cbf；经人数与最低录取线校验的名单图：https://jiuxianzai.oss-cn-beijing.aliyuncs.com/kaoyan/2024/04/08/b9e97e09f3124a4fa510afd25a671b29.png; https://jiuxianzai.oss-cn-beijing.aliyuncs.com/kaoyan/2024/04/08/381af16d7c874a5b9e2028b4c9c782bc.png,0,,年度线与录取,122,370.0,382.0,36.0,33,10.0,,36.0,,0.6667
山东大学,2025,A,323,335.0,335（机构公开页；多方向取最高，需以官网复核）,机构公开汇总（二次核验）,third_party,0.62,(005)经济研究院 (01)不区分研究方向=335；(020)金融研究院 (01)金融统计=335；(020)金融研究院 (02)大数据分析和机器学习=335；(020)金融研究院 (03)生物统计=335；(020)金融研究院 (04)金融科技=335；(051)数据科学研究院 (01)大数据分析和机器学习=335；(051)数据科学研究院 (02)社会统计=335；(051)数据科学研究院 (03)高性能算子设计与优化=335；(089)数学与统计学院 (01)应用深度学习=335；(089)数学与统计学院 (02)空间数据分析=335,https://www.ludengkaoyan.com/school24/qrz/zsml/208715.html,22,347.0,,,34,1.5454545454545454,1.5455,347.0,minimum_only,0.252,347.0,q10_proxy,0.252,12.0,24.0,0,就现在考研小程序院校模块（2026-08-14读取）：https://admin.jiuxianzai.cn/api/applet/home/index/schoolDetail/31b62e0d95454d48153d7796036ac476; https://admin.jiuxianzai.cn/api/applet/home/index/schoolDetail/40fec209b0e48864d536ae90cb4f263e; https://admin.jiuxianzai.cn/api/applet/home/index/schoolDetail/727607996751a2d9d928e322d0752dec; https://admin.jiuxianzai.cn/api/applet/home/index/schoolDetail/e8d69b8f2c3ea00a6c831e8267c87cbf,0,,年度线与录取,123,370.0,373.58,35.579999999999984,12,0.0,-0.4200000000000159,35.78999999999999,-0.03500000000000133,1.0273
山东大学,2026,A,324,325.0,325（机构公开页；多方向取最高，需以官网复核）,机构公开汇总（二次核验）,third_party,0.62,(005)经济研究院 (01)不区分研究方向=325；(020)金融研究院 (01)金融统计=325；(020)金融研究院 (02)大数据分析和机器学习=325；(020)金融研究院 (03)生物统计=325；(020)金融研究院 (04)金融科技=325；(051)数据科学研究院 (01)大数据分析和机器学习=325；(051)数据科学研究院 (02)社会统计=325；(051)数据科学研究院 (03)高性能算子设计与优化=325；(089)数学与统计学院 (01)应用深度学习=325；(089)数学与统计学院 (02)空间数据分析=325,https://www.ludengkaoyan.com/school24/qrz/zsml/336406.html,26,331.0,371.0,431.0,30,1.1538461538461535,1.1538,336.44,order_stat_interpolation,0.49,336.44,q10_proxy,0.49,1.0,12.439999999999998,0,就现在考研小程序院校模块（2026-08-14读取）：https://admin.jiuxianzai.cn/api/applet/home/index/schoolDetail/31b62e0d95454d48153d7796036ac476; https://admin.jiuxianzai.cn/api/applet/home/index/schoolDetail/40fec209b0e48864d536ae90cb4f263e; https://admin.jiuxianzai.cn/api/applet/home/index/schoolDetail/727607996751a2d9d928e322d0752dec; https://admin.jiuxianzai.cn/api/applet/home/index/schoolDetail/e8d69b8f2c3ea00a6c831e8267c87cbf；经人数与最低录取线校验的名单图：https://jiuxianzai.oss-cn-beijing.aliyuncs.com/kaoyan/2026/05/14/52b85047fb4646c5b697709c02989293.png; https://jiuxianzai.oss-cn-beijing.aliyuncs.com/kaoyan/2026/05/14/287833fb5d0b4f38a9e81106b062ca35.png; https://jiuxianzai.oss-cn-beijing.aliyuncs.com/kaoyan/2026/05/14/6a31d9257d03465e8ce07001c0371e93.png; https://jiuxianzai.oss-cn-beijing.aliyuncs.com/kaoyan/2026/05/14/09d9417cf1ed4819a8ec6bbd8f4f13c3.png；卡方2026录取名单专辑交叉验证：录取线331/ 376/333/352 | 2026年山东大学公布拟录取名单21+2+1+2人 https://mp.weixin.qq.com/s?__biz=MzIxNTM0MjQ3OA==&mid=2247511773&idx=5&sn=63f552a52d535404573058696ce27f40&chksm=979b223ca0ecab2a6a84c985abf86ce7a027bd2a25adf4c89fb40572590274476d3c66e4807e#rd,0,,年度线与录取,124,335.0,347.0,24.0,22,-35.0,-11.579999999999984,35.579999999999984,-2.947499999999998,0.412
中南大学,2022,A,360,370.0,370（机构2022汇总；多方向取最高普通线）,机构汇总（二次核验）,third_party,0.62,已给出院校线,https://www.educity.cn/kyyy/5009654.html,15,,409.0,434.0,18,1.2,1.2,,missing,0.0,370.0,cutoff_fallback,0.341,10.0,,0,就现在考研小程序院校模块（2026-08-14读取）：https://admin.jiuxianzai.cn/api/applet/home/index/schoolDetail/9992ea5cc0f3be699aa80b38b6171e7c；经人数与最低录取线校验的名单图：https://jiuxianzai.oss-cn-beijing.aliyuncs.com/kaoyan/2022/04/17/7166b40a9ac341aaa8c954c955ca11d3.png,0,,年度线与录取,125,,,,,,,,,
中南大学,2023,A,346,370.0,370（中南大学2023应用统计线）,官方,official,1.0,中南大学2023应用统计线,https://yz.chsi.com.cn/kyzx/zt/lnfsx2023.shtml,21,,,,33,1.5714285714285714,1.5714,,missing,0.0,370.0,cutoff_fallback,0.55,24.0,,0,就现在考研小程序院校模块（2026-08-14读取）：https://admin.jiuxianzai.cn/api/applet/home/index/schoolDetail/9992ea5cc0f3be699aa80b38b6171e7c,0,,年度线与录取,126,370.0,,,15,,,,,
中南大学,2024,A,338,370.0,370（机构公开页；多方向取最高，需以官网复核）,机构公开汇总（二次核验）,third_party,0.62,(021)数学与统计学院 (01)应用统计=370,https://www.ludengkaoyan.com/school29/qrz/zsml/16691.html,28,391.0,,,46,1.6428571428571428,1.6429,391.0,minimum_only,0.252,391.0,q10_proxy,0.252,32.0,53.0,0,就现在考研小程序院校模块（2026-08-14读取）：https://admin.jiuxianzai.cn/api/applet/home/index/schoolDetail/9992ea5cc0f3be699aa80b38b6171e7c,0,,年度线与录取,127,370.0,,,21,0.0,,,,0.0833
中南大学,2025,A,323,365.0,365（机构公开页；多方向取最高，需以官网复核）,机构公开汇总（二次核验）,third_party,0.62,(021)数学与统计学院 (01)应用统计=365,https://www.ludengkaoyan.com/school29/qrz/zsml/226965.html,27,370.0,383.0,421.0,33,1.2222222222222223,1.2222,371.8,order_stat_interpolation,0.49,371.8,q10_proxy,0.49,42.0,48.80000000000001,0,就现在考研小程序院校模块（2026-08-14读取）：https://admin.jiuxianzai.cn/api/applet/home/index/schoolDetail/9992ea5cc0f3be699aa80b38b6171e7c；经人数与最低录取线校验的名单图：https://jiuxianzai.oss-cn-beijing.aliyuncs.com/kaoyan/2025/04/03/96abe37add584415b45f755cc7043018.png,0,,年度线与录取,128,370.0,391.0,53.0,28,0.0,,53.0,,1.5556
中南大学,2026,A,324,355.0,355（机构公开页；多方向取最高，需以官网复核）,机构公开汇总（二次核验）,third_party,0.62,(021)数学与统计学院 (01)大数据分析=355；(021)数学与统计学院 (02)金融统计与风险管理=355；(021)数学与统计学院 (03)社会经济统计=355；(021)数学与统计学院 (04)生物医学及公共卫生统计=355,https://www.ludengkaoyan.com/school29/qrz/zsml/355190.html,27,402.0,415.0,435.0,33,1.2222222222222223,1.2222,403.8,order_stat_interpolation,0.49,403.8,q10_proxy,0.49,31.0,79.80000000000001,0,就现在考研小程序院校模块（2026-08-14读取）：https://admin.jiuxianzai.cn/api/applet/home/index/schoolDetail/9992ea5cc0f3be699aa80b38b6171e7c；卡方2026录取名单专辑交叉验证：录取线402 | 2026年中南大学公布拟录取名单27人 https://mp.weixin.qq.com/s?__biz=MzIxNTM0MjQ3OA==&mid=2247511519&idx=2&sn=0a2b35b21cd52586c34a19cf97a23ad3&chksm=979b213ea0eca82857c712cb1a328a95ea714600f71291a25d46d1a1c9832b39e5a4df6c784c#rd；卡方2026录取文章正文名单图深度下滑复核：33名复试考生中第22、23、25、29、32、33行为蓝色未拟录取，余27人拟录取；拟录取初试最低402、中位415、最高435，复试33/录取27。,0,,年度线与录取,129,365.0,371.8,48.80000000000001,27,-5.0,-4.199999999999989,50.900000000000006,-0.34999999999999903,0.0941
北京师范大学,2022,A,360,400.0,400（机构2022汇总；多方向取最高普通线）,机构汇总（二次核验）,third_party,0.62,已给出院校线,https://www.educity.cn/kyyy/5009654.html,372,,,,414,1.1129032258064515,1.1129,,missing,0.0,400.0,cutoff_fallback,0.341,40.0,,0,就现在考研小程序院校模块（2026-08-14读取）：https://admin.jiuxianzai.cn/api/applet/home/index/schoolDetail/300dbc29da0aeeb262577bf3a2f9c731; https://admin.jiuxianzai.cn/api/applet/home/index/schoolDetail/4de5e4b6113e5803bba81a94daba700d; https://admin.jiuxianzai.cn/api/applet/home/index/schoolDetail/ea6250017d6f28cf5b2cdc731ace3e15,0,,年度线与录取,130,,,,,,,,,
北京师范大学,2023,A,346,390.0,390（北京师范大学2023应用统计线）,官方,official,1.0,北京师范大学2023应用统计线,https://yz.chsi.com.cn/kyzx/zt/lnfsx2023.shtml,212,390.0,,,212,1.0,1.0,390.0,minimum_only,0.252,390.0,q10_proxy,0.252,44.0,44.0,0,就现在考研小程序院校模块（2026-08-14读取）：https://admin.jiuxianzai.cn/api/applet/home/index/schoolDetail/300dbc29da0aeeb262577bf3a2f9c731; https://admin.jiuxianzai.cn/api/applet/home/index/schoolDetail/4de5e4b6113e5803bba81a94daba700d; https://admin.jiuxianzai.cn/api/applet/home/index/schoolDetail/ea6250017d6f28cf5b2cdc731ace3e15,0,,年度线与录取,131,400.0,,,372,,,,,
北京师范大学,2024,A,338,375.0,375（机构公开页；多方向取最高，需以官网复核）,机构公开汇总（二次核验）,third_party,0.62,(034)统计学院 (01)经济与金融统计（珠海）=375；(034)统计学院 (02)数据科学与管理（珠海）=375；(034)统计学院 (03)教育测量与大数据挖掘（珠海）=375,https://www.ludengkaoyan.com/school7/qrz/zsml/133.html,216,375.0,397.0,435.0,264,1.2222222222222223,1.2222,379.24,order_stat_interpolation,0.49,379.24,q10_proxy,0.49,37.0,41.24000000000001,0,就现在考研小程序院校模块（2026-08-14读取）：https://admin.jiuxianzai.cn/api/applet/home/index/schoolDetail/300dbc29da0aeeb262577bf3a2f9c731; https://admin.jiuxianzai.cn/api/applet/home/index/schoolDetail/4de5e4b6113e5803bba81a94daba700d; https://admin.jiuxianzai.cn/api/applet/home/index/schoolDetail/ea6250017d6f28cf5b2cdc731ace3e15；经人数与最低录取线校验的名单图：https://jiuxianzai.oss-cn-beijing.aliyuncs.com/kaoyan/2024/05/29/f337fccaafb64815b73f7f181f937611.png; https://jiuxianzai.oss-cn-beijing.aliyuncs.com/kaoyan/2024/05/29/aa2dd16d9b5f4283971264a2571644eb.png; https://jiuxianzai.oss-cn-beijing.aliyuncs.com/kaoyan/2024/04/08/f7cc1ab6102e45adbbd4f98c4e0d7e31.png,0,,年度线与录取,132,390.0,390.0,44.0,212,-10.0,,44.0,,0.6667
北京师范大学,2025,A,323,345.0,345（统计学院025200）,官方,official,1.0,统计学院025200,https://yz.bnu.edu.cn/detail/77810013-b3d0-46fa-bbd6-9615a8561a52,247,345.0,369.0,415.0,277,1.1214574898785423,1.1215,349.64,order_stat_interpolation,0.49,349.64,q10_proxy,0.49,22.0,26.639999999999986,0,就现在考研小程序院校模块（2026-08-14读取）：https://admin.jiuxianzai.cn/api/applet/home/index/schoolDetail/300dbc29da0aeeb262577bf3a2f9c731; https://admin.jiuxianzai.cn/api/applet/home/index/schoolDetail/4de5e4b6113e5803bba81a94daba700d; https://admin.jiuxianzai.cn/api/applet/home/index/schoolDetail/ea6250017d6f28cf5b2cdc731ace3e15；经人数与最低录取线校验的名单图：https://jiuxianzai.oss-cn-beijing.aliyuncs.com/kaoyan/2025/04/07/02d49fc1f02f4b628430b471cc46b7a0.png; https://jiuxianzai.oss-cn-beijing.aliyuncs.com/kaoyan/2025/04/15/99228ebf303344ef8ed8ea606faceace.png; https://jiuxianzai.oss-cn-beijing.aliyuncs.com/kaoyan/2025/04/15/a897cd0d0f704a12b69324750bcb45f1.png,0,,年度线与录取,133,375.0,379.24,41.24000000000001,216,-15.0,-2.759999999999991,42.620000000000005,-0.22999999999999923,1.0403
北京师范大学,2026,A,324,375.0,375（统计学院025200）,官方,official,1.0,统计学院025200,https://yz.bnu.edu.cn/content/ss_fsfsx/2026/fsfsx_yxsm__034___zy__1.html,264,375.0,405.0,443.0,314,1.1893939393939394,1.1894,380.82,order_stat_interpolation,0.49,380.82,q10_proxy,0.49,51.0,56.81999999999999,0,就现在考研小程序院校模块（2026-08-14读取）：https://admin.jiuxianzai.cn/api/applet/home/index/schoolDetail/300dbc29da0aeeb262577bf3a2f9c731; https://admin.jiuxianzai.cn/api/applet/home/index/schoolDetail/4de5e4b6113e5803bba81a94daba700d; https://admin.jiuxianzai.cn/api/applet/home/index/schoolDetail/ea6250017d6f28cf5b2cdc731ace3e15；卡方2026录取名单专辑交叉验证：录取线380/378/375 | 2026年北京师范大学公布拟录取名单264人 https://mp.weixin.qq.com/s?__biz=MzIxNTM0MjQ3OA==&mid=2247511444&idx=1&sn=2772178f6ecc3164d43d409d8fe0a32e&chksm=979b2175a0eca863db2bda2c5d7b4250cdf041bd48a2b93fa10e1cc2e351470c91e094d3d1b1#rd；统计战线小程序三方向2026名单图逐页复核，并与卡方文章‘264人’闭合：01方向122复试/101录取（最低380、中位405、最高436）；02方向166/137（最低378、中位406、最高443）；03方向26/26（最低375、中位397.5、最高422）。合并264人后第132、133位均为405，故全专业中位405；合计314人复试。,0,,年度线与录取,134,345.0,349.64,26.639999999999986,247,-30.0,-14.600000000000023,41.24000000000001,-3.9950000000000045,0.4671
吉林大学,2022,A,360,370.0,370（机构2022汇总；多方向取最高普通线）,机构汇总（二次核验）,third_party,0.62,已给出院校线,https://www.educity.cn/kyyy/5009654.html,9,,422.0,444.0,9,1.0,1.0,,missing,0.0,370.0,cutoff_fallback,0.341,10.0,,0,就现在考研小程序院校模块（2026-08-14读取）：https://admin.jiuxianzai.cn/api/applet/home/index/schoolDetail/81d3842172005015b9d5a740cc5c7b5a；经人数与最低录取线校验的名单图：https://jiuxianzai.oss-cn-beijing.aliyuncs.com/kaoyan/2022/04/17/94f7f086458d43d0a4c52dd6f175919f.png,0,,年度线与录取,135,,,,,,,,,
吉林大学,2023,A,346,365.0,365（吉林大学2023应用统计线）,官方,official,1.0,吉林大学2023应用统计线,https://yz.chsi.com.cn/kyzx/zt/lnfsx2023.shtml,10,369.0,,,10,1.0,1.0,369.0,minimum_only,0.252,369.0,q10_proxy,0.252,19.0,23.0,0,就现在考研小程序院校模块（2026-08-14读取）：https://admin.jiuxianzai.cn/api/applet/home/index/schoolDetail/81d3842172005015b9d5a740cc5c7b5a,0,,年度线与录取,136,370.0,,,9,,,,,
吉林大学,2024,A,338,370.0,370（机构公开页；多方向取最高，需以官网复核）,机构公开汇总（二次核验）,third_party,0.62,(301)数学学院 (00)不区分研究方向=370,https://www.ludengkaoyan.com/school13/qrz/zsml/16427.html,7,409.0,422.0,432.0,8,1.1428571428571428,1.1429,409.0,small_n_minimum,0.346,409.0,q10_proxy,0.346,32.0,71.0,0,就现在考研小程序院校模块（2026-08-14读取）：https://admin.jiuxianzai.cn/api/applet/home/index/schoolDetail/81d3842172005015b9d5a740cc5c7b5a；经人数与最低录取线校验的名单图：https://jiuxianzai.oss-cn-beijing.aliyuncs.com/kaoyan/2024/04/14/8033e7be4c5941b587d0920e64079556.png,0,,年度线与录取,137,365.0,369.0,23.0,10,-5.0,,23.0,,0.0833
吉林大学,2025,A,323,360.0,360（机构公开页；多方向取最高，需以官网复核）,机构公开汇总（二次核验）,third_party,0.62,(301)数学学院 (00)不区分研究方向=360,https://www.ludengkaoyan.com/school13/qrz/zsml/167762.html,8,389.0,398.0,420.0,8,1.0,1.0,389.0,small_n_minimum,0.346,389.0,q10_proxy,0.346,37.0,66.0,0,就现在考研小程序院校模块（2026-08-14读取）：https://admin.jiuxianzai.cn/api/applet/home/index/schoolDetail/81d3842172005015b9d5a740cc5c7b5a；经人数与最低录取线校验的名单图：https://jiuxianzai.oss-cn-beijing.aliyuncs.com/kaoyan/2025/04/07/797eff3dc419452a9c5da21f594de181.png,0,,年度线与录取,138,370.0,409.0,71.0,7,5.0,48.0,47.0,4.0,0.7583
吉林大学,2026,A,324,370.0,370（机构公开页；多方向取最高，需以官网复核）,机构公开汇总（二次核验）,third_party,0.62,(301)数学学院 (00)不区分研究方向=370,https://www.ludengkaoyan.com/school13/qrz/zsml/298549.html,9,390.0,403.0,428.0,12,1.3333333333333333,1.3333,390.0,small_n_minimum,0.346,390.0,q10_proxy,0.346,46.0,66.0,0,就现在考研小程序院校模块（2026-08-14读取）：https://admin.jiuxianzai.cn/api/applet/home/index/schoolDetail/81d3842172005015b9d5a740cc5c7b5a；经人数与最低录取线校验的名单图：https://jiuxianzai.oss-cn-beijing.aliyuncs.com/kaoyan/2026/05/14/bb2e4ecdadfe486db188cb4f994d1467.png；卡方2026录取名单专辑交叉验证：录取线390 | 2026年吉林大学公布拟录取名单9人 https://mp.weixin.qq.com/s?__biz=MzIxNTM0MjQ3OA==&mid=2247511519&idx=3&sn=95bbcf73a2a954e8c4807b7309821d0e&chksm=979b213ea0eca828f8841239fbff1a72e6e6821d956b5fd9ee586dad1c5051c2cdeaafb6edc2#rd；主流机构小程序名单图（与人数、最低录取线双重校验）：https://jiuxianzai.oss-cn-beijing.aliyuncs.com/kaoyan/2026/05/14/bb2e4ecdadfe486db188cb4f994d1467.png；图片注释明确绿色为未拟录取；剔除绿色行及免初试专项计划后，9人成绩为428、428、426、413、403、401、395、394、390。,1,special_plan_exclusion_unclear,年度线与录取,139,360.0,389.0,66.0,8,-10.0,-5.0,66.0,0.5339718512523045,-0.2006
重庆大学,2022,A,360,370.0,370（机构2022汇总；多方向取最高普通线）,机构汇总（二次核验）,third_party,0.62,已给出院校线,https://www.educity.cn/kyyy/5009654.html,45,390.0,,,152,3.3777777777777778,3.3778,390.0,minimum_only,0.252,390.0,q10_proxy,0.252,10.0,30.0,0,就现在考研小程序院校模块（2026-08-14读取）：https://admin.jiuxianzai.cn/api/applet/home/index/schoolDetail/b0ae736153035d286890da2d0a95b244,0,,年度线与录取,140,,,,,,,,,
重庆大学,2023,A,346,370.0,370（重庆大学2023学校专业基本线）,官方,official,1.0,重庆大学2023学校专业基本线,https://yz.chsi.com.cn/kyzx/zt/lnfsx2023.shtml,39,377.0,,,101,2.58974358974359,2.5897,377.0,minimum_only,0.252,377.0,q10_proxy,0.252,24.0,31.0,0,就现在考研小程序院校模块（2026-08-14读取）：https://admin.jiuxianzai.cn/api/applet/home/index/schoolDetail/b0ae736153035d286890da2d0a95b244,0,,年度线与录取,141,370.0,390.0,30.0,45,,,30.0,,
重庆大学,2024,A,338,355.0,355（机构公开页；多方向取最高，需以官网复核）,机构公开汇总（二次核验）,third_party,0.62,(006)数学与统计学院 (01)金融统计、金融投资与风险管理=355；(006)数学与统计学院 (02)工业统计与生产管理=355；(006)数学与统计学院 (03)大数据分析=355；(006)数学与统计学院 (04)社会经济统计=355,https://www.ludengkaoyan.com/school33/qrz/zsml/16731.html,46,363.0,394.5,427.0,,,,368.18,order_stat_interpolation,0.49,368.18,q10_proxy,0.49,17.0,30.180000000000007,0,就现在考研小程序院校模块（2026-08-14读取）：https://admin.jiuxianzai.cn/api/applet/home/index/schoolDetail/b0ae736153035d286890da2d0a95b244；经人数与最低录取线校验的名单图：https://jiuxianzai.oss-cn-beijing.aliyuncs.com/kaoyan/2024/05/11/078da1507b96413d837047e3c132587f.png,0,,年度线与录取,142,370.0,377.0,31.0,39,0.0,1.0,30.5,0.08333333333333333,0.0833
重庆大学,2025,A,323,345.0,345（机构公开页；多方向取最高，需以官网复核）,机构公开汇总（二次核验）,third_party,0.62,(006)数学与统计学院 (01)金融统计、金融投资与风险管理=345；(006)数学与统计学院 (02)工业统计与生产管理=345；(006)数学与统计学院 (03)大数据分析=345；(006)数学与统计学院 (04)社会经济统计=345,https://www.ludengkaoyan.com/school33/qrz/zsml/236638.html,52,362.0,391.0,422.0,75,1.4423076923076923,1.4423,366.89,order_stat_interpolation,0.68,366.89,q10_proxy,0.68,22.0,43.889999999999986,1,https://yz.cqu.edu.cn/upload/202505/9adafabf.pdf | 本科院校未披露；未找到闭合复试名单；就现在考研小程序院校模块（2026-08-14读取）：https://admin.jiuxianzai.cn/api/applet/home/index/schoolDetail/b0ae736153035d286890da2d0a95b244,0,,年度线与录取,143,355.0,368.18,30.180000000000007,46,-15.0,-0.8199999999999932,30.180000000000007,-0.0799999999999983,1.0303
重庆大学,2026,A,324,355.0,355（机构公开页；多方向取最高，需以官网复核）,机构公开汇总（二次核验）,third_party,0.62,(006)数学与统计学院 (01)金融统计、金融投资与风险管理=355；(006)数学与统计学院 (02)工业统计与生产管理=355；(006)数学与统计学院 (03)大数据分析=355；(006)数学与统计学院 (04)社会经济统计=355,https://www.ludengkaoyan.com/school33/qrz/zsml/364400.html,51,390.0,415.0,440.0,84,1.6470588235294117,1.6471,394.2,order_stat_interpolation,0.49,394.2,q10_proxy,0.49,31.0,70.19999999999999,0,就现在考研小程序院校模块（2026-08-14读取）：https://admin.jiuxianzai.cn/api/applet/home/index/schoolDetail/b0ae736153035d286890da2d0a95b244；经人数与最低录取线校验的名单图：https://jiuxianzai.oss-cn-beijing.aliyuncs.com/kaoyan/2026/05/14/6736f3662922478a98137b87757c4516.png；卡方2026录取名单专辑交叉验证：录取线390 | 2026年重庆大学公布拟录取名单50+1人 https://mp.weixin.qq.com/s?__biz=MzIxNTM0MjQ3OA==&mid=2247511756&idx=4&sn=4af74fe195e04148644cc116ce8d3630&chksm=979b222da0ecab3b7dd3b456af110aa1ce3f864bde96108544dade56523ac35fa392f3dd1d61#rd,0,,年度线与录取,144,345.0,366.89,43.889999999999986,52,-10.0,13.70999999999998,30.590000000000003,3.427499999999995,0.0765
大连理工大学,2022,A,360,360.0,360（机构2022汇总；多方向取最高普通线）,机构汇总（二次核验）,third_party,0.62,已给出院校线,https://www.educity.cn/kyyy/5009654.html,54,,,,67,1.2407407407407407,1.2407,,missing,0.0,360.0,cutoff_fallback,0.341,0.0,,0,就现在考研小程序院校模块（2026-08-14读取）：https://admin.jiuxianzai.cn/api/applet/home/index/schoolDetail/6735cd916411ef7217dd98b2b5c1dba3,0,,年度线与录取,145,,,,,,,,,
大连理工大学,2023,A,346,360.0,360（大连理工大学2023应用统计线）,官方,official,1.0,大连理工大学2023应用统计线,https://yz.chsi.com.cn/kyzx/zt/lnfsx2023.shtml,52,382.0,,,69,1.3269230769230769,1.3269,382.0,minimum_only,0.252,382.0,q10_proxy,0.252,14.0,36.0,0,就现在考研小程序院校模块（2026-08-14读取）：https://admin.jiuxianzai.cn/api/applet/home/index/schoolDetail/6735cd916411ef7217dd98b2b5c1dba3,0,,年度线与录取,146,360.0,,,54,,,,,
大连理工大学,2024,A,338,360.0,360（机构公开页；多方向取最高，需以官网复核）,机构公开汇总（二次核验）,third_party,0.62,(010)（主校区）数学科学学院 (01)工业数据统计建模=360；(010)（主校区）数学科学学院 (02)应用统计中的实用优化方法=360；(010)（主校区）数学科学学院 (03)金融保险统计与市场调查=360,https://www.ludengkaoyan.com/school11/qrz/zsml/16416.html,20,398.0,422.5,447.0,29,1.45,1.45,400.84,order_stat_interpolation,0.49,400.84,q10_proxy,0.49,22.0,62.839999999999975,0,就现在考研小程序院校模块（2026-08-14读取）：https://admin.jiuxianzai.cn/api/applet/home/index/schoolDetail/6735cd916411ef7217dd98b2b5c1dba3；经人数与最低录取线校验的名单图：https://jiuxianzai.oss-cn-beijing.aliyuncs.com/kaoyan/2024/04/08/7d8a66ca717148e7a2f145f19e5666c2.png,0,,年度线与录取,147,360.0,382.0,36.0,52,0.0,,36.0,,0.6667
大连理工大学,2025,A,323,350.0,350（机构公开页；多方向取最高，需以官网复核）,机构公开汇总（二次核验）,third_party,0.62,(010)（主校区）数学科学学院 (00)不区分研究方向=350,https://www.ludengkaoyan.com/school11/qrz/zsml/162236.html,15,386.0,404.0,430.0,21,1.4,1.4,387.54,order_stat_interpolation,0.49,387.54,q10_proxy,0.49,27.0,64.54000000000002,0,就现在考研小程序院校模块（2026-08-14读取）：https://admin.jiuxianzai.cn/api/applet/home/index/schoolDetail/6735cd916411ef7217dd98b2b5c1dba3；经人数与最低录取线校验的名单图：https://jiuxianzai.oss-cn-beijing.aliyuncs.com/kaoyan/2025/04/03/0e65a1827f0647d9a902b51073724bc3.png,0,,年度线与录取,148,360.0,400.84,62.839999999999975,20,0.0,26.839999999999975,49.41999999999999,2.2366666666666646,0.8758
大连理工大学,2026,A,324,350.0,350（机构公开页；多方向取最高，需以官网复核）,机构公开汇总（二次核验）,third_party,0.62,(010)（主校区）数学科学学院 (00)不区分研究方向=350,https://www.ludengkaoyan.com/school11/qrz/zsml/291787.html,9,391.0,394.0,434.0,14,1.5555555555555556,1.5556,391.0,small_n_minimum,0.346,391.0,q10_proxy,0.346,26.0,67.0,0,就现在考研小程序院校模块（2026-08-14读取）：https://admin.jiuxianzai.cn/api/applet/home/index/schoolDetail/6735cd916411ef7217dd98b2b5c1dba3；经人数与最低录取线校验的名单图：https://jiuxianzai.oss-cn-beijing.aliyuncs.com/kaoyan/2026/05/14/36dfeea154274c78b21d6ee3f2cd8e26.png；卡方2026录取名单专辑交叉验证：录取线391 | 2026年大连理工大学公布拟录取名单9人 https://mp.weixin.qq.com/s?__biz=MzIxNTM0MjQ3OA==&mid=2247511444&idx=3&sn=bd487bc74cd8b17ca4bf81e1963828fa&chksm=979b2175a0eca863a3cea57935290b0711daf4e7813d4a96f345a983f897e110613367af55af#rd,0,,年度线与录取,149,350.0,387.54,64.54000000000002,15,-10.0,1.7000000000000455,62.839999999999975,0.7599329570257937,-0.2759
湖南大学,2022,A,360,370.0,370（机构2022汇总；多方向取最高普通线）,机构汇总（二次核验）,third_party,0.62,已给出院校线,https://www.educity.cn/kyyy/5009654.html,16,,,,24,1.5,1.5,,missing,0.0,370.0,cutoff_fallback,0.341,10.0,,0,就现在考研小程序院校模块（2026-08-14读取）：https://admin.jiuxianzai.cn/api/applet/home/index/schoolDetail/315b5d1f12b9b6f9aa49d359169ff96c,0,,年度线与录取,150,,,,,,,,,
湖南大学,2023,A,346,350.0,350（湖南大学2023应用统计线）,官方,official,1.0,湖南大学2023应用统计线,https://yz.chsi.com.cn/kyzx/zt/lnfsx2023.shtml,20,387.0,,,24,1.2,1.2,387.0,minimum_only,0.252,387.0,q10_proxy,0.252,4.0,41.0,0,就现在考研小程序院校模块（2026-08-14读取）：https://admin.jiuxianzai.cn/api/applet/home/index/schoolDetail/315b5d1f12b9b6f9aa49d359169ff96c,0,,年度线与录取,151,370.0,,,16,,,,,
湖南大学,2024,A,338,350.0,350（机构公开页；多方向取最高，需以官网复核）,机构公开汇总（二次核验）,third_party,0.62,(018)金融与统计学院 (00)不区分研究方向=350,https://www.ludengkaoyan.com/school28/qrz/zsml/16690.html,21,371.0,390.0,426.0,27,1.2857142857142858,1.2857,373.28,order_stat_interpolation,0.49,373.28,q10_proxy,0.49,12.0,35.27999999999997,0,就现在考研小程序院校模块（2026-08-14读取）：https://admin.jiuxianzai.cn/api/applet/home/index/schoolDetail/315b5d1f12b9b6f9aa49d359169ff96c；经人数与最低录取线校验的名单图：https://jiuxianzai.oss-cn-beijing.aliyuncs.com/kaoyan/2024/04/08/1a7bc4c94a1c4b6b8d533d123e6cf870.png,0,,年度线与录取,152,350.0,387.0,41.0,20,-20.0,,41.0,,0.6667
湖南大学,2025,A,323,345.0,345（机构公开页；多方向取最高，需以官网复核）,机构公开汇总（二次核验）,third_party,0.62,(018)金融与统计学院 (00)不区分研究方向=345,https://www.ludengkaoyan.com/school28/qrz/zsml/226954.html,16,380.0,,,21,1.3125,1.3125,380.0,minimum_only,0.252,380.0,q10_proxy,0.252,22.0,57.0,0,就现在考研小程序院校模块（2026-08-14读取）：https://admin.jiuxianzai.cn/api/applet/home/index/schoolDetail/315b5d1f12b9b6f9aa49d359169ff96c,0,,年度线与录取,153,350.0,373.28,35.27999999999997,21,0.0,-5.720000000000027,38.139999999999986,-0.47666666666666896,1.0567
湖南大学,2026,A,324,340.0,340（025200应用统计，非全日制，学院官方）,官方学院2026,official,1.0,招生计划22；复试仅综合面试，无笔试。,https://jt.hnu.edu.cn/info/1089/8977.htm,,,,,,,,,missing,0.0,340.0,cutoff_fallback,0.55,16.0,,0,就现在考研小程序院校模块（2026-08-14读取）：https://admin.jiuxianzai.cn/api/applet/home/index/schoolDetail/315b5d1f12b9b6f9aa49d359169ff96c,0,,年度线与录取,154,345.0,380.0,57.0,16,-5.0,21.720000000000027,41.0,4.44786563766732,0.0228
西安电子科技大学,2022,A,360,400.0,400（机构2022汇总；多方向取最高普通线）,机构汇总（二次核验）,third_party,0.62,已给出院校线,https://www.educity.cn/kyyy/5009654.html,12,,,,18,1.5,1.5,,missing,0.0,400.0,cutoff_fallback,0.341,40.0,,0,就现在考研小程序院校模块（2026-08-14读取）：https://admin.jiuxianzai.cn/api/applet/home/index/schoolDetail/edd0951fcbacf51a7ff0beb53e1d7bb6,0,,年度线与录取,155,,,,,,,,,
西安电子科技大学,2023,A,346,350.0,350（小程序院校模块；待官网复核）,主流机构小程序,third_party,0.62,国家线不等同学院实际复试线,https://yz.chsi.com.cn/kyzx/zt/lnfsx2023.shtml,13,351.0,385.0,405.0,17,1.3076923076923077,1.3077,353.27,order_stat_interpolation,0.49,353.27,q10_proxy,0.49,4.0,7.269999999999982,0,就现在考研小程序院校模块（2026-08-14读取）：https://admin.jiuxianzai.cn/api/applet/home/index/schoolDetail/edd0951fcbacf51a7ff0beb53e1d7bb6；经人数与最低录取线校验的名单图：https://jiuxianzai.oss-cn-beijing.aliyuncs.com/kaoyan/2023/04/13/3ec631639cf54d09a119b88a7e133f50.png,0,,年度线与录取,156,400.0,,,12,,,,,
西安电子科技大学,2024,A,338,338.0,338（机构公开页；多方向取最高，需以官网复核）,机构公开汇总（二次核验）,third_party,0.62,(007)数学与统计学院 (00)不区分研究方向=338,https://www.ludengkaoyan.com/school105/qrz/zsml/16773.html,9,347.0,357.0,403.0,10,1.1111111111111112,1.1111,347.0,small_n_minimum,0.346,347.0,q10_proxy,0.346,0.0,9.0,0,就现在考研小程序院校模块（2026-08-14读取）：https://admin.jiuxianzai.cn/api/applet/home/index/schoolDetail/edd0951fcbacf51a7ff0beb53e1d7bb6；经人数与最低录取线校验的名单图：https://jiuxianzai.oss-cn-beijing.aliyuncs.com/kaoyan/2024/04/08/548b92030b0d40cda31281312b06ee4a.png,0,,年度线与录取,157,350.0,353.27,7.269999999999982,13,-50.0,,7.269999999999982,,-0.6125
西安电子科技大学,2025,A,323,323.0,323（机构公开页；多方向取最高，需以官网复核）,机构公开汇总（二次核验）,third_party,0.62,(007)数学与统计学院 (00)不区分研究方向=323,https://www.ludengkaoyan.com/school105/qrz/zsml/246199.html,10,375.0,380.0,397.0,15,1.5,1.5,375.11,order_stat_interpolation,0.49,375.11,q10_proxy,0.49,0.0,52.110000000000014,0,就现在考研小程序院校模块（2026-08-14读取）：https://admin.jiuxianzai.cn/api/applet/home/index/schoolDetail/edd0951fcbacf51a7ff0beb53e1d7bb6；经人数与最低录取线校验的名单图：https://jiuxianzai.oss-cn-beijing.aliyuncs.com/kaoyan/2025/04/07/af9d9dbab8cc43e882de93c13b60cac2.png,0,,年度线与录取,158,338.0,347.0,9.0,9,-12.0,1.7300000000000182,8.134999999999991,0.1441666666666682,0.2939
西安电子科技大学,2026,A,324,324.0,324（机构公开页；多方向取最高，需以官网复核）,机构公开汇总（二次核验）,third_party,0.62,(007)数学与统计学院 (00)不区分研究方向=324,https://www.ludengkaoyan.com/school105/qrz/zsml/373999.html,14,355.0,395.5,412.0,22,1.5714285714285714,1.5714,358.12,order_stat_interpolation,0.49,358.12,q10_proxy,0.49,0.0,34.120000000000005,0,就现在考研小程序院校模块（2026-08-14读取）：https://admin.jiuxianzai.cn/api/applet/home/index/schoolDetail/edd0951fcbacf51a7ff0beb53e1d7bb6；经人数与最低录取线校验的名单图：https://jiuxianzai.oss-cn-beijing.aliyuncs.com/kaoyan/2026/05/15/3b79b2b49f95474eaf029356090b32c8.png；卡方2026录取名单专辑交叉验证：录取线355 | 2026年西安电子科技大学公布拟录取名单14人 https://mp.weixin.qq.com/s?__biz=MzIxNTM0MjQ3OA==&mid=2247511797&idx=5&sn=af6b9ebaf6c56bf7addf872ed1e3297d&chksm=979b2214a0ecab029b5fb53fc9d2ba49c39058738526d5906c792feab664361f00e79e825b50#rd,0,,年度线与录取,159,323.0,375.11,52.110000000000014,10,-15.0,43.110000000000014,9.0,10.993750000000006,0.4881
兰州大学,2022,B,350,370.0,370（机构2022汇总；多方向取最高普通线）,机构汇总（二次核验）,third_party,0.62,已给出院校线,https://www.educity.cn/kyyy/5009654.html,52,,,,62,1.1923076923076923,1.1923,,missing,0.0,370.0,cutoff_fallback,0.341,20.0,,0,就现在考研小程序院校模块（2026-08-14读取）：https://admin.jiuxianzai.cn/api/applet/home/index/schoolDetail/06c2e9363cf81254227f3c0cf9a8a3d8,0,,年度线与录取,160,,,,,,,,,
兰州大学,2023,B,336,360.0,360（兰州大学2023应用统计线）,官方,official,1.0,兰州大学2023应用统计线,https://yz.chsi.com.cn/kyzx/zt/lnfsx2023.shtml,60,,,,72,1.2,1.2,,missing,0.0,360.0,cutoff_fallback,0.55,24.0,,0,就现在考研小程序院校模块（2026-08-14读取）：https://admin.jiuxianzai.cn/api/applet/home/index/schoolDetail/06c2e9363cf81254227f3c0cf9a8a3d8,0,,年度线与录取,161,370.0,,,52,,,,,
兰州大学,2024,B,328,365.0,365（机构公开页；多方向取最高，需以官网复核）,机构公开汇总（二次核验）,third_party,0.62,(011)数学与统计学院 (00)不区分研究方向=365,https://www.ludengkaoyan.com/school38/qrz/zsml/16789.html,56,366.0,397.5,439.0,61,1.0892857142857142,1.0893,371.38,order_stat_interpolation,0.49,371.38,q10_proxy,0.49,37.0,43.379999999999995,0,就现在考研小程序院校模块（2026-08-14读取）：https://admin.jiuxianzai.cn/api/applet/home/index/schoolDetail/06c2e9363cf81254227f3c0cf9a8a3d8；经人数与最低录取线校验的名单图：https://jiuxianzai.oss-cn-beijing.aliyuncs.com/kaoyan/2024/04/08/2c964d76802a42f99df763ffadbb08a7.png,0,,年度线与录取,162,360.0,,,60,-10.0,,,,0.0833
兰州大学,2025,B,313,355.0,355（机构公开页；多方向取最高，需以官网复核）,机构公开汇总（二次核验）,third_party,0.62,(011)数学与统计学院 (00)不区分研究方向=355,https://www.ludengkaoyan.com/school38/qrz/zsml/261950.html,77,356.0,,,87,1.12987012987013,1.1299,356.0,minimum_only,0.252,356.0,q10_proxy,0.252,42.0,43.0,0,就现在考研小程序院校模块（2026-08-14读取）：https://admin.jiuxianzai.cn/api/applet/home/index/schoolDetail/06c2e9363cf81254227f3c0cf9a8a3d8,0,,年度线与录取,163,365.0,371.38,43.379999999999995,56,5.0,,43.379999999999995,,1.0126
兰州大学,2026,B,314,370.0,370（机构公开页；多方向取最高，需以官网复核）,机构公开汇总（二次核验）,third_party,0.62,(011)数学与统计学院 (00)不区分研究方向=370,https://www.ludengkaoyan.com/school38/qrz/zsml/388484.html,68,370.0,412.0,463.0,85,1.25,1.25,377.4,order_stat_interpolation,0.49,377.4,q10_proxy,0.49,56.0,63.39999999999998,0,就现在考研小程序院校模块（2026-08-14读取）：https://admin.jiuxianzai.cn/api/applet/home/index/schoolDetail/06c2e9363cf81254227f3c0cf9a8a3d8；经人数与最低录取线校验的名单图：https://jiuxianzai.oss-cn-beijing.aliyuncs.com/kaoyan/2026/05/14/9a328bdb0ac24b58a25f9d9dd7804b69.png；卡方2026录取名单专辑交叉验证：收调剂！录取线370 | 2026年兰州大学公布拟录取名单68人 https://mp.weixin.qq.com/s?__biz=MzIxNTM0MjQ3OA==&mid=2247511519&idx=4&sn=039099bf9aacec1b0830d3e4d356c085&chksm=979b213ea0eca8282b2cb249eb4bdb9032038c3f125385c3469f156bcb7e5697796a254f35d3#rd,0,,年度线与录取,164,355.0,356.0,43.0,77,-10.0,-0.37999999999999545,43.19,-0.03166666666666629,0.2817
南京航空航天大学,2022,A,360,,未在该机构2022汇总中检出；待查官网,缺失,unclassified,0.5,,https://www.educity.cn/kyyy/5009654.html,,,,,,,,,missing,0.0,,cutoff_fallback,0.275,,,0,就现在考研小程序院校模块（2026-08-14读取）：https://admin.jiuxianzai.cn/api/applet/home/index/schoolDetail/2b58f55deece68282b844fa2fac2392c,0,,年度线与录取,165,,,,,,,,,
南京航空航天大学,2023,A,346,,A区国家线346（仅底线；未核院线，不纳入均值）,国家线底线/院线缺失,national_floor_only,0.35,国家线不等同学院实际复试线,https://yz.chsi.com.cn/kyzx/zt/lnfsx2023.shtml,,,,,,,,,missing,0.0,,cutoff_fallback,0.193,,,0,就现在考研小程序院校模块（2026-08-14读取）：https://admin.jiuxianzai.cn/api/applet/home/index/schoolDetail/2b58f55deece68282b844fa2fac2392c,0,,年度线与录取,166,,,,,,,,,
南京航空航天大学,2024,A,338,,未检出可用数值；待查官网,缺失,unclassified,0.5,,https://www.ludengkaoyan.com/major3/fsx/,,,,,,,,,missing,0.0,,cutoff_fallback,0.275,,,0,就现在考研小程序院校模块（2026-08-14读取）：https://admin.jiuxianzai.cn/api/applet/home/index/schoolDetail/2b58f55deece68282b844fa2fac2392c,0,,年度线与录取,167,,,,,,,,,-0.6125
南京航空航天大学,2025,A,323,323.0,323（机构公开页；多方向取最高，需以官网复核）,机构公开汇总（二次核验）,third_party,0.62,(008)数学学院 (01)随机系统理论与统计分析=323；(008)数学学院 (02)航空系统可靠性及信息安全=323；(008)数学学院 (03)数字经济与金融统计=323；(008)数学学院 (04)人工智能与生物医学统计=323,https://www.ludengkaoyan.com/school73/qrz/zsml/184361.html,19,358.0,,,28,1.4736842105263157,1.4737,358.0,minimum_only,0.252,358.0,q10_proxy,0.252,0.0,35.0,0,就现在考研小程序院校模块（2026-08-14读取）：https://admin.jiuxianzai.cn/api/applet/home/index/schoolDetail/2b58f55deece68282b844fa2fac2392c,0,,年度线与录取,168,,,,,,,,,0.5411
南京航空航天大学,2026,A,324,324.0,324（机构公开页；多方向取最高，需以官网复核）,机构公开汇总（二次核验）,third_party,0.62,(008)数学学院 (01)随机系统理论与统计分析=324；(008)数学学院 (02)航空系统可靠性及信息安全=324；(008)数学学院 (03)数字经济与金融统计=324；(008)数学学院 (04)人工智能与生物医学统计=324,https://www.ludengkaoyan.com/school73/qrz/zsml/312532.html,22,395.0,419.0,450.0,35,1.5909090909090908,1.5909,397.97,order_stat_interpolation,0.49,397.97,q10_proxy,0.49,0.0,73.97000000000003,0,就现在考研小程序院校模块（2026-08-14读取）：https://admin.jiuxianzai.cn/api/applet/home/index/schoolDetail/2b58f55deece68282b844fa2fac2392c；经人数与最低录取线校验的名单图：https://jiuxianzai.oss-cn-beijing.aliyuncs.com/kaoyan/2026/05/15/fc3539f85ef94f4091bca6192151dab1.png；卡方2026录取名单专辑交叉验证：录取线395 | 2026年南京航空航天大学公布拟录取名单22人 https://mp.weixin.qq.com/s?__biz=MzIxNTM0MjQ3OA==&mid=2247511628&idx=7&sn=73629b73fff94808bb2a20eacfce5c45&chksm=979b22ada0ecabbb6ed8eca7ab78159f6980347a6491cf474469110640bdd9ccf8f3deb6c365#rd,0,,年度线与录取,169,323.0,358.0,35.0,19,,,35.0,,-0.1622
南京理工大学,2022,A,360,,未在该机构2022汇总中检出；待查官网,缺失,unclassified,0.5,,https://www.educity.cn/kyyy/5009654.html,,,,,,,,,missing,0.0,,cutoff_fallback,0.275,,,0,就现在考研小程序院校模块（2026-08-14读取）：https://admin.jiuxianzai.cn/api/applet/home/index/schoolDetail/ae931260258484511d053532c733784f,0,,年度线与录取,170,,,,,,,,,
南京理工大学,2023,A,346,,A区国家线346（仅底线；未核院线，不纳入均值）,国家线底线/院线缺失,national_floor_only,0.35,国家线不等同学院实际复试线,https://yz.chsi.com.cn/kyzx/zt/lnfsx2023.shtml,,,,,,,,,missing,0.0,,cutoff_fallback,0.193,,,0,就现在考研小程序院校模块（2026-08-14读取）：https://admin.jiuxianzai.cn/api/applet/home/index/schoolDetail/ae931260258484511d053532c733784f,0,,年度线与录取,171,,,,,,,,,
南京理工大学,2024,A,338,,未检出可用数值；待查官网,缺失,unclassified,0.5,,https://www.ludengkaoyan.com/major3/fsx/,,,,,,,,,missing,0.0,,cutoff_fallback,0.275,,,0,就现在考研小程序院校模块（2026-08-14读取）：https://admin.jiuxianzai.cn/api/applet/home/index/schoolDetail/ae931260258484511d053532c733784f,0,,年度线与录取,172,,,,,,,,,-0.6125
南京理工大学,2025,A,323,323.0,323（机构公开页；多方向取最高，需以官网复核）,机构公开汇总（二次核验）,third_party,0.62,(130)数学与统计学院 (01)不区分研究方向=323,https://www.ludengkaoyan.com/school74/qrz/zsml/184654.html,7,344.0,373.0,408.0,7,1.0,1.0,344.0,small_n_minimum,0.346,344.0,q10_proxy,0.346,0.0,21.0,0,就现在考研小程序院校模块（2026-08-14读取）：https://admin.jiuxianzai.cn/api/applet/home/index/schoolDetail/ae931260258484511d053532c733784f；经人数与最低录取线校验的名单图：https://jiuxianzai.oss-cn-beijing.aliyuncs.com/kaoyan/2025/04/07/4f68528b4a514ab597012731b8f12540.png,0,,年度线与录取,173,,,,,,,,,0.5411
南京理工大学,2026,A,324,324.0,324（机构公开页；多方向取最高，需以官网复核）,机构公开汇总（二次核验）,third_party,0.62,(130)数学与统计学院 (01)金融统计和风险管理=324；(130)数学与统计学院 (02)大数据分析=324；(130)数学与统计学院 (03)生物医学及公共卫生统计=324,https://www.ludengkaoyan.com/school74/qrz/zsml/313453.html,15,375.0,394.0,423.0,21,1.4,1.4,376.63,order_stat_interpolation,0.49,376.63,q10_proxy,0.49,0.0,52.629999999999995,0,就现在考研小程序院校模块（2026-08-14读取）：https://admin.jiuxianzai.cn/api/applet/home/index/schoolDetail/ae931260258484511d053532c733784f；经人数与最低录取线校验的名单图：https://jiuxianzai.oss-cn-beijing.aliyuncs.com/kaoyan/2026/05/15/92525064c0d046f09a20b71e3302cfa3.png；卡方2026录取名单专辑交叉验证：录取线375 | 2026年南京理工大学公布拟录取名单15人 https://mp.weixin.qq.com/s?__biz=MzIxNTM0MjQ3OA==&mid=2247511628&idx=5&sn=b980a376fc17b4897bcb0492fd557ae3&chksm=979b22ada0ecabbbcca8b9596b9704078f2acf7e3534f20126098e85080a4953b141f98852b6#rd,0,,年度线与录取,174,323.0,344.0,21.0,7,,,21.0,,-0.2059
中国海洋大学,2022,A,360,369.0,369（机构2022汇总；多方向取最高普通线）,机构汇总（二次核验）,third_party,0.62,已给出院校线,https://www.educity.cn/kyyy/5009654.html,17,,,,23,1.3529411764705883,1.3529,,missing,0.0,369.0,cutoff_fallback,0.341,9.0,,0,就现在考研小程序院校模块（2026-08-14读取）：https://admin.jiuxianzai.cn/api/applet/home/index/schoolDetail/85d797959ef51e37f8b19e0d8c60d4a2,0,,年度线与录取,175,,,,,,,,,
中国海洋大学,2023,A,346,388.0,388（小程序院校模块；待官网复核）,主流机构小程序,third_party,0.62,国家线不等同学院实际复试线,https://yz.chsi.com.cn/kyzx/zt/lnfsx2023.shtml,19,390.0,,,20,1.0526315789473684,1.0526,390.0,minimum_only,0.252,390.0,q10_proxy,0.252,42.0,44.0,0,就现在考研小程序院校模块（2026-08-14读取）：https://admin.jiuxianzai.cn/api/applet/home/index/schoolDetail/85d797959ef51e37f8b19e0d8c60d4a2,0,,年度线与录取,176,369.0,,,17,,,,,
中国海洋大学,2024,A,338,338.0,338（机构公开页；多方向取最高，需以官网复核）,机构公开汇总（二次核验）,third_party,0.62,(011)数学科学学院 (00)不区分研究方向=338,https://www.ludengkaoyan.com/school25/qrz/zsml/16608.html,11,397.0,,,14,1.2727272727272727,1.2727,397.0,minimum_only,0.252,397.0,q10_proxy,0.252,0.0,59.0,0,就现在考研小程序院校模块（2026-08-14读取）：https://admin.jiuxianzai.cn/api/applet/home/index/schoolDetail/85d797959ef51e37f8b19e0d8c60d4a2,0,,年度线与录取,177,388.0,390.0,44.0,19,19.0,,44.0,,0.6667
中国海洋大学,2025,A,323,323.0,323（机构公开页；多方向取最高，需以官网复核）,机构公开汇总（二次核验）,third_party,0.62,(011)数学科学学院 (00)不区分研究方向=323,https://www.ludengkaoyan.com/school25/qrz/zsml/208527.html,15,370.0,,,19,1.2666666666666666,1.2667,370.0,minimum_only,0.252,370.0,q10_proxy,0.252,0.0,47.0,0,就现在考研小程序院校模块（2026-08-14读取）：https://admin.jiuxianzai.cn/api/applet/home/index/schoolDetail/85d797959ef51e37f8b19e0d8c60d4a2,0,,年度线与录取,178,338.0,397.0,59.0,11,-50.0,15.0,51.5,1.25,1.7083
中国海洋大学,2026,A,324,324.0,324（机构公开页；多方向取最高，需以官网复核）,机构公开汇总（二次核验）,third_party,0.62,(011)数学科学学院 (00)不区分研究方向=324,https://www.ludengkaoyan.com/school25/qrz/zsml/336396.html,11,398.0,409.0,427.0,13,1.181818181818182,1.1818,398.44,order_stat_interpolation,0.49,398.44,q10_proxy,0.49,0.0,74.44,0,就现在考研小程序院校模块（2026-08-14读取）：https://admin.jiuxianzai.cn/api/applet/home/index/schoolDetail/85d797959ef51e37f8b19e0d8c60d4a2；经人数与最低录取线校验的名单图：https://jiuxianzai.oss-cn-beijing.aliyuncs.com/kaoyan/2026/05/14/42898c0fa4a54ea0a37e76f95f5243c9.png；卡方2026录取名单专辑交叉验证：录取线398 | 2026年中国海洋大学公布拟录取名单11人 https://mp.weixin.qq.com/s?__biz=MzIxNTM0MjQ3OA==&mid=2247512232&idx=4&sn=90f61f8aba37c805edde9ae2d6ce29ed&chksm=979b3c49a0ecb55fadc226086a0eb6e8a2b60b661de2005e55a21eb1a63d7d9da69913fc8413#rd,0,,年度线与录取,179,323.0,370.0,47.0,15,-15.0,-12.0,47.0,-0.40469445568595713,0.2781
暨南大学,2022,A,360,381.0,381（机构2022汇总；多方向取最高普通线）,机构汇总（二次核验）,third_party,0.62,已给出院校线,https://www.educity.cn/kyyy/5009654.html,56,,,,86,1.5357142857142858,1.5357,,missing,0.0,381.0,cutoff_fallback,0.341,21.0,,0,就现在考研小程序院校模块（2026-08-14读取）：https://admin.jiuxianzai.cn/api/applet/home/index/schoolDetail/6b02702b49711b202869e23d1d26ff6e; https://admin.jiuxianzai.cn/api/applet/home/index/schoolDetail/f72997260b3ef04000cb9ddfb7770a97,0,,年度线与录取,180,,,,,,,,,
暨南大学,2023,A,346,389.0,389（小程序院校模块；待官网复核）,主流机构小程序,third_party,0.62,国家线不等同学院实际复试线,https://yz.chsi.com.cn/kyzx/zt/lnfsx2023.shtml,50,389.0,,,82,1.64,1.64,389.0,minimum_only,0.252,389.0,q10_proxy,0.252,43.0,43.0,0,就现在考研小程序院校模块（2026-08-14读取）：https://admin.jiuxianzai.cn/api/applet/home/index/schoolDetail/6b02702b49711b202869e23d1d26ff6e; https://admin.jiuxianzai.cn/api/applet/home/index/schoolDetail/f72997260b3ef04000cb9ddfb7770a97,0,,年度线与录取,181,381.0,,,56,,,,,
暨南大学,2024,A,338,338.0,338（机构公开页；多方向取最高，需以官网复核）,机构公开汇总（二次核验）,third_party,0.62,(001)经济学院 (01)不分方向=338；(001)经济学院 (22)不分方向（单考）=338；(010)信息科学技术学院 (01)不分方向=338；(010)信息科学技术学院 (22)不分方向（单考）=338,https://www.ludengkaoyan.com/school93/qrz/zsml/16708.html,58,364.0,,,87,1.5,1.5,364.0,minimum_only,0.252,364.0,q10_proxy,0.252,0.0,26.0,0,就现在考研小程序院校模块（2026-08-14读取）：https://admin.jiuxianzai.cn/api/applet/home/index/schoolDetail/6b02702b49711b202869e23d1d26ff6e; https://admin.jiuxianzai.cn/api/applet/home/index/schoolDetail/f72997260b3ef04000cb9ddfb7770a97,0,,年度线与录取,182,389.0,389.0,43.0,50,8.0,,43.0,,-0.6125
暨南大学,2025,A,323,323.0,323（机构公开页；多方向取最高，需以官网复核）,机构公开汇总（二次核验）,third_party,0.62,(001)经济学院 (01)不分方向=323；(010)信息科学技术学院 (01)不分方向=323,https://www.ludengkaoyan.com/school93/qrz/zsml/230894.html,46,323.0,354.0,397.0,66,1.434782608695652,1.4348,328.1,order_stat_interpolation,0.49,328.1,q10_proxy,0.49,0.0,5.100000000000023,0,就现在考研小程序院校模块（2026-08-14读取）：https://admin.jiuxianzai.cn/api/applet/home/index/schoolDetail/6b02702b49711b202869e23d1d26ff6e; https://admin.jiuxianzai.cn/api/applet/home/index/schoolDetail/f72997260b3ef04000cb9ddfb7770a97；经人数与最低录取线校验的名单图：https://jiuxianzai.oss-cn-beijing.aliyuncs.com/kaoyan/2025/04/07/8fe18e9400174ff187343625f9b988ad.png; https://jiuxianzai.oss-cn-beijing.aliyuncs.com/kaoyan/2025/04/07/8c469c75027045059d8ed2a78abd8290.png,0,,年度线与录取,183,338.0,364.0,26.0,58,-51.0,-17.0,34.5,-1.4166666666666667,0.6876
暨南大学,2026,A,324,324.0,324（机构公开页；多方向取最高，需以官网复核）,机构公开汇总（二次核验）,third_party,0.62,(001)经济学院 (01)不分方向=324；(010)信息科学技术学院 (01)不分方向=324,https://www.ludengkaoyan.com/school93/qrz/zsml/358793.html,36,379.0,399.5,440.0,54,1.5,1.5,382.16,order_stat_interpolation,0.49,382.16,q10_proxy,0.49,0.0,58.160000000000025,0,就现在考研小程序院校模块（2026-08-14读取）：https://admin.jiuxianzai.cn/api/applet/home/index/schoolDetail/6b02702b49711b202869e23d1d26ff6e; https://admin.jiuxianzai.cn/api/applet/home/index/schoolDetail/f72997260b3ef04000cb9ddfb7770a97；卡方2026录取名单专辑交叉验证：录取线380/379 | 2026年暨南大学公布拟录取名单28+1+8+1人 https://mp.weixin.qq.com/s?__biz=MzIxNTM0MjQ3OA==&mid=2247511628&idx=1&sn=39f530107afdc0350a6ad9a97eb9c4e6&chksm=979b22ada0ecabbb728280d965aa785c04e8f402d54fdde500493393b3e6fa6b869775918cd4#rd；统计战线小程序2026两学院复试名单图人工下滑复核：绿色为未拟录取；与卡方标题28+1+8+1人闭合。普通计划合并为36人拟录取、54人复试，剔除两学院各1名专项；合并初试分中位数399.5。,1,special_plan_exclusion_unclear,年度线与录取,184,323.0,328.1,5.100000000000023,46,-15.0,-20.899999999999977,26.0,-2.3329445092484566,-0.0641
北京交通大学,2022,A,360,388.0,388（机构2022汇总；多方向取最高普通线）,机构汇总（二次核验）,third_party,0.62,已给出院校线,https://www.educity.cn/kyyy/5009654.html,13,406.0,,,23,1.7692307692307692,1.7692,406.0,minimum_only,0.252,406.0,q10_proxy,0.252,28.0,46.0,0,就现在考研小程序院校模块（2026-08-14读取）：https://admin.jiuxianzai.cn/api/applet/home/index/schoolDetail/d1d6767608d408762929304f63c0733b; https://admin.jiuxianzai.cn/api/applet/home/index/schoolDetail/dbf27b8a0774351d1331669012b466b9,0,,年度线与录取,185,,,,,,,,,
北京交通大学,2023,A,346,388.0,388（北京交通大学2023应用统计线）,官方归档/学院线,official,1.0,北京交通大学2023应用统计线,https://yz.chsi.com.cn/kyzx/zt/lnfsx2023.shtml,11,388.0,399.0,429.0,14,1.2727272727272727,1.2727,388.44,order_stat_interpolation,0.49,388.44,q10_proxy,0.49,42.0,42.44,0,就现在考研小程序院校模块（2026-08-14读取）：https://admin.jiuxianzai.cn/api/applet/home/index/schoolDetail/d1d6767608d408762929304f63c0733b; https://admin.jiuxianzai.cn/api/applet/home/index/schoolDetail/dbf27b8a0774351d1331669012b466b9；经人数与最低录取线校验的名单图：https://jiuxianzai.oss-cn-beijing.aliyuncs.com/kaoyan/2023/04/13/c9f5d29cd80749009aa8dc3d17c77c5d.png,0,,年度线与录取,186,388.0,406.0,46.0,13,,,46.0,,
北京交通大学,2024,A,338,338.0,338（机构公开页；多方向取最高，需以官网复核）,机构公开汇总（二次核验）,third_party,0.62,(003)经济管理学院 (01)大数据分析=338；(003)经济管理学院 (02)交通运输统计分析=338；(003)经济管理学院 (03)经济统计分析=338,https://www.ludengkaoyan.com/school40/qrz/zsml/112.html,12,370.0,399.0,425.0,15,1.25,1.25,371.58,order_stat_interpolation,0.49,371.58,q10_proxy,0.49,0.0,33.579999999999984,0,就现在考研小程序院校模块（2026-08-14读取）：https://admin.jiuxianzai.cn/api/applet/home/index/schoolDetail/d1d6767608d408762929304f63c0733b; https://admin.jiuxianzai.cn/api/applet/home/index/schoolDetail/dbf27b8a0774351d1331669012b466b9；经人数与最低录取线校验的名单图：https://jiuxianzai.oss-cn-beijing.aliyuncs.com/kaoyan/2024/05/02/78d5e5c4d465401c906e7ca9557c2f12.png,0,,年度线与录取,187,388.0,388.44,42.44,11,0.0,-3.5600000000000023,44.22,-0.29666666666666686,-0.7704
北京交通大学,2025,A,323,323.0,323（机构公开页；多方向取最高，需以官网复核）,机构公开汇总（二次核验）,third_party,0.62,(003)经济管理学院 (01)大数据分析=323；(003)经济管理学院 (02)交通运输统计分析=323；(003)经济管理学院 (03)经济统计分析=323,https://www.ludengkaoyan.com/school40/qrz/zsml/138731.html,21,363.0,382.0,401.0,26,1.238095238095238,1.2381,365.28,order_stat_interpolation,0.49,365.28,q10_proxy,0.49,0.0,42.27999999999997,0,就现在考研小程序院校模块（2026-08-14读取）：https://admin.jiuxianzai.cn/api/applet/home/index/schoolDetail/d1d6767608d408762929304f63c0733b; https://admin.jiuxianzai.cn/api/applet/home/index/schoolDetail/dbf27b8a0774351d1331669012b466b9；经人数与最低录取线校验的名单图：https://jiuxianzai.oss-cn-beijing.aliyuncs.com/kaoyan/2025/04/07/518514f16bf84c29941b45221224dc62.png,0,,年度线与录取,188,338.0,371.58,33.579999999999984,12,-50.0,-8.860000000000014,42.44,-2.6600000000000037,0.8652
北京交通大学,2026,A,324,324.0,324（数学与统计学院；其他培养单位需分别核）,官方学院,official,1.0,数学与统计学院；其他培养单位需分别核,https://soms.bjtu.edu.cn/docs/2026-03/abd40f25009b4043a2dd92e6d8948a79.pdf,17,341.0,402.0,428.0,20,1.1764705882352942,1.1765,347.1,order_stat_interpolation,0.49,347.1,q10_proxy,0.49,0.0,23.100000000000023,0,就现在考研小程序院校模块（2026-08-14读取）：https://admin.jiuxianzai.cn/api/applet/home/index/schoolDetail/d1d6767608d408762929304f63c0733b; https://admin.jiuxianzai.cn/api/applet/home/index/schoolDetail/dbf27b8a0774351d1331669012b466b9；经人数与最低录取线校验的名单图：https://jiuxianzai.oss-cn-beijing.aliyuncs.com/kaoyan/2026/05/15/4ab0892d109e4f3ca3b3acc2c41a7b92.png; https://jiuxianzai.oss-cn-beijing.aliyuncs.com/kaoyan/2026/05/15/a2b6564a5de142f2a0e9fe90da8ef8d5.png；卡方2026录取名单专辑交叉验证：录取线392/345 | 2026年北京交通大学公布拟录取名单12+5人 https://mp.weixin.qq.com/s?__biz=MzIxNTM0MjQ3OA==&mid=2247511756&idx=5&sn=2fee7fb4f73b19ea8caac71e207b686c&chksm=979b222da0ecab3b36779ddf92b05be4452cd239d8a980cbfa8d0e61cd5225c2c209599e0e57#rd,0,,年度线与录取,189,323.0,365.28,42.27999999999997,21,-15.0,8.699999999999989,42.359999999999985,-0.030314191437155066,-0.1754
东北大学,2022,A,360,370.0,370（机构2022汇总；多方向取最高普通线）,机构汇总（二次核验）,third_party,0.62,已给出院校线,https://www.educity.cn/kyyy/5009654.html,30,,,,59,1.9666666666666663,1.9667,,missing,0.0,370.0,cutoff_fallback,0.341,10.0,,0,就现在考研小程序院校模块（2026-08-14读取）：https://admin.jiuxianzai.cn/api/applet/home/index/schoolDetail/57be15d871bf0ffdcc70961ecb6569bb; https://admin.jiuxianzai.cn/api/applet/home/index/schoolDetail/a56214dee150a9b44e99b84060a46aab; https://admin.jiuxianzai.cn/api/applet/home/index/schoolDetail/eb00c0513fdc83882bb18aafb5570cf6,0,,年度线与录取,190,,,,,,,,,
东北大学,2023,A,346,355.0,355（东北大学2023应用统计线）,官方,official,1.0,东北大学2023应用统计线,https://yz.chsi.com.cn/kyzx/zt/lnfsx2023.shtml,27,377.0,,,47,1.7407407407407407,1.7407,377.0,minimum_only,0.252,377.0,q10_proxy,0.252,9.0,31.0,0,就现在考研小程序院校模块（2026-08-14读取）：https://admin.jiuxianzai.cn/api/applet/home/index/schoolDetail/57be15d871bf0ffdcc70961ecb6569bb; https://admin.jiuxianzai.cn/api/applet/home/index/schoolDetail/a56214dee150a9b44e99b84060a46aab; https://admin.jiuxianzai.cn/api/applet/home/index/schoolDetail/eb00c0513fdc83882bb18aafb5570cf6,0,,年度线与录取,191,370.0,,,30,,,,,
东北大学,2024,A,338,355.0,355（机构公开页；多方向取最高，需以官网复核）,机构公开汇总（二次核验）,third_party,0.62,(002)理学院 (01)工业统计应用=355；(002)理学院 (02)金融统计应用=355；(002)理学院 (03)数据分析=355；(002)理学院 (04)人工智能=355；(002)理学院 (05)【秦皇岛】应用统计=355；(002)理学院 (06)【佛山】应用统计=355,https://www.ludengkaoyan.com/school12/qrz/zsml/16419.html,23,359.0,399.0,417.0,30,1.3043478260869563,1.3043,364.09,order_stat_interpolation,0.49,364.09,q10_proxy,0.49,17.0,26.089999999999975,0,就现在考研小程序院校模块（2026-08-14读取）：https://admin.jiuxianzai.cn/api/applet/home/index/schoolDetail/57be15d871bf0ffdcc70961ecb6569bb; https://admin.jiuxianzai.cn/api/applet/home/index/schoolDetail/a56214dee150a9b44e99b84060a46aab; https://admin.jiuxianzai.cn/api/applet/home/index/schoolDetail/eb00c0513fdc83882bb18aafb5570cf6；经人数与最低录取线校验的名单图：https://jiuxianzai.oss-cn-beijing.aliyuncs.com/kaoyan/2024/04/14/03a313f1055e4d14ad39dafc1fb5c285.png; https://jiuxianzai.oss-cn-beijing.aliyuncs.com/kaoyan/2024/04/14/ba69e7316a2744209587cb891156115c.png; https://jiuxianzai.oss-cn-beijing.aliyuncs.com/kaoyan/2024/04/14/a4f13f0edec443fb8bac6c85dbea2c62.png,0,,年度线与录取,192,355.0,377.0,31.0,27,-15.0,,31.0,,0.6667
东北大学,2025,A,323,345.0,345（机构公开页；多方向取最高，需以官网复核）,机构公开汇总（二次核验）,third_party,0.62,(002)理学院 (01)工业统计应用=345；(002)理学院 (02)金融统计应用=345；(002)理学院 (03)数据分析=345；(002)理学院 (04)人工智能=345；(002)理学院 (05)【秦皇岛】应用统计=345；(002)理学院 (06)【佛山】应用统计=345,https://www.ludengkaoyan.com/school12/qrz/zsml/163137.html,15,377.0,392.0,431.0,29,1.9333333333333331,1.9333,378.29,order_stat_interpolation,0.49,378.29,q10_proxy,0.49,22.0,55.29000000000002,0,就现在考研小程序院校模块（2026-08-14读取）：https://admin.jiuxianzai.cn/api/applet/home/index/schoolDetail/57be15d871bf0ffdcc70961ecb6569bb; https://admin.jiuxianzai.cn/api/applet/home/index/schoolDetail/a56214dee150a9b44e99b84060a46aab; https://admin.jiuxianzai.cn/api/applet/home/index/schoolDetail/eb00c0513fdc83882bb18aafb5570cf6；经人数与最低录取线校验的名单图：https://jiuxianzai.oss-cn-beijing.aliyuncs.com/kaoyan/2025/10/09/725c31dad99449fc9f057e721eb99b9c.png; https://jiuxianzai.oss-cn-beijing.aliyuncs.com/kaoyan/2025/10/09/a857ed71463241fda4cae68b1283d32f.png; https://jiuxianzai.oss-cn-beijing.aliyuncs.com/kaoyan/2025/10/09/32295303b66d4779947c56c9f060e40f.png,0,,年度线与录取,193,355.0,364.09,26.089999999999975,23,0.0,-4.910000000000025,28.544999999999987,-0.40916666666666873,0.9929
东北大学,2026,A,324,345.0,345（机构公开页；多方向取最高，需以官网复核）,机构公开汇总（二次核验）,third_party,0.62,(002)理学院 (01)工业统计应用=345；(002)理学院 (02)数据分析=345；(002)理学院 (03)人工智能=345；(002)理学院 (04)【秦皇岛】应用统计=345；(002)理学院 (05)【佛山】应用统计=345,https://www.ludengkaoyan.com/school12/qrz/zsml/292719.html,20,363.0,,,26,1.3,1.3,363.0,minimum_only,0.252,363.0,q10_proxy,0.252,21.0,39.0,0,就现在考研小程序院校模块（2026-08-14读取）：https://admin.jiuxianzai.cn/api/applet/home/index/schoolDetail/57be15d871bf0ffdcc70961ecb6569bb; https://admin.jiuxianzai.cn/api/applet/home/index/schoolDetail/a56214dee150a9b44e99b84060a46aab; https://admin.jiuxianzai.cn/api/applet/home/index/schoolDetail/eb00c0513fdc83882bb18aafb5570cf6；卡方2026录取名单专辑交叉验证：校内调剂，录取线377/370/363 | 2026年东北大学公布拟录取名单16+3+5+2人 https://mp.weixin.qq.com/s?__biz=MzIxNTM0MjQ3OA==&mid=2247511770&idx=4&sn=c6ff75d9ed138727e1edcc30d5db49b0&chksm=979b223ba0ecab2dfb6a2f6a83a9ac8aa9956d063d5828a24294f2801fd03de3738d7759cbd9#rd,0,,年度线与录取,194,345.0,378.29,55.29000000000002,15,-10.0,29.200000000000045,31.0,6.686250000000008,-0.0951
华东理工大学,2022,A,360,,未在该机构2022汇总中检出；待查官网,缺失,unclassified,0.5,,https://www.educity.cn/kyyy/5009654.html,,,,,,,,,missing,0.0,,cutoff_fallback,0.275,,,0,就现在考研小程序院校模块（2026-08-14读取）：https://admin.jiuxianzai.cn/api/applet/home/index/schoolDetail/cc2b50dd21eaca2ad3ccd55113c61f2d,0,,年度线与录取,195,,,,,,,,,
华东理工大学,2023,A,346,,A区国家线346（仅底线；未核院线，不纳入均值）,国家线底线/院线缺失,national_floor_only,0.35,国家线不等同学院实际复试线,https://yz.chsi.com.cn/kyzx/zt/lnfsx2023.shtml,,,,,,,,,missing,0.0,,cutoff_fallback,0.193,,,0,就现在考研小程序院校模块（2026-08-14读取）：https://admin.jiuxianzai.cn/api/applet/home/index/schoolDetail/cc2b50dd21eaca2ad3ccd55113c61f2d,0,,年度线与录取,196,,,,,,,,,
华东理工大学,2024,A,338,,未检出可用数值；待查官网,缺失,unclassified,0.5,,https://www.ludengkaoyan.com/major3/fsx/,,,,,,,,,missing,0.0,,cutoff_fallback,0.275,,,0,就现在考研小程序院校模块（2026-08-14读取）：https://admin.jiuxianzai.cn/api/applet/home/index/schoolDetail/cc2b50dd21eaca2ad3ccd55113c61f2d,0,,年度线与录取,197,,,,,,,,,-0.6125
华东理工大学,2025,A,323,323.0,323（机构公开页；多方向取最高，需以官网复核）,机构公开汇总（二次核验）,third_party,0.62,(009)数学学院 (01)统计计算与优化算法=323；(009)数学学院 (02)金融统计与风险管理=323；(009)数学学院 (03)工业统计与人工智能=323,https://www.ludengkaoyan.com/school67/qrz/zsml/176066.html,21,328.0,366.0,404.0,21,1.0,1.0,332.56,order_stat_interpolation,0.49,332.56,q10_proxy,0.49,0.0,9.560000000000002,0,就现在考研小程序院校模块（2026-08-14读取）：https://admin.jiuxianzai.cn/api/applet/home/index/schoolDetail/cc2b50dd21eaca2ad3ccd55113c61f2d；经人数与最低录取线校验的名单图：https://jiuxianzai.oss-cn-beijing.aliyuncs.com/kaoyan/2025/04/07/9293c8bf7b364591aa57469f9ca85e7d.png,0,,年度线与录取,198,,,,,,,,,0.5411
华东理工大学,2026,A,324,324.0,324（机构公开页；多方向取最高，需以官网复核）,机构公开汇总（二次核验）,third_party,0.62,(009)数学学院 (01)统计计算与优化算法=324；(009)数学学院 (02)金融统计与风险管理=324；(009)数学学院 (03)工业统计与人工智能=324,https://www.ludengkaoyan.com/school67/qrz/zsml/306114.html,28,361.0,386.5,433.0,35,1.25,1.25,364.59,order_stat_interpolation,0.49,364.59,q10_proxy,0.49,0.0,40.589999999999975,0,就现在考研小程序院校模块（2026-08-14读取）：https://admin.jiuxianzai.cn/api/applet/home/index/schoolDetail/cc2b50dd21eaca2ad3ccd55113c61f2d；卡方2026录取名单专辑交叉验证：录取线365 | 2026年华东理工大学公布拟录取名单27人 https://mp.weixin.qq.com/s?__biz=MzIxNTM0MjQ3OA==&mid=2247511476&idx=1&sn=5ad0c77d2a9c1d582fbb5ecf75a9ec06&chksm=979b2155a0eca8436175e7ebb6b6b3f4d5716a96d363648e88a10f77e86bce64e901e7b6b9ee#rd；补录1人，录取线361 | 2026年华东理工大学公布拟录取名单28人 https://mp.weixin.qq.com/s?__biz=MzIxNTM0MjQ3OA==&mid=2247511601&idx=4&sn=ab979176b81f2c6abf60d2ef48c5c463&chksm=979b22d0a0ecabc6f52cc1b741aff8147aca6b857cdcafd5fa9957e0e513926db22a9738511c#rd；统计战线小程序2026复试名单图人工下滑复核：绿色为未拟录取；补录后28人名单与卡方补录文章闭合，初试分最低361、中位386.5、最高433。,0,,年度线与录取,199,323.0,332.56,9.560000000000002,21,,,9.560000000000002,,1.5386
上海大学,2022,A,360,,未招生,机构汇总（二次核验）,third_party,0.62,未招生,https://www.educity.cn/kyyy/5009654.html,,,,,,,,,missing,0.0,,cutoff_fallback,0.341,,,0,就现在考研小程序院校模块（2026-08-14读取）：https://admin.jiuxianzai.cn/api/applet/home/index/schoolDetail/279ec5f38ebc13befec919b109d88090; https://admin.jiuxianzai.cn/api/applet/home/index/schoolDetail/b169b986c5cf0c1b64358396395ed2da,0,,年度线与录取,200,,,,,,,,,
上海大学,2023,A,346,,A区国家线346（仅底线；未核院线，不纳入均值）,国家线底线/院线缺失,national_floor_only,0.35,国家线不等同学院实际复试线,https://yz.chsi.com.cn/kyzx/zt/lnfsx2023.shtml,10,357.0,,,11,1.1,1.1,357.0,minimum_only,0.252,357.0,q10_proxy,0.252,,11.0,0,就现在考研小程序院校模块（2026-08-14读取）：https://admin.jiuxianzai.cn/api/applet/home/index/schoolDetail/279ec5f38ebc13befec919b109d88090; https://admin.jiuxianzai.cn/api/applet/home/index/schoolDetail/b169b986c5cf0c1b64358396395ed2da,0,,年度线与录取,201,,,,,,,,,
上海大学,2024,A,338,338.0,338（机构公开页；多方向取最高，需以官网复核）,机构公开汇总（二次核验）,third_party,0.62,(001)理学院 (01)大数据分析=338；(001)理学院 (02)生物医学统计=338；(101)经济学院 (01)金融统计与风险管理=338；(101)经济学院 (02)商务数据分析=338,https://www.ludengkaoyan.com/school71/qrz/zsml/16489.html,20,359.0,,,19,0.95,0.95,359.0,minimum_only,0.252,359.0,q10_proxy,0.252,0.0,21.0,0,就现在考研小程序院校模块（2026-08-14读取）：https://admin.jiuxianzai.cn/api/applet/home/index/schoolDetail/279ec5f38ebc13befec919b109d88090; https://admin.jiuxianzai.cn/api/applet/home/index/schoolDetail/b169b986c5cf0c1b64358396395ed2da,0,,年度线与录取,202,,357.0,11.0,10,,,11.0,,-0.6125
上海大学,2025,A,323,323.0,323（机构公开页；多方向取最高，需以官网复核）,机构公开汇总（二次核验）,third_party,0.62,(001)理学院 (01)大数据分析=323；(001)理学院 (02)生物医学统计=323；(101)经济学院 (01)金融统计与风险管理=323；(101)经济学院 (02)商务数据分析=323,https://www.ludengkaoyan.com/school71/qrz/zsml/180809.html,16,331.0,,,15,0.9375,0.9375,331.0,minimum_only,0.252,331.0,q10_proxy,0.252,0.0,8.0,0,就现在考研小程序院校模块（2026-08-14读取）：https://admin.jiuxianzai.cn/api/applet/home/index/schoolDetail/279ec5f38ebc13befec919b109d88090; https://admin.jiuxianzai.cn/api/applet/home/index/schoolDetail/b169b986c5cf0c1b64358396395ed2da,0,,年度线与录取,203,338.0,359.0,21.0,20,,10.0,16.0,0.8333333333333334,0.815
上海大学,2026,A,324,324.0,324（机构公开页；多方向取最高，需以官网复核）,机构公开汇总（二次核验）,third_party,0.62,(001)理学院 (01)大数据分析=324；(001)理学院 (02)生物医学统计=324；(101)经济学院 (01)金融统计与风险管理=324；(101)经济学院 (02)商务数据分析=324,https://www.ludengkaoyan.com/school71/qrz/zsml/309546.html,13,341.0,359.0,399.0,,,,342.2,order_stat_interpolation,0.49,342.2,q10_proxy,0.49,0.0,18.19999999999999,0,就现在考研小程序院校模块（2026-08-14读取）：https://admin.jiuxianzai.cn/api/applet/home/index/schoolDetail/279ec5f38ebc13befec919b109d88090; https://admin.jiuxianzai.cn/api/applet/home/index/schoolDetail/b169b986c5cf0c1b64358396395ed2da；卡方2026录取名单专辑交叉验证：捡漏，录取线359/341 | 2026年上海大学公布拟录取名单3+10人 https://mp.weixin.qq.com/s?__biz=MzIxNTM0MjQ3OA==&mid=2247512134&idx=4&sn=d732354f7920be9a2297f3c2f1dbf2e6&chksm=979b3ca7a0ecb5b19ae4eca79b4f205e96bea3ca5e484c91925cd64c7c30c38deca197fdbe7c#rd；统计战线小程序2026名单图人工下滑复核：经济学院拟录取名单3人与理学院拟录取10人合并，和卡方标题3+10人闭合；合并初试分最低341、中位359、最高399。经济学院完整复试名单未取得，故全校复试人数及复录比留空，不再以理学院13人冒充全校复试人数。,0,,年度线与录取,204,323.0,331.0,8.0,16,-15.0,-13.0,11.0,-1.0791852151625523,-0.1477
苏州大学,2022,A,360,360.0,360（机构2022汇总；多方向取最高普通线）,机构汇总（二次核验）,third_party,0.62,已给出院校线,https://www.educity.cn/kyyy/5009654.html,11,,399.0,419.0,14,1.2727272727272727,1.2727,,missing,0.0,360.0,cutoff_fallback,0.341,0.0,,0,就现在考研小程序院校模块（2026-08-14读取）：https://admin.jiuxianzai.cn/api/applet/home/index/schoolDetail/da0b27311237c18eee5b89aae943b658；经人数与最低录取线校验的名单图：https://jiuxianzai.oss-cn-beijing.aliyuncs.com/kaoyan/2022/04/18/0387ee5c43be409fa9b2a41e499549fe.png,0,,年度线与录取,205,,,,,,,,,
苏州大学,2023,A,346,364.0,364（小程序院校模块；待官网复核）,主流机构小程序,third_party,0.62,国家线不等同学院实际复试线,https://yz.chsi.com.cn/kyzx/zt/lnfsx2023.shtml,21,,,,23,1.0952380952380951,1.0952,,missing,0.0,364.0,cutoff_fallback,0.341,18.0,,0,就现在考研小程序院校模块（2026-08-14读取）：https://admin.jiuxianzai.cn/api/applet/home/index/schoolDetail/da0b27311237c18eee5b89aae943b658,0,,年度线与录取,206,360.0,,,11,,,,,
苏州大学,2024,A,338,338.0,338（机构公开页；多方向取最高，需以官网复核）,机构公开汇总（二次核验）,third_party,0.62,(011)数学科学学院 (01)应用统计硕士=338,https://www.ludengkaoyan.com/school72/qrz/zsml/16496.html,27,381.0,403.0,436.0,35,1.2962962962962965,1.2963,384.05,order_stat_interpolation,0.49,384.05,q10_proxy,0.49,0.0,46.05000000000001,0,就现在考研小程序院校模块（2026-08-14读取）：https://admin.jiuxianzai.cn/api/applet/home/index/schoolDetail/da0b27311237c18eee5b89aae943b658；经人数与最低录取线校验的名单图：https://jiuxianzai.oss-cn-beijing.aliyuncs.com/kaoyan/2024/04/08/6cd0b1336f3149efa929647c10ebf5fa.png,0,,年度线与录取,207,364.0,,,21,4.0,,,,-0.6125
苏州大学,2025,A,323,323.0,323（机构公开页；多方向取最高，需以官网复核）,机构公开汇总（二次核验）,third_party,0.62,(011)数学科学学院 (01)应用统计=323,https://www.ludengkaoyan.com/school72/qrz/zsml/182105.html,15,380.0,396.0,433.0,21,1.4,1.4,381.37,order_stat_interpolation,0.49,381.37,q10_proxy,0.49,0.0,58.370000000000005,0,就现在考研小程序院校模块（2026-08-14读取）：https://admin.jiuxianzai.cn/api/applet/home/index/schoolDetail/da0b27311237c18eee5b89aae943b658；经人数与最低录取线校验的名单图：https://jiuxianzai.oss-cn-beijing.aliyuncs.com/kaoyan/2025/04/07/a91c4affade34593a8a96f7560f723c5.png,0,,年度线与录取,208,338.0,384.05,46.05000000000001,27,-26.0,,46.05000000000001,,0.4246
苏州大学,2026,A,324,324.0,324（机构公开页；多方向取最高，需以官网复核）,机构公开汇总（二次核验）,third_party,0.62,(011)数学科学学院 (01)应用统计=324,https://www.ludengkaoyan.com/school72/qrz/zsml/311391.html,19,381.0,405.0,424.0,20,1.0526315789473684,1.0526,383.67,order_stat_interpolation,0.49,383.67,q10_proxy,0.49,0.0,59.670000000000016,0,就现在考研小程序院校模块（2026-08-14读取）：https://admin.jiuxianzai.cn/api/applet/home/index/schoolDetail/da0b27311237c18eee5b89aae943b658；经人数与最低录取线校验的名单图：https://jiuxianzai.oss-cn-beijing.aliyuncs.com/kaoyan/2026/05/15/c3491e2bcacc445cbe8e8ada04f1293b.png；卡方2026录取名单专辑交叉验证：录取线381 | 2026年苏州大学公布拟录取名单19人 https://mp.weixin.qq.com/s?__biz=MzIxNTM0MjQ3OA==&mid=2247511444&idx=2&sn=c320eac9c58b115cc8b15ce8e7004039&chksm=979b2175a0eca863b53e9f895dc73ef320c489c5556d7d9503355d1a51c1a42caaff5e9dd7f3#rd,0,,年度线与录取,209,323.0,381.37,58.370000000000005,15,-15.0,12.319999999999993,52.21000000000001,1.0266666666666662,0.2466
河海大学,2022,A,360,365.0,365（机构2022汇总；多方向取最高普通线）,机构汇总（二次核验）,third_party,0.62,已给出院校线,https://www.educity.cn/kyyy/5009654.html,17,,,,17,1.0,1.0,,missing,0.0,365.0,cutoff_fallback,0.341,5.0,,0,就现在考研小程序院校模块（2026-08-14读取）：https://admin.jiuxianzai.cn/api/applet/home/index/schoolDetail/56e3e5a6404fb8ba192e3d891bfdfc35; https://admin.jiuxianzai.cn/api/applet/home/index/schoolDetail/7affba1152da17a8ed22186d16b81af0,0,,年度线与录取,210,,,,,,,,,
河海大学,2023,A,346,346.0,346（小程序院校模块；待官网复核）,主流机构小程序,third_party,0.62,国家线不等同学院实际复试线,https://yz.chsi.com.cn/kyzx/zt/lnfsx2023.shtml,21,352.0,,,26,1.238095238095238,1.2381,352.0,minimum_only,0.252,352.0,q10_proxy,0.252,0.0,6.0,0,就现在考研小程序院校模块（2026-08-14读取）：https://admin.jiuxianzai.cn/api/applet/home/index/schoolDetail/56e3e5a6404fb8ba192e3d891bfdfc35; https://admin.jiuxianzai.cn/api/applet/home/index/schoolDetail/7affba1152da17a8ed22186d16b81af0,0,,年度线与录取,211,365.0,,,17,,,,,
河海大学,2024,A,338,338.0,338（机构公开页；多方向取最高，需以官网复核）,机构公开汇总（二次核验）,third_party,0.62,(034)数学学院 (01)水利统计=338；(034)数学学院 (02)金融统计分析=338；(034)数学学院 (03)经济统计分析=338；(034)数学学院 (04)工业统计和质量控制=338,https://www.ludengkaoyan.com/school76/qrz/zsml/16516.html,21,369.0,,,27,1.2857142857142858,1.2857,369.0,minimum_only,0.252,369.0,q10_proxy,0.252,0.0,31.0,0,就现在考研小程序院校模块（2026-08-14读取）：https://admin.jiuxianzai.cn/api/applet/home/index/schoolDetail/56e3e5a6404fb8ba192e3d891bfdfc35; https://admin.jiuxianzai.cn/api/applet/home/index/schoolDetail/7affba1152da17a8ed22186d16b81af0,0,,年度线与录取,212,346.0,352.0,6.0,21,-19.0,,6.0,,-0.6125
河海大学,2025,A,323,323.0,323（机构公开页；多方向取最高，需以官网复核）,机构公开汇总（二次核验）,third_party,0.62,(034)数学学院 (01)水利统计=323；(034)数学学院 (02)金融统计分析=323；(034)数学学院 (03)经济统计分析=323；(034)数学学院 (04)工业统计和质量控制=323,https://www.ludengkaoyan.com/school76/qrz/zsml/186664.html,31,337.0,357.0,395.0,38,1.2258064516129032,1.2258,339.93,order_stat_interpolation,0.49,339.93,q10_proxy,0.49,0.0,16.930000000000007,0,就现在考研小程序院校模块（2026-08-14读取）：https://admin.jiuxianzai.cn/api/applet/home/index/schoolDetail/56e3e5a6404fb8ba192e3d891bfdfc35; https://admin.jiuxianzai.cn/api/applet/home/index/schoolDetail/7affba1152da17a8ed22186d16b81af0；经人数与最低录取线校验的名单图：https://jiuxianzai.oss-cn-beijing.aliyuncs.com/kaoyan/2025/04/07/c1ced377a446479eac60ff59037430af.png,0,,年度线与录取,213,338.0,369.0,31.0,21,-8.0,25.0,18.5,2.0833333333333335,0.7414
河海大学,2026,A,324,324.0,324（机构公开页；多方向取最高，需以官网复核）,机构公开汇总（二次核验）,third_party,0.62,(034)数学学院 (01)水利统计=324；(034)数学学院 (02)金融统计分析=324；(034)数学学院 (03)经济统计分析=324；(034)数学学院 (04)工业统计和质量控制=324；(048)前沿交叉科学研究院 (01)水科学中的统计建模与分析=324；(048)前沿交叉科学研究院 (02)工业软件中的数值算法=324,https://www.ludengkaoyan.com/school76/qrz/zsml/315105.html,23,357.0,386.0,414.0,31,1.3478260869565215,1.3478,360.69,order_stat_interpolation,0.49,360.69,q10_proxy,0.49,0.0,36.69,0,就现在考研小程序院校模块（2026-08-14读取）：https://admin.jiuxianzai.cn/api/applet/home/index/schoolDetail/56e3e5a6404fb8ba192e3d891bfdfc35; https://admin.jiuxianzai.cn/api/applet/home/index/schoolDetail/7affba1152da17a8ed22186d16b81af0；经人数与最低录取线校验的名单图：https://jiuxianzai.oss-cn-beijing.aliyuncs.com/kaoyan/2026/05/15/10a91af297604e30bcdcceb6827ff524.png; https://jiuxianzai.oss-cn-beijing.aliyuncs.com/kaoyan/2026/05/15/d9d3818205ba4522939fb2198769bca4.png；卡方2026录取名单专辑交叉验证：收调剂！录取线374/357 | 2026年河海大学公布拟录取名单22+1人 https://mp.weixin.qq.com/s?__biz=MzIxNTM0MjQ3OA==&mid=2247511519&idx=5&sn=9ac97471cf0491b2d0f9d6aed5f7ed09&chksm=979b213ea0eca828221026b55a83fd6939c86629dc6aba2fe31486c87794870e7e201ef28917#rd,0,,年度线与录取,214,323.0,339.93,16.930000000000007,31,-15.0,-14.069999999999993,16.930000000000007,-0.08471603939025998,-0.214
武汉理工大学,2022,A,360,369.0,369（机构2022汇总；多方向取最高普通线）,机构汇总（二次核验）,third_party,0.62,已给出院校线,https://www.educity.cn/kyyy/5009654.html,43,,,,54,1.255813953488372,1.2558,,missing,0.0,369.0,cutoff_fallback,0.341,9.0,,0,就现在考研小程序院校模块（2026-08-14读取）：https://admin.jiuxianzai.cn/api/applet/home/index/schoolDetail/34523f809ded9c102849ecd909fd0bf8; https://admin.jiuxianzai.cn/api/applet/home/index/schoolDetail/f9cac867d6bbe20bb29d70cb87d0e136,0,,年度线与录取,215,,,,,,,,,
武汉理工大学,2023,A,346,379.0,379（小程序院校模块；待官网复核）,主流机构小程序,third_party,0.62,国家线不等同学院实际复试线,https://yz.chsi.com.cn/kyzx/zt/lnfsx2023.shtml,42,379.0,,,56,1.3333333333333333,1.3333,379.0,minimum_only,0.252,379.0,q10_proxy,0.252,33.0,33.0,0,就现在考研小程序院校模块（2026-08-14读取）：https://admin.jiuxianzai.cn/api/applet/home/index/schoolDetail/34523f809ded9c102849ecd909fd0bf8; https://admin.jiuxianzai.cn/api/applet/home/index/schoolDetail/f9cac867d6bbe20bb29d70cb87d0e136,0,,年度线与录取,216,369.0,,,43,,,,,
武汉理工大学,2024,A,338,338.0,338（机构公开页；多方向取最高，需以官网复核）,机构公开汇总（二次核验）,third_party,0.62,(013)理学院 (01)不区分研究方向=338,https://www.ludengkaoyan.com/school88/qrz/zsml/16671.html,44,346.0,384.5,420.0,53,1.2045454545454546,1.2045,352.27,order_stat_interpolation,0.49,352.27,q10_proxy,0.49,0.0,14.269999999999982,0,就现在考研小程序院校模块（2026-08-14读取）：https://admin.jiuxianzai.cn/api/applet/home/index/schoolDetail/34523f809ded9c102849ecd909fd0bf8; https://admin.jiuxianzai.cn/api/applet/home/index/schoolDetail/f9cac867d6bbe20bb29d70cb87d0e136；经人数与最低录取线校验的名单图：https://jiuxianzai.oss-cn-beijing.aliyuncs.com/kaoyan/2024/04/18/f3c97ea9b06b402aa73e3adaa699e1e5.png; https://jiuxianzai.oss-cn-beijing.aliyuncs.com/kaoyan/2024/04/18/538db8e868f14f708d27fc9c888715b8.png,0,,年度线与录取,217,379.0,379.0,33.0,42,10.0,,33.0,,-0.6125
武汉理工大学,2025,A,323,323.0,323（机构公开页；多方向取最高，需以官网复核）,机构公开汇总（二次核验）,third_party,0.62,(013)数学与统计学院 (01)不区分研究方向=323,https://www.ludengkaoyan.com/school88/qrz/zsml/221945.html,58,347.0,,,71,1.2241379310344829,1.2241,347.0,minimum_only,0.252,347.0,q10_proxy,0.252,0.0,24.0,0,就现在考研小程序院校模块（2026-08-14读取）：https://admin.jiuxianzai.cn/api/applet/home/index/schoolDetail/34523f809ded9c102849ecd909fd0bf8; https://admin.jiuxianzai.cn/api/applet/home/index/schoolDetail/f9cac867d6bbe20bb29d70cb87d0e136,0,,年度线与录取,218,338.0,352.27,14.269999999999982,44,-41.0,-18.730000000000018,23.63499999999999,-1.5608333333333348,0.9558
武汉理工大学,2026,A,324,324.0,324（机构公开页；多方向取最高，需以官网复核）,机构公开汇总（二次核验）,third_party,0.62,(013)数学与统计学院 (01)不区分研究方向=324,https://www.ludengkaoyan.com/school88/qrz/zsml/350896.html,54,359.0,380.0,416.0,72,1.3333333333333333,1.3333,362.57,order_stat_interpolation,0.49,362.57,q10_proxy,0.49,0.0,38.56999999999999,0,就现在考研小程序院校模块（2026-08-14读取）：https://admin.jiuxianzai.cn/api/applet/home/index/schoolDetail/34523f809ded9c102849ecd909fd0bf8; https://admin.jiuxianzai.cn/api/applet/home/index/schoolDetail/f9cac867d6bbe20bb29d70cb87d0e136；经人数与最低录取线校验的名单图：https://jiuxianzai.oss-cn-beijing.aliyuncs.com/kaoyan/2026/05/15/813d991d399d4854b68e49c37f215e21.png; https://jiuxianzai.oss-cn-beijing.aliyuncs.com/kaoyan/2026/05/15/8a3d1f898dde4514bdb4ef8379652faa.png；卡方2026录取名单专辑交叉验证：性价比之选，录取线363/359 | 2026年武汉理工大学公布拟录取名单37+17人 https://mp.weixin.qq.com/s?__biz=MzIxNTM0MjQ3OA==&mid=2247512220&idx=5&sn=4857edea9d97fefff70e816d3d4f2e55&chksm=979b3c7da0ecb56bd9b8d2521257c4f73e0092d1416435aece4472cf047b4c09df66304c9cc0#rd,0,,年度线与录取,219,323.0,347.0,24.0,58,-15.0,9.730000000000018,24.0,0.02628821433090904,-0.2214
东北师范大学,2022,A,360,360.0,360（机构2022汇总；多方向取最高普通线）,机构汇总（二次核验）,third_party,0.62,已给出院校线,https://www.educity.cn/kyyy/5009654.html,51,,,,61,1.196078431372549,1.1961,,missing,0.0,360.0,cutoff_fallback,0.341,0.0,,0,就现在考研小程序院校模块（2026-08-14读取）：https://admin.jiuxianzai.cn/api/applet/home/index/schoolDetail/2212e87b996ebd666f9b3f7545fd1e44,0,,年度线与录取,220,,,,,,,,,
东北师范大学,2023,A,346,360.0,360（小程序院校模块；待官网复核）,主流机构小程序,third_party,0.62,国家线不等同学院实际复试线,https://yz.chsi.com.cn/kyzx/zt/lnfsx2023.shtml,44,363.0,,,53,1.2045454545454546,1.2045,363.0,minimum_only,0.252,363.0,q10_proxy,0.252,14.0,17.0,0,就现在考研小程序院校模块（2026-08-14读取）：https://admin.jiuxianzai.cn/api/applet/home/index/schoolDetail/2212e87b996ebd666f9b3f7545fd1e44,0,,年度线与录取,221,360.0,,,51,,,,,
东北师范大学,2024,A,338,338.0,338（机构公开页；多方向取最高，需以官网复核）,机构公开汇总（二次核验）,third_party,0.62,(121)数学与统计学院 (00)不区分研究方向=338,https://www.ludengkaoyan.com/school63/qrz/zsml/16436.html,36,381.0,,,43,1.1944444444444444,1.1944,381.0,minimum_only,0.252,381.0,q10_proxy,0.252,0.0,43.0,0,就现在考研小程序院校模块（2026-08-14读取）：https://admin.jiuxianzai.cn/api/applet/home/index/schoolDetail/2212e87b996ebd666f9b3f7545fd1e44,0,,年度线与录取,222,360.0,363.0,17.0,44,0.0,,17.0,,-0.6125
东北师范大学,2025,A,323,323.0,323（机构公开页；多方向取最高，需以官网复核）,机构公开汇总（二次核验）,third_party,0.62,(121)数学与统计学院 (00)不区分研究方向=323,https://www.ludengkaoyan.com/school63/qrz/zsml/169778.html,24,373.0,390.0,427.0,30,1.25,1.25,375.22,order_stat_interpolation,0.49,375.22,q10_proxy,0.49,0.0,52.22000000000003,0,就现在考研小程序院校模块（2026-08-14读取）：https://admin.jiuxianzai.cn/api/applet/home/index/schoolDetail/2212e87b996ebd666f9b3f7545fd1e44；经人数与最低录取线校验的名单图：https://jiuxianzai.oss-cn-beijing.aliyuncs.com/kaoyan/2025/10/09/493c0cb2fdc24af78d8a6217259f6347.png,0,,年度线与录取,223,338.0,381.0,43.0,36,-22.0,26.0,30.0,2.1666666666666665,0.1757
东北师范大学,2026,A,324,324.0,324（机构公开页；多方向取最高，需以官网复核）,机构公开汇总（二次核验）,third_party,0.62,(121)数学与统计学院 (00)不区分研究方向=324,https://www.ludengkaoyan.com/school63/qrz/zsml/300551.html,10,364.0,386.0,428.0,12,1.2,1.2,364.49,order_stat_interpolation,0.49,364.49,q10_proxy,0.49,0.0,40.49000000000001,0,就现在考研小程序院校模块（2026-08-14读取）：https://admin.jiuxianzai.cn/api/applet/home/index/schoolDetail/2212e87b996ebd666f9b3f7545fd1e44；卡方2026录取名单专辑交叉验证：录取线364 | 2026年东北师范大学公布拟录取名单10+2人 https://mp.weixin.qq.com/s?__biz=MzIxNTM0MjQ3OA==&mid=2247511468&idx=3&sn=e1c11589af640698e68a41f1bc86b110&chksm=979b214da0eca85b97725e32dcd988032937e11ce1badd4903e0ddf04493344bfbc579d20b78#rd；统计战线小程序2026复试名单图人工下滑复核：绿色为未拟录取；与卡方标题10+2人闭合。分布及复录比按普通计划10人/12人，剔除2名少干专项。,1,special_plan_exclusion_unclear,年度线与录取,224,323.0,375.22,52.22000000000003,24,-15.0,9.220000000000027,43.0,1.152860359659228,-0.2937
东华大学,2022,A,360,374.0,374（机构2022汇总；多方向取最高普通线）,机构汇总（二次核验）,third_party,0.62,已给出院校线,https://www.educity.cn/kyyy/5009654.html,35,,,,,,,,missing,0.0,374.0,cutoff_fallback,0.341,14.0,,0,就现在考研小程序院校模块（2026-08-14读取）：https://admin.jiuxianzai.cn/api/applet/home/index/schoolDetail/9981192188eeeb2aaaf0106e534631cc,0,,年度线与录取,225,,,,,,,,,
东华大学,2023,A,346,351.0,351（小程序院校模块；待官网复核）,主流机构小程序,third_party,0.62,国家线不等同学院实际复试线,https://yz.chsi.com.cn/kyzx/zt/lnfsx2023.shtml,40,354.0,,,,,,354.0,minimum_only,0.252,354.0,q10_proxy,0.252,5.0,8.0,0,就现在考研小程序院校模块（2026-08-14读取）：https://admin.jiuxianzai.cn/api/applet/home/index/schoolDetail/9981192188eeeb2aaaf0106e534631cc,0,,年度线与录取,226,374.0,,,35,,,,,
东华大学,2024,A,338,338.0,338（机构公开页；多方向取最高，需以官网复核）,机构公开汇总（二次核验）,third_party,0.62,(011)理学院 (01)金融统计=338；(011)理学院 (02)经济与社会统计=338；(011)理学院 (03)大数据分析=338,https://www.ludengkaoyan.com/school68/qrz/zsml/16467.html,39,371.0,,,,,,371.0,minimum_only,0.252,371.0,q10_proxy,0.252,0.0,33.0,0,就现在考研小程序院校模块（2026-08-14读取）：https://admin.jiuxianzai.cn/api/applet/home/index/schoolDetail/9981192188eeeb2aaaf0106e534631cc,0,,年度线与录取,227,351.0,354.0,8.0,40,-23.0,,8.0,,-0.6125
东华大学,2025,A,323,323.0,323（机构公开页；多方向取最高，需以官网复核）,机构公开汇总（二次核验）,third_party,0.62,(011)数学与统计学院 (01)金融统计=323；(011)数学与统计学院 (02)经济与社会统计=323；(011)数学与统计学院 (03)大数据分析=323,https://www.ludengkaoyan.com/school68/qrz/zsml/176851.html,42,338.0,,,,,,338.0,minimum_only,0.252,338.0,q10_proxy,0.252,0.0,15.0,0,就现在考研小程序院校模块（2026-08-14读取）：https://admin.jiuxianzai.cn/api/applet/home/index/schoolDetail/9981192188eeeb2aaaf0106e534631cc,0,,年度线与录取,228,338.0,371.0,33.0,39,-13.0,25.0,20.5,2.0833333333333335,0.7414
东华大学,2026,A,324,324.0,324（机构公开页；多方向取最高，需以官网复核）,机构公开汇总（二次核验）,third_party,0.62,(011)数学与统计学院 (01)金融统计=324；(011)数学与统计学院 (02)经济与社会统计=324；(011)数学与统计学院 (03)大数据分析=324,https://www.ludengkaoyan.com/school68/qrz/zsml/307127.html,25,389.0,407.0,442.0,,,,391.4,order_stat_interpolation,0.49,391.4,q10_proxy,0.49,0.0,67.39999999999998,0,就现在考研小程序院校模块（2026-08-14读取）：https://admin.jiuxianzai.cn/api/applet/home/index/schoolDetail/9981192188eeeb2aaaf0106e534631cc；经人数与最低录取线校验的名单图：https://jiuxianzai.oss-cn-beijing.aliyuncs.com/kaoyan/2026/05/15/cdd9375b2ccc47d4a3069fda61464898.png；卡方2026录取名单专辑交叉验证：录取线389 | 2026年东华大学公布拟录取名单25人 https://mp.weixin.qq.com/s?__biz=MzIxNTM0MjQ3OA==&mid=2247511884&idx=3&sn=8d53c37b62a3d3cc2d3d4d372382c8bc&chksm=979b23ada0ecaabb74fb8fde488a5f9786612b0d8054fdc932ea62e7483c011c09408337e528#rd,0,,年度线与录取,229,323.0,338.0,15.0,42,-15.0,-18.0,15.0,-0.2967759341697019,-0.1998
北京工业大学,2022,A,360,400.0,400（机构2022汇总；多方向取最高普通线）,机构汇总（二次核验）,third_party,0.62,已给出院校线,https://www.educity.cn/kyyy/5009654.html,16,,,,24,1.5,1.5,,missing,0.0,400.0,cutoff_fallback,0.341,40.0,,0,就现在考研小程序院校模块（2026-08-14读取）：https://admin.jiuxianzai.cn/api/applet/home/index/schoolDetail/08214894121ecd7fd615f4583fe662d1,0,,年度线与录取,230,,,,,,,,,
北京工业大学,2023,A,346,352.0,352（小程序院校模块；待官网复核）,主流机构小程序,third_party,0.62,国家线不等同学院实际复试线,https://yz.chsi.com.cn/kyzx/zt/lnfsx2023.shtml,23,352.0,,,27,1.173913043478261,1.1739,352.0,minimum_only,0.252,352.0,q10_proxy,0.252,6.0,6.0,0,就现在考研小程序院校模块（2026-08-14读取）：https://admin.jiuxianzai.cn/api/applet/home/index/schoolDetail/08214894121ecd7fd615f4583fe662d1,0,,年度线与录取,231,400.0,,,16,,,,,
北京工业大学,2024,A,338,338.0,338（机构公开页；多方向取最高，需以官网复核）,机构公开汇总（二次核验）,third_party,0.62,(066)理学部 (01)生物医学统计=338；(066)理学部 (02)经济与社会统计=338；(066)理学部 (03)精算统计=338；(066)理学部 (04)质量管理统计=338；(066)理学部 (05)大数据分析与处理=338；(066)理学部 (06)机器学习与优化统计=338,https://www.ludengkaoyan.com/school41/qrz/zsml/121.html,21,353.0,379.0,404.0,27,1.2857142857142858,1.2857,356.12,order_stat_interpolation,0.49,356.12,q10_proxy,0.49,0.0,18.120000000000005,0,就现在考研小程序院校模块（2026-08-14读取）：https://admin.jiuxianzai.cn/api/applet/home/index/schoolDetail/08214894121ecd7fd615f4583fe662d1；经人数与最低录取线校验的名单图：https://jiuxianzai.oss-cn-beijing.aliyuncs.com/kaoyan/2024/04/14/9c32374a27934181a9c845d1039c7741.png,0,,年度线与录取,232,352.0,352.0,6.0,23,-48.0,,6.0,,-0.6125
北京工业大学,2025,A,323,375.0,375（025200）,官方,official,1.0,025200,https://yanzhao.bjut.edu.cn/info/1019/17506.htm,19,376.0,390.0,410.0,23,1.2105263157894737,1.2105,377.56,order_stat_interpolation,0.49,377.56,q10_proxy,0.49,52.0,54.56,0,就现在考研小程序院校模块（2026-08-14读取）：https://admin.jiuxianzai.cn/api/applet/home/index/schoolDetail/08214894121ecd7fd615f4583fe662d1；经人数与最低录取线校验的名单图：https://jiuxianzai.oss-cn-beijing.aliyuncs.com/kaoyan/2025/04/07/a89e7e6c9b114379830ff96901054756.png,0,,年度线与录取,233,338.0,356.12,18.120000000000005,21,-14.0,12.120000000000005,12.060000000000002,1.0100000000000005,0.8046
北京工业大学,2026,A,324,324.0,324（机构公开页；多方向取最高，需以官网复核）,机构公开汇总（二次核验）,third_party,0.62,(086)数学统计学与力学学院 (01)生物医学统计=324；(086)数学统计学与力学学院 (02)经济与社会统计=324；(086)数学统计学与力学学院 (03)精算统计=324；(086)数学统计学与力学学院 (04)质量管理统计=324；(086)数学统计学与力学学院 (05)大数据分析与处理=324；(086)数学统计学与力学学院 (06)机器学习与优化统计=324,https://www.ludengkaoyan.com/school41/qrz/zsml/269235.html,13,398.0,401.0,417.0,16,1.2307692307692308,1.2308,398.2,order_stat_interpolation,0.49,398.2,q10_proxy,0.49,0.0,74.19999999999999,0,就现在考研小程序院校模块（2026-08-14读取）：https://admin.jiuxianzai.cn/api/applet/home/index/schoolDetail/08214894121ecd7fd615f4583fe662d1；经人数与最低录取线校验的名单图：https://jiuxianzai.oss-cn-beijing.aliyuncs.com/kaoyan/2026/05/15/a5466fb7226d4a4f9ad8c7f720b17d50.png；卡方2026录取名单专辑交叉验证：初试第一被刷，录取线398  | 2026年北京工业大学公布拟录取名单13人 https://mp.weixin.qq.com/s?__biz=MzIxNTM0MjQ3OA==&mid=2247511773&idx=4&sn=70daca445d6d8c435a6346145a90bd7a&chksm=979b223ca0ecab2a437401c0379ee32ee2ebecf22614d46dd08241f3a9d806a986101979f24a#rd,0,,年度线与录取,234,375.0,377.56,54.56,19,37.0,36.44,18.120000000000005,4.7303394847781,-0.535
合肥工业大学,2022,A,360,,官方2022复试线表未见025200；不填国家线替代,官方查无该专业,official,1.0,,https://yjszs.hfut.edu.cn/2022/0319/c13533a280872/page.htm,,,,,,,,,missing,0.0,,cutoff_fallback,0.55,,,0,,0,,年度线与录取,235,,,,,,,,,
合肥工业大学,2023,A,346,346.0,346（025200应用统计，非全日制，学校官方）,官方2023,official,1.0,,https://yjszs.hfut.edu.cn/2023/0318/c13524a289822/page.htm,,,,,,,,,missing,0.0,346.0,cutoff_fallback,0.55,0.0,,0,,0,,年度线与录取,236,,,,,,,,,
合肥工业大学,2024,A,338,338.0,338（025200应用统计，非全日制，学校官方）,官方2024,official,1.0,,https://yjszs.hfut.edu.cn/2024/0322/c13533a301654/page.htm,,,,,,,,,missing,0.0,338.0,cutoff_fallback,0.55,0.0,,0,,0,,年度线与录取,237,346.0,,,,,,,,-0.6125
合肥工业大学,2025,A,323,323.0,323（025200应用统计，非全日制，学校官方）,官方2025,official,1.0,,https://yjszs.hfut.edu.cn/2025/0319/c13524a310804/page.htm,,,,,,,,,missing,0.0,323.0,cutoff_fallback,0.55,0.0,,0,,0,,年度线与录取,238,338.0,,,,-8.0,,,,0.5411
合肥工业大学,2026,A,324,332.0,332（025200应用统计，非全日制，学校官方）,官方2026,official,1.0,学校规定数学学院差额复试比例120%；这不是由名单闭合计算的实际复录比。,https://yjszs.hfut.edu.cn/2026/0320/c13533a317912/pagem.htm,,,,,,,,,missing,0.0,332.0,cutoff_fallback,0.55,8.0,,0,,0,,年度线与录取,239,323.0,,,,-15.0,,,,0.2648
郑州大学,2022,A,360,374.0,374（机构2022汇总；多方向取最高普通线）,机构汇总（二次核验）,third_party,0.62,已给出院校线,https://www.educity.cn/kyyy/5009654.html,70,,,,73,1.042857142857143,1.0429,,missing,0.0,374.0,cutoff_fallback,0.341,14.0,,0,就现在考研小程序院校模块（2026-08-14读取）：https://admin.jiuxianzai.cn/api/applet/home/index/schoolDetail/e6184904e58ab302502ce1d2b0cf01dc,0,,年度线与录取,240,,,,,,,,,
郑州大学,2023,A,346,366.0,366（小程序院校模块；待官网复核）,主流机构小程序,third_party,0.62,国家线不等同学院实际复试线,https://yz.chsi.com.cn/kyzx/zt/lnfsx2023.shtml,71,,,,89,1.2535211267605637,1.2535,,missing,0.0,366.0,cutoff_fallback,0.341,20.0,,0,就现在考研小程序院校模块（2026-08-14读取）：https://admin.jiuxianzai.cn/api/applet/home/index/schoolDetail/e6184904e58ab302502ce1d2b0cf01dc,0,,年度线与录取,241,374.0,,,70,,,,,
郑州大学,2024,A,338,338.0,338（机构公开页；多方向取最高，需以官网复核）,机构公开汇总（二次核验）,third_party,0.62,(014)数学与统计学院 (01)统计与大数据分析=338；(014)数学与统计学院 (02)金融统计和风险管理=338；(014)数学与统计学院 (03)（河南省大数据研究院）统计与大数据分析=338；(014)数学与统计学院 (04)（现代制造河南实验室-洛阳）统计与大数据分析=338,https://www.ludengkaoyan.com/school86/qrz/zsml/16631.html,75,347.0,373.0,422.0,93,1.24,1.24,351.64,order_stat_interpolation,0.49,351.64,q10_proxy,0.49,0.0,13.639999999999986,0,就现在考研小程序院校模块（2026-08-14读取）：https://admin.jiuxianzai.cn/api/applet/home/index/schoolDetail/e6184904e58ab302502ce1d2b0cf01dc；经人数与最低录取线校验的名单图：https://jiuxianzai.oss-cn-beijing.aliyuncs.com/kaoyan/2024/05/01/222f44e3390c44228ef1b20364d4b430.png,0,,年度线与录取,242,366.0,,,71,-8.0,,,,-0.6125
郑州大学,2025,A,323,323.0,323（机构公开页；多方向取最高，需以官网复核）,机构公开汇总（二次核验）,third_party,0.62,(014)数学与统计学院 (01)统计与大数据分析=323；(014)数学与统计学院 (02)金融统计和风险管理=323,https://www.ludengkaoyan.com/school86/qrz/zsml/214515.html,45,363.0,,,56,1.2444444444444445,1.2444,363.0,minimum_only,0.252,363.0,q10_proxy,0.252,0.0,40.0,0,就现在考研小程序院校模块（2026-08-14读取）：https://admin.jiuxianzai.cn/api/applet/home/index/schoolDetail/e6184904e58ab302502ce1d2b0cf01dc,0,,年度线与录取,243,338.0,351.64,13.639999999999986,75,-28.0,,13.639999999999986,,0.816
郑州大学,2026,A,324,324.0,324（机构公开页；多方向取最高，需以官网复核）,机构公开汇总（二次核验）,third_party,0.62,(014)数学与统计学院 (01)统计与大数据分析=324；(014)数学与统计学院 (02)金融统计和风险管理=324,https://www.ludengkaoyan.com/school86/qrz/zsml/342836.html,44,366.0,387.0,439.0,53,1.2045454545454546,1.2045,369.42,order_stat_interpolation,0.49,369.42,q10_proxy,0.49,0.0,45.420000000000016,0,就现在考研小程序院校模块（2026-08-14读取）：https://admin.jiuxianzai.cn/api/applet/home/index/schoolDetail/e6184904e58ab302502ce1d2b0cf01dc；经人数与最低录取线校验的名单图：https://jiuxianzai.oss-cn-beijing.aliyuncs.com/kaoyan/2026/05/15/2903b99fb021427f908ffceeb4088294.png；卡方2026录取名单专辑交叉验证：录取线366 | 2026年郑州大学公布拟录取名单44人 https://mp.weixin.qq.com/s?__biz=MzIxNTM0MjQ3OA==&mid=2247512232&idx=5&sn=e91ec6eee2c3fa4dac7bb937bf244f4d&chksm=979b3c49a0ecb55f8695847682cfbd85348b21a2b1930ce71db75f27cccfd1667281b182af32#rd,0,,年度线与录取,244,323.0,363.0,40.0,45,-15.0,26.360000000000014,26.819999999999993,2.1966666666666677,-0.3661
华南师范大学,2022,A,360,360.0,360（机构2022汇总；多方向取最高普通线）,机构汇总（二次核验）,third_party,0.62,已给出院校线,https://www.educity.cn/kyyy/5009654.html,,,,,,,,,missing,0.0,360.0,cutoff_fallback,0.341,0.0,,0,就现在考研小程序院校模块（2026-08-14读取）：https://admin.jiuxianzai.cn/api/applet/home/index/schoolDetail/20a5e59472635a28a69ee08ec0a82cf5; https://admin.jiuxianzai.cn/api/applet/home/index/schoolDetail/a2febbe104a80460a28e6a3a4172b085,0,,年度线与录取,245,,,,,,,,,
华南师范大学,2023,A,346,371.0,371（小程序院校模块；待官网复核）,主流机构小程序,third_party,0.62,国家线不等同学院实际复试线,https://yz.chsi.com.cn/kyzx/zt/lnfsx2023.shtml,16,347.0,,,18,1.125,1.125,347.0,minimum_only,0.252,347.0,q10_proxy,0.252,25.0,1.0,0,就现在考研小程序院校模块（2026-08-14读取）：https://admin.jiuxianzai.cn/api/applet/home/index/schoolDetail/20a5e59472635a28a69ee08ec0a82cf5; https://admin.jiuxianzai.cn/api/applet/home/index/schoolDetail/a2febbe104a80460a28e6a3a4172b085,1,admitted_min_below_selected_cutoff,年度线与录取,246,360.0,,,,,,,,
华南师范大学,2024,A,338,338.0,338（机构公开页；多方向取最高，需以官网复核）,机构公开汇总（二次核验）,third_party,0.62,(013)数学科学学院 (01)不区分研究方向=338；(024)心理学院 (01)应用统计=338,https://www.ludengkaoyan.com/school94/qrz/zsml/16712.html,34,340.0,393.0,437.0,38,1.1176470588235294,1.1176,348.03,order_stat_interpolation,0.49,348.03,q10_proxy,0.49,0.0,10.029999999999973,0,就现在考研小程序院校模块（2026-08-14读取）：https://admin.jiuxianzai.cn/api/applet/home/index/schoolDetail/20a5e59472635a28a69ee08ec0a82cf5; https://admin.jiuxianzai.cn/api/applet/home/index/schoolDetail/a2febbe104a80460a28e6a3a4172b085；经人数与最低录取线校验的名单图：https://jiuxianzai.oss-cn-beijing.aliyuncs.com/kaoyan/2024/05/06/1ff45452cd48413bbfd19b34c40634d7.png; https://jiuxianzai.oss-cn-beijing.aliyuncs.com/kaoyan/2024/05/06/af3a71bfc18f49ba86820f2d017e9b34.png,0,,年度线与录取,247,371.0,347.0,1.0,16,11.0,,1.0,,-0.6125
华南师范大学,2025,A,323,323.0,323（机构公开页；多方向取最高，需以官网复核）,机构公开汇总（二次核验）,third_party,0.62,(013)数学科学学院 (01)不区分研究方向=323；(024)心理学院 (01)应用统计=323,https://www.ludengkaoyan.com/school94/qrz/zsml/233862.html,49,330.0,,,54,1.1020408163265305,1.102,330.0,minimum_only,0.252,330.0,q10_proxy,0.252,0.0,7.0,0,就现在考研小程序院校模块（2026-08-14读取）：https://admin.jiuxianzai.cn/api/applet/home/index/schoolDetail/20a5e59472635a28a69ee08ec0a82cf5; https://admin.jiuxianzai.cn/api/applet/home/index/schoolDetail/a2febbe104a80460a28e6a3a4172b085,0,,年度线与录取,248,338.0,348.03,10.029999999999973,34,-33.0,9.029999999999973,5.514999999999986,0.7524999999999977,0.1722
华南师范大学,2026,A,324,324.0,324（机构公开页；多方向取最高，需以官网复核）,机构公开汇总（二次核验）,third_party,0.62,(013)数学科学学院 (01)不区分研究方向=324；(024)心理学院 (01)应用统计=324,https://www.ludengkaoyan.com/school94/qrz/zsml/361560.html,37,343.0,400.0,436.0,48,1.2972972972972974,1.2973,351.87,order_stat_interpolation,0.49,351.87,q10_proxy,0.49,0.0,27.870000000000005,0,就现在考研小程序院校模块（2026-08-14读取）：https://admin.jiuxianzai.cn/api/applet/home/index/schoolDetail/20a5e59472635a28a69ee08ec0a82cf5; https://admin.jiuxianzai.cn/api/applet/home/index/schoolDetail/a2febbe104a80460a28e6a3a4172b085；经人数与最低录取线校验的名单图：https://jiuxianzai.oss-cn-beijing.aliyuncs.com/kaoyan/2026/05/15/ff91f32b6c424ee4aaac3c1a5d728477.png; https://jiuxianzai.oss-cn-beijing.aliyuncs.com/kaoyan/2026/05/15/21a655f4bfc9408f8ac8ffa1557bfd97.png；卡方2026录取名单专辑交叉验证：录取线382/343 | 2026年华南师范大学公布拟录取名单25+12人 https://mp.weixin.qq.com/s?__biz=MzIxNTM0MjQ3OA==&mid=2247512220&idx=6&sn=0fb297724ecf8f285fac5f59fb58f432&chksm=979b3c7da0ecb56bc8cb46e4697cb0b283cfccbc0115388ee5f2db57d907811196d65896033b#rd,0,,年度线与录取,249,323.0,330.0,7.0,49,-15.0,-3.0299999999999727,7.0,0.22184247570825164,1.6849
华中师范大学,2022,A,360,362.0,362（机构2022汇总；多方向取最高普通线）,机构汇总（二次核验）,third_party,0.62,已给出院校线,https://www.educity.cn/kyyy/5009654.html,26,,394.5,431.0,32,1.2307692307692308,1.2308,,missing,0.0,362.0,cutoff_fallback,0.341,2.0,,0,就现在考研小程序院校模块（2026-08-14读取）：https://admin.jiuxianzai.cn/api/applet/home/index/schoolDetail/b1f6e61e91fe5877912103300d1d4d81；经人数与最低录取线校验的名单图：https://jiuxianzai.oss-cn-beijing.aliyuncs.com/kaoyan/2022/04/18/1fbe940a2cd04e3cb2ad63e1571604bd.png,0,,年度线与录取,250,,,,,,,,,
华中师范大学,2023,A,346,362.0,362（小程序院校模块；待官网复核）,主流机构小程序,third_party,0.62,国家线不等同学院实际复试线,https://yz.chsi.com.cn/kyzx/zt/lnfsx2023.shtml,30,362.0,,,38,1.2666666666666666,1.2667,362.0,minimum_only,0.252,362.0,q10_proxy,0.252,16.0,16.0,0,就现在考研小程序院校模块（2026-08-14读取）：https://admin.jiuxianzai.cn/api/applet/home/index/schoolDetail/b1f6e61e91fe5877912103300d1d4d81,0,,年度线与录取,251,362.0,,,26,,,,,
华中师范大学,2024,A,338,338.0,338（机构公开页；多方向取最高，需以官网复核）,机构公开汇总（二次核验）,third_party,0.62,(011)数学与统计学学院 (00)不区分研究方向=338,https://www.ludengkaoyan.com/school90/qrz/zsml/16683.html,32,372.0,388.0,428.0,41,1.28125,1.2812,374.37,order_stat_interpolation,0.49,374.37,q10_proxy,0.49,0.0,36.370000000000005,0,就现在考研小程序院校模块（2026-08-14读取）：https://admin.jiuxianzai.cn/api/applet/home/index/schoolDetail/b1f6e61e91fe5877912103300d1d4d81；经人数与最低录取线校验的名单图：https://jiuxianzai.oss-cn-beijing.aliyuncs.com/kaoyan/2024/04/08/081d7c422c72477b9ce72ab662e0f856.png,0,,年度线与录取,252,362.0,362.0,16.0,30,0.0,,16.0,,-0.6125
华中师范大学,2025,A,323,323.0,323（机构公开页；多方向取最高，需以官网复核）,机构公开汇总（二次核验）,third_party,0.62,(011)数学与统计学学院 (00)不区分研究方向=323,https://www.ludengkaoyan.com/school90/qrz/zsml/223850.html,40,361.0,387.5,426.0,48,1.2,1.2,365.21,order_stat_interpolation,0.49,365.21,q10_proxy,0.49,0.0,42.20999999999998,0,就现在考研小程序院校模块（2026-08-14读取）：https://admin.jiuxianzai.cn/api/applet/home/index/schoolDetail/b1f6e61e91fe5877912103300d1d4d81；经人数与最低录取线校验的名单图：https://jiuxianzai.oss-cn-beijing.aliyuncs.com/kaoyan/2025/04/07/5be090bf15d44feea6441bc3ed77e197.png,0,,年度线与录取,253,338.0,374.37,36.370000000000005,32,-24.0,20.370000000000005,26.185000000000002,1.6975000000000005,0.7641
华中师范大学,2026,A,324,324.0,324（机构公开页；多方向取最高，需以官网复核）,机构公开汇总（二次核验）,third_party,0.62,(011)数学与统计学学院 (00)不区分研究方向=324,https://www.ludengkaoyan.com/school90/qrz/zsml/352029.html,35,357.0,381.0,432.0,42,1.2,1.2,360.67,order_stat_interpolation,0.49,360.67,q10_proxy,0.49,0.0,36.670000000000016,0,就现在考研小程序院校模块（2026-08-14读取）：https://admin.jiuxianzai.cn/api/applet/home/index/schoolDetail/b1f6e61e91fe5877912103300d1d4d81；经人数与最低录取线校验的名单图：https://jiuxianzai.oss-cn-beijing.aliyuncs.com/kaoyan/2026/05/15/8aedf96925764ffeb35f485ba6098608.png；卡方2026录取名单专辑交叉验证：录取线357  | 2026年华中师范大学公布拟录取名单35人 https://mp.weixin.qq.com/s?__biz=MzIxNTM0MjQ3OA==&mid=2247511546&idx=4&sn=3fb18d94751c1ae679a874312c430dc2&chksm=979b211ba0eca80d4924827cc666af521aa588fc404eb443aedfde1000264753ba04529afb77#rd,0,,年度线与录取,254,323.0,365.21,42.20999999999998,40,-15.0,5.839999999999975,36.370000000000005,1.0612385292697517,-0.2845
西南交通大学,2022,A,360,,未在该机构2022汇总中检出；待查官网,缺失,unclassified,0.5,,https://www.educity.cn/kyyy/5009654.html,,,,,,,,,missing,0.0,,cutoff_fallback,0.275,,,0,就现在考研小程序院校模块（2026-08-14读取）：https://admin.jiuxianzai.cn/api/applet/home/index/schoolDetail/22f40568727b2b630ef5aeac61c8cc86,0,,年度线与录取,255,,,,,,,,,
西南交通大学,2023,A,346,,A区国家线346（仅底线；未核院线，不纳入均值）,国家线底线/院线缺失,national_floor_only,0.35,国家线不等同学院实际复试线,https://yz.chsi.com.cn/kyzx/zt/lnfsx2023.shtml,,,,,,,,,missing,0.0,,cutoff_fallback,0.193,,,0,就现在考研小程序院校模块（2026-08-14读取）：https://admin.jiuxianzai.cn/api/applet/home/index/schoolDetail/22f40568727b2b630ef5aeac61c8cc86,0,,年度线与录取,256,,,,,,,,,
西南交通大学,2024,A,338,,未检出可用数值；待查官网,缺失,unclassified,0.5,,https://www.ludengkaoyan.com/major3/fsx/,,,,,,,,,missing,0.0,,cutoff_fallback,0.275,,,0,就现在考研小程序院校模块（2026-08-14读取）：https://admin.jiuxianzai.cn/api/applet/home/index/schoolDetail/22f40568727b2b630ef5aeac61c8cc86,0,,年度线与录取,257,,,,,,,,,-0.6125
西南交通大学,2025,A,323,323.0,323（机构公开页；多方向取最高，需以官网复核）,机构公开汇总（二次核验）,third_party,0.62,(040)数学学院 (01)金融统计与风险管理=323；(040)数学学院 (02)工业统计=323；(040)数学学院 (03)大数据分析=323；(040)数学学院 (04)统计决策与优化=323,https://www.ludengkaoyan.com/school97/qrz/zsml/239381.html,10,331.0,374.5,402.0,13,1.3,1.3,331.97,order_stat_interpolation,0.49,331.97,q10_proxy,0.49,0.0,8.970000000000027,0,就现在考研小程序院校模块（2026-08-14读取）：https://admin.jiuxianzai.cn/api/applet/home/index/schoolDetail/22f40568727b2b630ef5aeac61c8cc86；经人数与最低录取线校验的名单图：https://jiuxianzai.oss-cn-beijing.aliyuncs.com/kaoyan/2025/04/07/03df13c2084f42b5b8d9bee85808735f.png,0,,年度线与录取,258,,,,,,,,,0.5411
西南交通大学,2026,A,324,324.0,324（机构公开页；多方向取最高，需以官网复核）,机构公开汇总（二次核验）,third_party,0.62,(040)数学学院 (01)金融统计与风险管理=324；(040)数学学院 (02)工业统计=324；(040)数学学院 (03)大数据分析=324；(040)数学学院 (04)统计决策与优化=324,https://www.ludengkaoyan.com/school97/qrz/zsml/368755.html,10,360.0,387.0,420.0,18,1.8,1.8,360.6,order_stat_interpolation,0.49,360.6,q10_proxy,0.49,0.0,36.60000000000002,0,就现在考研小程序院校模块（2026-08-14读取）：https://admin.jiuxianzai.cn/api/applet/home/index/schoolDetail/22f40568727b2b630ef5aeac61c8cc86；经人数与最低录取线校验的名单图：https://jiuxianzai.oss-cn-beijing.aliyuncs.com/kaoyan/2026/05/15/85d8569f173f4aaeaf144a141dda91da.png；卡方2026录取名单专辑交叉验证：录取线360 | 2026年西南交通大学公布拟录取名单10人 https://mp.weixin.qq.com/s?__biz=MzIxNTM0MjQ3OA==&mid=2247511621&idx=5&sn=f1974365fc3ced2dbd6997e343cc4f93&chksm=979b22a4a0ecabb29e758a7848b632903e13ebc249504d0c1db785f388c3751e56af239808a5#rd,0,,年度线与录取,259,323.0,331.97,8.970000000000027,10,,,8.970000000000027,,1.5386
西北大学,2022,A,360,380.0,380（机构2022汇总；多方向取最高普通线）,机构汇总（二次核验）,third_party,0.62,已给出院校线,https://www.educity.cn/kyyy/5009654.html,55,,,,74,1.3454545454545457,1.3455,,missing,0.0,380.0,cutoff_fallback,0.341,20.0,,0,就现在考研小程序院校模块（2026-08-14读取）：https://admin.jiuxianzai.cn/api/applet/home/index/schoolDetail/a8a62f7f7ad02bcd50fec1350e962d1a,0,,年度线与录取,260,,,,,,,,,
西北大学,2023,A,346,386.0,386（小程序院校模块；待官网复核）,主流机构小程序,third_party,0.62,国家线不等同学院实际复试线,https://yz.chsi.com.cn/kyzx/zt/lnfsx2023.shtml,55,389.0,,,72,1.309090909090909,1.3091,389.0,minimum_only,0.252,389.0,q10_proxy,0.252,40.0,43.0,0,就现在考研小程序院校模块（2026-08-14读取）：https://admin.jiuxianzai.cn/api/applet/home/index/schoolDetail/a8a62f7f7ad02bcd50fec1350e962d1a,0,,年度线与录取,261,380.0,,,55,,,,,
西北大学,2024,A,338,338.0,338（机构公开页；多方向取最高，需以官网复核）,机构公开汇总（二次核验）,third_party,0.62,(014)数学学院 (00)不区分研究方向=338,https://www.ludengkaoyan.com/school104/qrz/zsml/16766.html,47,344.0,377.0,427.0,60,1.2765957446808511,1.2766,349.45,order_stat_interpolation,0.49,349.45,q10_proxy,0.49,0.0,11.449999999999989,0,就现在考研小程序院校模块（2026-08-14读取）：https://admin.jiuxianzai.cn/api/applet/home/index/schoolDetail/a8a62f7f7ad02bcd50fec1350e962d1a；经人数与最低录取线校验的名单图：https://jiuxianzai.oss-cn-beijing.aliyuncs.com/kaoyan/2024/04/08/425ca9e56e524553b506f20500674ed4.png,0,,年度线与录取,262,386.0,389.0,43.0,55,6.0,,43.0,,-0.6125
西北大学,2025,A,323,323.0,323（机构公开页；多方向取最高，需以官网复核）,机构公开汇总（二次核验）,third_party,0.62,(014)数学学院 (00)不区分研究方向=323,https://www.ludengkaoyan.com/school104/qrz/zsml/245614.html,31,325.0,356.0,406.0,36,1.1612903225806452,1.1613,329.55,order_stat_interpolation,0.49,329.55,q10_proxy,0.49,0.0,6.550000000000011,0,就现在考研小程序院校模块（2026-08-14读取）：https://admin.jiuxianzai.cn/api/applet/home/index/schoolDetail/a8a62f7f7ad02bcd50fec1350e962d1a；经人数与最低录取线校验的名单图：https://jiuxianzai.oss-cn-beijing.aliyuncs.com/kaoyan/2025/04/07/de0a5fa1bb924389987e6b869c209f90.png,0,,年度线与录取,263,338.0,349.45,11.449999999999989,47,-48.0,-31.55000000000001,27.224999999999994,-2.6291666666666678,1.0186
西北大学,2026,A,324,324.0,324（机构公开页；多方向取最高，需以官网复核）,机构公开汇总（二次核验）,third_party,0.62,(014)数学学院 (00)不区分研究方向=324,https://www.ludengkaoyan.com/school104/qrz/zsml/372824.html,42,341.0,372.5,421.0,52,1.238095238095238,1.2381,346.07,order_stat_interpolation,0.49,346.07,q10_proxy,0.49,0.0,22.069999999999993,0,就现在考研小程序院校模块（2026-08-14读取）：https://admin.jiuxianzai.cn/api/applet/home/index/schoolDetail/a8a62f7f7ad02bcd50fec1350e962d1a；卡方2026录取名单专辑交叉验证：录取线341 | 2026年西北大学公布拟录取名单42+1人，补录4人！ https://mp.weixin.qq.com/s?__biz=MzIxNTM0MjQ3OA==&mid=2247511476&idx=5&sn=4e4edd5bb69b14e98858afe6e45af996&chksm=979b2155a0eca84396d192e02a5c94ccba97e05fc303cced11122dadb079d7ca8c19fae624bc#rd；统计战线小程序2026复试名单图人工下滑复核：绿色为未拟录取；与卡方标题42+1人闭合。分布及复录比按普通计划42人/52人，剔除1名少干专项。,1,special_plan_exclusion_unclear,年度线与录取,264,323.0,329.55,6.550000000000011,31,-15.0,-4.899999999999977,11.449999999999989,-0.8839997750984843,-0.1607
中国石油大学（北京）,2022,B,350,360.0,360（机构2022汇总；多方向取最高普通线）,机构汇总（二次核验）,third_party,0.62,已给出院校线,https://www.educity.cn/kyyy/5009654.html,17,,,,19,1.1176470588235294,1.1176,,missing,0.0,360.0,cutoff_fallback,0.341,10.0,,0,就现在考研小程序院校模块（2026-08-14读取）：https://admin.jiuxianzai.cn/api/applet/home/index/schoolDetail/d244bb654f35a3f1189323b88c5a7c04; https://admin.jiuxianzai.cn/api/applet/home/index/schoolDetail/e41c6eec6386f172b952fece19a0f088,0,,年度线与录取,265,,,,,,,,,
中国石油大学（北京）,2023,B,336,377.0,377（小程序院校模块；待官网复核）,主流机构小程序,third_party,0.62,国家线不等同学院实际复试线,https://yz.chsi.com.cn/kyzx/zt/lnfsx2023.shtml,9,385.0,,,15,1.6666666666666667,1.6667,385.0,minimum_only,0.252,385.0,q10_proxy,0.252,41.0,49.0,0,就现在考研小程序院校模块（2026-08-14读取）：https://admin.jiuxianzai.cn/api/applet/home/index/schoolDetail/d244bb654f35a3f1189323b88c5a7c04; https://admin.jiuxianzai.cn/api/applet/home/index/schoolDetail/e41c6eec6386f172b952fece19a0f088,0,,年度线与录取,266,360.0,,,17,,,,,
中国石油大学（北京）,2024,B,328,338.0,338（机构公开页；多方向取最高，需以官网复核）,机构公开汇总（二次核验）,third_party,0.62,(009)理学院 (01)经济与金融统计分析=338；(009)理学院 (02)大数据分析=338；(031)克拉玛依校区 (02)大数据分析=338,https://www.ludengkaoyan.com/school113/qrz/zsml/155.html,9,354.0,365.0,417.0,9,1.0,1.0,354.0,small_n_minimum,0.346,354.0,q10_proxy,0.346,10.0,26.0,0,就现在考研小程序院校模块（2026-08-14读取）：https://admin.jiuxianzai.cn/api/applet/home/index/schoolDetail/d244bb654f35a3f1189323b88c5a7c04; https://admin.jiuxianzai.cn/api/applet/home/index/schoolDetail/e41c6eec6386f172b952fece19a0f088；经人数与最低录取线校验的名单图：https://jiuxianzai.oss-cn-beijing.aliyuncs.com/kaoyan/2024/04/09/44594d800d1c4fdf9b5f198bda3e56b3.png; https://jiuxianzai.oss-cn-beijing.aliyuncs.com/kaoyan/2024/05/01/8cf9e0ea7dc047ffa3ce3ac0fad32364.png,0,,年度线与录取,267,377.0,385.0,49.0,9,17.0,,49.0,,-0.6125
中国石油大学（北京）,2025,B,313,323.0,323（机构公开页；多方向取最高，需以官网复核）,机构公开汇总（二次核验）,third_party,0.62,(009)理学院 (01)经济与金融统计分析=323；(009)理学院 (02)大数据分析=323；(031)克拉玛依校区 (01)经济与金融统计分析=323；(031)克拉玛依校区 (02)大数据分析=323,https://www.ludengkaoyan.com/school113/qrz/zsml/147347.html,14,342.0,355.5,399.0,14,1.0,1.0,343.04,order_stat_interpolation,0.49,343.04,q10_proxy,0.49,10.0,30.04000000000002,0,就现在考研小程序院校模块（2026-08-14读取）：https://admin.jiuxianzai.cn/api/applet/home/index/schoolDetail/d244bb654f35a3f1189323b88c5a7c04; https://admin.jiuxianzai.cn/api/applet/home/index/schoolDetail/e41c6eec6386f172b952fece19a0f088；经人数与最低录取线校验的名单图：https://jiuxianzai.oss-cn-beijing.aliyuncs.com/kaoyan/2025/04/07/94af22aaf0a342dd9450908f4041b750.png; https://jiuxianzai.oss-cn-beijing.aliyuncs.com/kaoyan/2025/04/07/6f853d1fc86f41e8846762437c29bec6.png,0,,年度线与录取,268,338.0,354.0,26.0,9,-39.0,-23.0,37.5,-1.9166666666666667,0.6075
中国石油大学（北京）,2026,B,314,324.0,324（机构公开页；多方向取最高，需以官网复核）,机构公开汇总（二次核验）,third_party,0.62,(009)理学院 (01)经济与金融统计分析=324；(009)理学院 (02)大数据分析=324；(031)克拉玛依校区 (01)经济与金融统计分析=324；(031)克拉玛依校区 (02)大数据分析=324,https://www.ludengkaoyan.com/school113/qrz/zsml/277513.html,11,370.0,386.0,436.0,13,1.181818181818182,1.1818,370.64,order_stat_interpolation,0.49,370.64,q10_proxy,0.49,10.0,56.639999999999986,0,就现在考研小程序院校模块（2026-08-14读取）：https://admin.jiuxianzai.cn/api/applet/home/index/schoolDetail/d244bb654f35a3f1189323b88c5a7c04; https://admin.jiuxianzai.cn/api/applet/home/index/schoolDetail/e41c6eec6386f172b952fece19a0f088；经人数与最低录取线校验的名单图：https://jiuxianzai.oss-cn-beijing.aliyuncs.com/kaoyan/2026/05/15/ff6a499c5d434b4d9666674a73705499.png; https://jiuxianzai.oss-cn-beijing.aliyuncs.com/kaoyan/2026/05/15/206a8989fb864f22af9f2267ae2d6773.png；卡方2026录取名单专辑交叉验证：录取线377/370｜2026年中国石油大学（北京）公布拟录取名单12+1人 https://mp.weixin.qq.com/s?__biz=MzIxNTM0MjQ3OA==&mid=2247511562&idx=6&sn=4a605845772e593087ff153672396165&chksm=979b22eba0ecabfd7d0f4c3e1c32a6b77c28605f34fde2c580cec75651af61f93d5446dec141#rd,0,,年度线与录取,269,323.0,343.04,30.04000000000002,14,-15.0,4.0400000000000205,30.04000000000002,-0.4375392231039467,0.2815
华北电力大学,2022,A,360,360.0,360（机构2022汇总；多方向取最高普通线）,机构汇总（二次核验）,third_party,0.62,已给出院校线,https://www.educity.cn/kyyy/5009654.html,86,360.0,,,107,1.244186046511628,1.2442,360.0,minimum_only,0.252,360.0,q10_proxy,0.252,0.0,0.0,0,就现在考研小程序院校模块（2026-08-14读取）：https://admin.jiuxianzai.cn/api/applet/home/index/schoolDetail/13307756a9c5f293c189c4680e3b983e; https://admin.jiuxianzai.cn/api/applet/home/index/schoolDetail/30e69a8facb6798aa95c67a1c83900c2,0,,年度线与录取,270,,,,,,,,,
华北电力大学,2023,A,346,349.0,349（小程序院校模块；待官网复核）,主流机构小程序,third_party,0.62,国家线不等同学院实际复试线,https://yz.chsi.com.cn/kyzx/zt/lnfsx2023.shtml,67,346.0,381.0,441.0,98,1.462686567164179,1.4627,352.15,order_stat_interpolation,0.49,352.15,q10_proxy,0.49,3.0,6.149999999999977,0,就现在考研小程序院校模块（2026-08-14读取）：https://admin.jiuxianzai.cn/api/applet/home/index/schoolDetail/13307756a9c5f293c189c4680e3b983e; https://admin.jiuxianzai.cn/api/applet/home/index/schoolDetail/30e69a8facb6798aa95c67a1c83900c2；经人数与最低录取线校验的名单图：https://jiuxianzai.oss-cn-beijing.aliyuncs.com/kaoyan/2023/06/01/a90568539ebb4c67b5c8b11704009221.png; https://jiuxianzai.oss-cn-beijing.aliyuncs.com/kaoyan/2023/06/01/b348540d63734303b4587a24f3a32e73.png,1,admitted_min_below_selected_cutoff,年度线与录取,271,360.0,360.0,0.0,86,,,0.0,,
华北电力大学,2024,A,338,338.0,338（机构公开页；多方向取最高，需以官网复核）,机构公开汇总（二次核验）,third_party,0.62,(004)数理系 (01)金融统计=338；(004)数理系 (02)能源统计=338；(004)数理系 (03)统计优化与应用=338；(004)数理系 (04)生物统计=338；(004)数理系 (05)大数据分析=338；(004)数理系 (06)应用数理统计=338；(004)数理系 (07)风险管理与精算=338；(010)数理学院 (01)应用数理统计=338；(010)数理学院 (02)大数据分析=338；(010)数理学院 (03)生态统计=338,https://www.ludengkaoyan.com/school56/qrz/zsml/181.html,83,338.0,376.0,426.0,111,1.3373493975903614,1.3373,344.86,order_stat_interpolation,0.49,344.86,q10_proxy,0.49,0.0,6.860000000000014,0,就现在考研小程序院校模块（2026-08-14读取）：https://admin.jiuxianzai.cn/api/applet/home/index/schoolDetail/13307756a9c5f293c189c4680e3b983e; https://admin.jiuxianzai.cn/api/applet/home/index/schoolDetail/30e69a8facb6798aa95c67a1c83900c2；经人数与最低录取线校验的名单图：https://jiuxianzai.oss-cn-beijing.aliyuncs.com/kaoyan/2024/05/01/57218ecc7da2488bae715a5a57686822.png; https://jiuxianzai.oss-cn-beijing.aliyuncs.com/kaoyan/2024/04/09/262e77ecb32748f7b2110fb572d49bcd.png,0,,年度线与录取,272,349.0,352.15,6.149999999999977,67,-11.0,6.149999999999977,3.0749999999999886,0.5124999999999981,-1.175
华北电力大学,2025,A,323,323.0,323（机构公开页；多方向取最高，需以官网复核）,机构公开汇总（二次核验）,third_party,0.62,(004)数理系 (01)金融统计=323；(004)数理系 (02)能源统计=323；(004)数理系 (03)统计优化与应用=323；(004)数理系 (04)生物统计=323；(004)数理系 (05)大数据分析=323；(004)数理系 (06)应用数理统计=323；(004)数理系 (07)风险管理与精算=323；(010)数理学院 (01)应用数理统计=323；(010)数理学院 (02)大数据分析=323；(010)数理学院 (03)生态统计=323,https://www.ludengkaoyan.com/school56/qrz/zsml/157596.html,67,326.0,,,85,1.2686567164179106,1.2687,326.0,minimum_only,0.252,326.0,q10_proxy,0.252,0.0,3.0,0,就现在考研小程序院校模块（2026-08-14读取）：https://admin.jiuxianzai.cn/api/applet/home/index/schoolDetail/13307756a9c5f293c189c4680e3b983e; https://admin.jiuxianzai.cn/api/applet/home/index/schoolDetail/30e69a8facb6798aa95c67a1c83900c2,0,,年度线与录取,273,338.0,344.86,6.860000000000014,83,-11.0,0.7100000000000364,6.149999999999977,0.8302268372744518,0.1566
华北电力大学,2026,A,324,324.0,324（机构公开页；多方向取最高，需以官网复核）,机构公开汇总（二次核验）,third_party,0.62,(004)数理系 (01)金融统计=324；(004)数理系 (02)能源统计=324；(004)数理系 (03)统计优化与应用=324；(004)数理系 (04)生物统计=324；(004)数理系 (05)大数据分析=324；(004)数理系 (06)应用数理统计=324；(004)数理系 (07)风险管理与精算=324；(010)数理学院 (01)应用数理统计=324；(010)数理学院 (02)大数据分析=324；(010)数理学院 (03)生态统计=324,https://www.ludengkaoyan.com/school56/qrz/zsml/393670.html,54,372.0,394.5,438.0,73,1.351851851851852,1.3519,375.82,order_stat_interpolation,0.49,375.82,q10_proxy,0.49,0.0,51.81999999999999,0,就现在考研小程序院校模块（2026-08-14读取）：https://admin.jiuxianzai.cn/api/applet/home/index/schoolDetail/13307756a9c5f293c189c4680e3b983e; https://admin.jiuxianzai.cn/api/applet/home/index/schoolDetail/30e69a8facb6798aa95c67a1c83900c2；经人数与最低录取线校验的名单图：https://jiuxianzai.oss-cn-beijing.aliyuncs.com/kaoyan/2026/05/15/a582d38c86bb487a87de637513c0ab78.png; https://jiuxianzai.oss-cn-beijing.aliyuncs.com/kaoyan/2026/05/15/98735ebcedcb4f4fbac7b0801faee479.png；卡方2026录取名单专辑交叉验证：录取线372 | 2026年华北电力大学（保定）公布拟录取名单17人 https://mp.weixin.qq.com/s?__biz=MzIxNTM0MjQ3OA==&mid=2247511654&idx=6&sn=ca361929968cfd85532f780da2d893ff&chksm=979b2287a0ecab91c2a8d0a4071db0eb04d442da3372a9836c8b92fb8d9c394aee3ad01f2962#rd；录取线381 | 2026年华北电力大学公布拟录取名单37人 https://mp.weixin.qq.com/s?__biz=MzIxNTM0MjQ3OA==&mid=2247512114&idx=4&sn=fba13f5fe9a3f7af6798a3160f0801d2&chksm=979b3cd3a0ecb5c5591fb2aeb52d9a382bfa310f2e06d801ad65af57b48b4992534a53d8be57#rd,0,,年度线与录取,274,323.0,326.0,3.0,67,-15.0,-3.8600000000000136,4.574999999999989,-0.7874999999999943,1.7971
南京师范大学,2022,A,360,360.0,360（机构2022汇总；多方向取最高普通线）,机构汇总（二次核验）,third_party,0.62,已给出院校线,https://www.educity.cn/kyyy/5009654.html,10,,406.0,427.0,13,1.3,1.3,,missing,0.0,360.0,cutoff_fallback,0.341,0.0,,0,就现在考研小程序院校模块（2026-08-14读取）：https://admin.jiuxianzai.cn/api/applet/home/index/schoolDetail/25a4d513677af09de4daadfae0914e1b；经人数与最低录取线校验的名单图：https://jiuxianzai.oss-cn-beijing.aliyuncs.com/kaoyan/2022/04/18/e43b21ec04734e2aa0253c97519a2eea.png,0,,年度线与录取,275,,,,,,,,,
南京师范大学,2023,A,346,367.0,367（小程序院校模块；待官网复核）,主流机构小程序,third_party,0.62,国家线不等同学院实际复试线,https://yz.chsi.com.cn/kyzx/zt/lnfsx2023.shtml,9,372.0,,,14,1.5555555555555556,1.5556,372.0,minimum_only,0.252,372.0,q10_proxy,0.252,21.0,26.0,0,就现在考研小程序院校模块（2026-08-14读取）：https://admin.jiuxianzai.cn/api/applet/home/index/schoolDetail/25a4d513677af09de4daadfae0914e1b,0,,年度线与录取,276,360.0,,,10,,,,,
南京师范大学,2024,A,338,338.0,338（机构公开页；多方向取最高，需以官网复核）,机构公开汇总（二次核验）,third_party,0.62,(009)数学科学学院 (01)不分方向=338,https://www.ludengkaoyan.com/school80/qrz/zsml/16529.html,9,381.0,398.0,412.0,14,1.5555555555555556,1.5556,381.0,small_n_minimum,0.346,381.0,q10_proxy,0.346,0.0,43.0,0,就现在考研小程序院校模块（2026-08-14读取）：https://admin.jiuxianzai.cn/api/applet/home/index/schoolDetail/25a4d513677af09de4daadfae0914e1b；经人数与最低录取线校验的名单图：https://jiuxianzai.oss-cn-beijing.aliyuncs.com/kaoyan/2024/04/14/0bf77b5e91a94f58aed20bb4338913a4.png,0,,年度线与录取,277,367.0,372.0,26.0,9,7.0,,26.0,,-0.6125
南京师范大学,2025,A,323,323.0,323（机构公开页；多方向取最高，需以官网复核）,机构公开汇总（二次核验）,third_party,0.62,(009)数学科学学院 (01)不分方向=323,https://www.ludengkaoyan.com/school80/qrz/zsml/191227.html,9,364.0,391.0,425.0,14,1.5555555555555556,1.5556,364.0,small_n_minimum,0.346,364.0,q10_proxy,0.346,0.0,41.0,0,就现在考研小程序院校模块（2026-08-14读取）：https://admin.jiuxianzai.cn/api/applet/home/index/schoolDetail/25a4d513677af09de4daadfae0914e1b；经人数与最低录取线校验的名单图：https://jiuxianzai.oss-cn-beijing.aliyuncs.com/kaoyan/2025/04/15/874755a1dd93485abff682720b64daa0.png,0,,年度线与录取,278,338.0,381.0,43.0,9,-29.0,17.0,34.5,1.4166666666666667,0.2829
南京师范大学,2026,A,324,324.0,324（机构公开页；多方向取最高，需以官网复核）,机构公开汇总（二次核验）,third_party,0.62,(009)数学科学学院 (01)不分方向=324,https://www.ludengkaoyan.com/school80/qrz/zsml/319656.html,14,355.0,407.0,420.0,22,1.5714285714285714,1.5714,359.0,order_stat_interpolation,0.49,359.0,q10_proxy,0.49,0.0,35.0,0,就现在考研小程序院校模块（2026-08-14读取）：https://admin.jiuxianzai.cn/api/applet/home/index/schoolDetail/25a4d513677af09de4daadfae0914e1b；经人数与最低录取线校验的名单图：https://jiuxianzai.oss-cn-beijing.aliyuncs.com/kaoyan/2026/05/15/f21ac85126ba414198fcdee6d9f75f9d.png；卡方2026录取名单专辑交叉验证：录取线355 | 2026年南京师范大学公布拟录取名单14人 https://mp.weixin.qq.com/s?__biz=MzIxNTM0MjQ3OA==&mid=2247511628&idx=4&sn=58b9eb8a8c0e3b000ed1cb7aadd6734b&chksm=979b22ada0ecabbb3d18f4cc6d3f754adced9f5b7922294fc886ea21df7e862bd10383076add#rd,0,,年度线与录取,279,323.0,364.0,41.0,9,-15.0,-2.0,41.0,0.5157870513644551,-0.23
中国石油大学（华东）,2022,A,360,395.0,395（机构2022汇总；多方向取最高普通线）,机构汇总（二次核验）,third_party,0.62,已给出院校线,https://www.educity.cn/kyyy/5009654.html,21,,,,26,1.238095238095238,1.2381,,missing,0.0,395.0,cutoff_fallback,0.341,35.0,,0,就现在考研小程序院校模块（2026-08-14读取）：https://admin.jiuxianzai.cn/api/applet/home/index/schoolDetail/6fa225f17053b8e47af81766c6c7ccc6,0,,年度线与录取,280,,,,,,,,,
中国石油大学（华东）,2023,A,346,367.0,367（小程序院校模块；待官网复核）,主流机构小程序,third_party,0.62,国家线不等同学院实际复试线,https://yz.chsi.com.cn/kyzx/zt/lnfsx2023.shtml,28,369.0,,,37,1.3214285714285714,1.3214,369.0,minimum_only,0.252,369.0,q10_proxy,0.252,21.0,23.0,0,就现在考研小程序院校模块（2026-08-14读取）：https://admin.jiuxianzai.cn/api/applet/home/index/schoolDetail/6fa225f17053b8e47af81766c6c7ccc6,0,,年度线与录取,281,395.0,,,21,,,,,
中国石油大学（华东）,2024,A,338,338.0,338（机构公开页；多方向取最高，需以官网复核）,机构公开汇总（二次核验）,third_party,0.62,(009)理学院 (00)不区分研究方向=338,https://www.ludengkaoyan.com/school85/qrz/zsml/16609.html,23,349.0,373.0,415.0,30,1.3043478260869563,1.3043,352.05,order_stat_interpolation,0.49,352.05,q10_proxy,0.49,0.0,14.050000000000011,0,就现在考研小程序院校模块（2026-08-14读取）：https://admin.jiuxianzai.cn/api/applet/home/index/schoolDetail/6fa225f17053b8e47af81766c6c7ccc6；经人数与最低录取线校验的名单图：https://jiuxianzai.oss-cn-beijing.aliyuncs.com/kaoyan/2024/04/09/cb3b66dc38d84283b69d2389da342cf7.png,0,,年度线与录取,282,367.0,369.0,23.0,28,-28.0,,23.0,,-0.6125
中国石油大学（华东）,2025,A,323,323.0,323（机构公开页；多方向取最高，需以官网复核）,机构公开汇总（二次核验）,third_party,0.62,(009)理学院 (00)不区分研究方向=323,https://www.ludengkaoyan.com/school85/qrz/zsml/208637.html,24,359.0,,,33,1.375,1.375,359.0,minimum_only,0.252,359.0,q10_proxy,0.252,0.0,36.0,0,就现在考研小程序院校模块（2026-08-14读取）：https://admin.jiuxianzai.cn/api/applet/home/index/schoolDetail/6fa225f17053b8e47af81766c6c7ccc6,0,,年度线与录取,283,338.0,352.05,14.050000000000011,23,-29.0,-8.949999999999989,18.525000000000006,-0.7458333333333323,0.9078
中国石油大学（华东）,2026,A,324,324.0,324（机构公开页；多方向取最高，需以官网复核）,机构公开汇总（二次核验）,third_party,0.62,(009)理学院 (00)不区分研究方向=324,https://www.ludengkaoyan.com/school85/qrz/zsml/337719.html,21,367.0,386.0,414.0,29,1.380952380952381,1.381,369.28,order_stat_interpolation,0.49,369.28,q10_proxy,0.49,0.0,45.27999999999997,0,就现在考研小程序院校模块（2026-08-14读取）：https://admin.jiuxianzai.cn/api/applet/home/index/schoolDetail/6fa225f17053b8e47af81766c6c7ccc6；经人数与最低录取线校验的名单图：https://jiuxianzai.oss-cn-beijing.aliyuncs.com/kaoyan/2026/05/15/9585821bd7d44cb7947ba384743b1034.png；卡方2026录取名单专辑交叉验证：录取线367 | 2026年中国石油大学(华东)公布拟录取名单21人，其余8人候补 https://mp.weixin.qq.com/s?__biz=MzIxNTM0MjQ3OA==&mid=2247511476&idx=6&sn=3198f1f80c001e509efd65d177171b96&chksm=979b2155a0eca84398c7dcfff17d151f70552f005ac1434aca023dba547f4fa0e14b4532a0e1#rd,0,,年度线与录取,284,323.0,359.0,36.0,24,-15.0,21.94999999999999,23.0,2.6339052562801144,-0.3952
中国地质大学（武汉）,2022,A,360,371.0,371（机构2022汇总；多方向取最高普通线）,机构汇总（二次核验）,third_party,0.62,已给出院校线,https://www.educity.cn/kyyy/5009654.html,56,,,,83,1.4821428571428572,1.4821,,missing,0.0,371.0,cutoff_fallback,0.341,11.0,,0,就现在考研小程序院校模块（2026-08-14读取）：https://admin.jiuxianzai.cn/api/applet/home/index/schoolDetail/54741a8400d2d1c10c484e82e516f707; https://admin.jiuxianzai.cn/api/applet/home/index/schoolDetail/f5abef8326596648ba1d980ba12e0ecf,0,,年度线与录取,285,,,,,,,,,
中国地质大学（武汉）,2023,A,346,376.0,376（小程序院校模块；待官网复核）,主流机构小程序,third_party,0.62,国家线不等同学院实际复试线,https://yz.chsi.com.cn/kyzx/zt/lnfsx2023.shtml,45,346.0,,,54,1.2,1.2,346.0,minimum_only,0.252,346.0,q10_proxy,0.252,30.0,0.0,0,就现在考研小程序院校模块（2026-08-14读取）：https://admin.jiuxianzai.cn/api/applet/home/index/schoolDetail/54741a8400d2d1c10c484e82e516f707; https://admin.jiuxianzai.cn/api/applet/home/index/schoolDetail/f5abef8326596648ba1d980ba12e0ecf,1,admitted_min_below_selected_cutoff,年度线与录取,286,371.0,,,56,,,,,
中国地质大学（武汉）,2024,A,338,338.0,338（机构公开页；多方向取最高，需以官网复核）,机构公开汇总（二次核验）,third_party,0.62,(301)经济管理学院 (01)经济与金融统计=338；(301)经济管理学院 (02)资源与环境统计=338；(301)经济管理学院 (03)资源与环境统计(中国地调局联培)=338；(402)数学与物理学院 (01)统计建模与数据分析=338；(402)数学与物理学院 (02)智能生物计算与数据挖掘=338；(402)数学与物理学院 (03)经济与金融统计=338；(402)数学与物理学院 (04)大数据分析与人工智能=338；(402)数学与物理学院 (05)资源环境与工程统计=338,https://www.ludengkaoyan.com/school87/qrz/zsml/16663.html,46,358.0,393.0,421.0,61,1.326086956521739,1.3261,363.76,order_stat_interpolation,0.49,363.76,q10_proxy,0.49,0.0,25.75999999999999,0,就现在考研小程序院校模块（2026-08-14读取）：https://admin.jiuxianzai.cn/api/applet/home/index/schoolDetail/54741a8400d2d1c10c484e82e516f707; https://admin.jiuxianzai.cn/api/applet/home/index/schoolDetail/f5abef8326596648ba1d980ba12e0ecf；经人数与最低录取线校验的名单图：https://jiuxianzai.oss-cn-beijing.aliyuncs.com/kaoyan/2024/04/09/07ab60821f574ed19c464a7c4b9c2823.png; https://jiuxianzai.oss-cn-beijing.aliyuncs.com/kaoyan/2024/04/08/cde667f52b214fafbaeb7cc1d054a22a.png,0,,年度线与录取,287,376.0,346.0,0.0,45,5.0,,0.0,,-0.6125
中国地质大学（武汉）,2025,A,323,323.0,323（机构公开页；多方向取最高，需以官网复核）,机构公开汇总（二次核验）,third_party,0.62,(301)经济管理学院 (01)统计建模与数据分析=323；(301)经济管理学院 (02)经济与金融统计=323；(301)经济管理学院 (03)资源与环境统计=323；(301)经济管理学院 (04)大数据分析与人工智能=323；(301)经济管理学院 (05)智能生物计算与数据挖掘=323；(301)经济管理学院 (06)资源与环境统计(中国地调局联培)=323；(402)数学与物理学院 (01)统计建模与数据分析=323；(402)数学与物理学院 (02)智能生物计算与数据挖掘=323；(402)数学与物理学院 (03)经济与金融统计=323；(402)数学与物理学院 (04)大数据分析与人工智能=323,https://www.ludengkaoyan.com/school87/qrz/zsml/221594.html,40,349.0,379.0,415.0,52,1.3,1.3,353.77,order_stat_interpolation,0.49,353.77,q10_proxy,0.49,0.0,30.769999999999982,0,就现在考研小程序院校模块（2026-08-14读取）：https://admin.jiuxianzai.cn/api/applet/home/index/schoolDetail/54741a8400d2d1c10c484e82e516f707; https://admin.jiuxianzai.cn/api/applet/home/index/schoolDetail/f5abef8326596648ba1d980ba12e0ecf；经人数与最低录取线校验的名单图：https://jiuxianzai.oss-cn-beijing.aliyuncs.com/kaoyan/2025/04/07/0b43ba0249d54dad8d00bbdf4097e764.png; https://jiuxianzai.oss-cn-beijing.aliyuncs.com/kaoyan/2025/04/07/aba39abdcd894e6783d53b1ab569a272.png,0,,年度线与录取,288,338.0,363.76,25.75999999999999,46,-38.0,25.75999999999999,12.879999999999995,2.146666666666666,0.7377
中国地质大学（武汉）,2026,A,324,324.0,324（机构公开页；多方向取最高，需以官网复核）,机构公开汇总（二次核验）,third_party,0.62,(301)经济管理学院 (01)经济与金融统计=324；(301)经济管理学院 (02)资源与环境统计=324；(402)数学与物理学院 (01)统计建模与数据分析=324；(402)数学与物理学院 (02)智能生物计算与数据挖掘=324；(402)数学与物理学院 (03)经济与金融统计=324；(402)数学与物理学院 (04)大数据分析与人工智能=324,https://www.ludengkaoyan.com/school87/qrz/zsml/349992.html,28,326.0,373.5,420.0,37,1.3214285714285714,1.3214,332.69,order_stat_interpolation,0.49,332.69,q10_proxy,0.49,0.0,8.689999999999998,0,就现在考研小程序院校模块（2026-08-14读取）：https://admin.jiuxianzai.cn/api/applet/home/index/schoolDetail/54741a8400d2d1c10c484e82e516f707; https://admin.jiuxianzai.cn/api/applet/home/index/schoolDetail/f5abef8326596648ba1d980ba12e0ecf；经人数与最低录取线校验的名单图：https://jiuxianzai.oss-cn-beijing.aliyuncs.com/kaoyan/2026/05/15/c867fd14669a47a6b93df1e116b724fe.png; https://jiuxianzai.oss-cn-beijing.aliyuncs.com/kaoyan/2026/05/15/55701d8b00784fc299ca7afbe226ce3e.png；卡方2026录取名单专辑交叉验证：录取线370/326 | 2026年中国地质大学(武汉)公布拟录取名单12+1+15人 https://mp.weixin.qq.com/s?__biz=MzIxNTM0MjQ3OA==&mid=2247511546&idx=5&sn=c5849e02cd8f8543e7b0c72eff106f37&chksm=979b211ba0eca80d8b8d619f6329545e03c29bd8b7ecafa7ecd188e28f7e6c5a05e76c2e9be2#rd,0,,年度线与录取,289,323.0,353.77,30.769999999999982,40,-15.0,5.009999999999991,25.75999999999999,0.9368509073785934,-0.2821
中国地质大学（北京）,2022,A,360,360.0,360（机构2022汇总；多方向取最高普通线）,机构汇总（二次核验）,third_party,0.62,已给出院校线,https://www.educity.cn/kyyy/5009654.html,20,,,,59,2.95,2.95,,missing,0.0,360.0,cutoff_fallback,0.341,0.0,,0,就现在考研小程序院校模块（2026-08-14读取）：https://admin.jiuxianzai.cn/api/applet/home/index/schoolDetail/8a4a3de5e4d11f28df46f1455b74f57d,0,,年度线与录取,290,,,,,,,,,
中国地质大学（北京）,2023,A,346,346.0,346（小程序院校模块；待官网复核）,主流机构小程序,third_party,0.62,国家线不等同学院实际复试线,https://yz.chsi.com.cn/kyzx/zt/lnfsx2023.shtml,12,346.0,,,13,1.0833333333333333,1.0833,346.0,minimum_only,0.252,346.0,q10_proxy,0.252,0.0,0.0,0,就现在考研小程序院校模块（2026-08-14读取）：https://admin.jiuxianzai.cn/api/applet/home/index/schoolDetail/8a4a3de5e4d11f28df46f1455b74f57d,0,,年度线与录取,291,360.0,,,20,,,,,
中国地质大学（北京）,2024,A,338,338.0,338（机构公开页；多方向取最高，需以官网复核）,机构公开汇总（二次核验）,third_party,0.62,(319)数理学院 (01)数据挖掘与分析=338；(319)数理学院 (02)经济与金融统计=338；(319)数理学院 (03)生物与医学统计=338；(319)数理学院 (04)资源环境统计=338,https://www.ludengkaoyan.com/school114/qrz/zsml/158.html,19,361.0,,,44,2.3157894736842106,2.3158,361.0,minimum_only,0.252,361.0,q10_proxy,0.252,0.0,23.0,0,就现在考研小程序院校模块（2026-08-14读取）：https://admin.jiuxianzai.cn/api/applet/home/index/schoolDetail/8a4a3de5e4d11f28df46f1455b74f57d,0,,年度线与录取,292,346.0,346.0,0.0,12,-14.0,,0.0,,-0.6125
中国地质大学（北京）,2025,A,323,323.0,323（机构公开页；多方向取最高，需以官网复核）,机构公开汇总（二次核验）,third_party,0.62,(319)数理学院 (01)数据挖掘与分析=323；(319)数理学院 (02)经济与金融统计=323；(319)数理学院 (03)生物与医学统计=323；(319)数理学院 (04)资源环境统计=323,https://www.ludengkaoyan.com/school114/qrz/zsml/147593.html,15,361.0,380.0,409.0,35,2.3333333333333335,2.3333,362.63,order_stat_interpolation,0.49,362.63,q10_proxy,0.49,0.0,39.629999999999995,0,就现在考研小程序院校模块（2026-08-14读取）：https://admin.jiuxianzai.cn/api/applet/home/index/schoolDetail/8a4a3de5e4d11f28df46f1455b74f57d；经人数与最低录取线校验的名单图：https://jiuxianzai.oss-cn-beijing.aliyuncs.com/kaoyan/2025/04/07/3c3b93986d9142988585b86af570a493.png,0,,年度线与录取,293,338.0,361.0,23.0,19,-8.0,23.0,11.5,1.9166666666666667,0.7512
中国地质大学（北京）,2026,A,324,324.0,324（机构公开页；多方向取最高，需以官网复核）,机构公开汇总（二次核验）,third_party,0.62,(319)数理学院 (01)数据挖掘与分析=324；(319)数理学院 (02)经济与金融统计=324；(319)数理学院 (03)生物与医学统计=324；(319)数理学院 (04)资源环境统计=324,https://www.ludengkaoyan.com/school114/qrz/zsml/277842.html,12,380.0,400.0,430.0,38,3.1666666666666665,3.1667,381.09,order_stat_interpolation,0.68,381.09,q10_proxy,0.68,0.0,57.089999999999975,1,就现在考研小程序院校模块（2026-08-14读取）：https://admin.jiuxianzai.cn/api/applet/home/index/schoolDetail/8a4a3de5e4d11f28df46f1455b74f57d；卡方2026录取名单专辑交叉验证：录取线380 | 2026年中国地质大学（北京）公布拟录取名单12+1人 https://mp.weixin.qq.com/s?__biz=MzIxNTM0MjQ3OA==&mid=2247511448&idx=3&sn=ac69503731fad60f1026c1ec5d44f8f4&chksm=979b2179a0eca86f8d5ea98fb94277b824af56488a478c7f955063baca16837f39c0c4705c13#rd；官方校级拟录取名单：https://bm.cugb.edu.cn/yjsyzsb/upload/resources/file/2026/04/10/302702.pdf；排除非全日制定向、单考和退役大学生士兵专项。,0,,年度线与录取,294,323.0,362.63,39.629999999999995,15,-15.0,16.629999999999995,23.0,1.6498630490501411,-0.3296
福州大学,2022,A,360,360.0,360（机构2022汇总；多方向取最高普通线）,机构汇总（二次核验）,third_party,0.62,已给出院校线,https://www.educity.cn/kyyy/5009654.html,20,,,,,,,,missing,0.0,360.0,cutoff_fallback,0.341,0.0,,0,就现在考研小程序院校模块（2026-08-14读取）：https://admin.jiuxianzai.cn/api/applet/home/index/schoolDetail/112f71f0dd993eb4aa1251b4cffcfda5,0,,年度线与录取,295,,,,,,,,,
福州大学,2023,A,346,383.0,383（小程序院校模块；待官网复核）,主流机构小程序,third_party,0.62,国家线不等同学院实际复试线,https://yz.chsi.com.cn/kyzx/zt/lnfsx2023.shtml,21,385.0,,,27,1.2857142857142858,1.2857,385.0,minimum_only,0.252,385.0,q10_proxy,0.252,37.0,39.0,0,就现在考研小程序院校模块（2026-08-14读取）：https://admin.jiuxianzai.cn/api/applet/home/index/schoolDetail/112f71f0dd993eb4aa1251b4cffcfda5,0,,年度线与录取,296,360.0,,,20,,,,,
福州大学,2024,A,338,338.0,338（机构公开页；多方向取最高，需以官网复核）,机构公开汇总（二次核验）,third_party,0.62,(003)数学与统计学院 (01)社会经济与金融统计=338；(003)数学与统计学院 (02)统计大数据=338；(003)数学与统计学院 (03)统计机器学习=338,https://www.ludengkaoyan.com/school83/qrz/zsml/16579.html,21,390.0,404.0,435.0,28,1.3333333333333333,1.3333,391.68,order_stat_interpolation,0.49,391.68,q10_proxy,0.49,0.0,53.68000000000001,0,就现在考研小程序院校模块（2026-08-14读取）：https://admin.jiuxianzai.cn/api/applet/home/index/schoolDetail/112f71f0dd993eb4aa1251b4cffcfda5；经人数与最低录取线校验的名单图：https://jiuxianzai.oss-cn-beijing.aliyuncs.com/kaoyan/2024/04/08/28024a11b1424652a07ee47ad77a07ce.png,0,,年度线与录取,297,383.0,385.0,39.0,21,23.0,,39.0,,-0.6125
福州大学,2025,A,323,323.0,323（机构公开页；多方向取最高，需以官网复核）,机构公开汇总（二次核验）,third_party,0.62,(003)数学与统计学院 (01)社会经济与金融统计=323；(003)数学与统计学院 (02)统计大数据=323；(003)数学与统计学院 (03)统计机器学习=323,https://www.ludengkaoyan.com/school83/qrz/zsml/201635.html,26,348.0,,,30,1.1538461538461535,1.1538,348.0,minimum_only,0.252,348.0,q10_proxy,0.252,0.0,25.0,0,就现在考研小程序院校模块（2026-08-14读取）：https://admin.jiuxianzai.cn/api/applet/home/index/schoolDetail/112f71f0dd993eb4aa1251b4cffcfda5,0,,年度线与录取,298,338.0,391.68,53.68000000000001,21,-45.0,14.680000000000007,46.34,1.2233333333333338,0.3105
福州大学,2026,A,324,324.0,324（机构公开页；多方向取最高，需以官网复核）,机构公开汇总（二次核验）,third_party,0.62,(003)数学与统计学院 (01)社会经济与金融统计=324；(003)数学与统计学院 (02)统计大数据=324；(003)数学与统计学院 (03)统计机器学习=324,https://www.ludengkaoyan.com/school83/qrz/zsml/330217.html,23,390.0,410.0,444.0,31,1.3478260869565215,1.3478,392.55,order_stat_interpolation,0.49,392.55,q10_proxy,0.49,0.0,68.55000000000001,0,就现在考研小程序院校模块（2026-08-14读取）：https://admin.jiuxianzai.cn/api/applet/home/index/schoolDetail/112f71f0dd993eb4aa1251b4cffcfda5；经人数与最低录取线校验的名单图：https://jiuxianzai.oss-cn-beijing.aliyuncs.com/kaoyan/2026/05/15/2238d928f947414b85a436dac60ce72b.png；卡方2026录取名单专辑交叉验证：录取线390 | 2026年福州大学公布拟录取名单23人 https://mp.weixin.qq.com/s?__biz=MzIxNTM0MjQ3OA==&mid=2247511676&idx=5&sn=3f45838d7010ecd692c7a72beb223882&chksm=979b229da0ecab8beab443bf65e556294a016309c4011c767b62fe9ebc276891936398859591#rd,0,,年度线与录取,299,323.0,348.0,25.0,26,-15.0,-28.680000000000007,39.0,-1.9609853960804549,0.0177
西南大学,2022,A,360,382.0,382（机构2022汇总；多方向取最高普通线）,机构汇总（二次核验）,third_party,0.62,已给出院校线,https://www.educity.cn/kyyy/5009654.html,33,,,,45,1.3636363636363635,1.3636,,missing,0.0,382.0,cutoff_fallback,0.341,22.0,,0,就现在考研小程序院校模块（2026-08-14读取）：https://admin.jiuxianzai.cn/api/applet/home/index/schoolDetail/2efb3bf61f65f7fd5b43f15d3a532ba6,0,,年度线与录取,300,,,,,,,,,
西南大学,2023,A,346,370.0,370（小程序院校模块；待官网复核）,主流机构小程序,third_party,0.62,国家线不等同学院实际复试线,https://yz.chsi.com.cn/kyzx/zt/lnfsx2023.shtml,25,,,,31,1.24,1.24,,missing,0.0,370.0,cutoff_fallback,0.341,24.0,,0,就现在考研小程序院校模块（2026-08-14读取）：https://admin.jiuxianzai.cn/api/applet/home/index/schoolDetail/2efb3bf61f65f7fd5b43f15d3a532ba6,0,,年度线与录取,301,382.0,,,33,,,,,
西南大学,2024,A,338,338.0,338（机构公开页；多方向取最高，需以官网复核）,机构公开汇总（二次核验）,third_party,0.62,(314)数学与统计学院 (00)不区分研究方向=338,https://www.ludengkaoyan.com/school99/qrz/zsml/16736.html,23,391.0,406.0,432.0,31,1.3478260869565215,1.3478,392.91,order_stat_interpolation,0.49,392.91,q10_proxy,0.49,0.0,54.910000000000025,0,就现在考研小程序院校模块（2026-08-14读取）：https://admin.jiuxianzai.cn/api/applet/home/index/schoolDetail/2efb3bf61f65f7fd5b43f15d3a532ba6；经人数与最低录取线校验的名单图：https://jiuxianzai.oss-cn-beijing.aliyuncs.com/kaoyan/2024/04/14/7328410dde294040ae045f6e4a84becc.png,0,,年度线与录取,302,370.0,,,25,-12.0,,,,-0.6125
西南大学,2025,A,323,323.0,323（机构公开页；多方向取最高，需以官网复核）,机构公开汇总（二次核验）,third_party,0.62,(314)数学与统计学院 (00)不区分研究方向=323,https://www.ludengkaoyan.com/school99/qrz/zsml/237683.html,34,351.0,,,41,1.2058823529411764,1.2059,351.0,minimum_only,0.252,351.0,q10_proxy,0.252,0.0,28.0,0,就现在考研小程序院校模块（2026-08-14读取）：https://admin.jiuxianzai.cn/api/applet/home/index/schoolDetail/2efb3bf61f65f7fd5b43f15d3a532ba6,0,,年度线与录取,303,338.0,392.91,54.910000000000025,23,-32.0,,54.910000000000025,,0.5411
西南大学,2026,A,324,324.0,324（机构公开页；多方向取最高，需以官网复核）,机构公开汇总（二次核验）,third_party,0.62,(314)数学与统计学院 (00)不区分研究方向=324,https://www.ludengkaoyan.com/school99/qrz/zsml/365427.html,23,400.0,422.0,446.0,28,1.2173913043478262,1.2174,402.8,order_stat_interpolation,0.49,402.8,q10_proxy,0.49,0.0,78.80000000000001,0,就现在考研小程序院校模块（2026-08-14读取）：https://admin.jiuxianzai.cn/api/applet/home/index/schoolDetail/2efb3bf61f65f7fd5b43f15d3a532ba6；经人数与最低录取线校验的名单图：https://jiuxianzai.oss-cn-beijing.aliyuncs.com/kaoyan/2026/05/15/733bcffcf3e94532b0b67b19f6feed08.png；卡方2026录取名单专辑交叉验证：录取线400 | 2026年西南大学公布拟录取名单23人 https://mp.weixin.qq.com/s?__biz=MzIxNTM0MjQ3OA==&mid=2247511665&idx=5&sn=a0312bbf621c78991806f531fa6bb8cb&chksm=979b2290a0ecab86979fc703c691f2a864dc2a9111a97b3e18a7635870bfc85146dc4cc0ca5e#rd,0,,年度线与录取,304,323.0,351.0,28.0,34,-15.0,-26.910000000000025,41.45500000000001,-2.242500000000002,0.0459
云南大学,2022,B,350,350.0,350（机构2022汇总；多方向取最高普通线）,机构汇总（二次核验）,third_party,0.62,已给出院校线,https://www.educity.cn/kyyy/5009654.html,95,,,,113,1.1894736842105262,1.1895,,missing,0.0,350.0,cutoff_fallback,0.341,0.0,,0,就现在考研小程序院校模块（2026-08-14读取）：https://admin.jiuxianzai.cn/api/applet/home/index/schoolDetail/191ded25342ea6e5d4a475c2d76ce694,0,,年度线与录取,305,,,,,,,,,
云南大学,2023,B,336,336.0,336（小程序院校模块；待官网复核）,主流机构小程序,third_party,0.62,国家线不等同学院实际复试线,https://yz.chsi.com.cn/kyzx/zt/lnfsx2023.shtml,100,341.0,,,131,1.31,1.31,341.0,minimum_only,0.252,341.0,q10_proxy,0.252,0.0,5.0,0,就现在考研小程序院校模块（2026-08-14读取）：https://admin.jiuxianzai.cn/api/applet/home/index/schoolDetail/191ded25342ea6e5d4a475c2d76ce694,0,,年度线与录取,306,350.0,,,95,,,,,
云南大学,2024,B,328,328.0,328（机构公开页；多方向取最高，需以官网复核）,机构公开汇总（二次核验）,third_party,0.62,(013)数学与统计学院 (01)社会经济统计分析=328；(013)数学与统计学院 (02)金融统计分析=328；(013)数学与统计学院 (03)市场调查分析=328；(013)数学与统计学院 (04)投资决策分析=328；(013)数学与统计学院 (05)教育统计=328；(013)数学与统计学院 (06)人口统计分析=328,https://www.ludengkaoyan.com/school102/qrz/zsml/16759.html,115,331.0,,,172,1.4956521739130435,1.4957,331.0,minimum_only,0.252,331.0,q10_proxy,0.252,0.0,3.0,0,就现在考研小程序院校模块（2026-08-14读取）：https://admin.jiuxianzai.cn/api/applet/home/index/schoolDetail/191ded25342ea6e5d4a475c2d76ce694,0,,年度线与录取,307,336.0,341.0,5.0,100,-14.0,,5.0,,-0.6125
云南大学,2025,B,313,313.0,313（机构公开页；多方向取最高，需以官网复核）,机构公开汇总（二次核验）,third_party,0.62,(013)数学与统计学院 (01)社会经济统计分析=313；(013)数学与统计学院 (02)金融统计分析=313；(013)数学与统计学院 (03)市场调查分析=313；(013)数学与统计学院 (04)投资决策分析=313；(013)数学与统计学院 (05)教育统计=313；(013)数学与统计学院 (06)人口统计分析=313,https://www.ludengkaoyan.com/school102/qrz/zsml/258789.html,122,318.0,,,162,1.3278688524590163,1.3279,318.0,minimum_only,0.252,318.0,q10_proxy,0.252,0.0,5.0,0,就现在考研小程序院校模块（2026-08-14读取）：https://admin.jiuxianzai.cn/api/applet/home/index/schoolDetail/191ded25342ea6e5d4a475c2d76ce694,0,,年度线与录取,308,328.0,331.0,3.0,115,-8.0,-2.0,4.0,-0.16666666666666666,0.2044
云南大学,2026,B,314,314.0,314（机构公开页；多方向取最高，需以官网复核）,机构公开汇总（二次核验）,third_party,0.62,(013)数学与统计学院 (01)社会经济统计分析=314；(013)数学与统计学院 (02)金融统计分析=314；(013)数学与统计学院 (03)市场调查分析=314；(013)数学与统计学院 (04)投资决策分析=314；(013)数学与统计学院 (05)教育统计=314；(013)数学与统计学院 (06)人口统计分析=314,https://www.ludengkaoyan.com/school102/qrz/zsml/385441.html,145,339.0,364.0,419.0,165,1.137931034482759,1.1379,343.72,order_stat_interpolation,0.49,343.72,q10_proxy,0.49,0.0,29.720000000000027,0,就现在考研小程序院校模块（2026-08-14读取）：https://admin.jiuxianzai.cn/api/applet/home/index/schoolDetail/191ded25342ea6e5d4a475c2d76ce694；卡方2026录取名单专辑交叉验证：录取线339 | 2026年云南大学公布拟录取名单145人 https://mp.weixin.qq.com/s?__biz=MzIxNTM0MjQ3OA==&mid=2247512364&idx=5&sn=c18e8f475a7acdb8c297b816077f214d&chksm=979b3dcda0ecb4dbaa95c1a59937db8f6d8f51ae59026a544f8be46bc7807f9e28305a07c0a6#rd；统计战线小程序2026名单图逐页复核：名单165行，绿色20人为未拟录取，白色145人拟录取；第76名拟录取考生初试364，故中位364，最低339、最高419。与卡方文章‘145人’闭合。,0,,年度线与录取,309,313.0,318.0,5.0,122,-15.0,2.0,5.0,0.25,0.0795
陕西师范大学,2022,A,360,,未招生,机构汇总（二次核验）,third_party,0.62,未招生,https://www.educity.cn/kyyy/5009654.html,,,,,,,,,missing,0.0,,cutoff_fallback,0.341,,,0,就现在考研小程序院校模块（2026-08-14读取）：https://admin.jiuxianzai.cn/api/applet/home/index/schoolDetail/3f35a6bf161df2c1957177f9d19cc26a,0,,年度线与录取,310,,,,,,,,,
陕西师范大学,2023,A,346,350.0,350（小程序院校模块；待官网复核）,主流机构小程序,third_party,0.62,国家线不等同学院实际复试线,https://yz.chsi.com.cn/kyzx/zt/lnfsx2023.shtml,7,350.0,388.0,426.0,7,1.0,1.0,350.0,small_n_minimum,0.346,350.0,q10_proxy,0.346,4.0,4.0,0,就现在考研小程序院校模块（2026-08-14读取）：https://admin.jiuxianzai.cn/api/applet/home/index/schoolDetail/3f35a6bf161df2c1957177f9d19cc26a；经人数与最低录取线校验的名单图：https://jiuxianzai.oss-cn-beijing.aliyuncs.com/kaoyan/2023/06/01/73f226ad6c55460c855f226871e76f16.png,0,,年度线与录取,311,,,,,,,,,
陕西师范大学,2024,A,338,338.0,338（机构公开页；多方向取最高，需以官网复核）,机构公开汇总（二次核验）,third_party,0.62,(014)数学与统计学院 (00)不区分研究方向=338,https://www.ludengkaoyan.com/school107/qrz/zsml/16784.html,10,359.0,384.5,411.0,,,,359.57,order_stat_interpolation,0.49,359.57,q10_proxy,0.49,0.0,21.569999999999993,0,就现在考研小程序院校模块（2026-08-14读取）：https://admin.jiuxianzai.cn/api/applet/home/index/schoolDetail/3f35a6bf161df2c1957177f9d19cc26a；经人数与最低录取线校验的名单图：https://jiuxianzai.oss-cn-beijing.aliyuncs.com/kaoyan/2024/05/08/ef6008dcf95240f798d770fb6808388d.png,0,,年度线与录取,312,350.0,350.0,4.0,7,,,4.0,,-0.6125
陕西师范大学,2025,A,323,323.0,323（025200）,官方,official,1.0,025200,https://yz.snnu.edu.cn/2025ss-014.pdf,32,323.0,,,36,1.125,1.125,323.0,minimum_only,0.252,323.0,q10_proxy,0.252,0.0,0.0,0,就现在考研小程序院校模块（2026-08-14读取）：https://admin.jiuxianzai.cn/api/applet/home/index/schoolDetail/3f35a6bf161df2c1957177f9d19cc26a,0,,年度线与录取,313,338.0,359.57,21.569999999999993,10,-12.0,17.569999999999993,12.784999999999997,1.4641666666666662,0.7778
陕西师范大学,2026,A,324,324.0,324（机构公开页；多方向取最高，需以官网复核）,机构公开汇总（二次核验）,third_party,0.62,(014)数学与统计学院 (00)不区分研究方向=324,https://www.ludengkaoyan.com/school107/qrz/zsml/376466.html,30,340.0,364.5,414.0,38,1.2666666666666666,1.2667,343.55,order_stat_interpolation,0.49,343.55,q10_proxy,0.49,0.0,19.55000000000001,0,就现在考研小程序院校模块（2026-08-14读取）：https://admin.jiuxianzai.cn/api/applet/home/index/schoolDetail/3f35a6bf161df2c1957177f9d19cc26a；经人数与最低录取线校验的名单图：https://jiuxianzai.oss-cn-beijing.aliyuncs.com/kaoyan/2026/05/15/c376bd3dea1c4572af5fe7f1fa349530.png；卡方2026录取名单专辑交叉验证：录取线340| 2026年陕西师范大学公布拟录取名单30人 https://mp.weixin.qq.com/s?__biz=MzIxNTM0MjQ3OA==&mid=2247512178&idx=4&sn=98864aaf532e0ab88f537a6335721824&chksm=979b3c93a0ecb5853e2d71ff602effb77c3b4377de40a8ae825946e9d72eac0264964bd22661#rd,0,,年度线与录取,314,323.0,323.0,0.0,32,-15.0,-21.569999999999993,4.0,-0.9816009516116415,1.8187
中央民族大学,2022,A,360,368.0,368（机构2022汇总；多方向取最高普通线）,机构汇总（二次核验）,third_party,0.62,已给出院校线,https://www.educity.cn/kyyy/5009654.html,55,,,,70,1.2727272727272727,1.2727,,missing,0.0,368.0,cutoff_fallback,0.341,8.0,,0,就现在考研小程序院校模块（2026-08-14读取）：https://admin.jiuxianzai.cn/api/applet/home/index/schoolDetail/3c2c634c645c2ad3d9d98199834f8e73,0,,年度线与录取,315,,,,,,,,,
中央民族大学,2023,A,346,385.0,385（小程序院校模块；待官网复核）,主流机构小程序,third_party,0.62,国家线不等同学院实际复试线,https://yz.chsi.com.cn/kyzx/zt/lnfsx2023.shtml,69,386.0,,,81,1.173913043478261,1.1739,386.0,minimum_only,0.252,386.0,q10_proxy,0.252,39.0,40.0,0,就现在考研小程序院校模块（2026-08-14读取）：https://admin.jiuxianzai.cn/api/applet/home/index/schoolDetail/3c2c634c645c2ad3d9d98199834f8e73,0,,年度线与录取,316,368.0,,,55,,,,,
中央民族大学,2024,A,338,338.0,338（机构公开页；多方向取最高，需以官网复核）,机构公开汇总（二次核验）,third_party,0.62,(020)理学院 (00)不区分研究方向=338,https://www.ludengkaoyan.com/school8/qrz/zsml/148.html,58,372.0,392.5,434.0,68,1.1724137931034482,1.1724,375.52,order_stat_interpolation,0.49,375.52,q10_proxy,0.49,0.0,37.51999999999998,0,就现在考研小程序院校模块（2026-08-14读取）：https://admin.jiuxianzai.cn/api/applet/home/index/schoolDetail/3c2c634c645c2ad3d9d98199834f8e73；经人数与最低录取线校验的名单图：https://jiuxianzai.oss-cn-beijing.aliyuncs.com/kaoyan/2024/04/14/6fdb898a22b94e6cbd0656f4e7748a27.png,0,,年度线与录取,317,385.0,386.0,40.0,69,17.0,,40.0,,0.6667
中央民族大学,2025,A,323,323.0,323（机构公开页；多方向取最高，需以官网复核）,机构公开汇总（二次核验）,third_party,0.62,(020)理学院 (00)不区分研究方向=323,https://www.ludengkaoyan.com/school8/qrz/zsml/146286.html,82,370.0,,,99,1.2073170731707317,1.2073,370.0,minimum_only,0.252,370.0,q10_proxy,0.252,0.0,47.0,0,就现在考研小程序院校模块（2026-08-14读取）：https://admin.jiuxianzai.cn/api/applet/home/index/schoolDetail/3c2c634c645c2ad3d9d98199834f8e73,0,,年度线与录取,318,338.0,375.52,37.51999999999998,58,-47.0,-2.480000000000018,38.75999999999999,-0.2066666666666682,1.0387
中央民族大学,2026,A,324,324.0,324（机构公开页；多方向取最高，需以官网复核）,机构公开汇总（二次核验）,third_party,0.62,(020)理学院 (00)不区分研究方向=324,https://www.ludengkaoyan.com/school8/qrz/zsml/276473.html,71,382.0,400.0,438.0,86,1.2112676056338028,1.2113,385.19,order_stat_interpolation,0.49,385.19,q10_proxy,0.49,0.0,61.19,0,就现在考研小程序院校模块（2026-08-14读取）：https://admin.jiuxianzai.cn/api/applet/home/index/schoolDetail/3c2c634c645c2ad3d9d98199834f8e73；经人数与最低录取线校验的名单图：https://jiuxianzai.oss-cn-beijing.aliyuncs.com/kaoyan/2026/05/14/cbbb426fb24e4d65add78f045bd3f78e.png；卡方2026录取名单专辑交叉验证：录取线382 | 2026年中央民族大学公布拟录取名单71人 https://mp.weixin.qq.com/s?__biz=MzIxNTM0MjQ3OA==&mid=2247511797&idx=4&sn=f443563543603700ba80fd99defcbc7f&chksm=979b2214a0ecab02ac614bd38fb2e241ee8d65fdaa6cfa62d56266cc085fb7991ec63d31702c#rd,0,,年度线与录取,319,323.0,370.0,47.0,82,-15.0,9.480000000000018,40.0,2.0600000000000023,0.1484
辽宁大学,2022,A,360,360.0,360（机构2022汇总；多方向取最高普通线）,机构汇总（二次核验）,third_party,0.62,已给出院校线,https://www.educity.cn/kyyy/5009654.html,44,,,,58,1.318181818181818,1.3182,,missing,0.0,360.0,cutoff_fallback,0.341,0.0,,0,就现在考研小程序院校模块（2026-08-14读取）：https://admin.jiuxianzai.cn/api/applet/home/index/schoolDetail/3d84697bbf795da24d79d3c8158d9b6d; https://admin.jiuxianzai.cn/api/applet/home/index/schoolDetail/641847d4de044596a1580f1b2ed79c5c,0,,年度线与录取,320,,,,,,,,,
辽宁大学,2023,A,346,360.0,360（小程序院校模块；待官网复核）,主流机构小程序,third_party,0.62,国家线不等同学院实际复试线,https://yz.chsi.com.cn/kyzx/zt/lnfsx2023.shtml,69,348.0,,,82,1.1884057971014492,1.1884,348.0,minimum_only,0.252,348.0,q10_proxy,0.252,14.0,2.0,0,就现在考研小程序院校模块（2026-08-14读取）：https://admin.jiuxianzai.cn/api/applet/home/index/schoolDetail/3d84697bbf795da24d79d3c8158d9b6d; https://admin.jiuxianzai.cn/api/applet/home/index/schoolDetail/641847d4de044596a1580f1b2ed79c5c,1,admitted_min_below_selected_cutoff,年度线与录取,321,360.0,,,44,,,,,
辽宁大学,2024,A,338,338.0,338（机构公开页；多方向取最高，需以官网复核）,机构公开汇总（二次核验）,third_party,0.62,(002)经济学院 (00)不区分研究方向=338；(014)数学与统计学院 (01)数据科学=338,https://www.ludengkaoyan.com/school60/qrz/zsml/16414.html,82,343.0,369.5,417.0,99,1.2073170731707317,1.2073,347.78,order_stat_interpolation,0.49,347.78,q10_proxy,0.49,0.0,9.779999999999973,0,就现在考研小程序院校模块（2026-08-14读取）：https://admin.jiuxianzai.cn/api/applet/home/index/schoolDetail/3d84697bbf795da24d79d3c8158d9b6d; https://admin.jiuxianzai.cn/api/applet/home/index/schoolDetail/641847d4de044596a1580f1b2ed79c5c；经人数与最低录取线校验的名单图：https://jiuxianzai.oss-cn-beijing.aliyuncs.com/kaoyan/2024/05/19/f352a6406ef8429ebebd4bc233764f69.png; https://jiuxianzai.oss-cn-beijing.aliyuncs.com/kaoyan/2024/05/19/378d2a9594cc45dabd2d62b4abf3b4e3.png,0,,年度线与录取,322,360.0,348.0,2.0,69,0.0,,2.0,,-0.6125
辽宁大学,2025,A,323,323.0,323（机构公开页；多方向取最高，需以官网复核）,机构公开汇总（二次核验）,third_party,0.62,(002)经济学院 (00)不区分研究方向=323；(014)数学与统计学院 (01)数据科学=323,https://www.ludengkaoyan.com/school60/qrz/zsml/162085.html,62,349.0,,,79,1.2741935483870968,1.2742,349.0,minimum_only,0.252,349.0,q10_proxy,0.252,0.0,26.0,0,就现在考研小程序院校模块（2026-08-14读取）：https://admin.jiuxianzai.cn/api/applet/home/index/schoolDetail/3d84697bbf795da24d79d3c8158d9b6d; https://admin.jiuxianzai.cn/api/applet/home/index/schoolDetail/641847d4de044596a1580f1b2ed79c5c,0,,年度线与录取,323,338.0,347.78,9.779999999999973,82,-22.0,7.779999999999973,5.889999999999986,0.6483333333333311,0.193
辽宁大学,2026,A,324,324.0,324（机构公开页；多方向取最高，需以官网复核）,机构公开汇总（二次核验）,third_party,0.62,(002)经济学院 (00)不区分研究方向=324；(014)数学与统计学院 (01)数据科学=324,https://www.ludengkaoyan.com/school60/qrz/zsml/291880.html,64,340.0,368.0,408.0,81,1.265625,1.2656,344.89,order_stat_interpolation,0.49,344.89,q10_proxy,0.49,0.0,20.889999999999986,0,就现在考研小程序院校模块（2026-08-14读取）：https://admin.jiuxianzai.cn/api/applet/home/index/schoolDetail/3d84697bbf795da24d79d3c8158d9b6d; https://admin.jiuxianzai.cn/api/applet/home/index/schoolDetail/641847d4de044596a1580f1b2ed79c5c；经人数与最低录取线校验的名单图：https://jiuxianzai.oss-cn-beijing.aliyuncs.com/kaoyan/2026/05/15/1fd25e819ba54ff49e91f415dc879161.png; https://jiuxianzai.oss-cn-beijing.aliyuncs.com/kaoyan/2026/05/15/db41cb86662147b89f4ba76b276b815b.png；卡方2026录取名单专辑交叉验证：录取线352/344 | 2026年辽宁大学公布拟录取名单27+37人 https://mp.weixin.qq.com/s?__biz=MzIxNTM0MjQ3OA==&mid=2247511642&idx=6&sn=8213aba784afcb26e3edb16a89d77735&chksm=979b22bba0ecabad62e1ab741a3ebfd74655317aecd7322700a53bdbd37f2eb978aff89aa71c#rd,0,,年度线与录取,324,323.0,349.0,26.0,62,-15.0,16.220000000000027,9.779999999999973,3.4868918182710504,1.3222
湖南师范大学,2022,A,360,360.0,360（机构2022汇总；多方向取最高普通线）,机构汇总（二次核验）,third_party,0.62,已给出院校线,https://www.educity.cn/kyyy/5009654.html,25,,,,30,1.2,1.2,,missing,0.0,360.0,cutoff_fallback,0.341,0.0,,0,就现在考研小程序院校模块（2026-08-14读取）：https://admin.jiuxianzai.cn/api/applet/home/index/schoolDetail/7a28a25a9c92d0a21e5d4f3cd446765e,0,,年度线与录取,325,,,,,,,,,
湖南师范大学,2023,A,346,346.0,346（小程序院校模块；待官网复核）,主流机构小程序,third_party,0.62,国家线不等同学院实际复试线,https://yz.chsi.com.cn/kyzx/zt/lnfsx2023.shtml,23,348.0,,,32,1.391304347826087,1.3913,348.0,minimum_only,0.252,348.0,q10_proxy,0.252,0.0,2.0,0,就现在考研小程序院校模块（2026-08-14读取）：https://admin.jiuxianzai.cn/api/applet/home/index/schoolDetail/7a28a25a9c92d0a21e5d4f3cd446765e,0,,年度线与录取,326,360.0,,,25,,,,,
湖南师范大学,2024,A,338,338.0,338（机构公开页；多方向取最高，需以官网复核）,机构公开汇总（二次核验）,third_party,0.62,(010)数学与统计学院 (01)不区分研究方向1=338,https://www.ludengkaoyan.com/school92/qrz/zsml/16698.html,21,339.0,357.0,411.0,21,1.0,1.0,341.16,order_stat_interpolation,0.49,341.16,q10_proxy,0.49,0.0,3.160000000000025,0,就现在考研小程序院校模块（2026-08-14读取）：https://admin.jiuxianzai.cn/api/applet/home/index/schoolDetail/7a28a25a9c92d0a21e5d4f3cd446765e；经人数与最低录取线校验的名单图：https://jiuxianzai.oss-cn-beijing.aliyuncs.com/kaoyan/2024/04/08/fa1155fd510440d98f5773b79fde0e13.png,0,,年度线与录取,327,346.0,348.0,2.0,23,-14.0,,2.0,,-0.6125
湖南师范大学,2025,A,323,323.0,323（机构公开页；多方向取最高，需以官网复核）,机构公开汇总（二次核验）,third_party,0.62,(010)数学与统计学院 (01)不区分研究方向1=323,https://www.ludengkaoyan.com/school92/qrz/zsml/228568.html,27,332.0,355.0,423.0,36,1.3333333333333333,1.3333,335.18,order_stat_interpolation,0.49,335.18,q10_proxy,0.49,0.0,12.180000000000007,0,就现在考研小程序院校模块（2026-08-14读取）：https://admin.jiuxianzai.cn/api/applet/home/index/schoolDetail/7a28a25a9c92d0a21e5d4f3cd446765e；经人数与最低录取线校验的名单图：https://jiuxianzai.oss-cn-beijing.aliyuncs.com/kaoyan/2025/04/07/7b1c9299cfc84127ab507f90b39ae4d5.png,0,,年度线与录取,328,338.0,341.16,3.160000000000025,21,-8.0,1.160000000000025,2.5800000000000125,0.09666666666666875,0.3034
湖南师范大学,2026,A,324,324.0,324（机构公开页；多方向取最高，需以官网复核）,机构公开汇总（二次核验）,third_party,0.62,(010)数学与统计学院 (01)不区分研究方向1=324,https://www.ludengkaoyan.com/school92/qrz/zsml/356990.html,27,339.0,370.0,416.0,43,1.5925925925925926,1.5926,343.29,order_stat_interpolation,0.49,343.29,q10_proxy,0.49,0.0,19.29000000000002,0,就现在考研小程序院校模块（2026-08-14读取）：https://admin.jiuxianzai.cn/api/applet/home/index/schoolDetail/7a28a25a9c92d0a21e5d4f3cd446765e；经人数与最低录取线校验的名单图：https://jiuxianzai.oss-cn-beijing.aliyuncs.com/kaoyan/2026/05/15/2e41765a68034441b23b22eda7e31720.png；卡方2026录取名单专辑交叉验证：录取线339 | 2026年湖南师范大学公布拟录取名单27人 https://mp.weixin.qq.com/s?__biz=MzIxNTM0MjQ3OA==&mid=2247511562&idx=5&sn=ccd5d0bbee5789e0ff33f2766027f65f&chksm=979b22eba0ecabfda96b9b5ff0481cc7cb99d7a3bd08f0e53b7488693e7c1ee52b98f59823f7#rd,0,,年度线与录取,329,323.0,335.18,12.180000000000007,27,-15.0,9.019999999999982,3.160000000000025,2.3999999999999986,1.4429
北京林业大学,2022,A,360,369.0,369（机构2022汇总；多方向取最高普通线）,机构汇总（二次核验）,third_party,0.62,已给出院校线,https://www.educity.cn/kyyy/5009654.html,42,,,,52,1.238095238095238,1.2381,,missing,0.0,369.0,cutoff_fallback,0.341,9.0,,0,就现在考研小程序院校模块（2026-08-14读取）：https://admin.jiuxianzai.cn/api/applet/home/index/schoolDetail/50150d0aadfdaa3758db009ae69c3521,0,,年度线与录取,330,,,,,,,,,
北京林业大学,2023,A,346,375.0,375（小程序院校模块；待官网复核）,主流机构小程序,third_party,0.62,国家线不等同学院实际复试线,https://yz.chsi.com.cn/kyzx/zt/lnfsx2023.shtml,35,375.0,,,45,1.2857142857142858,1.2857,375.0,minimum_only,0.252,375.0,q10_proxy,0.252,29.0,29.0,0,就现在考研小程序院校模块（2026-08-14读取）：https://admin.jiuxianzai.cn/api/applet/home/index/schoolDetail/50150d0aadfdaa3758db009ae69c3521,0,,年度线与录取,331,369.0,,,42,,,,,
北京林业大学,2024,A,338,338.0,338（机构公开页；多方向取最高，需以官网复核）,机构公开汇总（二次核验）,third_party,0.62,(007)经济管理学院 (00)不区分研究方向=338,https://www.ludengkaoyan.com/school45/qrz/zsml/132.html,32,365.0,,,39,1.21875,1.2188,365.0,minimum_only,0.252,365.0,q10_proxy,0.252,0.0,27.0,0,就现在考研小程序院校模块（2026-08-14读取）：https://admin.jiuxianzai.cn/api/applet/home/index/schoolDetail/50150d0aadfdaa3758db009ae69c3521,0,,年度线与录取,332,375.0,375.0,29.0,35,6.0,,29.0,,-0.6125
北京林业大学,2025,A,323,323.0,323（机构公开页；多方向取最高，需以官网复核）,机构公开汇总（二次核验）,third_party,0.62,(007)经济管理学院 (00)不区分研究方向=323,https://www.ludengkaoyan.com/school45/qrz/zsml/141982.html,34,338.0,,,42,1.2352941176470589,1.2353,338.0,minimum_only,0.252,338.0,q10_proxy,0.252,0.0,15.0,0,就现在考研小程序院校模块（2026-08-14读取）：https://admin.jiuxianzai.cn/api/applet/home/index/schoolDetail/50150d0aadfdaa3758db009ae69c3521,0,,年度线与录取,333,338.0,365.0,27.0,32,-37.0,-2.0,28.0,-0.16666666666666666,0.8738
北京林业大学,2026,A,324,324.0,324（机构公开页；多方向取最高，需以官网复核）,机构公开汇总（二次核验）,third_party,0.62,(007)经济管理学院 (00)不区分研究方向=324,https://www.ludengkaoyan.com/school45/qrz/zsml/272230.html,33,353.0,374.0,424.0,41,1.2424242424242424,1.2424,356.15,order_stat_interpolation,0.49,356.15,q10_proxy,0.49,0.0,32.14999999999998,0,就现在考研小程序院校模块（2026-08-14读取）：https://admin.jiuxianzai.cn/api/applet/home/index/schoolDetail/50150d0aadfdaa3758db009ae69c3521；经人数与最低录取线校验的名单图：https://jiuxianzai.oss-cn-beijing.aliyuncs.com/kaoyan/2026/05/15/01e65f7cd26f4845ace98d6e77e9c11e.png；卡方2026录取名单专辑交叉验证：性价比之选，录取线353 | 2026年北京林业大学公布拟录取名单33人 https://mp.weixin.qq.com/s?__biz=MzIxNTM0MjQ3OA==&mid=2247512114&idx=5&sn=88502fe1a963f693fd14f122f88432f8&chksm=979b3cd3a0ecb5c5cbafa559835aa9c931be6b8d6dc3b13a9498a143609174213a31fa47c86a#rd,0,,年度线与录取,334,323.0,338.0,15.0,34,-15.0,-12.0,27.0,-3.25,-0.003
河北工业大学,2022,A,360,360.0,360（机构2022汇总；多方向取最高普通线）,机构汇总（二次核验）,third_party,0.62,已给出院校线,https://www.educity.cn/kyyy/5009654.html,13,,,,13,1.0,1.0,,missing,0.0,360.0,cutoff_fallback,0.341,0.0,,0,就现在考研小程序院校模块（2026-08-14读取）：https://admin.jiuxianzai.cn/api/applet/home/index/schoolDetail/c2ff9e028cb9a501c8b32ce810184de5,0,,年度线与录取,335,,,,,,,,,
河北工业大学,2023,A,346,353.0,353（小程序院校模块；待官网复核）,主流机构小程序,third_party,0.62,国家线不等同学院实际复试线,https://yz.chsi.com.cn/kyzx/zt/lnfsx2023.shtml,24,353.0,,,32,1.3333333333333333,1.3333,353.0,minimum_only,0.252,353.0,q10_proxy,0.252,7.0,7.0,0,就现在考研小程序院校模块（2026-08-14读取）：https://admin.jiuxianzai.cn/api/applet/home/index/schoolDetail/c2ff9e028cb9a501c8b32ce810184de5,0,,年度线与录取,336,360.0,,,13,,,,,
河北工业大学,2024,A,338,338.0,338（机构公开页；多方向取最高，需以官网复核）,机构公开汇总（二次核验）,third_party,0.62,(011)理学院 (01)金融统计=338；(011)理学院 (02)大数据分析=338；(011)理学院 (03)生物统计=338,https://www.ludengkaoyan.com/school57/qrz/zsml/195.html,24,362.0,382.5,425.0,33,1.375,1.375,364.67,order_stat_interpolation,0.49,364.67,q10_proxy,0.49,0.0,26.670000000000016,0,就现在考研小程序院校模块（2026-08-14读取）：https://admin.jiuxianzai.cn/api/applet/home/index/schoolDetail/c2ff9e028cb9a501c8b32ce810184de5；经人数与最低录取线校验的名单图：https://jiuxianzai.oss-cn-beijing.aliyuncs.com/kaoyan/2024/04/08/5d4b5c0ef25e46079bde6f97faf561d4.png,0,,年度线与录取,337,353.0,353.0,7.0,24,-7.0,,7.0,,-0.6125
河北工业大学,2025,A,323,323.0,323（机构公开页；多方向取最高，需以官网复核）,机构公开汇总（二次核验）,third_party,0.62,(011)理学院 (01)金融统计=323；(011)理学院 (02)大数据分析=323；(011)理学院 (03)生物统计=323,https://www.ludengkaoyan.com/school57/qrz/zsml/157953.html,24,323.0,347.5,417.0,25,1.0416666666666667,1.0417,326.2,order_stat_interpolation,0.49,326.2,q10_proxy,0.49,0.0,3.1999999999999886,0,就现在考研小程序院校模块（2026-08-14读取）：https://admin.jiuxianzai.cn/api/applet/home/index/schoolDetail/c2ff9e028cb9a501c8b32ce810184de5；经人数与最低录取线校验的名单图：https://jiuxianzai.oss-cn-beijing.aliyuncs.com/kaoyan/2025/04/07/16aaeecaa42f4282b1a7ad262dcd80be.png,0,,年度线与录取,338,338.0,364.67,26.670000000000016,24,-15.0,19.670000000000016,16.835000000000008,1.639166666666668,0.7675
河北工业大学,2026,A,324,324.0,324（机构公开页；多方向取最高，需以官网复核）,机构公开汇总（二次核验）,third_party,0.62,(011)理学院 (01)金融统计=324；(011)理学院 (02)大数据分析=324；(011)理学院 (03)生物统计=324,https://www.ludengkaoyan.com/school57/qrz/zsml/288816.html,21,369.0,384.0,431.0,28,1.3333333333333333,1.3333,370.8,order_stat_interpolation,0.49,370.8,q10_proxy,0.49,0.0,46.80000000000001,0,就现在考研小程序院校模块（2026-08-14读取）：https://admin.jiuxianzai.cn/api/applet/home/index/schoolDetail/c2ff9e028cb9a501c8b32ce810184de5；经人数与最低录取线校验的名单图：https://jiuxianzai.oss-cn-beijing.aliyuncs.com/kaoyan/2026/05/15/bdc1055f2e6f403b90a021720f07634f.png；卡方2026录取名单专辑交叉验证：录取线369 | 2026年河北工业大学公布拟录取名单21人 https://mp.weixin.qq.com/s?__biz=MzIxNTM0MjQ3OA==&mid=2247511642&idx=5&sn=9eefaa93a93f333932d68a9ae4fde790&chksm=979b22bba0ecabad3898d80625ae367bbf01d7eb10ca2103fac57644697f0a758f844bf057a9#rd,0,,年度线与录取,339,323.0,326.2,3.1999999999999886,24,-15.0,-23.470000000000027,7.0,-0.9350972552580967,1.8135
中国药科大学,2022,A,360,384.0,384（机构2022汇总；多方向取最高普通线）,机构汇总（二次核验）,third_party,0.62,已给出院校线,https://www.educity.cn/kyyy/5009654.html,14,388.0,,,17,1.2142857142857142,1.2143,388.0,minimum_only,0.252,388.0,q10_proxy,0.252,24.0,28.0,0,就现在考研小程序院校模块（2026-08-14读取）：https://admin.jiuxianzai.cn/api/applet/home/index/schoolDetail/d34c7f35ef107ae49663865d4d6ed3ab,0,,年度线与录取,340,,,,,,,,,
中国药科大学,2023,A,346,349.0,349（小程序院校模块；待官网复核）,主流机构小程序,third_party,0.62,国家线不等同学院实际复试线,https://yz.chsi.com.cn/kyzx/zt/lnfsx2023.shtml,11,349.0,358.0,412.0,12,1.0909090909090908,1.0909,349.36,order_stat_interpolation,0.49,349.36,q10_proxy,0.49,3.0,3.3600000000000136,0,就现在考研小程序院校模块（2026-08-14读取）：https://admin.jiuxianzai.cn/api/applet/home/index/schoolDetail/d34c7f35ef107ae49663865d4d6ed3ab；经人数与最低录取线校验的名单图：https://jiuxianzai.oss-cn-beijing.aliyuncs.com/kaoyan/2023/04/13/22364d94b9b044179c347050585c8747.png,0,,年度线与录取,341,384.0,388.0,28.0,14,,,28.0,,
中国药科大学,2024,A,338,338.0,338（机构公开页；多方向取最高，需以官网复核）,机构公开汇总（二次核验）,third_party,0.62,(005)理学院 (01)生物统计=338；(005)理学院 (02)医药经济=338；(005)理学院 (03)流行病控制理论方法与应用=338；(005)理学院 (04)大数据分析理论及应用=338,https://www.ludengkaoyan.com/school79/qrz/zsml/16525.html,8,338.0,363.5,403.0,9,1.125,1.125,338.0,small_n_minimum,0.346,338.0,q10_proxy,0.346,0.0,0.0,0,就现在考研小程序院校模块（2026-08-14读取）：https://admin.jiuxianzai.cn/api/applet/home/index/schoolDetail/d34c7f35ef107ae49663865d4d6ed3ab；经人数与最低录取线校验的名单图：https://jiuxianzai.oss-cn-beijing.aliyuncs.com/kaoyan/2024/04/18/8df1f60229e94fd6828f286e89ca8140.png,0,,年度线与录取,342,349.0,349.36,3.3600000000000136,11,-35.0,-24.639999999999986,15.680000000000007,-2.0533333333333323,0.1079
中国药科大学,2025,A,323,323.0,323（机构公开页；多方向取最高，需以官网复核）,机构公开汇总（二次核验）,third_party,0.62,(005)理学院 (01)生物统计=323；(005)理学院 (02)医药经济=323；(005)理学院 (03)流行病控制理论方法与应用=323；(005)理学院 (04)大数据分析理论及应用=323,https://www.ludengkaoyan.com/school79/qrz/zsml/190758.html,12,334.0,362.0,388.0,18,1.5,1.5,335.53,order_stat_interpolation,0.49,335.53,q10_proxy,0.49,0.0,12.529999999999973,0,就现在考研小程序院校模块（2026-08-14读取）：https://admin.jiuxianzai.cn/api/applet/home/index/schoolDetail/d34c7f35ef107ae49663865d4d6ed3ab；经人数与最低录取线校验的名单图：https://jiuxianzai.oss-cn-beijing.aliyuncs.com/kaoyan/2025/04/07/51374c2ece76434c8f02a4a478ca7eca.png,0,,年度线与录取,343,338.0,338.0,0.0,8,-11.0,-3.3600000000000136,3.3600000000000136,-0.8584427847883948,0.4944
中国药科大学,2026,A,324,324.0,324（机构公开页；多方向取最高，需以官网复核）,机构公开汇总（二次核验）,third_party,0.62,(005)理学院 (01)生物统计=324；(005)理学院 (02)医药经济=324；(005)理学院 (03)流行病控制理论方法与应用=324；(005)理学院 (04)大数据分析理论及应用=324,https://www.ludengkaoyan.com/school79/qrz/zsml/319256.html,10,341.0,367.5,422.0,11,1.1,1.1,341.59,order_stat_interpolation,0.49,341.59,q10_proxy,0.49,0.0,17.589999999999975,0,就现在考研小程序院校模块（2026-08-14读取）：https://admin.jiuxianzai.cn/api/applet/home/index/schoolDetail/d34c7f35ef107ae49663865d4d6ed3ab；经人数与最低录取线校验的名单图：https://jiuxianzai.oss-cn-beijing.aliyuncs.com/kaoyan/2026/05/15/cb7df6e854a34228bace236a15853db2.png；卡方2026录取名单专辑交叉验证：录取线341 | 2026年中国药科大学公布拟录取名单10人 https://mp.weixin.qq.com/s?__biz=MzIxNTM0MjQ3OA==&mid=2247511628&idx=6&sn=a5c2186df33b28af825e59984c0eebcf&chksm=979b22ada0ecabbb7e97b07a372a7dbc686d2478d6ad6aebd96deea7a586c10dcb3534a310c2#rd,0,,年度线与录取,344,323.0,335.53,12.529999999999973,12,-15.0,12.529999999999973,7.944999999999993,1.8407976977381921,1.5051
南昌大学,2022,A,360,,未招生,机构汇总（二次核验）,third_party,0.62,未招生,https://www.educity.cn/kyyy/5009654.html,,,,,,,,,missing,0.0,,cutoff_fallback,0.341,,,0,就现在考研小程序院校模块（2026-08-14读取）：https://admin.jiuxianzai.cn/api/applet/home/index/schoolDetail/bb42e207bb8a2e53858470a27f5ad5da,0,,年度线与录取,345,,,,,,,,,
南昌大学,2023,A,346,349.0,349（小程序院校模块；待官网复核）,主流机构小程序,third_party,0.62,国家线不等同学院实际复试线,https://yz.chsi.com.cn/kyzx/zt/lnfsx2023.shtml,15,349.0,367.0,400.0,15,1.0,1.0,350.54,order_stat_interpolation,0.49,350.54,q10_proxy,0.49,3.0,4.5400000000000205,0,就现在考研小程序院校模块（2026-08-14读取）：https://admin.jiuxianzai.cn/api/applet/home/index/schoolDetail/bb42e207bb8a2e53858470a27f5ad5da；经人数与最低录取线校验的名单图：https://jiuxianzai.oss-cn-beijing.aliyuncs.com/kaoyan/2023/06/01/b1d251e55d3e406a92b92977e7d59f9a.png,0,,年度线与录取,346,,,,,,,,,
南昌大学,2024,A,338,338.0,338（机构公开页；多方向取最高，需以官网复核）,机构公开汇总（二次核验）,third_party,0.62,(002)经济管理学院 (01)社会经济统计=338；(002)经济管理学院 (02)金融统计=338,https://www.ludengkaoyan.com/school84/qrz/zsml/16589.html,24,382.0,392.5,419.0,30,1.25,1.25,383.37,order_stat_interpolation,0.49,383.37,q10_proxy,0.49,0.0,45.370000000000005,0,就现在考研小程序院校模块（2026-08-14读取）：https://admin.jiuxianzai.cn/api/applet/home/index/schoolDetail/bb42e207bb8a2e53858470a27f5ad5da；经人数与最低录取线校验的名单图：https://jiuxianzai.oss-cn-beijing.aliyuncs.com/kaoyan/2024/05/06/05e1af75ec3842b585ae513c4c89f212.png,0,,年度线与录取,347,349.0,350.54,4.5400000000000205,15,,,4.5400000000000205,,-0.6125
南昌大学,2025,A,323,323.0,323（机构公开页；多方向取最高，需以官网复核）,机构公开汇总（二次核验）,third_party,0.62,(002)经济管理学院 (01)经济统计=323；(002)经济管理学院 (02)金融统计与风险管理=323；(002)经济管理学院 (03)大数据分析=323；(002)经济管理学院 (04)工业统计=323,https://www.ludengkaoyan.com/school84/qrz/zsml/205341.html,35,352.0,,,44,1.2571428571428571,1.2571,352.0,minimum_only,0.252,352.0,q10_proxy,0.252,0.0,29.0,0,就现在考研小程序院校模块（2026-08-14读取）：https://admin.jiuxianzai.cn/api/applet/home/index/schoolDetail/bb42e207bb8a2e53858470a27f5ad5da,0,,年度线与录取,348,338.0,383.37,45.370000000000005,24,-11.0,40.829999999999984,24.955000000000013,3.4024999999999985,0.6638
南昌大学,2026,A,324,324.0,324（机构公开页；多方向取最高，需以官网复核）,机构公开汇总（二次核验）,third_party,0.62,(002)经济管理学院 (01)不分研究方向=324,https://www.ludengkaoyan.com/school84/qrz/zsml/333334.html,29,378.0,393.0,420.0,34,1.1724137931034482,1.1724,380.14,order_stat_interpolation,0.49,380.14,q10_proxy,0.49,0.0,56.139999999999986,0,就现在考研小程序院校模块（2026-08-14读取）：https://admin.jiuxianzai.cn/api/applet/home/index/schoolDetail/bb42e207bb8a2e53858470a27f5ad5da；经人数与最低录取线校验的名单图：https://jiuxianzai.oss-cn-beijing.aliyuncs.com/kaoyan/2026/05/15/d4c0f695f05c408789cda8684d68bec2.png,0,,年度线与录取,349,323.0,352.0,29.0,35,-15.0,-16.370000000000005,29.0,0.13364267068737792,-0.2285
华中农业大学,2022,A,360,365.0,365（机构2022汇总；多方向取最高普通线）,机构汇总（二次核验）,third_party,0.62,已给出院校线,https://www.educity.cn/kyyy/5009654.html,37,,,,63,1.7027027027027026,1.7027,,missing,0.0,365.0,cutoff_fallback,0.341,5.0,,0,就现在考研小程序院校模块（2026-08-14读取）：https://admin.jiuxianzai.cn/api/applet/home/index/schoolDetail/88540866545179766343bb45cdac824b,0,,年度线与录取,350,,,,,,,,,
华中农业大学,2023,A,346,346.0,346（小程序院校模块；待官网复核）,主流机构小程序,third_party,0.62,国家线不等同学院实际复试线,https://yz.chsi.com.cn/kyzx/zt/lnfsx2023.shtml,27,346.0,,,28,1.037037037037037,1.037,346.0,minimum_only,0.252,346.0,q10_proxy,0.252,0.0,0.0,0,就现在考研小程序院校模块（2026-08-14读取）：https://admin.jiuxianzai.cn/api/applet/home/index/schoolDetail/88540866545179766343bb45cdac824b,0,,年度线与录取,351,365.0,,,37,,,,,
华中农业大学,2024,A,338,338.0,338（机构公开页；多方向取最高，需以官网复核）,机构公开汇总（二次核验）,third_party,0.62,(317)信息学院 (01)生物统计=338；(317)信息学院 (02)经济统计=338,https://www.ludengkaoyan.com/school89/qrz/zsml/16677.html,16,371.0,393.5,417.0,20,1.25,1.25,373.1,order_stat_interpolation,0.49,373.1,q10_proxy,0.49,0.0,35.10000000000002,0,就现在考研小程序院校模块（2026-08-14读取）：https://admin.jiuxianzai.cn/api/applet/home/index/schoolDetail/88540866545179766343bb45cdac824b；经人数与最低录取线校验的名单图：https://jiuxianzai.oss-cn-beijing.aliyuncs.com/kaoyan/2024/05/01/6c3d5b89996f4e05814544e90363cc17.png,0,,年度线与录取,352,346.0,346.0,0.0,27,-19.0,,0.0,,-0.6125
华中农业大学,2025,A,323,323.0,323（机构公开页；多方向取最高，需以官网复核）,机构公开汇总（二次核验）,third_party,0.62,(317)信息学院 (01)生物统计=323；(317)信息学院 (02)经济统计=323,https://www.ludengkaoyan.com/school89/qrz/zsml/223152.html,12,367.0,372.0,403.0,15,1.25,1.25,367.27,order_stat_interpolation,0.49,367.27,q10_proxy,0.49,0.0,44.26999999999998,0,就现在考研小程序院校模块（2026-08-14读取）：https://admin.jiuxianzai.cn/api/applet/home/index/schoolDetail/88540866545179766343bb45cdac824b；经人数与最低录取线校验的名单图：https://jiuxianzai.oss-cn-beijing.aliyuncs.com/kaoyan/2025/04/07/06d741960da34f9daee557267dc73175.png,0,,年度线与录取,353,338.0,373.1,35.10000000000002,16,-8.0,35.10000000000002,17.55000000000001,2.925000000000002,0.6919
华中农业大学,2026,A,324,324.0,324（机构公开页；多方向取最高，需以官网复核）,机构公开汇总（二次核验）,third_party,0.62,(317)信息学院 (01)生物统计=324；(317)信息学院 (02)经济统计=324,https://www.ludengkaoyan.com/school89/qrz/zsml/351548.html,6,326.0,341.0,396.0,7,1.1666666666666667,1.1667,326.0,small_n_minimum,0.346,326.0,q10_proxy,0.346,0.0,2.0,0,就现在考研小程序院校模块（2026-08-14读取）：https://admin.jiuxianzai.cn/api/applet/home/index/schoolDetail/88540866545179766343bb45cdac824b；经人数与最低录取线校验的名单图：https://jiuxianzai.oss-cn-beijing.aliyuncs.com/kaoyan/2026/05/15/c4b4a75aaa3b4256a3442738ab26b35c.png；卡方2026录取名单专辑交叉验证：录取线326 | 2026年华中农业大学公布拟录取名单6人 https://mp.weixin.qq.com/s?__biz=MzIxNTM0MjQ3OA==&mid=2247511575&idx=5&sn=cc64c47872796ddae6296c4f93366a0e&chksm=979b22f6a0ecabe092be3840bdb2729237fbb83fd50f839356d6c7144b2a50e286c33c3b6de6#rd,0,,年度线与录取,354,323.0,367.27,44.26999999999998,12,-15.0,9.169999999999959,35.10000000000002,1.0269169853683529,-0.2811
安徽大学,2022,A,360,370.0,370（机构2022汇总；多方向取最高普通线）,机构汇总（二次核验）,third_party,0.62,已给出院校线,https://www.educity.cn/kyyy/5009654.html,86,,,,113,1.313953488372093,1.314,,missing,0.0,370.0,cutoff_fallback,0.341,10.0,,0,就现在考研小程序院校模块（2026-08-14读取）：https://admin.jiuxianzai.cn/api/applet/home/index/schoolDetail/d6afc64ca7e548b14b98bd2d9c265bea,0,,年度线与录取,355,,,,,,,,,
安徽大学,2023,A,346,364.0,364（小程序院校模块；待官网复核）,主流机构小程序,third_party,0.62,国家线不等同学院实际复试线,https://yz.chsi.com.cn/kyzx/zt/lnfsx2023.shtml,85,364.0,,,102,1.2,1.2,364.0,minimum_only,0.252,364.0,q10_proxy,0.252,18.0,18.0,0,就现在考研小程序院校模块（2026-08-14读取）：https://admin.jiuxianzai.cn/api/applet/home/index/schoolDetail/d6afc64ca7e548b14b98bd2d9c265bea,0,,年度线与录取,356,370.0,,,86,,,,,
安徽大学,2024,A,338,338.0,338（机构公开页；多方向取最高，需以官网复核）,机构公开汇总（二次核验）,third_party,0.62,(031)大数据与统计学院 (01)经济统计=338；(031)大数据与统计学院 (02)金融统计=338；(031)大数据与统计学院 (03)数据科学及其应用=338；(031)大数据与统计学院 (04)统计预测与决策=338；(031)大数据与统计学院 (05)数理统计=338,https://www.ludengkaoyan.com/school81/qrz/zsml/16555.html,80,377.0,,,96,1.2,1.2,377.0,minimum_only,0.252,377.0,q10_proxy,0.252,0.0,39.0,0,就现在考研小程序院校模块（2026-08-14读取）：https://admin.jiuxianzai.cn/api/applet/home/index/schoolDetail/d6afc64ca7e548b14b98bd2d9c265bea,0,,年度线与录取,357,364.0,364.0,18.0,85,-6.0,,18.0,,-0.6125
安徽大学,2025,A,323,323.0,323（机构公开页；多方向取最高，需以官网复核）,机构公开汇总（二次核验）,third_party,0.62,(031)大数据与统计学院 (01)经济统计=323；(031)大数据与统计学院 (02)金融统计=323；(031)大数据与统计学院 (03)数据科学及其应用=323；(031)大数据与统计学院 (04)统计预测与决策=323；(031)大数据与统计学院 (05)数理统计=323；(031)大数据与统计学院 (06)风险管理=323,https://www.ludengkaoyan.com/school81/qrz/zsml/197493.html,76,366.0,,,94,1.236842105263158,1.2368,366.0,minimum_only,0.252,366.0,q10_proxy,0.252,0.0,43.0,0,就现在考研小程序院校模块（2026-08-14读取）：https://admin.jiuxianzai.cn/api/applet/home/index/schoolDetail/d6afc64ca7e548b14b98bd2d9c265bea,0,,年度线与录取,358,338.0,377.0,39.0,80,-26.0,21.0,28.5,1.75,0.761
安徽大学,2026,A,324,324.0,324（机构公开页；多方向取最高，需以官网复核）,机构公开汇总（二次核验）,third_party,0.62,(031)大数据与统计学院 (01)经济统计=324；(031)大数据与统计学院 (02)金融统计=324；(031)大数据与统计学院 (03)数据科学及其应用=324；(031)大数据与统计学院 (04)统计预测与决策=324；(031)大数据与统计学院 (05)数理统计=324；(031)大数据与统计学院 (06)风险管理=324,https://www.ludengkaoyan.com/school81/qrz/zsml/326305.html,58,383.0,396.5,434.0,71,1.2241379310344829,1.2241,385.32,order_stat_interpolation,0.49,385.32,q10_proxy,0.49,0.0,61.31999999999999,0,就现在考研小程序院校模块（2026-08-14读取）：https://admin.jiuxianzai.cn/api/applet/home/index/schoolDetail/d6afc64ca7e548b14b98bd2d9c265bea；卡方2026录取名单专辑交叉验证：录取线383 | 2026年安徽大学公布拟录取名单58+2人 https://mp.weixin.qq.com/s?__biz=MzIxNTM0MjQ3OA==&mid=2247512178&idx=5&sn=ffdf3b184d289434928328133667a8b5&chksm=979b3c93a0ecb5850f580ea885a19a08ccba4243405746bf2df22d09f026f1b74ed6d37ed0a4#rd；统计战线小程序2026复试名单图人工下滑复核：绿色为未拟录取；与卡方标题58+2人闭合。分布及复录比按普通计划58人/71人，剔除2名士兵专项。,1,special_plan_exclusion_unclear,年度线与录取,359,323.0,366.0,43.0,76,-15.0,4.0,39.0,0.9314396202295838,-0.2715
南京农业大学,2022,A,360,,未在该机构2022汇总中检出；待查官网,缺失,unclassified,0.5,,https://www.educity.cn/kyyy/5009654.html,,,,,,,,,missing,0.0,,cutoff_fallback,0.275,,,0,就现在考研小程序院校模块（2026-08-14读取）：https://admin.jiuxianzai.cn/api/applet/home/index/schoolDetail/92409f535f3f0472316ebdcce9011b20,0,,年度线与录取,360,,,,,,,,,
南京农业大学,2023,A,346,,A区国家线346（仅底线；未核院线，不纳入均值）,国家线底线/院线缺失,national_floor_only,0.35,国家线不等同学院实际复试线,https://yz.chsi.com.cn/kyzx/zt/lnfsx2023.shtml,,,,,,,,,missing,0.0,,cutoff_fallback,0.193,,,0,就现在考研小程序院校模块（2026-08-14读取）：https://admin.jiuxianzai.cn/api/applet/home/index/schoolDetail/92409f535f3f0472316ebdcce9011b20,0,,年度线与录取,361,,,,,,,,,
南京农业大学,2024,A,338,338.0,338（机构公开页；多方向取最高，需以官网复核）,机构公开汇总（二次核验）,third_party,0.62,(011)理学院 (01)生物统计=338；(011)理学院 (02)大数据分析=338；(011)理学院 (03)经济与金融统计=338,https://www.ludengkaoyan.com/school78/qrz/zsml/16522.html,2,404.0,408.5,413.0,3,1.5,1.5,404.0,small_n_minimum,0.346,404.0,q10_proxy,0.346,0.0,66.0,0,就现在考研小程序院校模块（2026-08-14读取）：https://admin.jiuxianzai.cn/api/applet/home/index/schoolDetail/92409f535f3f0472316ebdcce9011b20；经人数与最低录取线校验的名单图：https://jiuxianzai.oss-cn-beijing.aliyuncs.com/kaoyan/2024/04/09/e5231dd64f884aac9230a370f0f5d15d.png,0,,年度线与录取,362,,,,,,,,,-0.6125
南京农业大学,2025,A,323,323.0,323（机构公开页；多方向取最高，需以官网复核）,机构公开汇总（二次核验）,third_party,0.62,(011)理学院 (01)生物统计=323；(011)理学院 (02)大数据分析=323；(011)理学院 (03)经济与金融统计=323,https://www.ludengkaoyan.com/school78/qrz/zsml/189036.html,,,,,,,,,missing,0.0,323.0,cutoff_fallback,0.341,0.0,,0,就现在考研小程序院校模块（2026-08-14读取）：https://admin.jiuxianzai.cn/api/applet/home/index/schoolDetail/92409f535f3f0472316ebdcce9011b20,0,,年度线与录取,363,338.0,404.0,66.0,2,,,66.0,,0.5411
南京农业大学,2026,A,324,324.0,324（机构公开页；多方向取最高，需以官网复核）,机构公开汇总（二次核验）,third_party,0.62,(011)理学院 (01)生物统计=324；(011)理学院 (02)大数据分析=324；(011)理学院 (03)经济与金融统计=324,https://www.ludengkaoyan.com/school78/qrz/zsml/317394.html,4,372.0,396.0,404.0,4,1.0,1.0,372.0,small_n_minimum,0.346,372.0,q10_proxy,0.346,0.0,48.0,0,就现在考研小程序院校模块（2026-08-14读取）：https://admin.jiuxianzai.cn/api/applet/home/index/schoolDetail/92409f535f3f0472316ebdcce9011b20；经人数与最低录取线校验的名单图：https://jiuxianzai.oss-cn-beijing.aliyuncs.com/kaoyan/2026/05/15/c89ff433e8b548d8bb845a7b608a0d2b.png；卡方2026录取名单专辑交叉验证：收调剂，录取线372 | 2026年南京农业大学公布拟录取名单4人 https://mp.weixin.qq.com/s?__biz=MzIxNTM0MjQ3OA==&mid=2247511654&idx=5&sn=ce40129d82172a6c54705fa3acaccf34&chksm=979b2287a0ecab912dc5b898bf63256a48289b904d5bc1009bf29b56bca14a1840fa914280c0#rd,0,,年度线与录取,364,323.0,,,,-15.0,,66.0,,0.2648
太原理工大学,2022,A,360,,未招生,机构汇总（二次核验）,third_party,0.62,未招生,https://www.educity.cn/kyyy/5009654.html,,,,,,,,,missing,0.0,,cutoff_fallback,0.341,,,0,就现在考研小程序院校模块（2026-08-14读取）：https://admin.jiuxianzai.cn/api/applet/home/index/schoolDetail/3948f82c1aa2c4e3379718fb0f208377,0,,年度线与录取,365,,,,,,,,,
太原理工大学,2023,A,346,,A区国家线346（仅底线；未核院线，不纳入均值）,国家线底线/院线缺失,national_floor_only,0.35,国家线不等同学院实际复试线,https://yz.chsi.com.cn/kyzx/zt/lnfsx2023.shtml,0,,,,0,,,,missing,0.0,,cutoff_fallback,0.193,,,0,就现在考研小程序院校模块（2026-08-14读取）：https://admin.jiuxianzai.cn/api/applet/home/index/schoolDetail/3948f82c1aa2c4e3379718fb0f208377,0,,年度线与录取,366,,,,,,,,,
太原理工大学,2024,A,338,338.0,338（机构公开页；多方向取最高，需以官网复核）,机构公开汇总（二次核验）,third_party,0.62,(012)数学学院 (00)不区分研究方向=338,https://www.ludengkaoyan.com/school58/qrz/zsml/16402.html,1,380.0,380.0,380.0,1,1.0,1.0,380.0,minimum_only,0.252,380.0,q10_proxy,0.252,0.0,42.0,0,就现在考研小程序院校模块（2026-08-14读取）：https://admin.jiuxianzai.cn/api/applet/home/index/schoolDetail/3948f82c1aa2c4e3379718fb0f208377；经人数与最低录取线校验的名单图：https://jiuxianzai.oss-cn-beijing.aliyuncs.com/kaoyan/2024/04/09/01f3cbbf4f9047bb9f16ae14cb4d50b3.png,0,,年度线与录取,367,,,,0,,,,,-0.6125
太原理工大学,2025,A,323,323.0,323（机构公开页；多方向取最高，需以官网复核）,机构公开汇总（二次核验）,third_party,0.62,(012)数学学院 (00)不区分研究方向=323,https://www.ludengkaoyan.com/school58/qrz/zsml/160822.html,4,341.0,351.0,376.0,4,1.0,1.0,341.0,small_n_minimum,0.346,341.0,q10_proxy,0.346,0.0,18.0,0,就现在考研小程序院校模块（2026-08-14读取）：https://admin.jiuxianzai.cn/api/applet/home/index/schoolDetail/3948f82c1aa2c4e3379718fb0f208377；经人数与最低录取线校验的名单图：https://jiuxianzai.oss-cn-beijing.aliyuncs.com/kaoyan/2025/04/15/54c119553e26427eb9e7ae3389938342.png,0,,年度线与录取,368,338.0,380.0,42.0,1,,,42.0,,0.4246
太原理工大学,2026,A,324,325.0,325（数学学院025200）,官方,official,1.0,数学学院025200,https://www.gs.tyut.edu.cn/info/1261/15529.htm,11,327.0,354.0,377.0,11,1.0,1.0,328.08,order_stat_interpolation,0.49,328.08,q10_proxy,0.49,1.0,4.079999999999984,0,就现在考研小程序院校模块（2026-08-14读取）：https://admin.jiuxianzai.cn/api/applet/home/index/schoolDetail/3948f82c1aa2c4e3379718fb0f208377；经人数与最低录取线校验的名单图：https://jiuxianzai.oss-cn-beijing.aliyuncs.com/kaoyan/2026/05/15/35a6c75331ae467abbd27bdf569d65bf.png；卡方2026录取名单专辑交叉验证：等额录取，录取线327 | 2026年太原理工大学公布拟录取名单11人 https://mp.weixin.qq.com/s?__biz=MzIxNTM0MjQ3OA==&mid=2247511601&idx=6&sn=ce36d4b3aa0abe79c25a363de3b55a7f&chksm=979b22d0a0ecabc6abf49a065568802d2e474f6a8230ef69b3120753cc6aac9990609a01ad0a#rd,0,,年度线与录取,369,323.0,341.0,18.0,4,-15.0,-24.0,30.0,-2.0,0.0216
贵州大学,2022,B,350,350.0,350（机构2022汇总；多方向取最高普通线）,机构汇总（二次核验）,third_party,0.62,已给出院校线,https://www.educity.cn/kyyy/5009654.html,33,,,,60,1.818181818181818,1.8182,,missing,0.0,350.0,cutoff_fallback,0.341,0.0,,0,就现在考研小程序院校模块（2026-08-14读取）：https://admin.jiuxianzai.cn/api/applet/home/index/schoolDetail/3bfd37b14412a43b3e531fe8705c8fa8,0,,年度线与录取,370,,,,,,,,,
贵州大学,2023,B,336,336.0,336（小程序院校模块；待官网复核）,主流机构小程序,third_party,0.62,国家线不等同学院实际复试线,https://yz.chsi.com.cn/kyzx/zt/lnfsx2023.shtml,29,336.0,,,29,1.0,1.0,336.0,minimum_only,0.252,336.0,q10_proxy,0.252,0.0,0.0,0,就现在考研小程序院校模块（2026-08-14读取）：https://admin.jiuxianzai.cn/api/applet/home/index/schoolDetail/3bfd37b14412a43b3e531fe8705c8fa8,0,,年度线与录取,371,350.0,,,33,,,,,
贵州大学,2024,B,328,328.0,328（机构公开页；多方向取最高，需以官网复核）,机构公开汇总（二次核验）,third_party,0.62,(140)数学与统计学院 (00)不区分研究方向=328,https://www.ludengkaoyan.com/school101/qrz/zsml/16758.html,37,333.0,361.0,425.0,47,1.2702702702702702,1.2703,337.36,order_stat_interpolation,0.49,337.36,q10_proxy,0.49,0.0,9.360000000000014,0,就现在考研小程序院校模块（2026-08-14读取）：https://admin.jiuxianzai.cn/api/applet/home/index/schoolDetail/3bfd37b14412a43b3e531fe8705c8fa8；经人数与最低录取线校验的名单图：https://jiuxianzai.oss-cn-beijing.aliyuncs.com/kaoyan/2024/04/08/1e3483948d284a7fa026f3fc8f52443f.png,0,,年度线与录取,372,336.0,336.0,0.0,29,-14.0,,0.0,,-0.6125
贵州大学,2025,B,313,313.0,313（机构公开页；多方向取最高，需以官网复核）,机构公开汇总（二次核验）,third_party,0.62,(140)数学与统计学院 (00)不区分研究方向=313,https://www.ludengkaoyan.com/school101/qrz/zsml/257361.html,46,314.0,357.0,411.0,63,1.3695652173913044,1.3696,321.07,order_stat_interpolation,0.49,321.07,q10_proxy,0.49,0.0,8.069999999999993,0,就现在考研小程序院校模块（2026-08-14读取）：https://admin.jiuxianzai.cn/api/applet/home/index/schoolDetail/3bfd37b14412a43b3e531fe8705c8fa8；经人数与最低录取线校验的名单图：https://jiuxianzai.oss-cn-beijing.aliyuncs.com/kaoyan/2025/04/07/74b361390ac5432a88b9a3b76c47ca38.png,0,,年度线与录取,373,328.0,337.36,9.360000000000014,37,-8.0,9.360000000000014,4.680000000000007,0.7800000000000011,-0.1111
贵州大学,2026,B,314,314.0,314（机构公开页；多方向取最高，需以官网复核）,机构公开汇总（二次核验）,third_party,0.62,(140)数学与统计学院 (00)不区分研究方向=314,https://www.ludengkaoyan.com/school101/qrz/zsml/384160.html,48,323.0,359.5,430.0,73,1.5208333333333333,1.5208,329.06,order_stat_interpolation,0.49,329.06,q10_proxy,0.49,0.0,15.060000000000002,0,就现在考研小程序院校模块（2026-08-14读取）：https://admin.jiuxianzai.cn/api/applet/home/index/schoolDetail/3bfd37b14412a43b3e531fe8705c8fa8；经人数与最低录取线校验的名单图：https://jiuxianzai.oss-cn-beijing.aliyuncs.com/kaoyan/2026/05/15/48b8d0295cb848b88f35bf12b8a1998c.png；卡方2026录取名单专辑交叉验证：录取线323 | 2026年贵州大学公布拟录取名单48人 https://mp.weixin.qq.com/s?__biz=MzIxNTM0MjQ3OA==&mid=2247511546&idx=6&sn=d09114d7109c36313dad295bcbda7fcb&chksm=979b211ba0eca80d67c0d715e590b229d3e56a877ee2227cfb515639ca659b7e402ff1bf46d0#rd,0,,年度线与录取,374,313.0,321.07,8.069999999999993,46,-15.0,-1.2900000000000205,8.069999999999993,0.4885734347490695,0.0
内蒙古大学,2022,B,350,350.0,350（机构2022汇总；多方向取最高普通线）,机构汇总（二次核验）,third_party,0.62,已给出院校线,https://www.educity.cn/kyyy/5009654.html,50,,,,54,1.08,1.08,,missing,0.0,350.0,cutoff_fallback,0.341,0.0,,0,就现在考研小程序院校模块（2026-08-14读取）：https://admin.jiuxianzai.cn/api/applet/home/index/schoolDetail/38d0d593bfb474f42e2658c50e3b0cee,0,,年度线与录取,375,,,,,,,,,
内蒙古大学,2023,B,336,338.0,338（小程序院校模块；待官网复核）,主流机构小程序,third_party,0.62,国家线不等同学院实际复试线,https://yz.chsi.com.cn/kyzx/zt/lnfsx2023.shtml,50,339.0,,,60,1.2,1.2,339.0,minimum_only,0.252,339.0,q10_proxy,0.252,2.0,3.0,0,就现在考研小程序院校模块（2026-08-14读取）：https://admin.jiuxianzai.cn/api/applet/home/index/schoolDetail/38d0d593bfb474f42e2658c50e3b0cee,0,,年度线与录取,376,350.0,,,50,,,,,
内蒙古大学,2024,B,328,328.0,328（机构公开页；多方向取最高，需以官网复核）,机构公开汇总（二次核验）,third_party,0.62,(036)数学科学学院 (00)不区分研究方向=328,https://www.ludengkaoyan.com/school59/qrz/zsml/16408.html,42,328.0,,,42,1.0,1.0,328.0,minimum_only,0.252,328.0,q10_proxy,0.252,0.0,0.0,0,就现在考研小程序院校模块（2026-08-14读取）：https://admin.jiuxianzai.cn/api/applet/home/index/schoolDetail/38d0d593bfb474f42e2658c50e3b0cee,0,,年度线与录取,377,338.0,339.0,3.0,50,-12.0,,3.0,,-0.6125
内蒙古大学,2025,B,313,313.0,313（机构公开页；多方向取最高，需以官网复核）,机构公开汇总（二次核验）,third_party,0.62,(036)数学科学学院 (00)不区分研究方向=313,https://www.ludengkaoyan.com/school59/qrz/zsml/251700.html,36,314.0,,,36,1.0,1.0,314.0,minimum_only,0.252,314.0,q10_proxy,0.252,0.0,1.0,0,就现在考研小程序院校模块（2026-08-14读取）：https://admin.jiuxianzai.cn/api/applet/home/index/schoolDetail/38d0d593bfb474f42e2658c50e3b0cee,0,,年度线与录取,378,328.0,328.0,0.0,42,-10.0,-3.0,1.5,-0.25,0.2322
内蒙古大学,2026,B,314,314.0,314（机构公开页；多方向取最高，需以官网复核）,机构公开汇总（二次核验）,third_party,0.62,(036)数学科学学院 (00)不区分研究方向=314,https://www.ludengkaoyan.com/school59/qrz/zsml/378828.html,44,315.0,365.5,415.0,46,1.0454545454545454,1.0455,323.22,order_stat_interpolation,0.49,323.22,q10_proxy,0.49,0.0,9.220000000000027,0,就现在考研小程序院校模块（2026-08-14读取）：https://admin.jiuxianzai.cn/api/applet/home/index/schoolDetail/38d0d593bfb474f42e2658c50e3b0cee；经人数与最低录取线校验的名单图：https://jiuxianzai.oss-cn-beijing.aliyuncs.com/kaoyan/2026/05/15/0549154548634c448801570a46b705c4.png；卡方2026录取名单专辑交叉验证：仅淘汰2人，录取线315 | 2026年内蒙古大学公布拟录取名单44人 https://mp.weixin.qq.com/s?__biz=MzIxNTM0MjQ3OA==&mid=2247511761&idx=4&sn=6d50e932ab7c9414c6d1c078774b0cdc&chksm=979b2230a0ecab264c04b342cb3b29eecd2b5c58ab7424e188b48b31642976cfcaf94dcefc5b#rd,0,,年度线与录取,379,313.0,314.0,1.0,36,-15.0,1.0,1.0,-0.125,0.2045
东北农业大学,2022,A,360,,未在该机构2022汇总中检出；待查官网,缺失,unclassified,0.5,,https://www.educity.cn/kyyy/5009654.html,,,,,,,,,missing,0.0,,cutoff_fallback,0.275,,,0,就现在考研小程序院校模块（2026-08-14读取）：https://admin.jiuxianzai.cn/api/applet/home/index/schoolDetail/181e45a7493304a18ae20dff6881a87c,0,,年度线与录取,380,,,,,,,,,
东北农业大学,2023,A,346,,A区国家线346（仅底线；未核院线，不纳入均值）,国家线底线/院线缺失,national_floor_only,0.35,国家线不等同学院实际复试线,https://yz.chsi.com.cn/kyzx/zt/lnfsx2023.shtml,,,,,,,,,missing,0.0,,cutoff_fallback,0.193,,,0,就现在考研小程序院校模块（2026-08-14读取）：https://admin.jiuxianzai.cn/api/applet/home/index/schoolDetail/181e45a7493304a18ae20dff6881a87c,0,,年度线与录取,381,,,,,,,,,
东北农业大学,2024,A,338,,未检出可用数值；待查官网,缺失,unclassified,0.5,,https://www.ludengkaoyan.com/major3/fsx/,,,,,,,,,missing,0.0,,cutoff_fallback,0.275,,,0,就现在考研小程序院校模块（2026-08-14读取）：https://admin.jiuxianzai.cn/api/applet/home/index/schoolDetail/181e45a7493304a18ae20dff6881a87c,0,,年度线与录取,382,,,,,,,,,-0.6125
东北农业大学,2025,A,323,323.0,323（机构公开页；多方向取最高，需以官网复核）,机构公开汇总（二次核验）,third_party,0.62,(011)文理学院 (00)不区分研究方向=323,https://www.ludengkaoyan.com/school65/qrz/zsml/172218.html,3,326.0,,,3,1.0,1.0,326.0,minimum_only,0.252,326.0,q10_proxy,0.252,0.0,3.0,0,就现在考研小程序院校模块（2026-08-14读取）：https://admin.jiuxianzai.cn/api/applet/home/index/schoolDetail/181e45a7493304a18ae20dff6881a87c,0,,年度线与录取,383,,,,,,,,,0.5411
东北农业大学,2026,A,324,324.0,324（机构公开页；多方向取最高，需以官网复核）,机构公开汇总（二次核验）,third_party,0.62,(011)文理学院 (00)不区分研究方向=324,https://www.ludengkaoyan.com/school65/qrz/zsml/302625.html,4,345.0,353.0,356.0,4,1.0,1.0,345.0,small_n_minimum,0.346,345.0,q10_proxy,0.346,0.0,21.0,0,就现在考研小程序院校模块（2026-08-14读取）：https://admin.jiuxianzai.cn/api/applet/home/index/schoolDetail/181e45a7493304a18ae20dff6881a87c；经人数与最低录取线校验的名单图：https://jiuxianzai.oss-cn-beijing.aliyuncs.com/kaoyan/2026/05/15/cc82f424fd7142eea802e75eceaee1b0.png；卡方2026录取名单专辑交叉验证：等额录取，录取线345 | 2026年东北农业大学公布拟录取名单4人 https://mp.weixin.qq.com/s?__biz=MzIxNTM0MjQ3OA==&mid=2247511621&idx=6&sn=d3b190d1a884778e366f0c423ee3a480&chksm=979b22a4a0ecabb24f8a82c6dbcecd699d19d0174a90007886e86ddd54b94423c517fd59b71e#rd,0,,年度线与录取,384,323.0,326.0,3.0,3,,,3.0,,1.5386
东北林业大学,2022,A,360,,未在该机构2022汇总中检出；待查官网,缺失,unclassified,0.5,,https://www.educity.cn/kyyy/5009654.html,,,,,,,,,missing,0.0,,cutoff_fallback,0.275,,,0,就现在考研小程序院校模块（2026-08-14读取）：https://admin.jiuxianzai.cn/api/applet/home/index/schoolDetail/76c645e37f82e3b5a60079064582f4d4,0,,年度线与录取,385,,,,,,,,,
东北林业大学,2023,A,346,,A区国家线346（仅底线；未核院线，不纳入均值）,国家线底线/院线缺失,national_floor_only,0.35,国家线不等同学院实际复试线,https://yz.chsi.com.cn/kyzx/zt/lnfsx2023.shtml,,,,,,,,,missing,0.0,,cutoff_fallback,0.193,,,0,就现在考研小程序院校模块（2026-08-14读取）：https://admin.jiuxianzai.cn/api/applet/home/index/schoolDetail/76c645e37f82e3b5a60079064582f4d4,0,,年度线与录取,386,,,,,,,,,
东北林业大学,2024,A,338,338.0,338（机构公开页；多方向取最高，需以官网复核）,机构公开汇总（二次核验）,third_party,0.62,(015)理学院 (00)不区分研究方向=338,https://www.ludengkaoyan.com/school66/qrz/zsml/16441.html,4,340.0,366.5,394.0,4,1.0,1.0,340.0,small_n_minimum,0.346,340.0,q10_proxy,0.346,0.0,2.0,0,就现在考研小程序院校模块（2026-08-14读取）：https://admin.jiuxianzai.cn/api/applet/home/index/schoolDetail/76c645e37f82e3b5a60079064582f4d4；经人数与最低录取线校验的名单图：https://jiuxianzai.oss-cn-beijing.aliyuncs.com/kaoyan/2024/04/08/391e27e6ffbd4557a18d0dab46945a95.png,0,,年度线与录取,387,,,,,,,,,-0.6125
东北林业大学,2025,A,323,323.0,323（机构公开页；多方向取最高，需以官网复核）,机构公开汇总（二次核验）,third_party,0.62,(015)理学院 (00)不区分研究方向=323,https://www.ludengkaoyan.com/school66/qrz/zsml/172198.html,10,327.0,352.0,412.0,10,1.0,1.0,327.56,order_stat_interpolation,0.49,327.56,q10_proxy,0.49,0.0,4.560000000000002,0,就现在考研小程序院校模块（2026-08-14读取）：https://admin.jiuxianzai.cn/api/applet/home/index/schoolDetail/76c645e37f82e3b5a60079064582f4d4；经人数与最低录取线校验的名单图：https://jiuxianzai.oss-cn-beijing.aliyuncs.com/kaoyan/2025/04/07/d6a4fac653064a3982719bbc5cd337a5.png,0,,年度线与录取,388,338.0,340.0,2.0,4,,,2.0,,0.2689
东北林业大学,2026,A,324,324.0,324（机构公开页；多方向取最高，需以官网复核）,机构公开汇总（二次核验）,third_party,0.62,(015)理学院 (00)不区分研究方向=324,https://www.ludengkaoyan.com/school66/qrz/zsml/302749.html,21,326.0,356.0,402.0,28,1.3333333333333333,1.3333,329.6,order_stat_interpolation,0.49,329.6,q10_proxy,0.49,0.0,5.600000000000023,0,就现在考研小程序院校模块（2026-08-14读取）：https://admin.jiuxianzai.cn/api/applet/home/index/schoolDetail/76c645e37f82e3b5a60079064582f4d4；经人数与最低录取线校验的名单图：https://jiuxianzai.oss-cn-beijing.aliyuncs.com/kaoyan/2026/05/15/ff11a112d8fe4ff1b1c3afe352c495af.png；卡方2026录取名单专辑交叉验证：录取线326 | 2026年东北林业大学公布拟录取名单21人 https://mp.weixin.qq.com/s?__biz=MzIxNTM0MjQ3OA==&mid=2247511562&idx=4&sn=3331b4d5c29be098d85a919e8c82770e&chksm=979b22eba0ecabfdbb5a5a6ed18e176635eae4bbd70c8a7f8ef380128312eebd3355f50e7ccb#rd,0,,年度线与录取,389,323.0,327.56,4.560000000000002,10,-15.0,2.5600000000000023,3.280000000000001,0.2133333333333335,1.6859
新疆大学,2022,B,350,350.0,350（机构2022汇总；多方向取最高普通线）,机构汇总（二次核验）,third_party,0.62,已给出院校线,https://www.educity.cn/kyyy/5009654.html,4,,267.0,287.0,8,2.0,2.0,,missing,0.0,350.0,cutoff_fallback,0.341,0.0,,0,就现在考研小程序院校模块（2026-08-14读取）：https://admin.jiuxianzai.cn/api/applet/home/index/schoolDetail/b315329ed2a27f19f095c3b25ce12c51；经人数与最低录取线校验的名单图：https://jiuxianzai.oss-cn-beijing.aliyuncs.com/kaoyan/2022/04/18/93d08176eb0441ad9ac4ab478fd47dae.png,0,,年度线与录取,390,,,,,,,,,
新疆大学,2023,B,336,336.0,336（小程序院校模块；待官网复核）,主流机构小程序,third_party,0.62,国家线不等同学院实际复试线,https://yz.chsi.com.cn/kyzx/zt/lnfsx2023.shtml,10,336.0,,,10,1.0,1.0,336.0,minimum_only,0.252,336.0,q10_proxy,0.252,0.0,0.0,0,就现在考研小程序院校模块（2026-08-14读取）：https://admin.jiuxianzai.cn/api/applet/home/index/schoolDetail/b315329ed2a27f19f095c3b25ce12c51,0,,年度线与录取,391,350.0,,,4,,,,,
新疆大学,2024,B,328,328.0,328（机构公开页；多方向取最高，需以官网复核）,机构公开汇总（二次核验）,third_party,0.62,(201)数学与系统科学学院（数学物理研究所） (01)金融统计与风险管理=328；(201)数学与系统科学学院（数学物理研究所） (02)数据与智能科学=328；(201)数学与系统科学学院（数学物理研究所） (03)生物医学统计=328,https://www.ludengkaoyan.com/school110/qrz/zsml/16803.html,9,329.0,,,9,1.0,1.0,329.0,minimum_only,0.252,329.0,q10_proxy,0.252,0.0,1.0,0,就现在考研小程序院校模块（2026-08-14读取）：https://admin.jiuxianzai.cn/api/applet/home/index/schoolDetail/b315329ed2a27f19f095c3b25ce12c51,0,,年度线与录取,392,336.0,336.0,0.0,10,-14.0,,0.0,,-0.6125
新疆大学,2025,B,313,313.0,313（机构公开页；多方向取最高，需以官网复核）,机构公开汇总（二次核验）,third_party,0.62,(201)数学与系统科学学院 (01)金融统计与风险管理=313；(201)数学与系统科学学院 (02)数据与智能科学=313；(201)数学与系统科学学院 (03)生物医学统计=313,https://www.ludengkaoyan.com/school110/qrz/zsml/265479.html,20,313.0,,,21,1.05,1.05,313.0,minimum_only,0.252,313.0,q10_proxy,0.252,0.0,0.0,0,就现在考研小程序院校模块（2026-08-14读取）：https://admin.jiuxianzai.cn/api/applet/home/index/schoolDetail/b315329ed2a27f19f095c3b25ce12c51,0,,年度线与录取,393,328.0,329.0,1.0,9,-8.0,1.0,0.5,0.08333333333333333,0.1211
新疆大学,2026,B,314,314.0,314（机构公开页；多方向取最高，需以官网复核）,机构公开汇总（二次核验）,third_party,0.62,(201)数学与系统科学学院 (01)金融统计与风险管理=314；(201)数学与系统科学学院 (02)数据与智能科学=314；(201)数学与系统科学学院 (03)生物医学统计=314,https://www.ludengkaoyan.com/school110/qrz/zsml/391996.html,46,,,,46,1.0,1.0,,missing,0.0,314.0,cutoff_fallback,0.341,0.0,,0,就现在考研小程序院校模块（2026-08-14读取）：https://admin.jiuxianzai.cn/api/applet/home/index/schoolDetail/b315329ed2a27f19f095c3b25ce12c51,0,,年度线与录取,394,313.0,313.0,0.0,20,-15.0,-1.0,0.0,-0.125,0.2045
延边大学,2022,A,360,360.0,360（机构2022汇总；多方向取最高普通线）,机构汇总（二次核验）,third_party,0.62,已给出院校线,https://www.educity.cn/kyyy/5009654.html,4,,,,4,1.0,1.0,,missing,0.0,360.0,cutoff_fallback,0.341,0.0,,0,就现在考研小程序院校模块（2026-08-14读取）：https://admin.jiuxianzai.cn/api/applet/home/index/schoolDetail/153f02b8efd30492688680311b1468e8,0,,年度线与录取,395,,,,,,,,,
延边大学,2023,A,346,378.0,378（小程序院校模块；待官网复核）,主流机构小程序,third_party,0.62,国家线不等同学院实际复试线,https://yz.chsi.com.cn/kyzx/zt/lnfsx2023.shtml,2,378.0,381.5,385.0,2,1.0,1.0,378.0,small_n_minimum,0.346,378.0,q10_proxy,0.346,32.0,32.0,0,就现在考研小程序院校模块（2026-08-14读取）：https://admin.jiuxianzai.cn/api/applet/home/index/schoolDetail/153f02b8efd30492688680311b1468e8；经人数与最低录取线校验的名单图：https://jiuxianzai.oss-cn-beijing.aliyuncs.com/kaoyan/2023/04/13/1949af07b49e46c0a3a2a670680ccb0a.png,0,,年度线与录取,396,360.0,,,4,,,,,
延边大学,2024,A,338,338.0,338（机构公开页；多方向取最高，需以官网复核）,机构公开汇总（二次核验）,third_party,0.62,(001)理学院 (01)金融统计和风险管理=338；(001)理学院 (02)大数据与机器学习=338；(001)理学院 (03)经济与社会统计=338,https://www.ludengkaoyan.com/school62/qrz/zsml/16428.html,4,339.0,343.0,403.0,6,1.5,1.5,339.0,small_n_minimum,0.346,339.0,q10_proxy,0.346,0.0,1.0,0,就现在考研小程序院校模块（2026-08-14读取）：https://admin.jiuxianzai.cn/api/applet/home/index/schoolDetail/153f02b8efd30492688680311b1468e8；经人数与最低录取线校验的名单图：https://jiuxianzai.oss-cn-beijing.aliyuncs.com/kaoyan/2024/04/14/826a5f9c3706410190cafba06d51d9fb.png,0,,年度线与录取,397,378.0,378.0,32.0,2,18.0,,32.0,,-0.6125
延边大学,2025,A,323,323.0,323（机构公开页；多方向取最高，需以官网复核）,机构公开汇总（二次核验）,third_party,0.62,(001)理学院 (01)金融统计和风险管理=323；(001)理学院 (02)大数据与机器学习=323；(001)理学院 (03)经济与社会统计=323,https://www.ludengkaoyan.com/school62/qrz/zsml/168310.html,7,315.0,,,8,1.1428571428571428,1.1429,315.0,minimum_only,0.252,315.0,q10_proxy,0.252,0.0,-8.0,0,就现在考研小程序院校模块（2026-08-14读取）：https://admin.jiuxianzai.cn/api/applet/home/index/schoolDetail/153f02b8efd30492688680311b1468e8,1,admitted_min_below_selected_cutoff,年度线与录取,398,338.0,339.0,1.0,4,-40.0,-31.0,16.5,-2.5833333333333335,1.0159
延边大学,2026,A,324,324.0,324（机构公开页；多方向取最高，需以官网复核）,机构公开汇总（二次核验）,third_party,0.62,(001)理学院 (01)金融统计和风险管理=324；(001)理学院 (02)大数据与机器学习=324；(001)理学院 (03)经济与社会统计=324,https://www.ludengkaoyan.com/school62/qrz/zsml/298560.html,6,316.0,335.5,390.0,7,1.1666666666666667,1.1667,316.0,small_n_minimum,0.346,316.0,q10_proxy,0.346,0.0,-8.0,0,就现在考研小程序院校模块（2026-08-14读取）：https://admin.jiuxianzai.cn/api/applet/home/index/schoolDetail/153f02b8efd30492688680311b1468e8；经人数与最低录取线校验的名单图：https://jiuxianzai.oss-cn-beijing.aliyuncs.com/kaoyan/2026/05/15/5c03395d1e674b6191d6374486ad2aeb.png；卡方2026录取名单专辑交叉验证：录取线316 | 2026年延边大学公布拟录取名单6人 https://mp.weixin.qq.com/s?__biz=MzIxNTM0MjQ3OA==&mid=2247511546&idx=7&sn=69ae311b5e66497f6eb9d58498ce3f7a&chksm=979b211ba0eca80da411fd5963c46580d6e5afe89fc2d84afce7ec693f35c8608490d9f949d5#rd,1,admitted_min_below_selected_cutoff,年度线与录取,399,323.0,315.0,-8.0,7,-15.0,-9.0,1.0,-1.0661305553017149,1.828
宁夏大学,2022,B,350,,未在该机构2022汇总中检出；待查官网,缺失,unclassified,0.5,,https://www.educity.cn/kyyy/5009654.html,,,,,,,,,missing,0.0,,cutoff_fallback,0.275,,,0,就现在考研小程序院校模块（2026-08-14读取）：https://admin.jiuxianzai.cn/api/applet/home/index/schoolDetail/4fbd4b8789c924e2451381c240420e77,0,,年度线与录取,400,,,,,,,,,
宁夏大学,2023,B,336,,B区国家线336（仅底线；未核院线，不纳入均值）,国家线底线/院线缺失,national_floor_only,0.35,国家线不等同学院实际复试线,https://yz.chsi.com.cn/kyzx/zt/lnfsx2023.shtml,,,,,,,,,missing,0.0,,cutoff_fallback,0.193,,,0,就现在考研小程序院校模块（2026-08-14读取）：https://admin.jiuxianzai.cn/api/applet/home/index/schoolDetail/4fbd4b8789c924e2451381c240420e77,0,,年度线与录取,401,,,,,,,,,
宁夏大学,2024,B,328,,未检出可用数值；待查官网,缺失,unclassified,0.5,,https://www.ludengkaoyan.com/major3/fsx/,,,,,,,,,missing,0.0,,cutoff_fallback,0.275,,,0,就现在考研小程序院校模块（2026-08-14读取）：https://admin.jiuxianzai.cn/api/applet/home/index/schoolDetail/4fbd4b8789c924e2451381c240420e77,0,,年度线与录取,402,,,,,,,,,-0.6125
宁夏大学,2025,B,313,313.0,313（机构公开页；多方向取最高，需以官网复核）,机构公开汇总（二次核验）,third_party,0.62,(013)数学统计学院 (01)大数据统计分析及其应用=313；(013)数学统计学院 (02)人工智能与数据科学=313；(013)数学统计学院 (03)行业大模型算法与应用=313,https://www.ludengkaoyan.com/school109/qrz/zsml/264803.html,6,319.0,336.0,381.0,6,1.0,1.0,319.0,small_n_minimum,0.346,319.0,q10_proxy,0.346,0.0,6.0,0,就现在考研小程序院校模块（2026-08-14读取）：https://admin.jiuxianzai.cn/api/applet/home/index/schoolDetail/4fbd4b8789c924e2451381c240420e77；经人数与最低录取线校验的名单图：https://jiuxianzai.oss-cn-beijing.aliyuncs.com/kaoyan/2025/04/09/a5b5fd0b034e4f6dbc597399095feb69.png,0,,年度线与录取,403,,,,,,,,,0.5411
宁夏大学,2026,B,314,314.0,314（机构公开页；多方向取最高，需以官网复核）,机构公开汇总（二次核验）,third_party,0.62,(013)数学统计学院 (01)大数据统计分析及其应用=314；(013)数学统计学院 (02)人工智能与数据科学=314；(013)数学统计学院 (03)行业大模型算法与应用=314,https://www.ludengkaoyan.com/school109/qrz/zsml/391452.html,22,314.0,325.5,362.0,22,1.0,1.0,315.42,order_stat_interpolation,0.49,315.42,q10_proxy,0.49,0.0,1.420000000000016,0,就现在考研小程序院校模块（2026-08-14读取）：https://admin.jiuxianzai.cn/api/applet/home/index/schoolDetail/4fbd4b8789c924e2451381c240420e77；经人数与最低录取线校验的名单图：https://jiuxianzai.oss-cn-beijing.aliyuncs.com/kaoyan/2026/05/15/bbbe5c78d88e499e99c36f83a1577e39.png；卡方2026录取名单专辑交叉验证：录取线314｜2026年宁夏大学公布公布拟录取名单22人 https://mp.weixin.qq.com/s?__biz=MzIxNTM0MjQ3OA==&mid=2247511665&idx=6&sn=8ec0994d21b1b251d813ab6d781c5e96&chksm=979b2290a0ecab8644fce28b2f27ef353ce764a91d7effd81e59c0ea791e036431ae738d7914#rd,0,,年度线与录取,404,313.0,319.0,6.0,6,,,6.0,,0.1221
石河子大学,2022,B,350,350.0,350（机构2022汇总；多方向取最高普通线）,机构汇总（二次核验）,third_party,0.62,已给出院校线,https://www.educity.cn/kyyy/5009654.html,,,,,,,,,missing,0.0,350.0,cutoff_fallback,0.341,0.0,,0,就现在考研小程序院校模块（2026-08-14读取）：https://admin.jiuxianzai.cn/api/applet/home/index/schoolDetail/e15b657c1ff4c22efadc28fe8c94ac23,0,,年度线与录取,405,,,,,,,,,
石河子大学,2023,B,336,,B区国家线336（仅底线；未核院线，不纳入均值）,国家线底线/院线缺失,national_floor_only,0.35,国家线不等同学院实际复试线,https://yz.chsi.com.cn/kyzx/zt/lnfsx2023.shtml,0,,,,0,,,,missing,0.0,,cutoff_fallback,0.193,,,0,就现在考研小程序院校模块（2026-08-14读取）：https://admin.jiuxianzai.cn/api/applet/home/index/schoolDetail/e15b657c1ff4c22efadc28fe8c94ac23,0,,年度线与录取,406,350.0,,,,,,,,
石河子大学,2024,B,328,328.0,328（机构公开页；多方向取最高，需以官网复核）,机构公开汇总（二次核验）,third_party,0.62,(016)经济与管理学院 (00)不区分研究方向=328,https://www.ludengkaoyan.com/school111/qrz/zsml/16806.html,1,,,,1,1.0,1.0,,missing,0.0,328.0,cutoff_fallback,0.341,0.0,,0,就现在考研小程序院校模块（2026-08-14读取）：https://admin.jiuxianzai.cn/api/applet/home/index/schoolDetail/e15b657c1ff4c22efadc28fe8c94ac23,0,,年度线与录取,407,,,,0,,,,,-0.6125
石河子大学,2025,B,313,313.0,313（机构公开页；多方向取最高，需以官网复核）,机构公开汇总（二次核验）,third_party,0.62,(016)经济与管理学院 (00)不区分研究方向=313,https://www.ludengkaoyan.com/school111/qrz/zsml/266216.html,1,347.0,,,1,1.0,1.0,347.0,minimum_only,0.252,347.0,q10_proxy,0.252,0.0,34.0,0,就现在考研小程序院校模块（2026-08-14读取）：https://admin.jiuxianzai.cn/api/applet/home/index/schoolDetail/e15b657c1ff4c22efadc28fe8c94ac23,0,,年度线与录取,408,328.0,,,1,,,,,0.5411
石河子大学,2026,B,314,314.0,314（机构公开页；多方向取最高，需以官网复核）,机构公开汇总（二次核验）,third_party,0.62,(016)经济与管理学院 (00)不区分研究方向=314,https://www.ludengkaoyan.com/school111/qrz/zsml/392408.html,2,355.0,358.5,362.0,2,1.0,1.0,355.0,small_n_minimum,0.346,355.0,q10_proxy,0.346,0.0,41.0,0,就现在考研小程序院校模块（2026-08-14读取）：https://admin.jiuxianzai.cn/api/applet/home/index/schoolDetail/e15b657c1ff4c22efadc28fe8c94ac23；经人数与最低录取线校验的名单图：https://jiuxianzai.oss-cn-beijing.aliyuncs.com/kaoyan/2026/05/15/565068063a81423096af92f44b3b91c5.png；卡方2026录取名单专辑交叉验证：等额录取，录取线355 | 2026年石河子大学公布拟录取名单2人 https://mp.weixin.qq.com/s?__biz=MzIxNTM0MjQ3OA==&mid=2247511770&idx=5&sn=8696aa71de4a3ea9e45740b18e1f001e&chksm=979b223ba0ecab2d16ad4a9cb9c35e29b026c8efb3e49d651492d09682ffeafc7f6babdd41b5#rd,0,,年度线与录取,409,313.0,347.0,34.0,1,-15.0,,34.0,,0.2648
