bibliography_id,institution_or_source,title_or_scope_description,title_status,schools,years,supported_fields,source_types,authority_grades,provenance_layers,reachability,http_status,access_date,source_url,citation_text
S0001,就现在考研小程序院校模块（统计战线）,就现在考研小程序院校模块（统计战线）,retained_structured_title,,,2026拟录取最低/中位/最高、普通计划复录比；学制学费、初复试科目、参考书、复试线、最低录取线、复试/录取人数、结果名单,mini_program_api,secondary_structured,来源总台账,failed,400.0,2026-10-09,https://admin.jiuxianzai.cn/api/applet/home/index/school,[S0001] 就现在考研小程序院校模块（统计战线）. 就现在考研小程序院校模块（统计战线）[EB/OL]. (2026-10-09)[2026-10-09]. https://admin.jiuxianzai.cn/api/applet/home/index/school
S0002,统计战线统数圈公开数据库,上海财经大学 2022；2023；2024；2025；2026 admission/复录比；admission/复试人数；admission/拟录取中位；等 14 项,scope_description_not_original_page_title,上海财经大学,2022；2023；2024；2025；2026,admission/复录比；admission/复试人数；admission/拟录取中位；admission/拟录取人数；admission/拟录取最低；admission/拟录取最高；admission/本科背景状态；admitted_min；english_subject；major_subject；math_subject；politics_subject；study_mode；历年复试与录取汇总,mini_program_api；mini_program_api_value_reconciled,secondary_structured,校年值级补证；逐名名单索引；逐字段校年台账；院校静态字段补证,reachable,200.0,2026-10-09,https://admin.jiuxianzai.cn/api/applet/home/index/schoolDetail/015e45aa720f0d941241bec22327ed9d,[S0002] 统计战线统数圈公开数据库. 上海财经大学 2022；2023；2024；2025；2026 admission/复录比；admission/复试人数；admission/拟录取中位；等 14 项[EB/OL]. (2026-10-09)[2026-10-09]. https://admin.jiuxianzai.cn/api/applet/home/index/schoolDetail/015e45aa720f0d941241bec22327ed9d
S0003,统计战线统数圈公开数据库,复旦大学 2022；2023；2024；2025；2026 admission/复录比；admission/复试人数；admission/拟录取中位；等 16 项,scope_description_not_original_page_title,复旦大学,2022；2023；2024；2025；2026,admission/复录比；admission/复试人数；admission/拟录取中位；admission/拟录取人数；admission/拟录取最低；admission/拟录取最高；admission/本科背景状态；admitted_min；cutoff；duration；english_subject；major_subject；math_subject；politics_subject；study_mode；历年复试与录取汇总,mini_program_api；mini_program_api_value_reconciled,secondary_structured,校年值级补证；逐名名单索引；逐字段校年台账；院校静态字段补证,reachable,200.0,2026-10-09,https://admin.jiuxianzai.cn/api/applet/home/index/schoolDetail/04666d5b128db218a90e39f747d03dfc,[S0003] 统计战线统数圈公开数据库. 复旦大学 2022；2023；2024；2025；2026 admission/复录比；admission/复试人数；admission/拟录取中位；等 16 项[EB/OL]. (2026-10-09)[2026-10-09]. https://admin.jiuxianzai.cn/api/applet/home/index/schoolDetail/04666d5b128db218a90e39f747d03dfc
S0004,统计战线统数圈公开数据库,兰州大学 2022；2023；2024；2025；2026 admission/复录比；admission/复试人数；admission/拟录取中位；等 19 项,scope_description_not_original_page_title,兰州大学,2022；2023；2024；2025；2026,admission/复录比；admission/复试人数；admission/拟录取中位；admission/拟录取人数；admission/拟录取最低；admission/拟录取最高；admission/本科背景状态；admitted_count；admitted_min；cutoff；duration；english_subject；major_subject；math_subject；politics_subject；retest_count；study_mode；unit_2026；历年复试与录取汇总,mini_program_api；mini_program_api_value_reconciled,secondary_structured,校年值级补证；逐名名单索引；逐字段校年台账；院校静态字段补证,reachable,200.0,2026-10-09,https://admin.jiuxianzai.cn/api/applet/home/index/schoolDetail/06c2e9363cf81254227f3c0cf9a8a3d8,[S0004] 统计战线统数圈公开数据库. 兰州大学 2022；2023；2024；2025；2026 admission/复录比；admission/复试人数；admission/拟录取中位；等 19 项[EB/OL]. (2026-10-09)[2026-10-09]. https://admin.jiuxianzai.cn/api/applet/home/index/schoolDetail/06c2e9363cf81254227f3c0cf9a8a3d8
S0005,统计战线统数圈公开数据库,北京工业大学 2022；2023；2024；2025；2026 admission/复录比；admission/复试人数；admission/拟录取中位；等 19 项,scope_description_not_original_page_title,北京工业大学,2022；2023；2024；2025；2026,admission/复录比；admission/复试人数；admission/拟录取中位；admission/拟录取人数；admission/拟录取最低；admission/拟录取最高；admission/本科背景状态；admitted_count；admitted_min；cutoff；duration；english_subject；major_subject；math_subject；politics_subject；retest_count；study_mode；unit_2026；历年复试与录取汇总,mini_program_api；mini_program_api_value_reconciled,secondary_structured,校年值级补证；逐名名单索引；逐字段校年台账；院校静态字段补证,reachable,200.0,2026-10-09,https://admin.jiuxianzai.cn/api/applet/home/index/schoolDetail/08214894121ecd7fd615f4583fe662d1,[S0005] 统计战线统数圈公开数据库. 北京工业大学 2022；2023；2024；2025；2026 admission/复录比；admission/复试人数；admission/拟录取中位；等 19 项[EB/OL]. (2026-10-09)[2026-10-09]. https://admin.jiuxianzai.cn/api/applet/home/index/schoolDetail/08214894121ecd7fd615f4583fe662d1
S0006,统计战线统数圈公开数据库,福州大学 2022；2023；2024；2025；2026 admission/复录比；admission/复试人数；admission/拟录取中位；等 19 项,scope_description_not_original_page_title,福州大学,2022；2023；2024；2025；2026,admission/复录比；admission/复试人数；admission/拟录取中位；admission/拟录取人数；admission/拟录取最低；admission/拟录取最高；admission/本科背景状态；admitted_count；admitted_min；cutoff；duration；english_subject；major_subject；math_subject；politics_subject；retest_count；study_mode；unit_2026；历年复试与录取汇总,mini_program_api；mini_program_api_value_reconciled,secondary_structured,校年值级补证；逐名名单索引；逐字段校年台账；院校静态字段补证,reachable,200.0,2026-10-09,https://admin.jiuxianzai.cn/api/applet/home/index/schoolDetail/112f71f0dd993eb4aa1251b4cffcfda5,[S0006] 统计战线统数圈公开数据库. 福州大学 2022；2023；2024；2025；2026 admission/复录比；admission/复试人数；admission/拟录取中位；等 19 项[EB/OL]. (2026-10-09)[2026-10-09]. https://admin.jiuxianzai.cn/api/applet/home/index/schoolDetail/112f71f0dd993eb4aa1251b4cffcfda5
S0007,统计战线统数圈公开数据库,华北电力大学 2022；2023；2024；2025；2026 admission/复录比；admission/复试人数；admission/拟录取中位；等 15 项,scope_description_not_original_page_title,华北电力大学,2022；2023；2024；2025；2026,admission/复录比；admission/复试人数；admission/拟录取中位；admission/拟录取人数；admission/拟录取最低；admission/拟录取最高；admission/本科背景状态；admitted_min；cutoff；duration；english_subject；major_subject；math_subject；politics_subject；历年复试与录取汇总,mini_program_api；mini_program_api_value_reconciled,secondary_structured,校年值级补证；逐名名单索引；逐字段校年台账；院校静态字段补证,reachable,200.0,2026-10-09,https://admin.jiuxianzai.cn/api/applet/home/index/schoolDetail/13307756a9c5f293c189c4680e3b983e,[S0007] 统计战线统数圈公开数据库. 华北电力大学 2022；2023；2024；2025；2026 admission/复录比；admission/复试人数；admission/拟录取中位；等 15 项[EB/OL]. (2026-10-09)[2026-10-09]. https://admin.jiuxianzai.cn/api/applet/home/index/schoolDetail/13307756a9c5f293c189c4680e3b983e
S0008,统计战线统数圈公开数据库,延边大学 2022；2023；2024；2025；2026 admission/复录比；admission/复试人数；admission/拟录取中位；等 18 项,scope_description_not_original_page_title,延边大学,2022；2023；2024；2025；2026,admission/复录比；admission/复试人数；admission/拟录取中位；admission/拟录取人数；admission/拟录取最低；admission/拟录取最高；admission/本科背景状态；admitted_count；admitted_min；cutoff；english_subject；major_subject；math_subject；politics_subject；retest_count；study_mode；unit_2026；历年复试与录取汇总,mini_program_api；mini_program_api_value_reconciled,secondary_structured,校年值级补证；逐名名单索引；逐字段校年台账；院校静态字段补证,reachable,200.0,2026-10-09,https://admin.jiuxianzai.cn/api/applet/home/index/schoolDetail/153f02b8efd30492688680311b1468e8,[S0008] 统计战线统数圈公开数据库. 延边大学 2022；2023；2024；2025；2026 admission/复录比；admission/复试人数；admission/拟录取中位；等 18 项[EB/OL]. (2026-10-09)[2026-10-09]. https://admin.jiuxianzai.cn/api/applet/home/index/schoolDetail/153f02b8efd30492688680311b1468e8
S0009,统计战线统数圈公开数据库,中南财经政法大学 2022；2023；2024；2025；2026 admission/复录比；admission/复试人数；admission/拟录取中位；等 19 项,scope_description_not_original_page_title,中南财经政法大学,2022；2023；2024；2025；2026,admission/复录比；admission/复试人数；admission/拟录取中位；admission/拟录取人数；admission/拟录取最低；admission/拟录取最高；admission/本科背景状态；admitted_count；admitted_min；cutoff；duration；english_subject；major_subject；math_subject；politics_subject；retest_count；study_mode；unit_2026；历年复试与录取汇总,mini_program_api；mini_program_api_value_reconciled,secondary_structured,校年值级补证；逐名名单索引；逐字段校年台账；院校静态字段补证,reachable,200.0,2026-10-09,https://admin.jiuxianzai.cn/api/applet/home/index/schoolDetail/15dc051e0442d52a5bea9583661c8e9a,[S0009] 统计战线统数圈公开数据库. 中南财经政法大学 2022；2023；2024；2025；2026 admission/复录比；admission/复试人数；admission/拟录取中位；等 19 项[EB/OL]. (2026-10-09)[2026-10-09]. https://admin.jiuxianzai.cn/api/applet/home/index/schoolDetail/15dc051e0442d52a5bea9583661c8e9a
S0010,统计战线统数圈公开数据库,东北农业大学 2022；2023；2024；2025；2026 admission/复录比；admission/复试人数；admission/拟录取中位；等 17 项,scope_description_not_original_page_title,东北农业大学,2022；2023；2024；2025；2026,admission/复录比；admission/复试人数；admission/拟录取中位；admission/拟录取人数；admission/拟录取最低；admission/拟录取最高；admission/本科背景状态；admitted_count；admitted_min；english_subject；major_subject；math_subject；politics_subject；retest_count；study_mode；unit_2026；历年复试与录取汇总,mini_program_api；mini_program_api_value_reconciled,secondary_structured,校年值级补证；逐名名单索引；逐字段校年台账；院校静态字段补证,reachable,200.0,2026-10-09,https://admin.jiuxianzai.cn/api/applet/home/index/schoolDetail/181e45a7493304a18ae20dff6881a87c,[S0010] 统计战线统数圈公开数据库. 东北农业大学 2022；2023；2024；2025；2026 admission/复录比；admission/复试人数；admission/拟录取中位；等 17 项[EB/OL]. (2026-10-09)[2026-10-09]. https://admin.jiuxianzai.cn/api/applet/home/index/schoolDetail/181e45a7493304a18ae20dff6881a87c
S0011,统计战线统数圈公开数据库,云南大学 2022；2023；2024；2025；2026 admission/复录比；admission/复试人数；admission/拟录取中位；等 19 项,scope_description_not_original_page_title,云南大学,2022；2023；2024；2025；2026,admission/复录比；admission/复试人数；admission/拟录取中位；admission/拟录取人数；admission/拟录取最低；admission/拟录取最高；admission/本科背景状态；admitted_count；admitted_min；cutoff；duration；english_subject；major_subject；math_subject；politics_subject；retest_count；study_mode；unit_2026；历年复试与录取汇总,mini_program_api；mini_program_api_value_reconciled,secondary_structured,校年值级补证；逐名名单索引；逐字段校年台账；院校静态字段补证,reachable,200.0,2026-10-09,https://admin.jiuxianzai.cn/api/applet/home/index/schoolDetail/191ded25342ea6e5d4a475c2d76ce694,[S0011] 统计战线统数圈公开数据库. 云南大学 2022；2023；2024；2025；2026 admission/复录比；admission/复试人数；admission/拟录取中位；等 19 项[EB/OL]. (2026-10-09)[2026-10-09]. https://admin.jiuxianzai.cn/api/applet/home/index/schoolDetail/191ded25342ea6e5d4a475c2d76ce694
S0012,统计战线统数圈公开数据库,复旦大学 2022；2023；2024；2025；2026 admission/复录比；admission/复试人数；admission/拟录取中位；等 15 项,scope_description_not_original_page_title,复旦大学,2022；2023；2024；2025；2026,admission/复录比；admission/复试人数；admission/拟录取中位；admission/拟录取人数；admission/拟录取最低；admission/拟录取最高；admission/本科背景状态；cutoff；duration；english_subject；major_subject；math_subject；politics_subject；study_mode；历年复试与录取汇总,mini_program_api；mini_program_api_value_reconciled,secondary_structured,校年值级补证；逐名名单索引；逐字段校年台账；院校静态字段补证,reachable,200.0,2026-10-09,https://admin.jiuxianzai.cn/api/applet/home/index/schoolDetail/20775c93b99cf5698397826887fa4815,[S0012] 统计战线统数圈公开数据库. 复旦大学 2022；2023；2024；2025；2026 admission/复录比；admission/复试人数；admission/拟录取中位；等 15 项[EB/OL]. (2026-10-09)[2026-10-09]. https://admin.jiuxianzai.cn/api/applet/home/index/schoolDetail/20775c93b99cf5698397826887fa4815
S0013,统计战线统数圈公开数据库,华南师范大学 2022；2023；2024；2025；2026 admission/复录比；admission/复试人数；admission/拟录取中位；等 15 项,scope_description_not_original_page_title,华南师范大学,2022；2023；2024；2025；2026,admission/复录比；admission/复试人数；admission/拟录取中位；admission/拟录取人数；admission/拟录取最低；admission/拟录取最高；admission/本科背景状态；admitted_min；duration；english_subject；major_subject；math_subject；politics_subject；study_mode；历年复试与录取汇总,mini_program_api；mini_program_api_value_reconciled,secondary_structured,校年值级补证；逐名名单索引；逐字段校年台账；院校静态字段补证,reachable,200.0,2026-10-09,https://admin.jiuxianzai.cn/api/applet/home/index/schoolDetail/20a5e59472635a28a69ee08ec0a82cf5,[S0013] 统计战线统数圈公开数据库. 华南师范大学 2022；2023；2024；2025；2026 admission/复录比；admission/复试人数；admission/拟录取中位；等 15 项[EB/OL]. (2026-10-09)[2026-10-09]. https://admin.jiuxianzai.cn/api/applet/home/index/schoolDetail/20a5e59472635a28a69ee08ec0a82cf5
S0014,统计战线统数圈公开数据库,东北师范大学 2022；2023；2024；2025；2026 admission/复录比；admission/复试人数；admission/拟录取中位；等 17 项,scope_description_not_original_page_title,东北师范大学,2022；2023；2024；2025；2026,admission/复录比；admission/复试人数；admission/拟录取中位；admission/拟录取人数；admission/拟录取最低；admission/拟录取最高；admission/本科背景状态；admitted_count；admitted_min；cutoff；major_subject；math_subject；politics_subject；retest_count；study_mode；unit_2026；历年复试与录取汇总,mini_program_api；mini_program_api_value_reconciled,secondary_structured,校年值级补证；逐名名单索引；逐字段校年台账；院校静态字段补证,reachable,200.0,2026-10-09,https://admin.jiuxianzai.cn/api/applet/home/index/schoolDetail/2212e87b996ebd666f9b3f7545fd1e44,[S0014] 统计战线统数圈公开数据库. 东北师范大学 2022；2023；2024；2025；2026 admission/复录比；admission/复试人数；admission/拟录取中位；等 17 项[EB/OL]. (2026-10-09)[2026-10-09]. https://admin.jiuxianzai.cn/api/applet/home/index/schoolDetail/2212e87b996ebd666f9b3f7545fd1e44
S0015,统计战线统数圈公开数据库,西南交通大学 2022；2023；2024；2025；2026 admission/复录比；admission/复试人数；admission/拟录取中位；等 17 项,scope_description_not_original_page_title,西南交通大学,2022；2023；2024；2025；2026,admission/复录比；admission/复试人数；admission/拟录取中位；admission/拟录取人数；admission/拟录取最低；admission/拟录取最高；admission/本科背景状态；admitted_count；admitted_min；english_subject；major_subject；math_subject；politics_subject；retest_count；study_mode；unit_2026；历年复试与录取汇总,mini_program_api；mini_program_api_value_reconciled,secondary_structured,校年值级补证；逐名名单索引；逐字段校年台账；院校静态字段补证,reachable,200.0,2026-10-09,https://admin.jiuxianzai.cn/api/applet/home/index/schoolDetail/22f40568727b2b630ef5aeac61c8cc86,[S0015] 统计战线统数圈公开数据库. 西南交通大学 2022；2023；2024；2025；2026 admission/复录比；admission/复试人数；admission/拟录取中位；等 17 项[EB/OL]. (2026-10-09)[2026-10-09]. https://admin.jiuxianzai.cn/api/applet/home/index/schoolDetail/22f40568727b2b630ef5aeac61c8cc86
S0016,统计战线统数圈公开数据库,南京师范大学 2022；2023；2024；2025；2026 admission/复录比；admission/复试人数；admission/拟录取中位；等 18 项,scope_description_not_original_page_title,南京师范大学,2022；2023；2024；2025；2026,admission/复录比；admission/复试人数；admission/拟录取中位；admission/拟录取人数；admission/拟录取最低；admission/拟录取最高；admission/本科背景状态；admitted_count；admitted_min；cutoff；english_subject；major_subject；math_subject；politics_subject；retest_count；study_mode；unit_2026；历年复试与录取汇总,mini_program_api；mini_program_api_value_reconciled,secondary_structured,校年值级补证；逐名名单索引；逐字段校年台账；院校静态字段补证,reachable,200.0,2026-10-09,https://admin.jiuxianzai.cn/api/applet/home/index/schoolDetail/25a4d513677af09de4daadfae0914e1b,[S0016] 统计战线统数圈公开数据库. 南京师范大学 2022；2023；2024；2025；2026 admission/复录比；admission/复试人数；admission/拟录取中位；等 18 项[EB/OL]. (2026-10-09)[2026-10-09]. https://admin.jiuxianzai.cn/api/applet/home/index/schoolDetail/25a4d513677af09de4daadfae0914e1b
S0017,统计战线统数圈公开数据库,上海大学 2022；2023；2024；2025；2026 admission/复录比；admission/复试人数；admission/拟录取中位；等 16 项,scope_description_not_original_page_title,上海大学,2022；2023；2024；2025；2026,admission/复录比；admission/复试人数；admission/拟录取中位；admission/拟录取人数；admission/拟录取最低；admission/拟录取最高；admission/本科背景状态；admitted_min；cutoff；duration；english_subject；major_subject；math_subject；politics_subject；study_mode；历年复试与录取汇总,mini_program_api；mini_program_api_value_reconciled,secondary_structured,校年值级补证；逐名名单索引；逐字段校年台账；院校静态字段补证,reachable,200.0,2026-10-09,https://admin.jiuxianzai.cn/api/applet/home/index/schoolDetail/279ec5f38ebc13befec919b109d88090,[S0017] 统计战线统数圈公开数据库. 上海大学 2022；2023；2024；2025；2026 admission/复录比；admission/复试人数；admission/拟录取中位；等 16 项[EB/OL]. (2026-10-09)[2026-10-09]. https://admin.jiuxianzai.cn/api/applet/home/index/schoolDetail/279ec5f38ebc13befec919b109d88090
S0018,统计战线统数圈公开数据库,哈尔滨工业大学 2022；2023；2024；2025；2026 admission/复录比；admission/复试人数；admission/拟录取中位；等 13 项,scope_description_not_original_page_title,哈尔滨工业大学,2022；2023；2024；2025；2026,admission/复录比；admission/复试人数；admission/拟录取中位；admission/拟录取人数；admission/拟录取最低；admission/拟录取最高；admission/本科背景状态；english_subject；major_subject；math_subject；politics_subject；study_mode；历年复试与录取汇总,mini_program_api；mini_program_api_value_reconciled,secondary_structured,逐名名单索引；逐字段校年台账；院校静态字段补证,reachable,200.0,2026-10-09,https://admin.jiuxianzai.cn/api/applet/home/index/schoolDetail/2abe7e3630536d13e6c24af313946f55,[S0018] 统计战线统数圈公开数据库. 哈尔滨工业大学 2022；2023；2024；2025；2026 admission/复录比；admission/复试人数；admission/拟录取中位；等 13 项[EB/OL]. (2026-10-09)[2026-10-09]. https://admin.jiuxianzai.cn/api/applet/home/index/schoolDetail/2abe7e3630536d13e6c24af313946f55
S0019,统计战线统数圈公开数据库,南京航空航天大学 2022；2023；2024；2025；2026 admission/复录比；admission/复试人数；admission/拟录取中位；等 17 项,scope_description_not_original_page_title,南京航空航天大学,2022；2023；2024；2025；2026,admission/复录比；admission/复试人数；admission/拟录取中位；admission/拟录取人数；admission/拟录取最低；admission/拟录取最高；admission/本科背景状态；admitted_count；admitted_min；english_subject；major_subject；math_subject；politics_subject；retest_count；study_mode；unit_2026；历年复试与录取汇总,mini_program_api；mini_program_api_value_reconciled,secondary_structured,校年值级补证；逐名名单索引；逐字段校年台账；院校静态字段补证,reachable,200.0,2026-10-09,https://admin.jiuxianzai.cn/api/applet/home/index/schoolDetail/2b58f55deece68282b844fa2fac2392c,[S0019] 统计战线统数圈公开数据库. 南京航空航天大学 2022；2023；2024；2025；2026 admission/复录比；admission/复试人数；admission/拟录取中位；等 17 项[EB/OL]. (2026-10-09)[2026-10-09]. https://admin.jiuxianzai.cn/api/applet/home/index/schoolDetail/2b58f55deece68282b844fa2fac2392c
S0020,统计战线统数圈公开数据库,西南大学 2022；2023；2024；2025；2026 admission/复录比；admission/复试人数；admission/拟录取中位；等 19 项,scope_description_not_original_page_title,西南大学,2022；2023；2024；2025；2026,admission/复录比；admission/复试人数；admission/拟录取中位；admission/拟录取人数；admission/拟录取最低；admission/拟录取最高；admission/本科背景状态；admitted_count；admitted_min；cutoff；duration；english_subject；major_subject；math_subject；politics_subject；retest_count；study_mode；unit_2026；历年复试与录取汇总,mini_program_api；mini_program_api_value_reconciled,secondary_structured,校年值级补证；逐名名单索引；逐字段校年台账；院校静态字段补证,reachable,200.0,2026-10-09,https://admin.jiuxianzai.cn/api/applet/home/index/schoolDetail/2efb3bf61f65f7fd5b43f15d3a532ba6,[S0020] 统计战线统数圈公开数据库. 西南大学 2022；2023；2024；2025；2026 admission/复录比；admission/复试人数；admission/拟录取中位；等 19 项[EB/OL]. (2026-10-09)[2026-10-09]. https://admin.jiuxianzai.cn/api/applet/home/index/schoolDetail/2efb3bf61f65f7fd5b43f15d3a532ba6
S0021,统计战线统数圈公开数据库,北京师范大学 2022；2023；2024；2025；2026 admission/复录比；admission/复试人数；admission/拟录取中位；等 16 项,scope_description_not_original_page_title,北京师范大学,2022；2023；2024；2025；2026,admission/复录比；admission/复试人数；admission/拟录取中位；admission/拟录取人数；admission/拟录取最低；admission/拟录取最高；admission/本科背景状态；admitted_min；cutoff；duration；english_subject；major_subject；math_subject；politics_subject；study_mode；历年复试与录取汇总,mini_program_api；mini_program_api_value_reconciled,secondary_structured,校年值级补证；逐名名单索引；逐字段校年台账；院校静态字段补证,reachable,200.0,2026-10-09,https://admin.jiuxianzai.cn/api/applet/home/index/schoolDetail/300dbc29da0aeeb262577bf3a2f9c731,[S0021] 统计战线统数圈公开数据库. 北京师范大学 2022；2023；2024；2025；2026 admission/复录比；admission/复试人数；admission/拟录取中位；等 16 项[EB/OL]. (2026-10-09)[2026-10-09]. https://admin.jiuxianzai.cn/api/applet/home/index/schoolDetail/300dbc29da0aeeb262577bf3a2f9c731
S0022,统计战线统数圈公开数据库,华北电力大学 2022；2023；2024；2025；2026 admission/复录比；admission/复试人数；admission/拟录取中位；等 15 项,scope_description_not_original_page_title,华北电力大学,2022；2023；2024；2025；2026,admission/复录比；admission/复试人数；admission/拟录取中位；admission/拟录取人数；admission/拟录取最低；admission/拟录取最高；admission/本科背景状态；admitted_min；cutoff；duration；english_subject；major_subject；math_subject；politics_subject；历年复试与录取汇总,mini_program_api；mini_program_api_value_reconciled,secondary_structured,校年值级补证；逐名名单索引；逐字段校年台账；院校静态字段补证,reachable,200.0,2026-10-09,https://admin.jiuxianzai.cn/api/applet/home/index/schoolDetail/30e69a8facb6798aa95c67a1c83900c2,[S0022] 统计战线统数圈公开数据库. 华北电力大学 2022；2023；2024；2025；2026 admission/复录比；admission/复试人数；admission/拟录取中位；等 15 项[EB/OL]. (2026-10-09)[2026-10-09]. https://admin.jiuxianzai.cn/api/applet/home/index/schoolDetail/30e69a8facb6798aa95c67a1c83900c2
S0023,统计战线统数圈公开数据库,湖南大学 2022；2023；2024；2025；2026 admission/复录比；admission/复试人数；admission/拟录取中位；等 15 项,scope_description_not_original_page_title,湖南大学,2022；2023；2024；2025；2026,admission/复录比；admission/复试人数；admission/拟录取中位；admission/拟录取人数；admission/拟录取最低；admission/拟录取最高；admission/本科背景状态；admitted_count；admitted_min；english_subject；major_subject；politics_subject；retest_count；unit_2026；历年复试与录取汇总,mini_program_api；mini_program_api_value_reconciled,secondary_structured,校年值级补证；逐名名单索引；逐字段校年台账；院校静态字段补证,reachable,200.0,2026-10-09,https://admin.jiuxianzai.cn/api/applet/home/index/schoolDetail/315b5d1f12b9b6f9aa49d359169ff96c,[S0023] 统计战线统数圈公开数据库. 湖南大学 2022；2023；2024；2025；2026 admission/复录比；admission/复试人数；admission/拟录取中位；等 15 项[EB/OL]. (2026-10-09)[2026-10-09]. https://admin.jiuxianzai.cn/api/applet/home/index/schoolDetail/315b5d1f12b9b6f9aa49d359169ff96c
S0024,统计战线统数圈公开数据库,山东大学 2022；2023；2024；2025；2026 admission/复录比；admission/复试人数；admission/拟录取中位；等 13 项,scope_description_not_original_page_title,山东大学,2022；2023；2024；2025；2026,admission/复录比；admission/复试人数；admission/拟录取中位；admission/拟录取人数；admission/拟录取最低；admission/拟录取最高；admission/本科背景状态；admitted_min；english_subject；major_subject；politics_subject；study_mode；历年复试与录取汇总,mini_program_api；mini_program_api_value_reconciled,secondary_structured,校年值级补证；逐名名单索引；逐字段校年台账；院校静态字段补证,reachable,200.0,2026-10-09,https://admin.jiuxianzai.cn/api/applet/home/index/schoolDetail/31b62e0d95454d48153d7796036ac476,[S0024] 统计战线统数圈公开数据库. 山东大学 2022；2023；2024；2025；2026 admission/复录比；admission/复试人数；admission/拟录取中位；等 13 项[EB/OL]. (2026-10-09)[2026-10-09]. https://admin.jiuxianzai.cn/api/applet/home/index/schoolDetail/31b62e0d95454d48153d7796036ac476
S0025,统计战线统数圈公开数据库,厦门大学 2022；2023；2024；2025；2026 admission/复录比；admission/复试人数；admission/拟录取中位；等 12 项,scope_description_not_original_page_title,厦门大学,2022；2023；2024；2025；2026,admission/复录比；admission/复试人数；admission/拟录取中位；admission/拟录取人数；admission/拟录取最低；admission/拟录取最高；admission/本科背景状态；admitted_min；duration；major_subject；politics_subject；历年复试与录取汇总,mini_program_api；mini_program_api_value_reconciled,secondary_structured,校年值级补证；逐名名单索引；逐字段校年台账；院校静态字段补证,reachable,200.0,2026-10-09,https://admin.jiuxianzai.cn/api/applet/home/index/schoolDetail/331a930094fdde14ed239c3719efb92f,[S0025] 统计战线统数圈公开数据库. 厦门大学 2022；2023；2024；2025；2026 admission/复录比；admission/复试人数；admission/拟录取中位；等 12 项[EB/OL]. (2026-10-09)[2026-10-09]. https://admin.jiuxianzai.cn/api/applet/home/index/schoolDetail/331a930094fdde14ed239c3719efb92f
S0026,统计战线统数圈公开数据库,武汉理工大学 2022；2023；2024；2025；2026 admission/复录比；admission/复试人数；admission/拟录取中位；等 15 项,scope_description_not_original_page_title,武汉理工大学,2022；2023；2024；2025；2026,admission/复录比；admission/复试人数；admission/拟录取中位；admission/拟录取人数；admission/拟录取最低；admission/拟录取最高；admission/本科背景状态；admitted_min；duration；english_subject；major_subject；math_subject；politics_subject；study_mode；历年复试与录取汇总,mini_program_api；mini_program_api_value_reconciled,secondary_structured,校年值级补证；逐名名单索引；逐字段校年台账；院校静态字段补证,reachable,200.0,2026-10-09,https://admin.jiuxianzai.cn/api/applet/home/index/schoolDetail/34523f809ded9c102849ecd909fd0bf8,[S0026] 统计战线统数圈公开数据库. 武汉理工大学 2022；2023；2024；2025；2026 admission/复录比；admission/复试人数；admission/拟录取中位；等 15 项[EB/OL]. (2026-10-09)[2026-10-09]. https://admin.jiuxianzai.cn/api/applet/home/index/schoolDetail/34523f809ded9c102849ecd909fd0bf8
S0027,统计战线统数圈公开数据库,内蒙古大学 2022；2023；2024；2025；2026 admission/复录比；admission/复试人数；admission/拟录取中位；等 19 项,scope_description_not_original_page_title,内蒙古大学,2022；2023；2024；2025；2026,admission/复录比；admission/复试人数；admission/拟录取中位；admission/拟录取人数；admission/拟录取最低；admission/拟录取最高；admission/本科背景状态；admitted_count；admitted_min；cutoff；duration；english_subject；major_subject；math_subject；politics_subject；retest_count；study_mode；unit_2026；历年复试与录取汇总,mini_program_api；mini_program_api_value_reconciled,secondary_structured,校年值级补证；逐名名单索引；逐字段校年台账；院校静态字段补证,reachable,200.0,2026-10-09,https://admin.jiuxianzai.cn/api/applet/home/index/schoolDetail/38d0d593bfb474f42e2658c50e3b0cee,[S0027] 统计战线统数圈公开数据库. 内蒙古大学 2022；2023；2024；2025；2026 admission/复录比；admission/复试人数；admission/拟录取中位；等 19 项[EB/OL]. (2026-10-09)[2026-10-09]. https://admin.jiuxianzai.cn/api/applet/home/index/schoolDetail/38d0d593bfb474f42e2658c50e3b0cee
S0028,统计战线统数圈公开数据库,太原理工大学 2022；2023；2024；2025；2026 admission/复录比；admission/复试人数；admission/拟录取中位；等 18 项,scope_description_not_original_page_title,太原理工大学,2022；2023；2024；2025；2026,admission/复录比；admission/复试人数；admission/拟录取中位；admission/拟录取人数；admission/拟录取最低；admission/拟录取最高；admission/本科背景状态；admitted_count；admitted_min；duration；english_subject；major_subject；math_subject；politics_subject；retest_count；study_mode；unit_2026；历年复试与录取汇总,mini_program_api；mini_program_api_value_reconciled,secondary_structured,校年值级补证；逐名名单索引；逐字段校年台账；院校静态字段补证,reachable,200.0,2026-10-09,https://admin.jiuxianzai.cn/api/applet/home/index/schoolDetail/3948f82c1aa2c4e3379718fb0f208377,[S0028] 统计战线统数圈公开数据库. 太原理工大学 2022；2023；2024；2025；2026 admission/复录比；admission/复试人数；admission/拟录取中位；等 18 项[EB/OL]. (2026-10-09)[2026-10-09]. https://admin.jiuxianzai.cn/api/applet/home/index/schoolDetail/3948f82c1aa2c4e3379718fb0f208377
S0029,统计战线统数圈公开数据库,东南大学 2022；2023；2024；2025；2026 admission/复录比；admission/复试人数；admission/拟录取中位；等 18 项,scope_description_not_original_page_title,东南大学,2022；2023；2024；2025；2026,admission/复录比；admission/复试人数；admission/拟录取中位；admission/拟录取人数；admission/拟录取最低；admission/拟录取最高；admission/本科背景状态；admitted_count；admitted_min；duration；english_subject；major_subject；math_subject；politics_subject；retest_count；study_mode；unit_2026；历年复试与录取汇总,mini_program_api；mini_program_api_value_reconciled,secondary_structured,校年值级补证；逐名名单索引；逐字段校年台账；院校静态字段补证,reachable,200.0,2026-10-09,https://admin.jiuxianzai.cn/api/applet/home/index/schoolDetail/39a1066661cc5563f00076704d954811,[S0029] 统计战线统数圈公开数据库. 东南大学 2022；2023；2024；2025；2026 admission/复录比；admission/复试人数；admission/拟录取中位；等 18 项[EB/OL]. (2026-10-09)[2026-10-09]. https://admin.jiuxianzai.cn/api/applet/home/index/schoolDetail/39a1066661cc5563f00076704d954811
S0030,统计战线统数圈公开数据库,贵州大学 2022；2023；2024；2025；2026 admission/复录比；admission/复试人数；admission/拟录取中位；等 19 项,scope_description_not_original_page_title,贵州大学,2022；2023；2024；2025；2026,admission/复录比；admission/复试人数；admission/拟录取中位；admission/拟录取人数；admission/拟录取最低；admission/拟录取最高；admission/本科背景状态；admitted_count；admitted_min；cutoff；duration；english_subject；major_subject；math_subject；politics_subject；retest_count；study_mode；unit_2026；历年复试与录取汇总,mini_program_api；mini_program_api_value_reconciled,secondary_structured,校年值级补证；逐名名单索引；逐字段校年台账；院校静态字段补证,reachable,200.0,2026-10-09,https://admin.jiuxianzai.cn/api/applet/home/index/schoolDetail/3bfd37b14412a43b3e531fe8705c8fa8,[S0030] 统计战线统数圈公开数据库. 贵州大学 2022；2023；2024；2025；2026 admission/复录比；admission/复试人数；admission/拟录取中位；等 19 项[EB/OL]. (2026-10-09)[2026-10-09]. https://admin.jiuxianzai.cn/api/applet/home/index/schoolDetail/3bfd37b14412a43b3e531fe8705c8fa8
S0031,统计战线统数圈公开数据库,中央民族大学 2022；2023；2024；2025；2026 admission/复录比；admission/复试人数；admission/拟录取中位；等 19 项,scope_description_not_original_page_title,中央民族大学,2022；2023；2024；2025；2026,admission/复录比；admission/复试人数；admission/拟录取中位；admission/拟录取人数；admission/拟录取最低；admission/拟录取最高；admission/本科背景状态；admitted_count；admitted_min；cutoff；duration；english_subject；major_subject；math_subject；politics_subject；retest_count；study_mode；unit_2026；历年复试与录取汇总,mini_program_api；mini_program_api_value_reconciled,secondary_structured,校年值级补证；逐名名单索引；逐字段校年台账；院校静态字段补证,reachable,200.0,2026-10-09,https://admin.jiuxianzai.cn/api/applet/home/index/schoolDetail/3c2c634c645c2ad3d9d98199834f8e73,[S0031] 统计战线统数圈公开数据库. 中央民族大学 2022；2023；2024；2025；2026 admission/复录比；admission/复试人数；admission/拟录取中位；等 19 项[EB/OL]. (2026-10-09)[2026-10-09]. https://admin.jiuxianzai.cn/api/applet/home/index/schoolDetail/3c2c634c645c2ad3d9d98199834f8e73
S0032,统计战线统数圈公开数据库,辽宁大学 2022；2023；2024；2025；2026 admission/复录比；admission/复试人数；admission/拟录取中位；等 17 项,scope_description_not_original_page_title,辽宁大学,2022；2023；2024；2025；2026,admission/复录比；admission/复试人数；admission/拟录取中位；admission/拟录取人数；admission/拟录取最低；admission/拟录取最高；admission/本科背景状态；admitted_count；cutoff；duration；english_subject；major_subject；math_subject；politics_subject；retest_count；study_mode；历年复试与录取汇总,mini_program_api；mini_program_api_value_reconciled,secondary_structured,校年值级补证；逐名名单索引；逐字段校年台账；院校静态字段补证,reachable,200.0,2026-10-09,https://admin.jiuxianzai.cn/api/applet/home/index/schoolDetail/3d84697bbf795da24d79d3c8158d9b6d,[S0032] 统计战线统数圈公开数据库. 辽宁大学 2022；2023；2024；2025；2026 admission/复录比；admission/复试人数；admission/拟录取中位；等 17 项[EB/OL]. (2026-10-09)[2026-10-09]. https://admin.jiuxianzai.cn/api/applet/home/index/schoolDetail/3d84697bbf795da24d79d3c8158d9b6d
S0033,统计战线统数圈公开数据库,陕西师范大学 2022；2023；2024；2025；2026 admission/复录比；admission/复试人数；admission/拟录取中位；等 19 项,scope_description_not_original_page_title,陕西师范大学,2022；2023；2024；2025；2026,admission/复录比；admission/复试人数；admission/拟录取中位；admission/拟录取人数；admission/拟录取最低；admission/拟录取最高；admission/本科背景状态；admitted_count；admitted_min；cutoff；duration；english_subject；major_subject；math_subject；politics_subject；retest_count；study_mode；unit_2026；历年复试与录取汇总,mini_program_api；mini_program_api_value_reconciled,secondary_structured,校年值级补证；逐名名单索引；逐字段校年台账；院校静态字段补证,reachable,200.0,2026-10-09,https://admin.jiuxianzai.cn/api/applet/home/index/schoolDetail/3f35a6bf161df2c1957177f9d19cc26a,[S0033] 统计战线统数圈公开数据库. 陕西师范大学 2022；2023；2024；2025；2026 admission/复录比；admission/复试人数；admission/拟录取中位；等 19 项[EB/OL]. (2026-10-09)[2026-10-09]. https://admin.jiuxianzai.cn/api/applet/home/index/schoolDetail/3f35a6bf161df2c1957177f9d19cc26a
S0034,统计战线统数圈公开数据库,山东大学 2022；2023；2024；2025；2026 admission/复录比；admission/复试人数；admission/拟录取中位；等 14 项,scope_description_not_original_page_title,山东大学,2022；2023；2024；2025；2026,admission/复录比；admission/复试人数；admission/拟录取中位；admission/拟录取人数；admission/拟录取最低；admission/拟录取最高；admission/本科背景状态；admitted_min；cutoff；english_subject；major_subject；politics_subject；study_mode；历年复试与录取汇总,mini_program_api；mini_program_api_value_reconciled,secondary_structured,校年值级补证；逐名名单索引；逐字段校年台账；院校静态字段补证,reachable,200.0,2026-10-09,https://admin.jiuxianzai.cn/api/applet/home/index/schoolDetail/40fec209b0e48864d536ae90cb4f263e,[S0034] 统计战线统数圈公开数据库. 山东大学 2022；2023；2024；2025；2026 admission/复录比；admission/复试人数；admission/拟录取中位；等 14 项[EB/OL]. (2026-10-09)[2026-10-09]. https://admin.jiuxianzai.cn/api/applet/home/index/schoolDetail/40fec209b0e48864d536ae90cb4f263e
S0035,统计战线统数圈公开数据库,复旦大学 2022；2023；2024；2025；2026 admission/复录比；admission/复试人数；admission/拟录取中位；等 16 项,scope_description_not_original_page_title,复旦大学,2022；2023；2024；2025；2026,admission/复录比；admission/复试人数；admission/拟录取中位；admission/拟录取人数；admission/拟录取最低；admission/拟录取最高；admission/本科背景状态；admitted_min；cutoff；duration；english_subject；major_subject；math_subject；politics_subject；study_mode；历年复试与录取汇总,mini_program_api；mini_program_api_value_reconciled,secondary_structured,校年值级补证；逐名名单索引；逐字段校年台账；院校静态字段补证,reachable,200.0,2026-10-09,https://admin.jiuxianzai.cn/api/applet/home/index/schoolDetail/464adb1fb8a82fa2bb215950f412d827,[S0035] 统计战线统数圈公开数据库. 复旦大学 2022；2023；2024；2025；2026 admission/复录比；admission/复试人数；admission/拟录取中位；等 16 项[EB/OL]. (2026-10-09)[2026-10-09]. https://admin.jiuxianzai.cn/api/applet/home/index/schoolDetail/464adb1fb8a82fa2bb215950f412d827
S0036,统计战线统数圈公开数据库,北京师范大学 2022；2023；2024；2025；2026 admission/复录比；admission/复试人数；admission/拟录取中位；等 16 项,scope_description_not_original_page_title,北京师范大学,2022；2023；2024；2025；2026,admission/复录比；admission/复试人数；admission/拟录取中位；admission/拟录取人数；admission/拟录取最低；admission/拟录取最高；admission/本科背景状态；admitted_min；cutoff；duration；english_subject；major_subject；math_subject；politics_subject；study_mode；历年复试与录取汇总,mini_program_api；mini_program_api_value_reconciled,secondary_structured,校年值级补证；逐名名单索引；逐字段校年台账；院校静态字段补证,reachable,200.0,2026-10-09,https://admin.jiuxianzai.cn/api/applet/home/index/schoolDetail/4de5e4b6113e5803bba81a94daba700d,[S0036] 统计战线统数圈公开数据库. 北京师范大学 2022；2023；2024；2025；2026 admission/复录比；admission/复试人数；admission/拟录取中位；等 16 项[EB/OL]. (2026-10-09)[2026-10-09]. https://admin.jiuxianzai.cn/api/applet/home/index/schoolDetail/4de5e4b6113e5803bba81a94daba700d
S0037,统计战线统数圈公开数据库,对外经济贸易大学 2022；2023；2024；2025；2026 admission/复录比；admission/复试人数；admission/拟录取中位；等 19 项,scope_description_not_original_page_title,对外经济贸易大学,2022；2023；2024；2025；2026,admission/复录比；admission/复试人数；admission/拟录取中位；admission/拟录取人数；admission/拟录取最低；admission/拟录取最高；admission/本科背景状态；admitted_count；admitted_min；cutoff；duration；english_subject；major_subject；math_subject；politics_subject；retest_count；study_mode；unit_2026；历年复试与录取汇总,mini_program_api；mini_program_api_value_reconciled,secondary_structured,校年值级补证；逐名名单索引；逐字段校年台账；院校静态字段补证,reachable,200.0,2026-10-09,https://admin.jiuxianzai.cn/api/applet/home/index/schoolDetail/4f4327be5131d059f282fa1dc5bc439d,[S0037] 统计战线统数圈公开数据库. 对外经济贸易大学 2022；2023；2024；2025；2026 admission/复录比；admission/复试人数；admission/拟录取中位；等 19 项[EB/OL]. (2026-10-09)[2026-10-09]. https://admin.jiuxianzai.cn/api/applet/home/index/schoolDetail/4f4327be5131d059f282fa1dc5bc439d
S0038,统计战线统数圈公开数据库,宁夏大学 2022；2023；2024；2025；2026 admission/复录比；admission/复试人数；admission/拟录取中位；等 18 项,scope_description_not_original_page_title,宁夏大学,2022；2023；2024；2025；2026,admission/复录比；admission/复试人数；admission/拟录取中位；admission/拟录取人数；admission/拟录取最低；admission/拟录取最高；admission/本科背景状态；admitted_count；admitted_min；cutoff；english_subject；major_subject；math_subject；politics_subject；retest_count；study_mode；unit_2026；历年复试与录取汇总,mini_program_api；mini_program_api_value_reconciled,secondary_structured,校年值级补证；逐名名单索引；逐字段校年台账；院校静态字段补证,reachable,200.0,2026-10-09,https://admin.jiuxianzai.cn/api/applet/home/index/schoolDetail/4fbd4b8789c924e2451381c240420e77,[S0038] 统计战线统数圈公开数据库. 宁夏大学 2022；2023；2024；2025；2026 admission/复录比；admission/复试人数；admission/拟录取中位；等 18 项[EB/OL]. (2026-10-09)[2026-10-09]. https://admin.jiuxianzai.cn/api/applet/home/index/schoolDetail/4fbd4b8789c924e2451381c240420e77
S0039,统计战线统数圈公开数据库,北京林业大学 2022；2023；2024；2025；2026 admission/复录比；admission/复试人数；admission/拟录取中位；等 19 项,scope_description_not_original_page_title,北京林业大学,2022；2023；2024；2025；2026,admission/复录比；admission/复试人数；admission/拟录取中位；admission/拟录取人数；admission/拟录取最低；admission/拟录取最高；admission/本科背景状态；admitted_count；admitted_min；cutoff；duration；english_subject；major_subject；math_subject；politics_subject；retest_count；study_mode；unit_2026；历年复试与录取汇总,mini_program_api；mini_program_api_value_reconciled,secondary_structured,校年值级补证；逐名名单索引；逐字段校年台账；院校静态字段补证,reachable,200.0,2026-10-09,https://admin.jiuxianzai.cn/api/applet/home/index/schoolDetail/50150d0aadfdaa3758db009ae69c3521,[S0039] 统计战线统数圈公开数据库. 北京林业大学 2022；2023；2024；2025；2026 admission/复录比；admission/复试人数；admission/拟录取中位；等 19 项[EB/OL]. (2026-10-09)[2026-10-09]. https://admin.jiuxianzai.cn/api/applet/home/index/schoolDetail/50150d0aadfdaa3758db009ae69c3521
S0040,统计战线统数圈公开数据库,中国地质大学（武汉） 2022；2023；2024；2025；2026 admission/复录比；admission/复试人数；admission/拟录取中位；等 16 项,scope_description_not_original_page_title,中国地质大学（武汉）,2022；2023；2024；2025；2026,admission/复录比；admission/复试人数；admission/拟录取中位；admission/拟录取人数；admission/拟录取最低；admission/拟录取最高；admission/本科背景状态；admitted_min；cutoff；duration；english_subject；major_subject；math_subject；politics_subject；study_mode；历年复试与录取汇总,mini_program_api；mini_program_api_value_reconciled,secondary_structured,校年值级补证；逐名名单索引；逐字段校年台账；院校静态字段补证,reachable,200.0,2026-10-09,https://admin.jiuxianzai.cn/api/applet/home/index/schoolDetail/54741a8400d2d1c10c484e82e516f707,[S0040] 统计战线统数圈公开数据库. 中国地质大学（武汉） 2022；2023；2024；2025；2026 admission/复录比；admission/复试人数；admission/拟录取中位；等 16 项[EB/OL]. (2026-10-09)[2026-10-09]. https://admin.jiuxianzai.cn/api/applet/home/index/schoolDetail/54741a8400d2d1c10c484e82e516f707
S0041,统计战线统数圈公开数据库,河海大学 2022；2023；2024；2025；2026 admission/复录比；admission/复试人数；admission/拟录取中位；等 15 项,scope_description_not_original_page_title,河海大学,2022；2023；2024；2025；2026,admission/复录比；admission/复试人数；admission/拟录取中位；admission/拟录取人数；admission/拟录取最低；admission/拟录取最高；admission/本科背景状态；admitted_min；duration；english_subject；major_subject；math_subject；politics_subject；study_mode；历年复试与录取汇总,mini_program_api；mini_program_api_value_reconciled,secondary_structured,校年值级补证；逐名名单索引；逐字段校年台账；院校静态字段补证,reachable,200.0,2026-10-09,https://admin.jiuxianzai.cn/api/applet/home/index/schoolDetail/56e3e5a6404fb8ba192e3d891bfdfc35,[S0041] 统计战线统数圈公开数据库. 河海大学 2022；2023；2024；2025；2026 admission/复录比；admission/复试人数；admission/拟录取中位；等 15 项[EB/OL]. (2026-10-09)[2026-10-09]. https://admin.jiuxianzai.cn/api/applet/home/index/schoolDetail/56e3e5a6404fb8ba192e3d891bfdfc35
S0042,统计战线统数圈公开数据库,东北大学 2022；2023；2024；2025；2026 admission/复录比；admission/复试人数；admission/拟录取中位；等 15 项,scope_description_not_original_page_title,东北大学,2022；2023；2024；2025；2026,admission/复录比；admission/复试人数；admission/拟录取中位；admission/拟录取人数；admission/拟录取最低；admission/拟录取最高；admission/本科背景状态；admitted_min；duration；english_subject；major_subject；math_subject；politics_subject；study_mode；历年复试与录取汇总,mini_program_api；mini_program_api_value_reconciled,secondary_structured,校年值级补证；逐名名单索引；逐字段校年台账；院校静态字段补证,reachable,200.0,2026-10-09,https://admin.jiuxianzai.cn/api/applet/home/index/schoolDetail/57be15d871bf0ffdcc70961ecb6569bb,[S0042] 统计战线统数圈公开数据库. 东北大学 2022；2023；2024；2025；2026 admission/复录比；admission/复试人数；admission/拟录取中位；等 15 项[EB/OL]. (2026-10-09)[2026-10-09]. https://admin.jiuxianzai.cn/api/applet/home/index/schoolDetail/57be15d871bf0ffdcc70961ecb6569bb
S0043,统计战线统数圈公开数据库,中国人民大学 2022；2023；2024；2025；2026 admission/复录比；admission/复试人数；admission/拟录取中位；等 16 项,scope_description_not_original_page_title,中国人民大学,2022；2023；2024；2025；2026,admission/复录比；admission/复试人数；admission/拟录取中位；admission/拟录取人数；admission/拟录取最低；admission/拟录取最高；admission/本科背景状态；admitted_min；cutoff；duration；english_subject；major_subject；math_subject；politics_subject；study_mode；历年复试与录取汇总,mini_program_api；mini_program_api_value_reconciled,secondary_structured,校年值级补证；逐名名单索引；逐字段校年台账；院校静态字段补证,reachable,200.0,2026-10-09,https://admin.jiuxianzai.cn/api/applet/home/index/schoolDetail/5cc9312943c90cba85bb2d324933e5cf,[S0043] 统计战线统数圈公开数据库. 中国人民大学 2022；2023；2024；2025；2026 admission/复录比；admission/复试人数；admission/拟录取中位；等 16 项[EB/OL]. (2026-10-09)[2026-10-09]. https://admin.jiuxianzai.cn/api/applet/home/index/schoolDetail/5cc9312943c90cba85bb2d324933e5cf
S0044,统计战线统数圈公开数据库,上海交通大学 2022；2023；2024；2025；2026 admission/复录比；admission/复试人数；admission/拟录取中位；等 19 项,scope_description_not_original_page_title,上海交通大学,2022；2023；2024；2025；2026,admission/复录比；admission/复试人数；admission/拟录取中位；admission/拟录取人数；admission/拟录取最低；admission/拟录取最高；admission/本科背景状态；admitted_count；admitted_min；cutoff；duration；english_subject；major_subject；math_subject；politics_subject；retest_count；study_mode；unit_2026；历年复试与录取汇总,mini_program_api；mini_program_api_value_reconciled,secondary_structured,校年值级补证；逐名名单索引；逐字段校年台账；院校静态字段补证,reachable,200.0,2026-10-09,https://admin.jiuxianzai.cn/api/applet/home/index/schoolDetail/61ab8bb59fd94ad71f849af6ceac6c8f,[S0044] 统计战线统数圈公开数据库. 上海交通大学 2022；2023；2024；2025；2026 admission/复录比；admission/复试人数；admission/拟录取中位；等 19 项[EB/OL]. (2026-10-09)[2026-10-09]. https://admin.jiuxianzai.cn/api/applet/home/index/schoolDetail/61ab8bb59fd94ad71f849af6ceac6c8f
S0045,统计战线统数圈公开数据库,辽宁大学 2022；2023；2024；2025；2026 admission/复录比；admission/复试人数；admission/拟录取中位；等 15 项,scope_description_not_original_page_title,辽宁大学,2022；2023；2024；2025；2026,admission/复录比；admission/复试人数；admission/拟录取中位；admission/拟录取人数；admission/拟录取最低；admission/拟录取最高；admission/本科背景状态；admitted_min；duration；english_subject；major_subject；math_subject；politics_subject；study_mode；历年复试与录取汇总,mini_program_api；mini_program_api_value_reconciled,secondary_structured,校年值级补证；逐名名单索引；逐字段校年台账；院校静态字段补证,reachable,200.0,2026-10-09,https://admin.jiuxianzai.cn/api/applet/home/index/schoolDetail/641847d4de044596a1580f1b2ed79c5c,[S0045] 统计战线统数圈公开数据库. 辽宁大学 2022；2023；2024；2025；2026 admission/复录比；admission/复试人数；admission/拟录取中位；等 15 项[EB/OL]. (2026-10-09)[2026-10-09]. https://admin.jiuxianzai.cn/api/applet/home/index/schoolDetail/641847d4de044596a1580f1b2ed79c5c
S0046,统计战线统数圈公开数据库,中山大学 2022；2023；2024；2025；2026 admission/复录比；admission/复试人数；admission/拟录取中位；等 15 项,scope_description_not_original_page_title,中山大学,2022；2023；2024；2025；2026,admission/复录比；admission/复试人数；admission/拟录取中位；admission/拟录取人数；admission/拟录取最低；admission/拟录取最高；admission/本科背景状态；admitted_min；cutoff；english_subject；major_subject；math_subject；politics_subject；study_mode；历年复试与录取汇总,mini_program_api；mini_program_api_value_reconciled,secondary_structured,校年值级补证；逐名名单索引；逐字段校年台账；院校静态字段补证,reachable,200.0,2026-10-09,https://admin.jiuxianzai.cn/api/applet/home/index/schoolDetail/66ed9f49b9b099637689a24514d230ca,[S0046] 统计战线统数圈公开数据库. 中山大学 2022；2023；2024；2025；2026 admission/复录比；admission/复试人数；admission/拟录取中位；等 15 项[EB/OL]. (2026-10-09)[2026-10-09]. https://admin.jiuxianzai.cn/api/applet/home/index/schoolDetail/66ed9f49b9b099637689a24514d230ca
S0047,统计战线统数圈公开数据库,大连理工大学 2022；2023；2024；2025；2026 admission/复录比；admission/复试人数；admission/拟录取中位；等 17 项,scope_description_not_original_page_title,大连理工大学,2022；2023；2024；2025；2026,admission/复录比；admission/复试人数；admission/拟录取中位；admission/拟录取人数；admission/拟录取最低；admission/拟录取最高；admission/本科背景状态；admitted_count；admitted_min；duration；english_subject；major_subject；math_subject；politics_subject；retest_count；study_mode；历年复试与录取汇总,mini_program_api；mini_program_api_value_reconciled,secondary_structured,校年值级补证；逐名名单索引；逐字段校年台账；院校静态字段补证,reachable,200.0,2026-10-09,https://admin.jiuxianzai.cn/api/applet/home/index/schoolDetail/6735cd916411ef7217dd98b2b5c1dba3,[S0047] 统计战线统数圈公开数据库. 大连理工大学 2022；2023；2024；2025；2026 admission/复录比；admission/复试人数；admission/拟录取中位；等 17 项[EB/OL]. (2026-10-09)[2026-10-09]. https://admin.jiuxianzai.cn/api/applet/home/index/schoolDetail/6735cd916411ef7217dd98b2b5c1dba3
S0048,统计战线统数圈公开数据库,西南财经大学 2022；2023；2024；2025；2026 admission/复录比；admission/复试人数；admission/拟录取中位；等 19 项,scope_description_not_original_page_title,西南财经大学,2022；2023；2024；2025；2026,admission/复录比；admission/复试人数；admission/拟录取中位；admission/拟录取人数；admission/拟录取最低；admission/拟录取最高；admission/本科背景状态；admitted_count；admitted_min；cutoff；duration；english_subject；major_subject；math_subject；politics_subject；retest_count；study_mode；unit_2026；历年复试与录取汇总,mini_program_api；mini_program_api_value_reconciled,secondary_structured,校年值级补证；逐名名单索引；逐字段校年台账；院校静态字段补证,reachable,200.0,2026-10-09,https://admin.jiuxianzai.cn/api/applet/home/index/schoolDetail/691263c169077ceca3f9203b6d406912,[S0048] 统计战线统数圈公开数据库. 西南财经大学 2022；2023；2024；2025；2026 admission/复录比；admission/复试人数；admission/拟录取中位；等 19 项[EB/OL]. (2026-10-09)[2026-10-09]. https://admin.jiuxianzai.cn/api/applet/home/index/schoolDetail/691263c169077ceca3f9203b6d406912
S0049,统计战线统数圈公开数据库,暨南大学 2022；2023；2024；2025；2026 admission/复录比；admission/复试人数；admission/拟录取中位；等 16 项,scope_description_not_original_page_title,暨南大学,2022；2023；2024；2025；2026,admission/复录比；admission/复试人数；admission/拟录取中位；admission/拟录取人数；admission/拟录取最低；admission/拟录取最高；admission/本科背景状态；admitted_min；cutoff；duration；english_subject；major_subject；math_subject；politics_subject；study_mode；历年复试与录取汇总,mini_program_api；mini_program_api_value_reconciled,secondary_structured,校年值级补证；逐名名单索引；逐字段校年台账；院校静态字段补证,reachable,200.0,2026-10-09,https://admin.jiuxianzai.cn/api/applet/home/index/schoolDetail/6b02702b49711b202869e23d1d26ff6e,[S0049] 统计战线统数圈公开数据库. 暨南大学 2022；2023；2024；2025；2026 admission/复录比；admission/复试人数；admission/拟录取中位；等 16 项[EB/OL]. (2026-10-09)[2026-10-09]. https://admin.jiuxianzai.cn/api/applet/home/index/schoolDetail/6b02702b49711b202869e23d1d26ff6e
S0050,统计战线统数圈公开数据库,中国科学技术大学 2022；2023；2024；2025；2026 admission/复录比；admission/复试人数；admission/拟录取中位；等 19 项,scope_description_not_original_page_title,中国科学技术大学,2022；2023；2024；2025；2026,admission/复录比；admission/复试人数；admission/拟录取中位；admission/拟录取人数；admission/拟录取最低；admission/拟录取最高；admission/本科背景状态；admitted_count；admitted_min；cutoff；duration；english_subject；major_subject；math_subject；politics_subject；retest_count；study_mode；unit_2026；历年复试与录取汇总,mini_program_api；mini_program_api_value_reconciled,secondary_structured,校年值级补证；逐名名单索引；逐字段校年台账；院校静态字段补证,reachable,200.0,2026-10-09,https://admin.jiuxianzai.cn/api/applet/home/index/schoolDetail/6df6138cb0a86a95e60cd2c1e2b91e5e,[S0050] 统计战线统数圈公开数据库. 中国科学技术大学 2022；2023；2024；2025；2026 admission/复录比；admission/复试人数；admission/拟录取中位；等 19 项[EB/OL]. (2026-10-09)[2026-10-09]. https://admin.jiuxianzai.cn/api/applet/home/index/schoolDetail/6df6138cb0a86a95e60cd2c1e2b91e5e
S0051,统计战线统数圈公开数据库,中国石油大学（华东） 2022；2023；2024；2025；2026 admission/复录比；admission/复试人数；admission/拟录取中位；等 19 项,scope_description_not_original_page_title,中国石油大学（华东）,2022；2023；2024；2025；2026,admission/复录比；admission/复试人数；admission/拟录取中位；admission/拟录取人数；admission/拟录取最低；admission/拟录取最高；admission/本科背景状态；admitted_count；admitted_min；cutoff；duration；english_subject；major_subject；math_subject；politics_subject；retest_count；study_mode；unit_2026；历年复试与录取汇总,mini_program_api；mini_program_api_value_reconciled,secondary_structured,校年值级补证；逐名名单索引；逐字段校年台账；院校静态字段补证,reachable,200.0,2026-10-09,https://admin.jiuxianzai.cn/api/applet/home/index/schoolDetail/6fa225f17053b8e47af81766c6c7ccc6,[S0051] 统计战线统数圈公开数据库. 中国石油大学（华东） 2022；2023；2024；2025；2026 admission/复录比；admission/复试人数；admission/拟录取中位；等 19 项[EB/OL]. (2026-10-09)[2026-10-09]. https://admin.jiuxianzai.cn/api/applet/home/index/schoolDetail/6fa225f17053b8e47af81766c6c7ccc6
S0052,统计战线统数圈公开数据库,清华大学 2022；2023；2024；2025；2026 admission/复录比；admission/复试人数；admission/拟录取中位；等 17 项,scope_description_not_original_page_title,清华大学,2022；2023；2024；2025；2026,admission/复录比；admission/复试人数；admission/拟录取中位；admission/拟录取人数；admission/拟录取最低；admission/拟录取最高；admission/本科背景状态；admitted_count；admitted_min；cutoff；duration；english_subject；major_subject；math_subject；politics_subject；retest_count；历年复试与录取汇总,mini_program_api；mini_program_api_value_reconciled,secondary_structured,校年值级补证；逐名名单索引；逐字段校年台账；院校静态字段补证,reachable,200.0,2026-10-09,https://admin.jiuxianzai.cn/api/applet/home/index/schoolDetail/727293ed8fd7c3a5f2674f0546b020d3,[S0052] 统计战线统数圈公开数据库. 清华大学 2022；2023；2024；2025；2026 admission/复录比；admission/复试人数；admission/拟录取中位；等 17 项[EB/OL]. (2026-10-09)[2026-10-09]. https://admin.jiuxianzai.cn/api/applet/home/index/schoolDetail/727293ed8fd7c3a5f2674f0546b020d3
S0053,统计战线统数圈公开数据库,山东大学 2022；2023；2024；2025；2026 admission/复录比；admission/复试人数；admission/拟录取中位；等 13 项,scope_description_not_original_page_title,山东大学,2022；2023；2024；2025；2026,admission/复录比；admission/复试人数；admission/拟录取中位；admission/拟录取人数；admission/拟录取最低；admission/拟录取最高；admission/本科背景状态；cutoff；english_subject；major_subject；politics_subject；study_mode；历年复试与录取汇总,mini_program_api；mini_program_api_value_reconciled,secondary_structured,校年值级补证；逐名名单索引；逐字段校年台账；院校静态字段补证,reachable,200.0,2026-10-09,https://admin.jiuxianzai.cn/api/applet/home/index/schoolDetail/727607996751a2d9d928e322d0752dec,[S0053] 统计战线统数圈公开数据库. 山东大学 2022；2023；2024；2025；2026 admission/复录比；admission/复试人数；admission/拟录取中位；等 13 项[EB/OL]. (2026-10-09)[2026-10-09]. https://admin.jiuxianzai.cn/api/applet/home/index/schoolDetail/727607996751a2d9d928e322d0752dec
S0054,统计战线统数圈公开数据库,东北林业大学 2022；2023；2024；2025；2026 admission/复录比；admission/复试人数；admission/拟录取中位；等 17 项,scope_description_not_original_page_title,东北林业大学,2022；2023；2024；2025；2026,admission/复录比；admission/复试人数；admission/拟录取中位；admission/拟录取人数；admission/拟录取最低；admission/拟录取最高；admission/本科背景状态；admitted_count；admitted_min；english_subject；major_subject；math_subject；politics_subject；retest_count；study_mode；unit_2026；历年复试与录取汇总,mini_program_api；mini_program_api_value_reconciled,secondary_structured,校年值级补证；逐名名单索引；逐字段校年台账；院校静态字段补证,reachable,200.0,2026-10-09,https://admin.jiuxianzai.cn/api/applet/home/index/schoolDetail/76c645e37f82e3b5a60079064582f4d4,[S0054] 统计战线统数圈公开数据库. 东北林业大学 2022；2023；2024；2025；2026 admission/复录比；admission/复试人数；admission/拟录取中位；等 17 项[EB/OL]. (2026-10-09)[2026-10-09]. https://admin.jiuxianzai.cn/api/applet/home/index/schoolDetail/76c645e37f82e3b5a60079064582f4d4
S0055,统计战线统数圈公开数据库,西安交通大学 2022；2023；2024；2025；2026 admission/复录比；admission/复试人数；admission/拟录取中位；等 16 项,scope_description_not_original_page_title,西安交通大学,2022；2023；2024；2025；2026,admission/复录比；admission/复试人数；admission/拟录取中位；admission/拟录取人数；admission/拟录取最低；admission/拟录取最高；admission/本科背景状态；admitted_min；cutoff；english_subject；major_subject；math_subject；politics_subject；retest_count；study_mode；历年复试与录取汇总,mini_program_api；mini_program_api_value_reconciled,secondary_structured,校年值级补证；逐名名单索引；逐字段校年台账；院校静态字段补证,reachable,200.0,2026-10-09,https://admin.jiuxianzai.cn/api/applet/home/index/schoolDetail/78b55c383768fe4a90acc4aaacbf692a,[S0055] 统计战线统数圈公开数据库. 西安交通大学 2022；2023；2024；2025；2026 admission/复录比；admission/复试人数；admission/拟录取中位；等 16 项[EB/OL]. (2026-10-09)[2026-10-09]. https://admin.jiuxianzai.cn/api/applet/home/index/schoolDetail/78b55c383768fe4a90acc4aaacbf692a
S0056,统计战线统数圈公开数据库,湖南师范大学 2022；2023；2024；2025；2026 admission/复录比；admission/复试人数；admission/拟录取中位；等 18 项,scope_description_not_original_page_title,湖南师范大学,2022；2023；2024；2025；2026,admission/复录比；admission/复试人数；admission/拟录取中位；admission/拟录取人数；admission/拟录取最低；admission/拟录取最高；admission/本科背景状态；admitted_count；admitted_min；cutoff；duration；english_subject；major_subject；math_subject；politics_subject；retest_count；unit_2026；历年复试与录取汇总,mini_program_api；mini_program_api_value_reconciled,secondary_structured,校年值级补证；逐名名单索引；逐字段校年台账；院校静态字段补证,reachable,200.0,2026-10-09,https://admin.jiuxianzai.cn/api/applet/home/index/schoolDetail/7a28a25a9c92d0a21e5d4f3cd446765e,[S0056] 统计战线统数圈公开数据库. 湖南师范大学 2022；2023；2024；2025；2026 admission/复录比；admission/复试人数；admission/拟录取中位；等 18 项[EB/OL]. (2026-10-09)[2026-10-09]. https://admin.jiuxianzai.cn/api/applet/home/index/schoolDetail/7a28a25a9c92d0a21e5d4f3cd446765e
S0057,统计战线统数圈公开数据库,河海大学 2022；2023；2024；2025；2026 admission/复录比；admission/复试人数；admission/拟录取中位；等 18 项,scope_description_not_original_page_title,河海大学,2022；2023；2024；2025；2026,admission/复录比；admission/复试人数；admission/拟录取中位；admission/拟录取人数；admission/拟录取最低；admission/拟录取最高；admission/本科背景状态；admitted_count；admitted_min；cutoff；duration；english_subject；major_subject；math_subject；politics_subject；retest_count；study_mode；历年复试与录取汇总,mini_program_api；mini_program_api_value_reconciled,secondary_structured,校年值级补证；逐名名单索引；逐字段校年台账；院校静态字段补证,reachable,200.0,2026-10-09,https://admin.jiuxianzai.cn/api/applet/home/index/schoolDetail/7affba1152da17a8ed22186d16b81af0,[S0057] 统计战线统数圈公开数据库. 河海大学 2022；2023；2024；2025；2026 admission/复录比；admission/复试人数；admission/拟录取中位；等 18 项[EB/OL]. (2026-10-09)[2026-10-09]. https://admin.jiuxianzai.cn/api/applet/home/index/schoolDetail/7affba1152da17a8ed22186d16b81af0
S0058,统计战线统数圈公开数据库,上海财经大学 2022；2023；2024；2025；2026 admission/复录比；admission/复试人数；admission/拟录取中位；等 15 项,scope_description_not_original_page_title,上海财经大学,2022；2023；2024；2025；2026,admission/复录比；admission/复试人数；admission/拟录取中位；admission/拟录取人数；admission/拟录取最低；admission/拟录取最高；admission/本科背景状态；admitted_min；cutoff；english_subject；major_subject；math_subject；politics_subject；study_mode；历年复试与录取汇总,mini_program_api；mini_program_api_value_reconciled,secondary_structured,校年值级补证；逐名名单索引；逐字段校年台账；院校静态字段补证,reachable,200.0,2026-10-09,https://admin.jiuxianzai.cn/api/applet/home/index/schoolDetail/7d3e0fe1601b71a518a0bd16b951f135,[S0058] 统计战线统数圈公开数据库. 上海财经大学 2022；2023；2024；2025；2026 admission/复录比；admission/复试人数；admission/拟录取中位；等 15 项[EB/OL]. (2026-10-09)[2026-10-09]. https://admin.jiuxianzai.cn/api/applet/home/index/schoolDetail/7d3e0fe1601b71a518a0bd16b951f135
S0059,统计战线统数圈公开数据库,吉林大学 2022；2023；2024；2025；2026 admission/复录比；admission/复试人数；admission/拟录取中位；等 17 项,scope_description_not_original_page_title,吉林大学,2022；2023；2024；2025；2026,admission/复录比；admission/复试人数；admission/拟录取中位；admission/拟录取人数；admission/拟录取最低；admission/拟录取最高；admission/本科背景状态；admitted_count；admitted_min；english_subject；major_subject；math_subject；politics_subject；retest_count；study_mode；unit_2026；历年复试与录取汇总,mini_program_api；mini_program_api_value_reconciled,secondary_structured,校年值级补证；逐名名单索引；逐字段校年台账；院校静态字段补证,reachable,200.0,2026-10-09,https://admin.jiuxianzai.cn/api/applet/home/index/schoolDetail/81d3842172005015b9d5a740cc5c7b5a,[S0059] 统计战线统数圈公开数据库. 吉林大学 2022；2023；2024；2025；2026 admission/复录比；admission/复试人数；admission/拟录取中位；等 17 项[EB/OL]. (2026-10-09)[2026-10-09]. https://admin.jiuxianzai.cn/api/applet/home/index/schoolDetail/81d3842172005015b9d5a740cc5c7b5a
S0060,统计战线统数圈公开数据库,中国海洋大学 2022；2023；2024；2025；2026 admission/复录比；admission/复试人数；admission/拟录取中位；等 19 项,scope_description_not_original_page_title,中国海洋大学,2022；2023；2024；2025；2026,admission/复录比；admission/复试人数；admission/拟录取中位；admission/拟录取人数；admission/拟录取最低；admission/拟录取最高；admission/本科背景状态；admitted_count；admitted_min；cutoff；duration；english_subject；major_subject；math_subject；politics_subject；retest_count；study_mode；unit_2026；历年复试与录取汇总,mini_program_api；mini_program_api_value_reconciled,secondary_structured,校年值级补证；逐名名单索引；逐字段校年台账；院校静态字段补证,reachable,200.0,2026-10-09,https://admin.jiuxianzai.cn/api/applet/home/index/schoolDetail/85d797959ef51e37f8b19e0d8c60d4a2,[S0060] 统计战线统数圈公开数据库. 中国海洋大学 2022；2023；2024；2025；2026 admission/复录比；admission/复试人数；admission/拟录取中位；等 19 项[EB/OL]. (2026-10-09)[2026-10-09]. https://admin.jiuxianzai.cn/api/applet/home/index/schoolDetail/85d797959ef51e37f8b19e0d8c60d4a2
S0061,统计战线统数圈公开数据库,华中农业大学 2022；2023；2024；2025；2026 admission/复录比；admission/复试人数；admission/拟录取中位；等 17 项,scope_description_not_original_page_title,华中农业大学,2022；2023；2024；2025；2026,admission/复录比；admission/复试人数；admission/拟录取中位；admission/拟录取人数；admission/拟录取最低；admission/拟录取最高；admission/本科背景状态；admitted_count；admitted_min；cutoff；english_subject；major_subject；math_subject；politics_subject；retest_count；unit_2026；历年复试与录取汇总,mini_program_api；mini_program_api_value_reconciled,secondary_structured,校年值级补证；逐名名单索引；逐字段校年台账；院校静态字段补证,reachable,200.0,2026-10-09,https://admin.jiuxianzai.cn/api/applet/home/index/schoolDetail/88540866545179766343bb45cdac824b,[S0061] 统计战线统数圈公开数据库. 华中农业大学 2022；2023；2024；2025；2026 admission/复录比；admission/复试人数；admission/拟录取中位；等 17 项[EB/OL]. (2026-10-09)[2026-10-09]. https://admin.jiuxianzai.cn/api/applet/home/index/schoolDetail/88540866545179766343bb45cdac824b
S0062,统计战线统数圈公开数据库,中国地质大学（北京） 2022；2023；2024；2025；2026 admission/复录比；admission/复试人数；admission/拟录取中位；等 16 项,scope_description_not_original_page_title,中国地质大学（北京）,2022；2023；2024；2025；2026,admission/复录比；admission/复试人数；admission/拟录取中位；admission/拟录取人数；admission/拟录取最低；admission/拟录取最高；admission/本科背景状态；admitted_count；admitted_min；cutoff；duration；major_subject；politics_subject；retest_count；unit_2026；历年复试与录取汇总,mini_program_api；mini_program_api_value_reconciled,secondary_structured,校年值级补证；逐名名单索引；逐字段校年台账；院校静态字段补证,reachable,200.0,2026-10-09,https://admin.jiuxianzai.cn/api/applet/home/index/schoolDetail/8a4a3de5e4d11f28df46f1455b74f57d,[S0062] 统计战线统数圈公开数据库. 中国地质大学（北京） 2022；2023；2024；2025；2026 admission/复录比；admission/复试人数；admission/拟录取中位；等 16 项[EB/OL]. (2026-10-09)[2026-10-09]. https://admin.jiuxianzai.cn/api/applet/home/index/schoolDetail/8a4a3de5e4d11f28df46f1455b74f57d
S0063,统计战线统数圈公开数据库,西安交通大学 2022；2023；2024；2025；2026 admission/复录比；admission/复试人数；admission/拟录取中位；等 17 项,scope_description_not_original_page_title,西安交通大学,2022；2023；2024；2025；2026,admission/复录比；admission/复试人数；admission/拟录取中位；admission/拟录取人数；admission/拟录取最低；admission/拟录取最高；admission/本科背景状态；admitted_count；admitted_min；cutoff；english_subject；major_subject；math_subject；politics_subject；retest_count；study_mode；历年复试与录取汇总,mini_program_api；mini_program_api_value_reconciled,secondary_structured,校年值级补证；逐名名单索引；逐字段校年台账；院校静态字段补证,reachable,200.0,2026-10-09,https://admin.jiuxianzai.cn/api/applet/home/index/schoolDetail/8b7ba3fc84812cac8b0bc8f00fe842aa,[S0063] 统计战线统数圈公开数据库. 西安交通大学 2022；2023；2024；2025；2026 admission/复录比；admission/复试人数；admission/拟录取中位；等 17 项[EB/OL]. (2026-10-09)[2026-10-09]. https://admin.jiuxianzai.cn/api/applet/home/index/schoolDetail/8b7ba3fc84812cac8b0bc8f00fe842aa
S0064,统计战线统数圈公开数据库,四川大学 2022；2023；2024；2025；2026 admission/复录比；admission/复试人数；admission/拟录取中位；等 17 项,scope_description_not_original_page_title,四川大学,2022；2023；2024；2025；2026,admission/复录比；admission/复试人数；admission/拟录取中位；admission/拟录取人数；admission/拟录取最低；admission/拟录取最高；admission/本科背景状态；admitted_count；admitted_min；duration；english_subject；major_subject；math_subject；politics_subject；retest_count；study_mode；历年复试与录取汇总,mini_program_api；mini_program_api_value_reconciled,secondary_structured,校年值级补证；逐名名单索引；逐字段校年台账；院校静态字段补证,reachable,200.0,2026-10-09,https://admin.jiuxianzai.cn/api/applet/home/index/schoolDetail/8c6b6c55149992b9a76b94d7ce738ca1,[S0064] 统计战线统数圈公开数据库. 四川大学 2022；2023；2024；2025；2026 admission/复录比；admission/复试人数；admission/拟录取中位；等 17 项[EB/OL]. (2026-10-09)[2026-10-09]. https://admin.jiuxianzai.cn/api/applet/home/index/schoolDetail/8c6b6c55149992b9a76b94d7ce738ca1
S0065,统计战线统数圈公开数据库,南京农业大学 2022；2023；2024；2025；2026 admission/复录比；admission/复试人数；admission/拟录取中位；等 17 项,scope_description_not_original_page_title,南京农业大学,2022；2023；2024；2025；2026,admission/复录比；admission/复试人数；admission/拟录取中位；admission/拟录取人数；admission/拟录取最低；admission/拟录取最高；admission/本科背景状态；admitted_count；admitted_min；english_subject；major_subject；math_subject；politics_subject；retest_count；study_mode；unit_2026；历年复试与录取汇总,mini_program_api；mini_program_api_value_reconciled,secondary_structured,校年值级补证；逐名名单索引；逐字段校年台账；院校静态字段补证,reachable,200.0,2026-10-09,https://admin.jiuxianzai.cn/api/applet/home/index/schoolDetail/92409f535f3f0472316ebdcce9011b20,[S0065] 统计战线统数圈公开数据库. 南京农业大学 2022；2023；2024；2025；2026 admission/复录比；admission/复试人数；admission/拟录取中位；等 17 项[EB/OL]. (2026-10-09)[2026-10-09]. https://admin.jiuxianzai.cn/api/applet/home/index/schoolDetail/92409f535f3f0472316ebdcce9011b20
S0066,统计战线统数圈公开数据库,东华大学 2022；2023；2024；2025；2026 admission/拟录取中位；admission/拟录取人数；admission/拟录取最低；等 13 项,scope_description_not_original_page_title,东华大学,2022；2023；2024；2025；2026,admission/拟录取中位；admission/拟录取人数；admission/拟录取最低；admission/拟录取最高；admission/本科背景状态；admitted_count；admitted_min；cutoff；english_subject；major_subject；math_subject；politics_subject；历年复试与录取汇总,mini_program_api；mini_program_api_value_reconciled,secondary_structured,校年值级补证；逐名名单索引；逐字段校年台账；院校静态字段补证,reachable,200.0,2026-10-09,https://admin.jiuxianzai.cn/api/applet/home/index/schoolDetail/9981192188eeeb2aaaf0106e534631cc,[S0066] 统计战线统数圈公开数据库. 东华大学 2022；2023；2024；2025；2026 admission/拟录取中位；admission/拟录取人数；admission/拟录取最低；等 13 项[EB/OL]. (2026-10-09)[2026-10-09]. https://admin.jiuxianzai.cn/api/applet/home/index/schoolDetail/9981192188eeeb2aaaf0106e534631cc
S0067,统计战线统数圈公开数据库,中南大学 2022；2023；2024；2025；2026 admission/复录比；admission/复试人数；admission/拟录取中位；等 18 项,scope_description_not_original_page_title,中南大学,2022；2023；2024；2025；2026,admission/复录比；admission/复试人数；admission/拟录取中位；admission/拟录取人数；admission/拟录取最低；admission/拟录取最高；admission/本科背景状态；admitted_count；admitted_min；duration；english_subject；major_subject；math_subject；politics_subject；retest_count；study_mode；unit_2026；历年复试与录取汇总,mini_program_api；mini_program_api_value_reconciled,secondary_structured,校年值级补证；逐名名单索引；逐字段校年台账；院校静态字段补证,reachable,200.0,2026-10-09,https://admin.jiuxianzai.cn/api/applet/home/index/schoolDetail/9992ea5cc0f3be699aa80b38b6171e7c,[S0067] 统计战线统数圈公开数据库. 中南大学 2022；2023；2024；2025；2026 admission/复录比；admission/复试人数；admission/拟录取中位；等 18 项[EB/OL]. (2026-10-09)[2026-10-09]. https://admin.jiuxianzai.cn/api/applet/home/index/schoolDetail/9992ea5cc0f3be699aa80b38b6171e7c
S0068,统计战线统数圈公开数据库,同济大学 2022；2023；2024；2025；2026 admission/复录比；admission/复试人数；admission/拟录取中位；等 17 项,scope_description_not_original_page_title,同济大学,2022；2023；2024；2025；2026,admission/复录比；admission/复试人数；admission/拟录取中位；admission/拟录取人数；admission/拟录取最低；admission/拟录取最高；admission/本科背景状态；admitted_count；admitted_min；english_subject；major_subject；math_subject；politics_subject；retest_count；study_mode；unit_2026；历年复试与录取汇总,mini_program_api；mini_program_api_value_reconciled,secondary_structured,校年值级补证；逐名名单索引；逐字段校年台账；院校静态字段补证,reachable,200.0,2026-10-09,https://admin.jiuxianzai.cn/api/applet/home/index/schoolDetail/9d0219b2df1e6de3dabed25b7cbbf267,[S0068] 统计战线统数圈公开数据库. 同济大学 2022；2023；2024；2025；2026 admission/复录比；admission/复试人数；admission/拟录取中位；等 17 项[EB/OL]. (2026-10-09)[2026-10-09]. https://admin.jiuxianzai.cn/api/applet/home/index/schoolDetail/9d0219b2df1e6de3dabed25b7cbbf267
S0069,统计战线统数圈公开数据库,华南师范大学 2022；2023；2024；2025；2026 admission/复录比；admission/复试人数；admission/拟录取中位；等 16 项,scope_description_not_original_page_title,华南师范大学,2022；2023；2024；2025；2026,admission/复录比；admission/复试人数；admission/拟录取中位；admission/拟录取人数；admission/拟录取最低；admission/拟录取最高；admission/本科背景状态；admitted_min；cutoff；duration；english_subject；major_subject；math_subject；politics_subject；study_mode；历年复试与录取汇总,mini_program_api；mini_program_api_value_reconciled,secondary_structured,校年值级补证；逐名名单索引；逐字段校年台账；院校静态字段补证,reachable,200.0,2026-10-09,https://admin.jiuxianzai.cn/api/applet/home/index/schoolDetail/a2febbe104a80460a28e6a3a4172b085,[S0069] 统计战线统数圈公开数据库. 华南师范大学 2022；2023；2024；2025；2026 admission/复录比；admission/复试人数；admission/拟录取中位；等 16 项[EB/OL]. (2026-10-09)[2026-10-09]. https://admin.jiuxianzai.cn/api/applet/home/index/schoolDetail/a2febbe104a80460a28e6a3a4172b085
S0070,统计战线统数圈公开数据库,复旦大学 2022；2023；2024；2025；2026 admission/复录比；admission/复试人数；admission/拟录取中位；等 14 项,scope_description_not_original_page_title,复旦大学,2022；2023；2024；2025；2026,admission/复录比；admission/复试人数；admission/拟录取中位；admission/拟录取人数；admission/拟录取最低；admission/拟录取最高；admission/本科背景状态；duration；english_subject；major_subject；math_subject；politics_subject；study_mode；历年复试与录取汇总,mini_program_api；mini_program_api_value_reconciled,secondary_structured,逐名名单索引；逐字段校年台账；院校静态字段补证,reachable,200.0,2026-10-09,https://admin.jiuxianzai.cn/api/applet/home/index/schoolDetail/a3965c86ea7c934487502710e04554ae,[S0070] 统计战线统数圈公开数据库. 复旦大学 2022；2023；2024；2025；2026 admission/复录比；admission/复试人数；admission/拟录取中位；等 14 项[EB/OL]. (2026-10-09)[2026-10-09]. https://admin.jiuxianzai.cn/api/applet/home/index/schoolDetail/a3965c86ea7c934487502710e04554ae
S0071,统计战线统数圈公开数据库,东北大学 2022；2023；2024；2025；2026 admission/复录比；admission/复试人数；admission/拟录取中位；等 15 项,scope_description_not_original_page_title,东北大学,2022；2023；2024；2025；2026,admission/复录比；admission/复试人数；admission/拟录取中位；admission/拟录取人数；admission/拟录取最低；admission/拟录取最高；admission/本科背景状态；admitted_min；duration；english_subject；major_subject；math_subject；politics_subject；study_mode；历年复试与录取汇总,mini_program_api；mini_program_api_value_reconciled,secondary_structured,校年值级补证；逐名名单索引；逐字段校年台账；院校静态字段补证,reachable,200.0,2026-10-09,https://admin.jiuxianzai.cn/api/applet/home/index/schoolDetail/a56214dee150a9b44e99b84060a46aab,[S0071] 统计战线统数圈公开数据库. 东北大学 2022；2023；2024；2025；2026 admission/复录比；admission/复试人数；admission/拟录取中位；等 15 项[EB/OL]. (2026-10-09)[2026-10-09]. https://admin.jiuxianzai.cn/api/applet/home/index/schoolDetail/a56214dee150a9b44e99b84060a46aab
S0072,统计战线统数圈公开数据库,西北大学 2022；2023；2024；2025；2026 admission/复录比；admission/复试人数；admission/拟录取中位；等 19 项,scope_description_not_original_page_title,西北大学,2022；2023；2024；2025；2026,admission/复录比；admission/复试人数；admission/拟录取中位；admission/拟录取人数；admission/拟录取最低；admission/拟录取最高；admission/本科背景状态；admitted_count；admitted_min；cutoff；duration；english_subject；major_subject；math_subject；politics_subject；retest_count；study_mode；unit_2026；历年复试与录取汇总,mini_program_api；mini_program_api_value_reconciled,secondary_structured,校年值级补证；逐名名单索引；逐字段校年台账；院校静态字段补证,reachable,200.0,2026-10-09,https://admin.jiuxianzai.cn/api/applet/home/index/schoolDetail/a8a62f7f7ad02bcd50fec1350e962d1a,[S0072] 统计战线统数圈公开数据库. 西北大学 2022；2023；2024；2025；2026 admission/复录比；admission/复试人数；admission/拟录取中位；等 19 项[EB/OL]. (2026-10-09)[2026-10-09]. https://admin.jiuxianzai.cn/api/applet/home/index/schoolDetail/a8a62f7f7ad02bcd50fec1350e962d1a
S0073,统计战线统数圈公开数据库,上海财经大学 2022；2023；2024；2025；2026 admission/复录比；admission/复试人数；admission/拟录取中位；等 14 项,scope_description_not_original_page_title,上海财经大学,2022；2023；2024；2025；2026,admission/复录比；admission/复试人数；admission/拟录取中位；admission/拟录取人数；admission/拟录取最低；admission/拟录取最高；admission/本科背景状态；cutoff；english_subject；major_subject；math_subject；politics_subject；study_mode；历年复试与录取汇总,mini_program_api；mini_program_api_value_reconciled,secondary_structured,校年值级补证；逐名名单索引；逐字段校年台账；院校静态字段补证,reachable,200.0,2026-10-09,https://admin.jiuxianzai.cn/api/applet/home/index/schoolDetail/ab3b483738ca750788aaef4042e1b656,[S0073] 统计战线统数圈公开数据库. 上海财经大学 2022；2023；2024；2025；2026 admission/复录比；admission/复试人数；admission/拟录取中位；等 14 项[EB/OL]. (2026-10-09)[2026-10-09]. https://admin.jiuxianzai.cn/api/applet/home/index/schoolDetail/ab3b483738ca750788aaef4042e1b656
S0074,统计战线统数圈公开数据库,中国人民大学 2022；2023；2024；2025；2026 admission/复录比；admission/复试人数；admission/拟录取中位；等 16 项,scope_description_not_original_page_title,中国人民大学,2022；2023；2024；2025；2026,admission/复录比；admission/复试人数；admission/拟录取中位；admission/拟录取人数；admission/拟录取最低；admission/拟录取最高；admission/本科背景状态；admitted_min；cutoff；duration；english_subject；major_subject；math_subject；politics_subject；study_mode；历年复试与录取汇总,mini_program_api；mini_program_api_value_reconciled,secondary_structured,校年值级补证；逐名名单索引；逐字段校年台账；院校静态字段补证,reachable,200.0,2026-10-09,https://admin.jiuxianzai.cn/api/applet/home/index/schoolDetail/ab43bf74efe98dc996b878a32bd695d8,[S0074] 统计战线统数圈公开数据库. 中国人民大学 2022；2023；2024；2025；2026 admission/复录比；admission/复试人数；admission/拟录取中位；等 16 项[EB/OL]. (2026-10-09)[2026-10-09]. https://admin.jiuxianzai.cn/api/applet/home/index/schoolDetail/ab43bf74efe98dc996b878a32bd695d8
S0075,统计战线统数圈公开数据库,哈尔滨工业大学 2022；2023；2024；2025；2026 admission/复录比；admission/复试人数；admission/拟录取中位；等 16 项,scope_description_not_original_page_title,哈尔滨工业大学,2022；2023；2024；2025；2026,admission/复录比；admission/复试人数；admission/拟录取中位；admission/拟录取人数；admission/拟录取最低；admission/拟录取最高；admission/本科背景状态；admitted_count；admitted_min；english_subject；major_subject；math_subject；politics_subject；retest_count；study_mode；历年复试与录取汇总,mini_program_api；mini_program_api_value_reconciled,secondary_structured,校年值级补证；逐名名单索引；逐字段校年台账；院校静态字段补证,reachable,200.0,2026-10-09,https://admin.jiuxianzai.cn/api/applet/home/index/schoolDetail/ac7907670ef7f7988197585cbbbe5f55,[S0075] 统计战线统数圈公开数据库. 哈尔滨工业大学 2022；2023；2024；2025；2026 admission/复录比；admission/复试人数；admission/拟录取中位；等 16 项[EB/OL]. (2026-10-09)[2026-10-09]. https://admin.jiuxianzai.cn/api/applet/home/index/schoolDetail/ac7907670ef7f7988197585cbbbe5f55
S0076,统计战线统数圈公开数据库,南京理工大学 2022；2023；2024；2025；2026 admission/复录比；admission/复试人数；admission/拟录取中位；等 17 项,scope_description_not_original_page_title,南京理工大学,2022；2023；2024；2025；2026,admission/复录比；admission/复试人数；admission/拟录取中位；admission/拟录取人数；admission/拟录取最低；admission/拟录取最高；admission/本科背景状态；admitted_count；admitted_min；english_subject；major_subject；math_subject；politics_subject；retest_count；study_mode；unit_2026；历年复试与录取汇总,mini_program_api；mini_program_api_value_reconciled,secondary_structured,校年值级补证；逐名名单索引；逐字段校年台账；院校静态字段补证,reachable,200.0,2026-10-09,https://admin.jiuxianzai.cn/api/applet/home/index/schoolDetail/ae931260258484511d053532c733784f,[S0076] 统计战线统数圈公开数据库. 南京理工大学 2022；2023；2024；2025；2026 admission/复录比；admission/复试人数；admission/拟录取中位；等 17 项[EB/OL]. (2026-10-09)[2026-10-09]. https://admin.jiuxianzai.cn/api/applet/home/index/schoolDetail/ae931260258484511d053532c733784f
S0077,统计战线统数圈公开数据库,重庆大学 2022；2023；2024；2025；2026 admission/复录比；admission/复试人数；admission/拟录取中位；等 19 项,scope_description_not_original_page_title,重庆大学,2022；2023；2024；2025；2026,admission/复录比；admission/复试人数；admission/拟录取中位；admission/拟录取人数；admission/拟录取最低；admission/拟录取最高；admission/本科背景状态；admitted_count；admitted_min；cutoff；duration；english_subject；major_subject；math_subject；politics_subject；retest_count；study_mode；unit_2026；历年复试与录取汇总,mini_program_api；mini_program_api_value_reconciled,secondary_structured,校年值级补证；逐名名单索引；逐字段校年台账；院校静态字段补证,reachable,200.0,2026-10-09,https://admin.jiuxianzai.cn/api/applet/home/index/schoolDetail/b0ae736153035d286890da2d0a95b244,[S0077] 统计战线统数圈公开数据库. 重庆大学 2022；2023；2024；2025；2026 admission/复录比；admission/复试人数；admission/拟录取中位；等 19 项[EB/OL]. (2026-10-09)[2026-10-09]. https://admin.jiuxianzai.cn/api/applet/home/index/schoolDetail/b0ae736153035d286890da2d0a95b244
S0078,统计战线统数圈公开数据库,上海大学 2022；2023；2024；2025；2026 admission/复录比；admission/复试人数；admission/拟录取中位；等 17 项,scope_description_not_original_page_title,上海大学,2022；2023；2024；2025；2026,admission/复录比；admission/复试人数；admission/拟录取中位；admission/拟录取人数；admission/拟录取最低；admission/拟录取最高；admission/本科背景状态；admitted_min；cutoff；duration；english_subject；major_subject；math_subject；politics_subject；retest_count；study_mode；历年复试与录取汇总,mini_program_api；mini_program_api_value_reconciled,secondary_structured,校年值级补证；逐名名单索引；逐字段校年台账；院校静态字段补证,reachable,200.0,2026-10-09,https://admin.jiuxianzai.cn/api/applet/home/index/schoolDetail/b169b986c5cf0c1b64358396395ed2da,[S0078] 统计战线统数圈公开数据库. 上海大学 2022；2023；2024；2025；2026 admission/复录比；admission/复试人数；admission/拟录取中位；等 17 项[EB/OL]. (2026-10-09)[2026-10-09]. https://admin.jiuxianzai.cn/api/applet/home/index/schoolDetail/b169b986c5cf0c1b64358396395ed2da
S0079,统计战线统数圈公开数据库,华中师范大学 2022；2023；2024；2025；2026 admission/复录比；admission/复试人数；admission/拟录取中位；等 18 项,scope_description_not_original_page_title,华中师范大学,2022；2023；2024；2025；2026,admission/复录比；admission/复试人数；admission/拟录取中位；admission/拟录取人数；admission/拟录取最低；admission/拟录取最高；admission/本科背景状态；admitted_count；admitted_min；cutoff；duration；english_subject；major_subject；math_subject；politics_subject；retest_count；study_mode；历年复试与录取汇总,mini_program_api；mini_program_api_value_reconciled,secondary_structured,校年值级补证；逐名名单索引；逐字段校年台账；院校静态字段补证,reachable,200.0,2026-10-09,https://admin.jiuxianzai.cn/api/applet/home/index/schoolDetail/b1f6e61e91fe5877912103300d1d4d81,[S0079] 统计战线统数圈公开数据库. 华中师范大学 2022；2023；2024；2025；2026 admission/复录比；admission/复试人数；admission/拟录取中位；等 18 项[EB/OL]. (2026-10-09)[2026-10-09]. https://admin.jiuxianzai.cn/api/applet/home/index/schoolDetail/b1f6e61e91fe5877912103300d1d4d81
S0080,统计战线统数圈公开数据库,新疆大学 2022；2023；2024；2025；2026 admission/复录比；admission/复试人数；admission/拟录取中位；等 19 项,scope_description_not_original_page_title,新疆大学,2022；2023；2024；2025；2026,admission/复录比；admission/复试人数；admission/拟录取中位；admission/拟录取人数；admission/拟录取最低；admission/拟录取最高；admission/本科背景状态；admitted_count；admitted_min；cutoff；duration；english_subject；major_subject；math_subject；politics_subject；retest_count；study_mode；unit_2026；历年复试与录取汇总,mini_program_api；mini_program_api_value_reconciled,secondary_structured,校年值级补证；逐名名单索引；逐字段校年台账；院校静态字段补证,reachable,200.0,2026-10-09,https://admin.jiuxianzai.cn/api/applet/home/index/schoolDetail/b315329ed2a27f19f095c3b25ce12c51,[S0080] 统计战线统数圈公开数据库. 新疆大学 2022；2023；2024；2025；2026 admission/复录比；admission/复试人数；admission/拟录取中位；等 19 项[EB/OL]. (2026-10-09)[2026-10-09]. https://admin.jiuxianzai.cn/api/applet/home/index/schoolDetail/b315329ed2a27f19f095c3b25ce12c51
S0081,统计战线统数圈公开数据库,西北工业大学 2022；2023；2024；2025；2026 admission/复录比；admission/复试人数；admission/拟录取中位；等 19 项,scope_description_not_original_page_title,西北工业大学,2022；2023；2024；2025；2026,admission/复录比；admission/复试人数；admission/拟录取中位；admission/拟录取人数；admission/拟录取最低；admission/拟录取最高；admission/本科背景状态；admitted_count；admitted_min；cutoff；duration；english_subject；major_subject；math_subject；politics_subject；retest_count；study_mode；unit_2026；历年复试与录取汇总,mini_program_api；mini_program_api_value_reconciled,secondary_structured,校年值级补证；逐名名单索引；逐字段校年台账；院校静态字段补证,reachable,200.0,2026-10-09,https://admin.jiuxianzai.cn/api/applet/home/index/schoolDetail/b4bdac7bbcc576c0d8e30f51a1934e02,[S0081] 统计战线统数圈公开数据库. 西北工业大学 2022；2023；2024；2025；2026 admission/复录比；admission/复试人数；admission/拟录取中位；等 19 项[EB/OL]. (2026-10-09)[2026-10-09]. https://admin.jiuxianzai.cn/api/applet/home/index/schoolDetail/b4bdac7bbcc576c0d8e30f51a1934e02
S0082,统计战线统数圈公开数据库,南昌大学 2022；2023；2024；2025；2026 admission/复录比；admission/复试人数；admission/拟录取中位；等 19 项,scope_description_not_original_page_title,南昌大学,2022；2023；2024；2025；2026,admission/复录比；admission/复试人数；admission/拟录取中位；admission/拟录取人数；admission/拟录取最低；admission/拟录取最高；admission/本科背景状态；admitted_count；admitted_min；cutoff；duration；english_subject；major_subject；math_subject；politics_subject；retest_count；study_mode；unit_2026；历年复试与录取汇总,mini_program_api；mini_program_api_value_reconciled,secondary_structured,校年值级补证；逐名名单索引；逐字段校年台账；院校静态字段补证,reachable,200.0,2026-10-09,https://admin.jiuxianzai.cn/api/applet/home/index/schoolDetail/bb42e207bb8a2e53858470a27f5ad5da,[S0082] 统计战线统数圈公开数据库. 南昌大学 2022；2023；2024；2025；2026 admission/复录比；admission/复试人数；admission/拟录取中位；等 19 项[EB/OL]. (2026-10-09)[2026-10-09]. https://admin.jiuxianzai.cn/api/applet/home/index/schoolDetail/bb42e207bb8a2e53858470a27f5ad5da
S0083,统计战线统数圈公开数据库,华中科技大学 2022；2023；2024；2025；2026 admission/复录比；admission/复试人数；admission/拟录取中位；等 19 项,scope_description_not_original_page_title,华中科技大学,2022；2023；2024；2025；2026,admission/复录比；admission/复试人数；admission/拟录取中位；admission/拟录取人数；admission/拟录取最低；admission/拟录取最高；admission/本科背景状态；admitted_count；admitted_min；cutoff；duration；english_subject；major_subject；math_subject；politics_subject；retest_count；study_mode；unit_2026；历年复试与录取汇总,mini_program_api；mini_program_api_value_reconciled,secondary_structured,校年值级补证；逐名名单索引；逐字段校年台账；院校静态字段补证,reachable,200.0,2026-10-09,https://admin.jiuxianzai.cn/api/applet/home/index/schoolDetail/c1e96541506f114e67db7328097dc137,[S0083] 统计战线统数圈公开数据库. 华中科技大学 2022；2023；2024；2025；2026 admission/复录比；admission/复试人数；admission/拟录取中位；等 19 项[EB/OL]. (2026-10-09)[2026-10-09]. https://admin.jiuxianzai.cn/api/applet/home/index/schoolDetail/c1e96541506f114e67db7328097dc137
S0084,统计战线统数圈公开数据库,河北工业大学 2022；2023；2024；2025；2026 admission/复录比；admission/复试人数；admission/拟录取中位；等 18 项,scope_description_not_original_page_title,河北工业大学,2022；2023；2024；2025；2026,admission/复录比；admission/复试人数；admission/拟录取中位；admission/拟录取人数；admission/拟录取最低；admission/拟录取最高；admission/本科背景状态；admitted_count；admitted_min；cutoff；duration；english_subject；major_subject；math_subject；politics_subject；retest_count；unit_2026；历年复试与录取汇总,mini_program_api；mini_program_api_value_reconciled,secondary_structured,校年值级补证；逐名名单索引；逐字段校年台账；院校静态字段补证,reachable,200.0,2026-10-09,https://admin.jiuxianzai.cn/api/applet/home/index/schoolDetail/c2ff9e028cb9a501c8b32ce810184de5,[S0084] 统计战线统数圈公开数据库. 河北工业大学 2022；2023；2024；2025；2026 admission/复录比；admission/复试人数；admission/拟录取中位；等 18 项[EB/OL]. (2026-10-09)[2026-10-09]. https://admin.jiuxianzai.cn/api/applet/home/index/schoolDetail/c2ff9e028cb9a501c8b32ce810184de5
S0085,统计战线统数圈公开数据库,武汉大学 2022；2023；2024；2025；2026 admission/复录比；admission/复试人数；admission/拟录取中位；等 19 项,scope_description_not_original_page_title,武汉大学,2022；2023；2024；2025；2026,admission/复录比；admission/复试人数；admission/拟录取中位；admission/拟录取人数；admission/拟录取最低；admission/拟录取最高；admission/本科背景状态；admitted_count；admitted_min；cutoff；duration；english_subject；major_subject；math_subject；politics_subject；retest_count；study_mode；unit_2026；历年复试与录取汇总,mini_program_api；mini_program_api_value_reconciled,secondary_structured,校年值级补证；逐名名单索引；逐字段校年台账；院校静态字段补证,reachable,200.0,2026-10-09,https://admin.jiuxianzai.cn/api/applet/home/index/schoolDetail/c7e895b74699dc0627195a1b12f880fd,[S0085] 统计战线统数圈公开数据库. 武汉大学 2022；2023；2024；2025；2026 admission/复录比；admission/复试人数；admission/拟录取中位；等 19 项[EB/OL]. (2026-10-09)[2026-10-09]. https://admin.jiuxianzai.cn/api/applet/home/index/schoolDetail/c7e895b74699dc0627195a1b12f880fd
S0086,统计战线统数圈公开数据库,华东理工大学 2022；2023；2024；2025；2026 admission/复录比；admission/复试人数；admission/拟录取中位；等 17 项,scope_description_not_original_page_title,华东理工大学,2022；2023；2024；2025；2026,admission/复录比；admission/复试人数；admission/拟录取中位；admission/拟录取人数；admission/拟录取最低；admission/拟录取最高；admission/本科背景状态；admitted_count；admitted_min；english_subject；major_subject；math_subject；politics_subject；retest_count；study_mode；unit_2026；历年复试与录取汇总,mini_program_api；mini_program_api_value_reconciled,secondary_structured,校年值级补证；逐名名单索引；逐字段校年台账；院校静态字段补证,reachable,200.0,2026-10-09,https://admin.jiuxianzai.cn/api/applet/home/index/schoolDetail/cc2b50dd21eaca2ad3ccd55113c61f2d,[S0086] 统计战线统数圈公开数据库. 华东理工大学 2022；2023；2024；2025；2026 admission/复录比；admission/复试人数；admission/拟录取中位；等 17 项[EB/OL]. (2026-10-09)[2026-10-09]. https://admin.jiuxianzai.cn/api/applet/home/index/schoolDetail/cc2b50dd21eaca2ad3ccd55113c61f2d
S0087,统计战线统数圈公开数据库,国防科技大学 2022；2023；2024；2025；2026 admission/本科背景状态；cutoff,scope_description_not_original_page_title,国防科技大学,2022；2023；2024；2025；2026,admission/本科背景状态；cutoff,mini_program_api；mini_program_api_value_reconciled,secondary_structured,校年值级补证；逐字段校年台账,reachable,200.0,2026-10-09,https://admin.jiuxianzai.cn/api/applet/home/index/schoolDetail/d0c418722a51b2fca15de22b27b1256f,[S0087] 统计战线统数圈公开数据库. 国防科技大学 2022；2023；2024；2025；2026 admission/本科背景状态；cutoff[EB/OL]. (2026-10-09)[2026-10-09]. https://admin.jiuxianzai.cn/api/applet/home/index/schoolDetail/d0c418722a51b2fca15de22b27b1256f
S0088,统计战线统数圈公开数据库,北京交通大学 2022；2023；2024；2025；2026 admission/复录比；admission/复试人数；admission/拟录取中位；等 17 项,scope_description_not_original_page_title,北京交通大学,2022；2023；2024；2025；2026,admission/复录比；admission/复试人数；admission/拟录取中位；admission/拟录取人数；admission/拟录取最低；admission/拟录取最高；admission/本科背景状态；admitted_count；admitted_min；cutoff；duration；english_subject；major_subject；math_subject；politics_subject；retest_count；历年复试与录取汇总,mini_program_api；mini_program_api_value_reconciled,secondary_structured,校年值级补证；逐名名单索引；逐字段校年台账；院校静态字段补证,reachable,200.0,2026-10-09,https://admin.jiuxianzai.cn/api/applet/home/index/schoolDetail/d1d6767608d408762929304f63c0733b,[S0088] 统计战线统数圈公开数据库. 北京交通大学 2022；2023；2024；2025；2026 admission/复录比；admission/复试人数；admission/拟录取中位；等 17 项[EB/OL]. (2026-10-09)[2026-10-09]. https://admin.jiuxianzai.cn/api/applet/home/index/schoolDetail/d1d6767608d408762929304f63c0733b
S0089,统计战线统数圈公开数据库,中国石油大学（北京） 2022；2023；2024；2025；2026 admission/复录比；admission/复试人数；admission/拟录取中位；等 18 项,scope_description_not_original_page_title,中国石油大学（北京）,2022；2023；2024；2025；2026,admission/复录比；admission/复试人数；admission/拟录取中位；admission/拟录取人数；admission/拟录取最低；admission/拟录取最高；admission/本科背景状态；admitted_count；admitted_min；cutoff；duration；english_subject；major_subject；math_subject；politics_subject；retest_count；study_mode；历年复试与录取汇总,mini_program_api；mini_program_api_value_reconciled,secondary_structured,校年值级补证；逐名名单索引；逐字段校年台账；院校静态字段补证,reachable,200.0,2026-10-09,https://admin.jiuxianzai.cn/api/applet/home/index/schoolDetail/d244bb654f35a3f1189323b88c5a7c04,[S0089] 统计战线统数圈公开数据库. 中国石油大学（北京） 2022；2023；2024；2025；2026 admission/复录比；admission/复试人数；admission/拟录取中位；等 18 项[EB/OL]. (2026-10-09)[2026-10-09]. https://admin.jiuxianzai.cn/api/applet/home/index/schoolDetail/d244bb654f35a3f1189323b88c5a7c04
S0090,统计战线统数圈公开数据库,中国药科大学 2022；2023；2024；2025；2026 admission/复录比；admission/复试人数；admission/拟录取中位；等 19 项,scope_description_not_original_page_title,中国药科大学,2022；2023；2024；2025；2026,admission/复录比；admission/复试人数；admission/拟录取中位；admission/拟录取人数；admission/拟录取最低；admission/拟录取最高；admission/本科背景状态；admitted_count；admitted_min；cutoff；duration；english_subject；major_subject；math_subject；politics_subject；retest_count；study_mode；unit_2026；历年复试与录取汇总,mini_program_api；mini_program_api_value_reconciled,secondary_structured,校年值级补证；逐名名单索引；逐字段校年台账；院校静态字段补证,reachable,200.0,2026-10-09,https://admin.jiuxianzai.cn/api/applet/home/index/schoolDetail/d34c7f35ef107ae49663865d4d6ed3ab,[S0090] 统计战线统数圈公开数据库. 中国药科大学 2022；2023；2024；2025；2026 admission/复录比；admission/复试人数；admission/拟录取中位；等 19 项[EB/OL]. (2026-10-09)[2026-10-09]. https://admin.jiuxianzai.cn/api/applet/home/index/schoolDetail/d34c7f35ef107ae49663865d4d6ed3ab
S0091,统计战线统数圈公开数据库,中山大学 2022；2023；2024；2025；2026 admission/复录比；admission/复试人数；admission/拟录取中位；等 16 项,scope_description_not_original_page_title,中山大学,2022；2023；2024；2025；2026,admission/复录比；admission/复试人数；admission/拟录取中位；admission/拟录取人数；admission/拟录取最低；admission/拟录取最高；admission/本科背景状态；admitted_count；admitted_min；english_subject；major_subject；math_subject；politics_subject；retest_count；study_mode；历年复试与录取汇总,mini_program_api；mini_program_api_value_reconciled,secondary_structured,校年值级补证；逐名名单索引；逐字段校年台账；院校静态字段补证,reachable,200.0,2026-10-09,https://admin.jiuxianzai.cn/api/applet/home/index/schoolDetail/d47a11518920b7bad3d5ed52d26c6685,[S0091] 统计战线统数圈公开数据库. 中山大学 2022；2023；2024；2025；2026 admission/复录比；admission/复试人数；admission/拟录取中位；等 16 项[EB/OL]. (2026-10-09)[2026-10-09]. https://admin.jiuxianzai.cn/api/applet/home/index/schoolDetail/d47a11518920b7bad3d5ed52d26c6685
S0092,统计战线统数圈公开数据库,安徽大学 2022；2023；2024；2025；2026 admission/复录比；admission/复试人数；admission/拟录取中位；等 19 项,scope_description_not_original_page_title,安徽大学,2022；2023；2024；2025；2026,admission/复录比；admission/复试人数；admission/拟录取中位；admission/拟录取人数；admission/拟录取最低；admission/拟录取最高；admission/本科背景状态；admitted_count；admitted_min；cutoff；duration；english_subject；major_subject；math_subject；politics_subject；retest_count；study_mode；unit_2026；历年复试与录取汇总,mini_program_api；mini_program_api_value_reconciled,secondary_structured,校年值级补证；逐名名单索引；逐字段校年台账；院校静态字段补证,reachable,200.0,2026-10-09,https://admin.jiuxianzai.cn/api/applet/home/index/schoolDetail/d6afc64ca7e548b14b98bd2d9c265bea,[S0092] 统计战线统数圈公开数据库. 安徽大学 2022；2023；2024；2025；2026 admission/复录比；admission/复试人数；admission/拟录取中位；等 19 项[EB/OL]. (2026-10-09)[2026-10-09]. https://admin.jiuxianzai.cn/api/applet/home/index/schoolDetail/d6afc64ca7e548b14b98bd2d9c265bea
S0093,统计战线统数圈公开数据库,苏州大学 2022；2023；2024；2025；2026 admission/复录比；admission/复试人数；admission/拟录取中位；等 19 项,scope_description_not_original_page_title,苏州大学,2022；2023；2024；2025；2026,admission/复录比；admission/复试人数；admission/拟录取中位；admission/拟录取人数；admission/拟录取最低；admission/拟录取最高；admission/本科背景状态；admitted_count；admitted_min；cutoff；duration；english_subject；major_subject；math_subject；politics_subject；retest_count；study_mode；unit_2026；历年复试与录取汇总,mini_program_api；mini_program_api_value_reconciled,secondary_structured,校年值级补证；逐名名单索引；逐字段校年台账；院校静态字段补证,reachable,200.0,2026-10-09,https://admin.jiuxianzai.cn/api/applet/home/index/schoolDetail/da0b27311237c18eee5b89aae943b658,[S0093] 统计战线统数圈公开数据库. 苏州大学 2022；2023；2024；2025；2026 admission/复录比；admission/复试人数；admission/拟录取中位；等 19 项[EB/OL]. (2026-10-09)[2026-10-09]. https://admin.jiuxianzai.cn/api/applet/home/index/schoolDetail/da0b27311237c18eee5b89aae943b658
S0094,统计战线统数圈公开数据库,北京交通大学 2022；2023；2024；2025；2026 admission/复录比；admission/复试人数；admission/拟录取中位；等 14 项,scope_description_not_original_page_title,北京交通大学,2022；2023；2024；2025；2026,admission/复录比；admission/复试人数；admission/拟录取中位；admission/拟录取人数；admission/拟录取最低；admission/拟录取最高；admission/本科背景状态；admitted_min；duration；english_subject；major_subject；math_subject；politics_subject；历年复试与录取汇总,mini_program_api；mini_program_api_value_reconciled,secondary_structured,校年值级补证；逐名名单索引；逐字段校年台账；院校静态字段补证,reachable,200.0,2026-10-09,https://admin.jiuxianzai.cn/api/applet/home/index/schoolDetail/dbf27b8a0774351d1331669012b466b9,[S0094] 统计战线统数圈公开数据库. 北京交通大学 2022；2023；2024；2025；2026 admission/复录比；admission/复试人数；admission/拟录取中位；等 14 项[EB/OL]. (2026-10-09)[2026-10-09]. https://admin.jiuxianzai.cn/api/applet/home/index/schoolDetail/dbf27b8a0774351d1331669012b466b9
S0095,统计战线统数圈公开数据库,厦门大学 2022；2023；2024；2025；2026 admission/复录比；admission/复试人数；admission/拟录取中位；等 16 项,scope_description_not_original_page_title,厦门大学,2022；2023；2024；2025；2026,admission/复录比；admission/复试人数；admission/拟录取中位；admission/拟录取人数；admission/拟录取最低；admission/拟录取最高；admission/本科背景状态；admitted_count；admitted_min；cutoff；duration；major_subject；politics_subject；retest_count；study_mode；历年复试与录取汇总,mini_program_api；mini_program_api_value_reconciled,secondary_structured,校年值级补证；逐名名单索引；逐字段校年台账；院校静态字段补证,reachable,200.0,2026-10-09,https://admin.jiuxianzai.cn/api/applet/home/index/schoolDetail/dc429a8368db232074a6ecc990d24f28,[S0095] 统计战线统数圈公开数据库. 厦门大学 2022；2023；2024；2025；2026 admission/复录比；admission/复试人数；admission/拟录取中位；等 16 项[EB/OL]. (2026-10-09)[2026-10-09]. https://admin.jiuxianzai.cn/api/applet/home/index/schoolDetail/dc429a8368db232074a6ecc990d24f28
S0096,统计战线统数圈公开数据库,石河子大学 2022；2023；2024；2025；2026 admission/复录比；admission/复试人数；admission/拟录取中位；等 18 项,scope_description_not_original_page_title,石河子大学,2022；2023；2024；2025；2026,admission/复录比；admission/复试人数；admission/拟录取中位；admission/拟录取人数；admission/拟录取最低；admission/拟录取最高；admission/本科背景状态；admitted_count；admitted_min；cutoff；duration；english_subject；major_subject；politics_subject；retest_count；study_mode；unit_2026；历年复试与录取汇总,mini_program_api；mini_program_api_value_reconciled,secondary_structured,校年值级补证；逐名名单索引；逐字段校年台账；院校静态字段补证,reachable,200.0,2026-10-09,https://admin.jiuxianzai.cn/api/applet/home/index/schoolDetail/e15b657c1ff4c22efadc28fe8c94ac23,[S0096] 统计战线统数圈公开数据库. 石河子大学 2022；2023；2024；2025；2026 admission/复录比；admission/复试人数；admission/拟录取中位；等 18 项[EB/OL]. (2026-10-09)[2026-10-09]. https://admin.jiuxianzai.cn/api/applet/home/index/schoolDetail/e15b657c1ff4c22efadc28fe8c94ac23
S0097,统计战线统数圈公开数据库,中国石油大学（北京） 2022；2023；2024；2025；2026 admission/复录比；admission/复试人数；admission/拟录取中位；等 15 项,scope_description_not_original_page_title,中国石油大学（北京）,2022；2023；2024；2025；2026,admission/复录比；admission/复试人数；admission/拟录取中位；admission/拟录取人数；admission/拟录取最低；admission/拟录取最高；admission/本科背景状态；admitted_min；duration；english_subject；major_subject；math_subject；politics_subject；study_mode；历年复试与录取汇总,mini_program_api；mini_program_api_value_reconciled,secondary_structured,校年值级补证；逐名名单索引；逐字段校年台账；院校静态字段补证,reachable,200.0,2026-10-09,https://admin.jiuxianzai.cn/api/applet/home/index/schoolDetail/e41c6eec6386f172b952fece19a0f088,[S0097] 统计战线统数圈公开数据库. 中国石油大学（北京） 2022；2023；2024；2025；2026 admission/复录比；admission/复试人数；admission/拟录取中位；等 15 项[EB/OL]. (2026-10-09)[2026-10-09]. https://admin.jiuxianzai.cn/api/applet/home/index/schoolDetail/e41c6eec6386f172b952fece19a0f088
S0098,统计战线统数圈公开数据库,四川大学 2022；2023；2024；2025；2026 admission/复录比；admission/复试人数；admission/拟录取中位；等 16 项,scope_description_not_original_page_title,四川大学,2022；2023；2024；2025；2026,admission/复录比；admission/复试人数；admission/拟录取中位；admission/拟录取人数；admission/拟录取最低；admission/拟录取最高；admission/本科背景状态；admitted_min；cutoff；duration；english_subject；major_subject；math_subject；politics_subject；study_mode；历年复试与录取汇总,mini_program_api；mini_program_api_value_reconciled,secondary_structured,校年值级补证；逐名名单索引；逐字段校年台账；院校静态字段补证,reachable,200.0,2026-10-09,https://admin.jiuxianzai.cn/api/applet/home/index/schoolDetail/e514582d975cddc4bd28e18724093d46,[S0098] 统计战线统数圈公开数据库. 四川大学 2022；2023；2024；2025；2026 admission/复录比；admission/复试人数；admission/拟录取中位；等 16 项[EB/OL]. (2026-10-09)[2026-10-09]. https://admin.jiuxianzai.cn/api/applet/home/index/schoolDetail/e514582d975cddc4bd28e18724093d46
S0099,统计战线统数圈公开数据库,郑州大学 2022；2023；2024；2025；2026 admission/复录比；admission/复试人数；admission/拟录取中位；等 18 项,scope_description_not_original_page_title,郑州大学,2022；2023；2024；2025；2026,admission/复录比；admission/复试人数；admission/拟录取中位；admission/拟录取人数；admission/拟录取最低；admission/拟录取最高；admission/本科背景状态；admitted_count；admitted_min；cutoff；english_subject；major_subject；math_subject；politics_subject；retest_count；study_mode；unit_2026；历年复试与录取汇总,mini_program_api；mini_program_api_value_reconciled,secondary_structured,校年值级补证；逐名名单索引；逐字段校年台账；院校静态字段补证,reachable,200.0,2026-10-09,https://admin.jiuxianzai.cn/api/applet/home/index/schoolDetail/e6184904e58ab302502ce1d2b0cf01dc,[S0099] 统计战线统数圈公开数据库. 郑州大学 2022；2023；2024；2025；2026 admission/复录比；admission/复试人数；admission/拟录取中位；等 18 项[EB/OL]. (2026-10-09)[2026-10-09]. https://admin.jiuxianzai.cn/api/applet/home/index/schoolDetail/e6184904e58ab302502ce1d2b0cf01dc
S0100,统计战线统数圈公开数据库,山东大学 2022；2023；2024；2025；2026 admission/复录比；admission/复试人数；admission/拟录取中位；等 12 项,scope_description_not_original_page_title,山东大学,2022；2023；2024；2025；2026,admission/复录比；admission/复试人数；admission/拟录取中位；admission/拟录取人数；admission/拟录取最低；admission/拟录取最高；admission/本科背景状态；english_subject；major_subject；politics_subject；study_mode；历年复试与录取汇总,mini_program_api；mini_program_api_value_reconciled,secondary_structured,逐名名单索引；逐字段校年台账；院校静态字段补证,reachable,200.0,2026-10-09,https://admin.jiuxianzai.cn/api/applet/home/index/schoolDetail/e8d69b8f2c3ea00a6c831e8267c87cbf,[S0100] 统计战线统数圈公开数据库. 山东大学 2022；2023；2024；2025；2026 admission/复录比；admission/复试人数；admission/拟录取中位；等 12 项[EB/OL]. (2026-10-09)[2026-10-09]. https://admin.jiuxianzai.cn/api/applet/home/index/schoolDetail/e8d69b8f2c3ea00a6c831e8267c87cbf
S0101,统计战线统数圈公开数据库,北京师范大学 2022；2023；2024；2025；2026 admission/复录比；admission/复试人数；admission/拟录取中位；等 16 项,scope_description_not_original_page_title,北京师范大学,2022；2023；2024；2025；2026,admission/复录比；admission/复试人数；admission/拟录取中位；admission/拟录取人数；admission/拟录取最低；admission/拟录取最高；admission/本科背景状态；admitted_min；cutoff；duration；english_subject；major_subject；math_subject；politics_subject；study_mode；历年复试与录取汇总,mini_program_api；mini_program_api_value_reconciled,secondary_structured,校年值级补证；逐名名单索引；逐字段校年台账；院校静态字段补证,reachable,200.0,2026-10-09,https://admin.jiuxianzai.cn/api/applet/home/index/schoolDetail/ea6250017d6f28cf5b2cdc731ace3e15,[S0101] 统计战线统数圈公开数据库. 北京师范大学 2022；2023；2024；2025；2026 admission/复录比；admission/复试人数；admission/拟录取中位；等 16 项[EB/OL]. (2026-10-09)[2026-10-09]. https://admin.jiuxianzai.cn/api/applet/home/index/schoolDetail/ea6250017d6f28cf5b2cdc731ace3e15
S0102,统计战线统数圈公开数据库,东北大学 2022；2023；2024；2025；2026 admission/复录比；admission/复试人数；admission/拟录取中位；等 14 项,scope_description_not_original_page_title,东北大学,2022；2023；2024；2025；2026,admission/复录比；admission/复试人数；admission/拟录取中位；admission/拟录取人数；admission/拟录取最低；admission/拟录取最高；admission/本科背景状态；duration；english_subject；major_subject；math_subject；politics_subject；study_mode；历年复试与录取汇总,mini_program_api；mini_program_api_value_reconciled,secondary_structured,逐名名单索引；逐字段校年台账；院校静态字段补证,reachable,200.0,2026-10-09,https://admin.jiuxianzai.cn/api/applet/home/index/schoolDetail/eb00c0513fdc83882bb18aafb5570cf6,[S0102] 统计战线统数圈公开数据库. 东北大学 2022；2023；2024；2025；2026 admission/复录比；admission/复试人数；admission/拟录取中位；等 14 项[EB/OL]. (2026-10-09)[2026-10-09]. https://admin.jiuxianzai.cn/api/applet/home/index/schoolDetail/eb00c0513fdc83882bb18aafb5570cf6
S0103,统计战线统数圈公开数据库,西安电子科技大学 2022；2023；2024；2025；2026 admission/复录比；admission/复试人数；admission/拟录取中位；等 19 项,scope_description_not_original_page_title,西安电子科技大学,2022；2023；2024；2025；2026,admission/复录比；admission/复试人数；admission/拟录取中位；admission/拟录取人数；admission/拟录取最低；admission/拟录取最高；admission/本科背景状态；admitted_count；admitted_min；cutoff；duration；english_subject；major_subject；math_subject；politics_subject；retest_count；study_mode；unit_2026；历年复试与录取汇总,mini_program_api；mini_program_api_value_reconciled,secondary_structured,校年值级补证；逐名名单索引；逐字段校年台账；院校静态字段补证,reachable,200.0,2026-10-09,https://admin.jiuxianzai.cn/api/applet/home/index/schoolDetail/edd0951fcbacf51a7ff0beb53e1d7bb6,[S0103] 统计战线统数圈公开数据库. 西安电子科技大学 2022；2023；2024；2025；2026 admission/复录比；admission/复试人数；admission/拟录取中位；等 19 项[EB/OL]. (2026-10-09)[2026-10-09]. https://admin.jiuxianzai.cn/api/applet/home/index/schoolDetail/edd0951fcbacf51a7ff0beb53e1d7bb6
S0104,统计战线统数圈公开数据库,南京大学 2022；2023；2024；2025；2026 admission/复录比；admission/复试人数；admission/拟录取中位；等 19 项,scope_description_not_original_page_title,南京大学,2022；2023；2024；2025；2026,admission/复录比；admission/复试人数；admission/拟录取中位；admission/拟录取人数；admission/拟录取最低；admission/拟录取最高；admission/本科背景状态；admitted_count；admitted_min；cutoff；duration；english_subject；major_subject；math_subject；politics_subject；retest_count；study_mode；unit_2026；历年复试与录取汇总,mini_program_api；mini_program_api_value_reconciled,secondary_structured,校年值级补证；逐名名单索引；逐字段校年台账；院校静态字段补证,reachable,200.0,2026-10-09,https://admin.jiuxianzai.cn/api/applet/home/index/schoolDetail/ee98dffe2eda32cac728d69d270870f9,[S0104] 统计战线统数圈公开数据库. 南京大学 2022；2023；2024；2025；2026 admission/复录比；admission/复试人数；admission/拟录取中位；等 19 项[EB/OL]. (2026-10-09)[2026-10-09]. https://admin.jiuxianzai.cn/api/applet/home/index/schoolDetail/ee98dffe2eda32cac728d69d270870f9
S0105,统计战线统数圈公开数据库,华东师范大学 2022；2023；2024；2025；2026 admission/复录比；admission/复试人数；admission/拟录取中位；等 19 项,scope_description_not_original_page_title,华东师范大学,2022；2023；2024；2025；2026,admission/复录比；admission/复试人数；admission/拟录取中位；admission/拟录取人数；admission/拟录取最低；admission/拟录取最高；admission/本科背景状态；admitted_count；admitted_min；cutoff；duration；english_subject；major_subject；math_subject；politics_subject；retest_count；study_mode；unit_2026；历年复试与录取汇总,mini_program_api；mini_program_api_value_reconciled,secondary_structured,校年值级补证；逐名名单索引；逐字段校年台账；院校静态字段补证,reachable,200.0,2026-10-09,https://admin.jiuxianzai.cn/api/applet/home/index/schoolDetail/f11a1afe431281838693214490993dcf,[S0105] 统计战线统数圈公开数据库. 华东师范大学 2022；2023；2024；2025；2026 admission/复录比；admission/复试人数；admission/拟录取中位；等 19 项[EB/OL]. (2026-10-09)[2026-10-09]. https://admin.jiuxianzai.cn/api/applet/home/index/schoolDetail/f11a1afe431281838693214490993dcf
S0106,统计战线统数圈公开数据库,中国地质大学（武汉） 2022；2023；2024；2025；2026 admission/复录比；admission/复试人数；admission/拟录取中位；等 16 项,scope_description_not_original_page_title,中国地质大学（武汉）,2022；2023；2024；2025；2026,admission/复录比；admission/复试人数；admission/拟录取中位；admission/拟录取人数；admission/拟录取最低；admission/拟录取最高；admission/本科背景状态；admitted_min；cutoff；duration；english_subject；major_subject；math_subject；politics_subject；study_mode；历年复试与录取汇总,mini_program_api；mini_program_api_value_reconciled,secondary_structured,校年值级补证；逐名名单索引；逐字段校年台账；院校静态字段补证,reachable,200.0,2026-10-09,https://admin.jiuxianzai.cn/api/applet/home/index/schoolDetail/f5abef8326596648ba1d980ba12e0ecf,[S0106] 统计战线统数圈公开数据库. 中国地质大学（武汉） 2022；2023；2024；2025；2026 admission/复录比；admission/复试人数；admission/拟录取中位；等 16 项[EB/OL]. (2026-10-09)[2026-10-09]. https://admin.jiuxianzai.cn/api/applet/home/index/schoolDetail/f5abef8326596648ba1d980ba12e0ecf
S0107,统计战线统数圈公开数据库,暨南大学 2022；2023；2024；2025；2026 admission/复录比；admission/复试人数；admission/拟录取中位；等 16 项,scope_description_not_original_page_title,暨南大学,2022；2023；2024；2025；2026,admission/复录比；admission/复试人数；admission/拟录取中位；admission/拟录取人数；admission/拟录取最低；admission/拟录取最高；admission/本科背景状态；admitted_min；cutoff；duration；english_subject；major_subject；math_subject；politics_subject；study_mode；历年复试与录取汇总,mini_program_api；mini_program_api_value_reconciled,secondary_structured,校年值级补证；逐名名单索引；逐字段校年台账；院校静态字段补证,reachable,200.0,2026-10-09,https://admin.jiuxianzai.cn/api/applet/home/index/schoolDetail/f72997260b3ef04000cb9ddfb7770a97,[S0107] 统计战线统数圈公开数据库. 暨南大学 2022；2023；2024；2025；2026 admission/复录比；admission/复试人数；admission/拟录取中位；等 16 项[EB/OL]. (2026-10-09)[2026-10-09]. https://admin.jiuxianzai.cn/api/applet/home/index/schoolDetail/f72997260b3ef04000cb9ddfb7770a97
S0108,统计战线统数圈公开数据库,武汉理工大学 2022；2023；2024；2025；2026 admission/复录比；admission/复试人数；admission/拟录取中位；等 19 项,scope_description_not_original_page_title,武汉理工大学,2022；2023；2024；2025；2026,admission/复录比；admission/复试人数；admission/拟录取中位；admission/拟录取人数；admission/拟录取最低；admission/拟录取最高；admission/本科背景状态；admitted_count；admitted_min；cutoff；duration；english_subject；major_subject；math_subject；politics_subject；retest_count；study_mode；unit_2026；历年复试与录取汇总,mini_program_api；mini_program_api_value_reconciled,secondary_structured,校年值级补证；逐名名单索引；逐字段校年台账；院校静态字段补证,reachable,200.0,2026-10-09,https://admin.jiuxianzai.cn/api/applet/home/index/schoolDetail/f9cac867d6bbe20bb29d70cb87d0e136,[S0108] 统计战线统数圈公开数据库. 武汉理工大学 2022；2023；2024；2025；2026 admission/复录比；admission/复试人数；admission/拟录取中位；等 19 项[EB/OL]. (2026-10-09)[2026-10-09]. https://admin.jiuxianzai.cn/api/applet/home/index/schoolDetail/f9cac867d6bbe20bb29d70cb87d0e136
S0109,统计战线统数圈公开数据库,中央财经大学 2022；2023；2024；2025；2026 admission/复录比；admission/复试人数；admission/拟录取中位；等 19 项,scope_description_not_original_page_title,中央财经大学,2022；2023；2024；2025；2026,admission/复录比；admission/复试人数；admission/拟录取中位；admission/拟录取人数；admission/拟录取最低；admission/拟录取最高；admission/本科背景状态；admitted_count；admitted_min；cutoff；duration；english_subject；major_subject；math_subject；politics_subject；retest_count；study_mode；unit_2026；历年复试与录取汇总,mini_program_api；mini_program_api_value_reconciled,secondary_structured,校年值级补证；逐名名单索引；逐字段校年台账；院校静态字段补证,reachable,200.0,2026-10-09,https://admin.jiuxianzai.cn/api/applet/home/index/schoolDetail/fe36c96441cd999fad75f7403840a58a,[S0109] 统计战线统数圈公开数据库. 中央财经大学 2022；2023；2024；2025；2026 admission/复录比；admission/复试人数；admission/拟录取中位；等 19 项[EB/OL]. (2026-10-09)[2026-10-09]. https://admin.jiuxianzai.cn/api/applet/home/index/schoolDetail/fe36c96441cd999fad75f7403840a58a
S0110,中国地大（北京）2026拟录取名单,中国地大（北京）2026拟录取名单,retained_structured_title,中国地质大学（北京）,2026,admission/复录比；admission/复试人数；admission/拟录取中位；admission/拟录取人数；admission/拟录取最低；admission/拟录取最高；admission/本科背景状态；拟录取人数、初试最低/中位/最高,university_official,primary_official,来源总台账；逐字段校年台账,reachable,200.0,2026-10-09,https://bm.cugb.edu.cn/yjsyzsb/upload/resources/file/2026/04/10/302702.pdf,[S0110] 中国地大（北京）2026拟录取名单. 中国地大（北京）2026拟录取名单[EB/OL]. (2026-10-09)[2026-10-09]. https://bm.cugb.edu.cn/yjsyzsb/upload/resources/file/2026/04/10/302702.pdf
S0111,doc.quark.cn,苏州大学 专业课；官方指定教材；官方教材状态；等 9 项,scope_description_not_original_page_title,苏州大学,,专业课；官方指定教材；官方教材状态；官方范围说明；政治；数学/经综；最新官方大纲题型；真题证据等级；英语,web_page,unclassified_web,院校静态字段台账,not_checked,,2026-10-09,https://doc.quark.cn/preview/jiaoyukaoshi-shijuan-kaoyan/7E348406DCDAA2CA19C4B6281F5D1F12,[S0111] doc.quark.cn. 苏州大学 专业课；官方指定教材；官方教材状态；等 9 项[EB/OL]. (2026-10-09)[2026-10-09]. https://doc.quark.cn/preview/jiaoyukaoshi-shijuan-kaoyan/7E348406DCDAA2CA19C4B6281F5D1F12
S0112,download.kaoyan.com,上海交通大学 专业课；官方指定教材；官方教材状态；等 9 项,scope_description_not_original_page_title,上海交通大学,,专业课；官方指定教材；官方教材状态；官方范围说明；政治；数学/经综；最新官方大纲题型；真题证据等级；英语,web_page,unclassified_web,院校静态字段台账,not_checked,,2026-10-09,https://download.kaoyan.com/download-1065750p1,[S0112] download.kaoyan.com. 上海交通大学 专业课；官方指定教材；官方教材状态；等 9 项[EB/OL]. (2026-10-09)[2026-10-09]. https://download.kaoyan.com/download-1065750p1
S0113,中山大学,中山大学 2023 cutoff/复试线文本；cutoff/多学院/方向明细；cutoff/线证据等级；等 4 项,scope_description_not_original_page_title,中山大学,2023,cutoff/复试线文本；cutoff/多学院/方向明细；cutoff/线证据等级；cutoff/选择数值,university_official,primary_official,逐字段校年台账,failed,,2026-10-09,https://graduate.sysu.edu.cn/zsw/sites/admission.prod.dpcms4.sysu.edu.cn/files/2023-03/%E4%B8%AD%E5%B1%B1%E5%A4%A7%E5%AD%A62023%E5%B9%B4%E7%A1%95%E5%A3%AB%E7%A0%94%E7%A9%B6%E7%94%9F%E5%85%A5%E5%AD%A6%E8%80%83%E8%AF%95%E5%A4%8D%E8%AF%95%E5%9F%BA%E6%9C%AC%E5%88%86%E6%95%B0%E7%BA%BF_2.pdf,[S0113] 中山大学. 中山大学 2023 cutoff/复试线文本；cutoff/多学院/方向明细；cutoff/线证据等级；等 4 项[EB/OL]. (2026-10-09)[2026-10-09]. https://graduate.sysu.edu.cn/zsw/sites/admission.prod.dpcms4.sysu.edu.cn/files/2023-03/%E4%B8%AD%E5%B1%B1%E5%A4%A7%E5%AD%A62023%E5%B9%B4%E7%A1%95%E5%A3%AB%E7%A0%94%E7%A9%B6%E7%94%9F%E5%85%A5%E5%AD%A6%E8%80%83%E8%AF%95%E5%A4%8D%E8%AF%95%E5%9F%BA%E6%9C%AC%E5%88%86%E6%95%B0%E7%BA%BF_2.pdf
S0114,复旦大学2026专业—院系对照表与学校线,复旦大学2026专业—院系对照表与学校线,retained_structured_title,,,培养单位、2026复试线,university_official,primary_official,来源总台账,reachable,200.0,2026-10-09,https://gsao.fudan.edu.cn/72/7e/c15015a750206/page.htm,[S0114] 复旦大学2026专业—院系对照表与学校线. 复旦大学2026专业—院系对照表与学校线[EB/OL]. (2026-10-09)[2026-10-09]. https://gsao.fudan.edu.cn/72/7e/c15015a750206/page.htm
S0115,复旦大学2026专业—院系对照表与学校线,复旦大学2026专业—院系对照表与学校线,retained_structured_title,复旦大学,2026,cutoff/复试线文本；cutoff/多学院/方向明细；cutoff/线证据等级；cutoff/选择数值；培养单位、2026复试线,university_official,primary_official,来源总台账；逐字段校年台账,reachable,206.0,2026-10-09,https://gsao.fudan.edu.cn/_upload/article/files/18/fc/7a23e1c8471c8cf6eab8c0459cb0/d2f601bf-0bfd-4275-ab86-535e691b9f49.pdf,[S0115] 复旦大学2026专业—院系对照表与学校线. 复旦大学2026专业—院系对照表与学校线[EB/OL]. (2026-10-09)[2026-10-09]. https://gsao.fudan.edu.cn/_upload/article/files/18/fc/7a23e1c8471c8cf6eab8c0459cb0/d2f601bf-0bfd-4275-ab86-535e691b9f49.pdf
S0116,复旦大学2026拟录取总名单,复旦大学2026拟录取总名单,retained_structured_title,复旦大学,2026,admission/复录比；admission/复试人数；admission/拟录取中位；admission/拟录取人数；admission/拟录取最低；admission/拟录取最高；admission/本科背景状态；拟录取人数、初试最低/中位/最高、实际复录比,university_official,primary_official,来源总台账；逐字段校年台账,reachable,200.0,2026-10-09,https://gsao.fudan.edu.cn/e6/ec/c15906a780012/page.htm,[S0116] 复旦大学2026拟录取总名单. 复旦大学2026拟录取总名单[EB/OL]. (2026-10-09)[2026-10-09]. https://gsao.fudan.edu.cn/e6/ec/c15906a780012/page.htm
S0117,2022年大数据学院应统复试名单,2022年大数据学院应统复试名单,retained_structured_title,中国人民大学,2022,逐名复试/录取名单,mini_program_asset,secondary_structured,逐名名单索引,not_checked,,2026-10-09,https://jiuxianzai.oss-cn-beijing.aliyuncs.com/kaoyan/2022/03/27/6e5743031c824ab29283967243ee7904.jpg,[S0117] 2022年大数据学院应统复试名单. 2022年大数据学院应统复试名单[EB/OL]. (2026-10-09)[2026-10-09]. https://jiuxianzai.oss-cn-beijing.aliyuncs.com/kaoyan/2022/03/27/6e5743031c824ab29283967243ee7904.jpg
S0118,2022年统计学院应统复试名单,2022年统计学院应统复试名单,retained_structured_title,中国人民大学,2022,逐名复试/录取名单,mini_program_asset,secondary_structured,逐名名单索引,not_checked,,2026-10-09,https://jiuxianzai.oss-cn-beijing.aliyuncs.com/kaoyan/2022/03/27/716fb82b70584fd0afd607e40382fbe3.jpg,[S0118] 2022年统计学院应统复试名单. 2022年统计学院应统复试名单[EB/OL]. (2026-10-09)[2026-10-09]. https://jiuxianzai.oss-cn-beijing.aliyuncs.com/kaoyan/2022/03/27/716fb82b70584fd0afd607e40382fbe3.jpg
S0119,2022年西南大学应统复试名单,2022年西南大学应统复试名单,retained_structured_title,西南大学,2022,逐名名单图像；逐名复试/录取名单,mini_program_asset,secondary_structured,校年值级补证；逐名名单索引,not_checked,,2026-10-09,https://jiuxianzai.oss-cn-beijing.aliyuncs.com/kaoyan/2022/03/27/b43472a0bed34157906630f4be2b2bdc.jpg,[S0119] 2022年西南大学应统复试名单. 2022年西南大学应统复试名单[EB/OL]. (2026-10-09)[2026-10-09]. https://jiuxianzai.oss-cn-beijing.aliyuncs.com/kaoyan/2022/03/27/b43472a0bed34157906630f4be2b2bdc.jpg
S0120,2022年中央民族大学应统录取结果名单,2022年中央民族大学应统录取结果名单,retained_structured_title,中央民族大学,2022,逐名名单图像；逐名复试/录取名单,mini_program_asset,secondary_structured,校年值级补证；逐名名单索引,not_checked,,2026-10-09,https://jiuxianzai.oss-cn-beijing.aliyuncs.com/kaoyan/2022/04/17/1f910373b5524187bb27433bc41a2e5e.png,[S0120] 2022年中央民族大学应统录取结果名单. 2022年中央民族大学应统录取结果名单[EB/OL]. (2026-10-09)[2026-10-09]. https://jiuxianzai.oss-cn-beijing.aliyuncs.com/kaoyan/2022/04/17/1f910373b5524187bb27433bc41a2e5e.png
S0121,2022年亚南院应统录取结果名单,2022年亚南院应统录取结果名单,retained_structured_title,厦门大学,2022,逐名复试/录取名单,mini_program_asset,secondary_structured,逐名名单索引,not_checked,,2026-10-09,https://jiuxianzai.oss-cn-beijing.aliyuncs.com/kaoyan/2022/04/17/26ce954d59de4186979bbaab432b4399.png,[S0121] 2022年亚南院应统录取结果名单. 2022年亚南院应统录取结果名单[EB/OL]. (2026-10-09)[2026-10-09]. https://jiuxianzai.oss-cn-beijing.aliyuncs.com/kaoyan/2022/04/17/26ce954d59de4186979bbaab432b4399.png
S0122,2022年兰大应统一志愿录取结果,2022年兰大应统一志愿录取结果,retained_structured_title,兰州大学,2022,逐名名单图像；逐名复试/录取名单,mini_program_asset,secondary_structured,校年值级补证；逐名名单索引,not_checked,,2026-10-09,https://jiuxianzai.oss-cn-beijing.aliyuncs.com/kaoyan/2022/04/17/284d8eef71664bb9accb51167c730157.png,[S0122] 2022年兰大应统一志愿录取结果. 2022年兰大应统一志愿录取结果[EB/OL]. (2026-10-09)[2026-10-09]. https://jiuxianzai.oss-cn-beijing.aliyuncs.com/kaoyan/2022/04/17/284d8eef71664bb9accb51167c730157.png
S0123,2022年海大应统录取结果名单,2022年海大应统录取结果名单,retained_structured_title,中国海洋大学,2022,逐名名单图像；逐名复试/录取名单,mini_program_asset,secondary_structured,校年值级补证；逐名名单索引,not_checked,,2026-10-09,https://jiuxianzai.oss-cn-beijing.aliyuncs.com/kaoyan/2022/04/17/33d610b345704004a9c5c9e34cb33df5.png,[S0123] 2022年海大应统录取结果名单. 2022年海大应统录取结果名单[EB/OL]. (2026-10-09)[2026-10-09]. https://jiuxianzai.oss-cn-beijing.aliyuncs.com/kaoyan/2022/04/17/33d610b345704004a9c5c9e34cb33df5.png
S0124,2022年经济研究院录取结果名单,2022年经济研究院录取结果名单,retained_structured_title,山东大学,2022,逐名复试/录取名单,mini_program_asset,secondary_structured,逐名名单索引,not_checked,,2026-10-09,https://jiuxianzai.oss-cn-beijing.aliyuncs.com/kaoyan/2022/04/17/3e831cdb289e49ef9db5ca586b3ce99d.png,[S0124] 2022年经济研究院录取结果名单. 2022年经济研究院录取结果名单[EB/OL]. (2026-10-09)[2026-10-09]. https://jiuxianzai.oss-cn-beijing.aliyuncs.com/kaoyan/2022/04/17/3e831cdb289e49ef9db5ca586b3ce99d.png
S0125,2022年华科应统录取结果名单,2022年华科应统录取结果名单,retained_structured_title,华中科技大学,2022,逐名名单图像；逐名复试/录取名单,mini_program_asset,secondary_structured,校年值级补证；逐名名单索引,not_checked,,2026-10-09,https://jiuxianzai.oss-cn-beijing.aliyuncs.com/kaoyan/2022/04/17/4f94fa013549461da78b14673031b162.png,[S0125] 2022年华科应统录取结果名单. 2022年华科应统录取结果名单[EB/OL]. (2026-10-09)[2026-10-09]. https://jiuxianzai.oss-cn-beijing.aliyuncs.com/kaoyan/2022/04/17/4f94fa013549461da78b14673031b162.png
S0126,2022年哈工大应统录取结果名单,2022年哈工大应统录取结果名单,retained_structured_title,哈尔滨工业大学,2022,逐名名单图像；逐名复试/录取名单,mini_program_asset,secondary_structured,校年值级补证；逐名名单索引,not_checked,,2026-10-09,https://jiuxianzai.oss-cn-beijing.aliyuncs.com/kaoyan/2022/04/17/574a80a5bcaa40349979ec2fc76b620c.png,[S0126] 2022年哈工大应统录取结果名单. 2022年哈工大应统录取结果名单[EB/OL]. (2026-10-09)[2026-10-09]. https://jiuxianzai.oss-cn-beijing.aliyuncs.com/kaoyan/2022/04/17/574a80a5bcaa40349979ec2fc76b620c.png
S0127,2022年数统学院应统录取结果名单,2022年数统学院应统录取结果名单,retained_structured_title,西安交通大学,2022,逐名复试/录取名单,mini_program_asset,secondary_structured,逐名名单索引,not_checked,,2026-10-09,https://jiuxianzai.oss-cn-beijing.aliyuncs.com/kaoyan/2022/04/17/61323a0249b74d9884444d21d0c8ed5a.png,[S0127] 2022年数统学院应统录取结果名单. 2022年数统学院应统录取结果名单[EB/OL]. (2026-10-09)[2026-10-09]. https://jiuxianzai.oss-cn-beijing.aliyuncs.com/kaoyan/2022/04/17/61323a0249b74d9884444d21d0c8ed5a.png
S0128,2022年上交应统录取结果名单,2022年上交应统录取结果名单,retained_structured_title,上海交通大学,2022,admission/复录比；admission/复试人数；admission/拟录取中位；admission/拟录取人数；admission/拟录取最高；admission/本科背景状态；逐名名单图像；逐名复试/录取名单,mini_program_asset,secondary_snapshot；secondary_structured,校年值级补证；逐名名单索引；逐字段校年台账,reachable,200.0,2026-10-09,https://jiuxianzai.oss-cn-beijing.aliyuncs.com/kaoyan/2022/04/17/61806cf665264300922569a1fb6eaebd.png,[S0128] 2022年上交应统录取结果名单. 2022年上交应统录取结果名单[EB/OL]. (2026-10-09)[2026-10-09]. https://jiuxianzai.oss-cn-beijing.aliyuncs.com/kaoyan/2022/04/17/61806cf665264300922569a1fb6eaebd.png
S0129,2022年中南大学应统录取结果名单,2022年中南大学应统录取结果名单,retained_structured_title,中南大学,2022,admission/复录比；admission/复试人数；admission/拟录取中位；admission/拟录取人数；admission/拟录取最高；admission/本科背景状态；逐名名单图像；逐名复试/录取名单,mini_program_asset,secondary_snapshot；secondary_structured,校年值级补证；逐名名单索引；逐字段校年台账,reachable,200.0,2026-10-09,https://jiuxianzai.oss-cn-beijing.aliyuncs.com/kaoyan/2022/04/17/7166b40a9ac341aaa8c954c955ca11d3.png,[S0129] 2022年中南大学应统录取结果名单. 2022年中南大学应统录取结果名单[EB/OL]. (2026-10-09)[2026-10-09]. https://jiuxianzai.oss-cn-beijing.aliyuncs.com/kaoyan/2022/04/17/7166b40a9ac341aaa8c954c955ca11d3.png
S0130,2022年东北大学应统录取结果名单,2022年东北大学应统录取结果名单,retained_structured_title,东北大学,2022,逐名复试/录取名单,mini_program_asset,secondary_structured,逐名名单索引,not_checked,,2026-10-09,https://jiuxianzai.oss-cn-beijing.aliyuncs.com/kaoyan/2022/04/17/7d666b483ab2420e8d2e7d40ae9dccb0.png,[S0130] 2022年东北大学应统录取结果名单. 2022年东北大学应统录取结果名单[EB/OL]. (2026-10-09)[2026-10-09]. https://jiuxianzai.oss-cn-beijing.aliyuncs.com/kaoyan/2022/04/17/7d666b483ab2420e8d2e7d40ae9dccb0.png
S0131,22年重庆大学应统录取结果名单,22年重庆大学应统录取结果名单,retained_structured_title,重庆大学,2022,逐名名单图像；逐名复试/录取名单,mini_program_asset,secondary_structured,校年值级补证；逐名名单索引,not_checked,,2026-10-09,https://jiuxianzai.oss-cn-beijing.aliyuncs.com/kaoyan/2022/04/17/8d04e2e4beae40beb7cd36ebd11a1df8.png,[S0131] 22年重庆大学应统录取结果名单. 22年重庆大学应统录取结果名单[EB/OL]. (2026-10-09)[2026-10-09]. https://jiuxianzai.oss-cn-beijing.aliyuncs.com/kaoyan/2022/04/17/8d04e2e4beae40beb7cd36ebd11a1df8.png
S0132,2022年吉大应统录取结果名单,2022年吉大应统录取结果名单,retained_structured_title,吉林大学,2022,admission/复录比；admission/复试人数；admission/拟录取中位；admission/拟录取人数；admission/拟录取最高；admission/本科背景状态；逐名名单图像；逐名复试/录取名单,mini_program_asset,secondary_snapshot；secondary_structured,校年值级补证；逐名名单索引；逐字段校年台账,reachable,200.0,2026-10-09,https://jiuxianzai.oss-cn-beijing.aliyuncs.com/kaoyan/2022/04/17/94f7f086458d43d0a4c52dd6f175919f.png,[S0132] 2022年吉大应统录取结果名单. 2022年吉大应统录取结果名单[EB/OL]. (2026-10-09)[2026-10-09]. https://jiuxianzai.oss-cn-beijing.aliyuncs.com/kaoyan/2022/04/17/94f7f086458d43d0a4c52dd6f175919f.png
S0133,2022年金融研究院应统录取结果名单,2022年金融研究院应统录取结果名单,retained_structured_title,山东大学,2022,逐名名单图像；逐名复试/录取名单,mini_program_asset,secondary_structured,校年值级补证；逐名名单索引,not_checked,,2026-10-09,https://jiuxianzai.oss-cn-beijing.aliyuncs.com/kaoyan/2022/04/17/a272a6826d8e40c9a8f75d71743c5438.png,[S0133] 2022年金融研究院应统录取结果名单. 2022年金融研究院应统录取结果名单[EB/OL]. (2026-10-09)[2026-10-09]. https://jiuxianzai.oss-cn-beijing.aliyuncs.com/kaoyan/2022/04/17/a272a6826d8e40c9a8f75d71743c5438.png
S0134,2022年统计系应统录取结果名单,2022年统计系应统录取结果名单,retained_structured_title,厦门大学,2022,逐名复试/录取名单,mini_program_asset,secondary_structured,逐名名单索引,not_checked,,2026-10-09,https://jiuxianzai.oss-cn-beijing.aliyuncs.com/kaoyan/2022/04/17/d1cfb7e21ae443b4a724261b802efa06.png,[S0134] 2022年统计系应统录取结果名单. 2022年统计系应统录取结果名单[EB/OL]. (2026-10-09)[2026-10-09]. https://jiuxianzai.oss-cn-beijing.aliyuncs.com/kaoyan/2022/04/17/d1cfb7e21ae443b4a724261b802efa06.png
S0135,2022年武大应统录取结果名单,2022年武大应统录取结果名单,retained_structured_title,武汉大学,2022,admission/复录比；admission/复试人数；admission/拟录取中位；admission/拟录取人数；admission/拟录取最高；admission/本科背景状态；逐名名单图像；逐名复试/录取名单,mini_program_asset,secondary_snapshot；secondary_structured,校年值级补证；逐名名单索引；逐字段校年台账,reachable,200.0,2026-10-09,https://jiuxianzai.oss-cn-beijing.aliyuncs.com/kaoyan/2022/04/17/d897fa7c80164875bcd166f85066337f.png,[S0135] 2022年武大应统录取结果名单. 2022年武大应统录取结果名单[EB/OL]. (2026-10-09)[2026-10-09]. https://jiuxianzai.oss-cn-beijing.aliyuncs.com/kaoyan/2022/04/17/d897fa7c80164875bcd166f85066337f.png
S0136,2022年中山应统录取结果名单,2022年中山应统录取结果名单,retained_structured_title,中山大学,2022,逐名名单图像；逐名复试/录取名单,mini_program_asset,secondary_structured,校年值级补证；逐名名单索引,not_checked,,2026-10-09,https://jiuxianzai.oss-cn-beijing.aliyuncs.com/kaoyan/2022/04/17/f7d7f3e6f7f0490b9c7e5d97c779c3f5.png,[S0136] 2022年中山应统录取结果名单. 2022年中山应统录取结果名单[EB/OL]. (2026-10-09)[2026-10-09]. https://jiuxianzai.oss-cn-beijing.aliyuncs.com/kaoyan/2022/04/17/f7d7f3e6f7f0490b9c7e5d97c779c3f5.png
S0137,2022年大连理工大学应统拟录取名单,2022年大连理工大学应统拟录取名单,retained_structured_title,大连理工大学,2022,逐名名单图像；逐名复试/录取名单,mini_program_asset,secondary_structured,校年值级补证；逐名名单索引,not_checked,,2026-10-09,https://jiuxianzai.oss-cn-beijing.aliyuncs.com/kaoyan/2022/04/17/fa9d2f1a32eb442ab0737d8250fed936.png,[S0137] 2022年大连理工大学应统拟录取名单. 2022年大连理工大学应统拟录取名单[EB/OL]. (2026-10-09)[2026-10-09]. https://jiuxianzai.oss-cn-beijing.aliyuncs.com/kaoyan/2022/04/17/fa9d2f1a32eb442ab0737d8250fed936.png
S0138,2022年河海大学应统录取结果名单,2022年河海大学应统录取结果名单,retained_structured_title,河海大学,2022,逐名名单图像；逐名复试/录取名单,mini_program_asset,secondary_structured,校年值级补证；逐名名单索引,not_checked,,2026-10-09,https://jiuxianzai.oss-cn-beijing.aliyuncs.com/kaoyan/2022/04/18/023bff83bacd4b6d9445b0ad5fd8a5b9.png,[S0138] 2022年河海大学应统录取结果名单. 2022年河海大学应统录取结果名单[EB/OL]. (2026-10-09)[2026-10-09]. https://jiuxianzai.oss-cn-beijing.aliyuncs.com/kaoyan/2022/04/18/023bff83bacd4b6d9445b0ad5fd8a5b9.png
S0139,2022年苏大应统录取结果名单,2022年苏大应统录取结果名单,retained_structured_title,苏州大学,2022,admission/复录比；admission/复试人数；admission/拟录取中位；admission/拟录取人数；admission/拟录取最高；admission/本科背景状态；逐名名单图像；逐名复试/录取名单,mini_program_asset,secondary_snapshot；secondary_structured,校年值级补证；逐名名单索引；逐字段校年台账,reachable,200.0,2026-10-09,https://jiuxianzai.oss-cn-beijing.aliyuncs.com/kaoyan/2022/04/18/0387ee5c43be409fa9b2a41e499549fe.png,[S0139] 2022年苏大应统录取结果名单. 2022年苏大应统录取结果名单[EB/OL]. (2026-10-09)[2026-10-09]. https://jiuxianzai.oss-cn-beijing.aliyuncs.com/kaoyan/2022/04/18/0387ee5c43be409fa9b2a41e499549fe.png
S0140,2022年武理应统录取结果名单,2022年武理应统录取结果名单,retained_structured_title,武汉理工大学,2022,逐名名单图像；逐名复试/录取名单,mini_program_asset,secondary_structured,校年值级补证；逐名名单索引,not_checked,,2026-10-09,https://jiuxianzai.oss-cn-beijing.aliyuncs.com/kaoyan/2022/04/18/0bae897a215541c1b2f30a9f53e5ff73.png,[S0140] 2022年武理应统录取结果名单. 2022年武理应统录取结果名单[EB/OL]. (2026-10-09)[2026-10-09]. https://jiuxianzai.oss-cn-beijing.aliyuncs.com/kaoyan/2022/04/18/0bae897a215541c1b2f30a9f53e5ff73.png
S0141,2022年华农应统录取结果名单,2022年华农应统录取结果名单,retained_structured_title,华中农业大学,2022,逐名名单图像；逐名复试/录取名单,mini_program_asset,secondary_structured,校年值级补证；逐名名单索引,not_checked,,2026-10-09,https://jiuxianzai.oss-cn-beijing.aliyuncs.com/kaoyan/2022/04/18/107a9a544ff9466ab13209cb6545b470.png,[S0141] 2022年华农应统录取结果名单. 2022年华农应统录取结果名单[EB/OL]. (2026-10-09)[2026-10-09]. https://jiuxianzai.oss-cn-beijing.aliyuncs.com/kaoyan/2022/04/18/107a9a544ff9466ab13209cb6545b470.png
S0142,2022年西北大学应统录取结果名单,2022年西北大学应统录取结果名单,retained_structured_title,西北大学,2022,逐名名单图像；逐名复试/录取名单,mini_program_asset,secondary_structured,校年值级补证；逐名名单索引,not_checked,,2026-10-09,https://jiuxianzai.oss-cn-beijing.aliyuncs.com/kaoyan/2022/04/18/126e31addc7142d39d6e76271142591c.png,[S0142] 2022年西北大学应统录取结果名单. 2022年西北大学应统录取结果名单[EB/OL]. (2026-10-09)[2026-10-09]. https://jiuxianzai.oss-cn-beijing.aliyuncs.com/kaoyan/2022/04/18/126e31addc7142d39d6e76271142591c.png
S0143,2022年信科学院应统录取结果名单,2022年信科学院应统录取结果名单,retained_structured_title,暨南大学,2022,逐名复试/录取名单,mini_program_asset,secondary_structured,逐名名单索引,not_checked,,2026-10-09,https://jiuxianzai.oss-cn-beijing.aliyuncs.com/kaoyan/2022/04/18/16d232a7bcd54d1dbf0078890a58f9c0.png,[S0143] 2022年信科学院应统录取结果名单. 2022年信科学院应统录取结果名单[EB/OL]. (2026-10-09)[2026-10-09]. https://jiuxianzai.oss-cn-beijing.aliyuncs.com/kaoyan/2022/04/18/16d232a7bcd54d1dbf0078890a58f9c0.png
S0144,2022年华中师大数统学院录取结果名单,2022年华中师大数统学院录取结果名单,retained_structured_title,华中师范大学,2022,admission/复录比；admission/复试人数；admission/拟录取中位；admission/拟录取人数；admission/拟录取最高；admission/本科背景状态；逐名名单图像；逐名复试/录取名单,mini_program_asset,secondary_snapshot；secondary_structured,校年值级补证；逐名名单索引；逐字段校年台账,reachable,200.0,2026-10-09,https://jiuxianzai.oss-cn-beijing.aliyuncs.com/kaoyan/2022/04/18/1fbe940a2cd04e3cb2ad63e1571604bd.png,[S0144] 2022年华中师大数统学院录取结果名单. 2022年华中师大数统学院录取结果名单[EB/OL]. (2026-10-09)[2026-10-09]. https://jiuxianzai.oss-cn-beijing.aliyuncs.com/kaoyan/2022/04/18/1fbe940a2cd04e3cb2ad63e1571604bd.png
S0145,2022年中石油应统录取结果名单,2022年中石油应统录取结果名单,retained_structured_title,中国石油大学（北京）,2022,逐名名单图像；逐名复试/录取名单,mini_program_asset,secondary_structured,校年值级补证；逐名名单索引,not_checked,,2026-10-09,https://jiuxianzai.oss-cn-beijing.aliyuncs.com/kaoyan/2022/04/18/322d902ae0a748e5bbf8320ea490bfe2.png,[S0145] 2022年中石油应统录取结果名单. 2022年中石油应统录取结果名单[EB/OL]. (2026-10-09)[2026-10-09]. https://jiuxianzai.oss-cn-beijing.aliyuncs.com/kaoyan/2022/04/18/322d902ae0a748e5bbf8320ea490bfe2.png
S0146,2022年录取结果名单,2022年录取结果名单,retained_structured_title,东北大学,2022,逐名复试/录取名单,mini_program_asset,secondary_structured,逐名名单索引,not_checked,,2026-10-09,https://jiuxianzai.oss-cn-beijing.aliyuncs.com/kaoyan/2022/04/18/34de655e4b39450aa1d042da6ec7cd49.png,[S0146] 2022年录取结果名单. 2022年录取结果名单[EB/OL]. (2026-10-09)[2026-10-09]. https://jiuxianzai.oss-cn-beijing.aliyuncs.com/kaoyan/2022/04/18/34de655e4b39450aa1d042da6ec7cd49.png
S0147,2022年地大应统录取结果名单,2022年地大应统录取结果名单,retained_structured_title,中国地质大学（北京）,2022,逐名名单图像；逐名复试/录取名单,mini_program_asset,secondary_structured,校年值级补证；逐名名单索引,not_checked,,2026-10-09,https://jiuxianzai.oss-cn-beijing.aliyuncs.com/kaoyan/2022/04/18/416e45e4524e4497b37e9ce8c7bb15f2.png,[S0147] 2022年地大应统录取结果名单. 2022年地大应统录取结果名单[EB/OL]. (2026-10-09)[2026-10-09]. https://jiuxianzai.oss-cn-beijing.aliyuncs.com/kaoyan/2022/04/18/416e45e4524e4497b37e9ce8c7bb15f2.png
S0148,2022年地大经管学院应统录取结果名单,2022年地大经管学院应统录取结果名单,retained_structured_title,中国地质大学（武汉）,2022,逐名名单图像；逐名复试/录取名单,mini_program_asset,secondary_structured,校年值级补证；逐名名单索引,not_checked,,2026-10-09,https://jiuxianzai.oss-cn-beijing.aliyuncs.com/kaoyan/2022/04/18/472a01991632493da9e364877dd2b814.png,[S0148] 2022年地大经管学院应统录取结果名单. 2022年地大经管学院应统录取结果名单[EB/OL]. (2026-10-09)[2026-10-09]. https://jiuxianzai.oss-cn-beijing.aliyuncs.com/kaoyan/2022/04/18/472a01991632493da9e364877dd2b814.png
S0149,2022年贵州大学应统录取结果名单,2022年贵州大学应统录取结果名单,retained_structured_title,贵州大学,2022,逐名名单图像；逐名复试/录取名单,mini_program_asset,secondary_structured,校年值级补证；逐名名单索引,not_checked,,2026-10-09,https://jiuxianzai.oss-cn-beijing.aliyuncs.com/kaoyan/2022/04/18/522db7b550a345cda91542936d0aff33.png,[S0149] 2022年贵州大学应统录取结果名单. 2022年贵州大学应统录取结果名单[EB/OL]. (2026-10-09)[2026-10-09]. https://jiuxianzai.oss-cn-beijing.aliyuncs.com/kaoyan/2022/04/18/522db7b550a345cda91542936d0aff33.png
S0150,2022年经济学院应统录取结果名单,2022年经济学院应统录取结果名单,retained_structured_title,暨南大学,2022,逐名名单图像；逐名复试/录取名单,mini_program_asset,secondary_structured,校年值级补证；逐名名单索引,not_checked,,2026-10-09,https://jiuxianzai.oss-cn-beijing.aliyuncs.com/kaoyan/2022/04/18/6219e0c042e142508fa7824fc778f17b.png,[S0150] 2022年经济学院应统录取结果名单. 2022年经济学院应统录取结果名单[EB/OL]. (2026-10-09)[2026-10-09]. https://jiuxianzai.oss-cn-beijing.aliyuncs.com/kaoyan/2022/04/18/6219e0c042e142508fa7824fc778f17b.png
S0151,2022中南财应统录取结果名单,2022中南财应统录取结果名单,retained_structured_title,中南财经政法大学,2022,逐名名单图像；逐名复试/录取名单,mini_program_asset,secondary_structured,校年值级补证；逐名名单索引,not_checked,,2026-10-09,https://jiuxianzai.oss-cn-beijing.aliyuncs.com/kaoyan/2022/04/18/68ddb87df7404838a9bf4b8f5f908310.png,[S0151] 2022中南财应统录取结果名单. 2022中南财应统录取结果名单[EB/OL]. (2026-10-09)[2026-10-09]. https://jiuxianzai.oss-cn-beijing.aliyuncs.com/kaoyan/2022/04/18/68ddb87df7404838a9bf4b8f5f908310.png
S0152,2022年湖南师范应统录取结果名单,2022年湖南师范应统录取结果名单,retained_structured_title,湖南师范大学,2022,逐名名单图像；逐名复试/录取名单,mini_program_asset,secondary_structured,校年值级补证；逐名名单索引,not_checked,,2026-10-09,https://jiuxianzai.oss-cn-beijing.aliyuncs.com/kaoyan/2022/04/18/7ade716352a743cb9e49f9d7b6be96cd.png,[S0152] 2022年湖南师范应统录取结果名单. 2022年湖南师范应统录取结果名单[EB/OL]. (2026-10-09)[2026-10-09]. https://jiuxianzai.oss-cn-beijing.aliyuncs.com/kaoyan/2022/04/18/7ade716352a743cb9e49f9d7b6be96cd.png
S0153,22年北工大应统录取结果名单,22年北工大应统录取结果名单,retained_structured_title,北京工业大学,2022,逐名名单图像；逐名复试/录取名单,mini_program_asset,secondary_structured,校年值级补证；逐名名单索引,not_checked,,2026-10-09,https://jiuxianzai.oss-cn-beijing.aliyuncs.com/kaoyan/2022/04/18/81b7565e2c734f94b2489e64fa97525d.png,[S0153] 22年北工大应统录取结果名单. 22年北工大应统录取结果名单[EB/OL]. (2026-10-09)[2026-10-09]. https://jiuxianzai.oss-cn-beijing.aliyuncs.com/kaoyan/2022/04/18/81b7565e2c734f94b2489e64fa97525d.png
S0154,2022年安大应统录取结果名单,2022年安大应统录取结果名单,retained_structured_title,安徽大学,2022,逐名名单图像；逐名复试/录取名单,mini_program_asset,secondary_structured,校年值级补证；逐名名单索引,not_checked,,2026-10-09,https://jiuxianzai.oss-cn-beijing.aliyuncs.com/kaoyan/2022/04/18/881a373e1f014b4c935ea3da6a3f11a7.png,[S0154] 2022年安大应统录取结果名单. 2022年安大应统录取结果名单[EB/OL]. (2026-10-09)[2026-10-09]. https://jiuxianzai.oss-cn-beijing.aliyuncs.com/kaoyan/2022/04/18/881a373e1f014b4c935ea3da6a3f11a7.png
S0155,2022年西电应统录取结果名单,2022年西电应统录取结果名单,retained_structured_title,西安电子科技大学,2022,逐名名单图像；逐名复试/录取名单,mini_program_asset,secondary_structured,校年值级补证；逐名名单索引,not_checked,,2026-10-09,https://jiuxianzai.oss-cn-beijing.aliyuncs.com/kaoyan/2022/04/18/8b8decd137da4a8ab9b33696a87c15a2.png,[S0155] 2022年西电应统录取结果名单. 2022年西电应统录取结果名单[EB/OL]. (2026-10-09)[2026-10-09]. https://jiuxianzai.oss-cn-beijing.aliyuncs.com/kaoyan/2022/04/18/8b8decd137da4a8ab9b33696a87c15a2.png
S0156,2022年新疆大学一志愿录取名单,2022年新疆大学一志愿录取名单,retained_structured_title,新疆大学,2022,admission/复录比；admission/复试人数；admission/拟录取中位；admission/拟录取人数；admission/拟录取最高；admission/本科背景状态；逐名名单图像；逐名复试/录取名单,mini_program_asset,secondary_snapshot；secondary_structured,校年值级补证；逐名名单索引；逐字段校年台账,reachable,200.0,2026-10-09,https://jiuxianzai.oss-cn-beijing.aliyuncs.com/kaoyan/2022/04/18/93d08176eb0441ad9ac4ab478fd47dae.png,[S0156] 2022年新疆大学一志愿录取名单. 2022年新疆大学一志愿录取名单[EB/OL]. (2026-10-09)[2026-10-09]. https://jiuxianzai.oss-cn-beijing.aliyuncs.com/kaoyan/2022/04/18/93d08176eb0441ad9ac4ab478fd47dae.png
S0157,2022年地大数学与物理学院录取结果名单,2022年地大数学与物理学院录取结果名单,retained_structured_title,中国地质大学（武汉）,2022,逐名复试/录取名单,mini_program_asset,secondary_structured,逐名名单索引,not_checked,,2026-10-09,https://jiuxianzai.oss-cn-beijing.aliyuncs.com/kaoyan/2022/04/18/a4697b0879dd45d8858bee97819fab24.png,[S0157] 2022年地大数学与物理学院录取结果名单. 2022年地大数学与物理学院录取结果名单[EB/OL]. (2026-10-09)[2026-10-09]. https://jiuxianzai.oss-cn-beijing.aliyuncs.com/kaoyan/2022/04/18/a4697b0879dd45d8858bee97819fab24.png
S0158,2022年河工大应统拟录取名单,2022年河工大应统拟录取名单,retained_structured_title,河北工业大学,2022,逐名名单图像；逐名复试/录取名单,mini_program_asset,secondary_structured,校年值级补证；逐名名单索引,not_checked,,2026-10-09,https://jiuxianzai.oss-cn-beijing.aliyuncs.com/kaoyan/2022/04/18/afebceb4f8674be8a00b93448ac2d7fc.png,[S0158] 2022年河工大应统拟录取名单. 2022年河工大应统拟录取名单[EB/OL]. (2026-10-09)[2026-10-09]. https://jiuxianzai.oss-cn-beijing.aliyuncs.com/kaoyan/2022/04/18/afebceb4f8674be8a00b93448ac2d7fc.png
S0159,2022年郑州大学应统录取结果名单,2022年郑州大学应统录取结果名单,retained_structured_title,郑州大学,2022,逐名名单图像；逐名复试/录取名单,mini_program_asset,secondary_structured,校年值级补证；逐名名单索引,not_checked,,2026-10-09,https://jiuxianzai.oss-cn-beijing.aliyuncs.com/kaoyan/2022/04/18/b5f0869c16774fc6a94868c73423ac1d.png,[S0159] 2022年郑州大学应统录取结果名单. 2022年郑州大学应统录取结果名单[EB/OL]. (2026-10-09)[2026-10-09]. https://jiuxianzai.oss-cn-beijing.aliyuncs.com/kaoyan/2022/04/18/b5f0869c16774fc6a94868c73423ac1d.png
S0160,2022年北交应统录取结果名单,2022年北交应统录取结果名单,retained_structured_title,北京交通大学,2022,逐名名单图像；逐名复试/录取名单,mini_program_asset,secondary_structured,校年值级补证；逐名名单索引,not_checked,,2026-10-09,https://jiuxianzai.oss-cn-beijing.aliyuncs.com/kaoyan/2022/04/18/c9c334a83d514912acb4659a2e9683e5.png,[S0160] 2022年北交应统录取结果名单. 2022年北交应统录取结果名单[EB/OL]. (2026-10-09)[2026-10-09]. https://jiuxianzai.oss-cn-beijing.aliyuncs.com/kaoyan/2022/04/18/c9c334a83d514912acb4659a2e9683e5.png
S0161,2022年东北师范应统录取结果名单,2022年东北师范应统录取结果名单,retained_structured_title,东北师范大学,2022,逐名名单图像；逐名复试/录取名单,mini_program_asset,secondary_structured,校年值级补证；逐名名单索引,not_checked,,2026-10-09,https://jiuxianzai.oss-cn-beijing.aliyuncs.com/kaoyan/2022/04/18/d9746698bb264e87812ac0bb2ef0858b.png,[S0161] 2022年东北师范应统录取结果名单. 2022年东北师范应统录取结果名单[EB/OL]. (2026-10-09)[2026-10-09]. https://jiuxianzai.oss-cn-beijing.aliyuncs.com/kaoyan/2022/04/18/d9746698bb264e87812ac0bb2ef0858b.png
S0162,2022年南师大应统录取结果名单,2022年南师大应统录取结果名单,retained_structured_title,南京师范大学,2022,admission/复录比；admission/复试人数；admission/拟录取中位；admission/拟录取人数；admission/拟录取最高；admission/本科背景状态；逐名名单图像；逐名复试/录取名单,mini_program_asset,secondary_snapshot；secondary_structured,校年值级补证；逐名名单索引；逐字段校年台账,reachable,200.0,2026-10-09,https://jiuxianzai.oss-cn-beijing.aliyuncs.com/kaoyan/2022/04/18/e43b21ec04734e2aa0253c97519a2eea.png,[S0162] 2022年南师大应统录取结果名单. 2022年南师大应统录取结果名单[EB/OL]. (2026-10-09)[2026-10-09]. https://jiuxianzai.oss-cn-beijing.aliyuncs.com/kaoyan/2022/04/18/e43b21ec04734e2aa0253c97519a2eea.png
S0163,2022年中国石油大学应统录取结果名单,2022年中国石油大学应统录取结果名单,retained_structured_title,中国石油大学（华东）,2022,逐名名单图像；逐名复试/录取名单,mini_program_asset,secondary_structured,校年值级补证；逐名名单索引,not_checked,,2026-10-09,https://jiuxianzai.oss-cn-beijing.aliyuncs.com/kaoyan/2022/04/18/edd20549d19e4d17a493580eb9ea7933.png,[S0163] 2022年中国石油大学应统录取结果名单. 2022年中国石油大学应统录取结果名单[EB/OL]. (2026-10-09)[2026-10-09]. https://jiuxianzai.oss-cn-beijing.aliyuncs.com/kaoyan/2022/04/18/edd20549d19e4d17a493580eb9ea7933.png
S0164,2022年东华大学应统录取结果名单,2022年东华大学应统录取结果名单,retained_structured_title,东华大学,2022,逐名名单图像；逐名复试/录取名单,mini_program_asset,secondary_structured,校年值级补证；逐名名单索引,not_checked,,2026-10-09,https://jiuxianzai.oss-cn-beijing.aliyuncs.com/kaoyan/2022/04/18/f242c8902f6347e2bf37408c460c932b.png,[S0164] 2022年东华大学应统录取结果名单. 2022年东华大学应统录取结果名单[EB/OL]. (2026-10-09)[2026-10-09]. https://jiuxianzai.oss-cn-beijing.aliyuncs.com/kaoyan/2022/04/18/f242c8902f6347e2bf37408c460c932b.png
S0165,2022年对外经贸应统录取结果名单,2022年对外经贸应统录取结果名单,retained_structured_title,对外经济贸易大学,2022,逐名名单图像；逐名复试/录取名单,mini_program_asset,secondary_structured,校年值级补证；逐名名单索引,not_checked,,2026-10-09,https://jiuxianzai.oss-cn-beijing.aliyuncs.com/kaoyan/2022/04/18/fae7a116b15842cc9ee80366121d5474.png,[S0165] 2022年对外经贸应统录取结果名单. 2022年对外经贸应统录取结果名单[EB/OL]. (2026-10-09)[2026-10-09]. https://jiuxianzai.oss-cn-beijing.aliyuncs.com/kaoyan/2022/04/18/fae7a116b15842cc9ee80366121d5474.png
S0166,2022年中财应统录取结果名单,2022年中财应统录取结果名单,retained_structured_title,中央财经大学,2022,逐名名单图像；逐名复试/录取名单,mini_program_asset,secondary_structured,校年值级补证；逐名名单索引,not_checked,,2026-10-09,https://jiuxianzai.oss-cn-beijing.aliyuncs.com/kaoyan/2022/04/23/d42e0510d4d34bb39cb3ebba0e8d7df5.png,[S0166] 2022年中财应统录取结果名单. 2022年中财应统录取结果名单[EB/OL]. (2026-10-09)[2026-10-09]. https://jiuxianzai.oss-cn-beijing.aliyuncs.com/kaoyan/2022/04/23/d42e0510d4d34bb39cb3ebba0e8d7df5.png
S0167,2022年应统拟录取名单,2022年应统拟录取名单,retained_structured_title,中国科学技术大学,2022,逐名名单图像；逐名复试/录取名单,mini_program_asset,secondary_structured,校年值级补证；逐名名单索引,not_checked,,2026-10-09,https://jiuxianzai.oss-cn-beijing.aliyuncs.com/kaoyan/2022/04/23/fa736287c89b461c91d623408eb1b8c0.png,[S0167] 2022年应统拟录取名单. 2022年应统拟录取名单[EB/OL]. (2026-10-09)[2026-10-09]. https://jiuxianzai.oss-cn-beijing.aliyuncs.com/kaoyan/2022/04/23/fa736287c89b461c91d623408eb1b8c0.png
S0168,2022年北林应统拟录取名单,2022年北林应统拟录取名单,retained_structured_title,北京林业大学,2022,逐名名单图像；逐名复试/录取名单,mini_program_asset,secondary_structured,校年值级补证；逐名名单索引,not_checked,,2026-10-09,https://jiuxianzai.oss-cn-beijing.aliyuncs.com/kaoyan/2022/05/05/1187617b7516484ab0d2c5b84f9c2740.png,[S0168] 2022年北林应统拟录取名单. 2022年北林应统拟录取名单[EB/OL]. (2026-10-09)[2026-10-09]. https://jiuxianzai.oss-cn-beijing.aliyuncs.com/kaoyan/2022/05/05/1187617b7516484ab0d2c5b84f9c2740.png
S0169,2022年统计与管理学院应统拟录取名单,2022年统计与管理学院应统拟录取名单,retained_structured_title,上海财经大学,2022,逐名复试/录取名单,mini_program_asset,secondary_structured,逐名名单索引,not_checked,,2026-10-09,https://jiuxianzai.oss-cn-beijing.aliyuncs.com/kaoyan/2022/05/05/356865784e734c1593b34a6e33a68ecf.png,[S0169] 2022年统计与管理学院应统拟录取名单. 2022年统计与管理学院应统拟录取名单[EB/OL]. (2026-10-09)[2026-10-09]. https://jiuxianzai.oss-cn-beijing.aliyuncs.com/kaoyan/2022/05/05/356865784e734c1593b34a6e33a68ecf.png
S0170,2022年内蒙古大学应统拟录取名单,2022年内蒙古大学应统拟录取名单,retained_structured_title,内蒙古大学,2022,逐名名单图像；逐名复试/录取名单,mini_program_asset,secondary_structured,校年值级补证；逐名名单索引,not_checked,,2026-10-09,https://jiuxianzai.oss-cn-beijing.aliyuncs.com/kaoyan/2022/05/05/369f1d22e6ee4adca9c32f4c921098df.png,[S0170] 2022年内蒙古大学应统拟录取名单. 2022年内蒙古大学应统拟录取名单[EB/OL]. (2026-10-09)[2026-10-09]. https://jiuxianzai.oss-cn-beijing.aliyuncs.com/kaoyan/2022/05/05/369f1d22e6ee4adca9c32f4c921098df.png
S0171,2022年华电应统拟录取名单,2022年华电应统拟录取名单,retained_structured_title,华北电力大学,2022,逐名名单图像；逐名复试/录取名单,mini_program_asset,secondary_structured,校年值级补证；逐名名单索引,not_checked,,2026-10-09,https://jiuxianzai.oss-cn-beijing.aliyuncs.com/kaoyan/2022/05/05/8e915d3473414fd89ab486f9e439d211.png,[S0171] 2022年华电应统拟录取名单. 2022年华电应统拟录取名单[EB/OL]. (2026-10-09)[2026-10-09]. https://jiuxianzai.oss-cn-beijing.aliyuncs.com/kaoyan/2022/05/05/8e915d3473414fd89ab486f9e439d211.png
S0172,2022年数学学院应统拟录取名单,2022年数学学院应统拟录取名单,retained_structured_title,上海财经大学,2022,逐名复试/录取名单,mini_program_asset,secondary_structured,逐名名单索引,not_checked,,2026-10-09,https://jiuxianzai.oss-cn-beijing.aliyuncs.com/kaoyan/2022/05/05/ee90037e294e4aeaa0bad31128f73d64.png,[S0172] 2022年数学学院应统拟录取名单. 2022年数学学院应统拟录取名单[EB/OL]. (2026-10-09)[2026-10-09]. https://jiuxianzai.oss-cn-beijing.aliyuncs.com/kaoyan/2022/05/05/ee90037e294e4aeaa0bad31128f73d64.png
S0173,22年西财应统录取结果名单,22年西财应统录取结果名单,retained_structured_title,西南财经大学,2022,逐名名单图像；逐名复试/录取名单,mini_program_asset,secondary_structured,校年值级补证；逐名名单索引,not_checked,,2026-10-09,https://jiuxianzai.oss-cn-beijing.aliyuncs.com/kaoyan/2022/05/06/7c977f212bef4992af8ad426ff0f541a.png,[S0173] 22年西财应统录取结果名单. 22年西财应统录取结果名单[EB/OL]. (2026-10-09)[2026-10-09]. https://jiuxianzai.oss-cn-beijing.aliyuncs.com/kaoyan/2022/05/06/7c977f212bef4992af8ad426ff0f541a.png
S0174,2022年清华大学拟录取名单,2022年清华大学拟录取名单,retained_structured_title,清华大学,2022,逐名名单图像；逐名复试/录取名单,mini_program_asset,secondary_structured,校年值级补证；逐名名单索引,not_checked,,2026-10-09,https://jiuxianzai.oss-cn-beijing.aliyuncs.com/kaoyan/2022/05/07/d5878f0f92ce43b5a17c0ffb78fb30d2.png,[S0174] 2022年清华大学拟录取名单. 2022年清华大学拟录取名单[EB/OL]. (2026-10-09)[2026-10-09]. https://jiuxianzai.oss-cn-beijing.aliyuncs.com/kaoyan/2022/05/07/d5878f0f92ce43b5a17c0ffb78fb30d2.png
S0175,2022年复旦大数据学院应统拟录取名单,2022年复旦大数据学院应统拟录取名单,retained_structured_title,复旦大学,2022,逐名名单图像；逐名复试/录取名单,mini_program_asset,secondary_structured,校年值级补证；逐名名单索引,not_checked,,2026-10-09,https://jiuxianzai.oss-cn-beijing.aliyuncs.com/kaoyan/2022/05/16/01c43ea9a9004934aa4ac3ef0e749e02.png,[S0175] 2022年复旦大数据学院应统拟录取名单. 2022年复旦大数据学院应统拟录取名单[EB/OL]. (2026-10-09)[2026-10-09]. https://jiuxianzai.oss-cn-beijing.aliyuncs.com/kaoyan/2022/05/16/01c43ea9a9004934aa4ac3ef0e749e02.png
S0176,2022年中国药科大学应统拟录取名单,2022年中国药科大学应统拟录取名单,retained_structured_title,中国药科大学,2022,逐名名单图像；逐名复试/录取名单,mini_program_asset,secondary_structured,校年值级补证；逐名名单索引,not_checked,,2026-10-09,https://jiuxianzai.oss-cn-beijing.aliyuncs.com/kaoyan/2022/05/16/04035b4d592145cfabc065dda40df75a.png,[S0176] 2022年中国药科大学应统拟录取名单. 2022年中国药科大学应统拟录取名单[EB/OL]. (2026-10-09)[2026-10-09]. https://jiuxianzai.oss-cn-beijing.aliyuncs.com/kaoyan/2022/05/16/04035b4d592145cfabc065dda40df75a.png
S0177,2022年福州大学应统拟录取名单,2022年福州大学应统拟录取名单,retained_structured_title,福州大学,2022,逐名名单图像；逐名复试/录取名单,mini_program_asset,secondary_structured,校年值级补证；逐名名单索引,not_checked,,2026-10-09,https://jiuxianzai.oss-cn-beijing.aliyuncs.com/kaoyan/2022/05/16/17d3c3ab6e804b179965c245ae09a242.png,[S0177] 2022年福州大学应统拟录取名单. 2022年福州大学应统拟录取名单[EB/OL]. (2026-10-09)[2026-10-09]. https://jiuxianzai.oss-cn-beijing.aliyuncs.com/kaoyan/2022/05/16/17d3c3ab6e804b179965c245ae09a242.png
S0178,2022年辽大应统拟录取名单,2022年辽大应统拟录取名单,retained_structured_title,辽宁大学,2022,逐名名单图像；逐名复试/录取名单,mini_program_asset,secondary_structured,校年值级补证；逐名名单索引,not_checked,,2026-10-09,https://jiuxianzai.oss-cn-beijing.aliyuncs.com/kaoyan/2022/05/16/8f3a3aae57384d46868ed4ca7c5a1078.png,[S0178] 2022年辽大应统拟录取名单. 2022年辽大应统拟录取名单[EB/OL]. (2026-10-09)[2026-10-09]. https://jiuxianzai.oss-cn-beijing.aliyuncs.com/kaoyan/2022/05/16/8f3a3aae57384d46868ed4ca7c5a1078.png
S0179,2022年复旦上海数学中心应统拟录取名单,2022年复旦上海数学中心应统拟录取名单,retained_structured_title,复旦大学,2022,逐名名单图像；逐名复试/录取名单,mini_program_asset,secondary_structured,校年值级补证；逐名名单索引,not_checked,,2026-10-09,https://jiuxianzai.oss-cn-beijing.aliyuncs.com/kaoyan/2022/05/16/98717d25c09f418d86009f3ea3d3331e.png,[S0179] 2022年复旦上海数学中心应统拟录取名单. 2022年复旦上海数学中心应统拟录取名单[EB/OL]. (2026-10-09)[2026-10-09]. https://jiuxianzai.oss-cn-beijing.aliyuncs.com/kaoyan/2022/05/16/98717d25c09f418d86009f3ea3d3331e.png
S0180,2022年复旦数院应统拟录取名单,2022年复旦数院应统拟录取名单,retained_structured_title,复旦大学,2022,逐名名单图像；逐名复试/录取名单,mini_program_asset,secondary_structured,校年值级补证；逐名名单索引,not_checked,,2026-10-09,https://jiuxianzai.oss-cn-beijing.aliyuncs.com/kaoyan/2022/05/16/9a441a1301424ccab90c84568fbad3e0.png,[S0180] 2022年复旦数院应统拟录取名单. 2022年复旦数院应统拟录取名单[EB/OL]. (2026-10-09)[2026-10-09]. https://jiuxianzai.oss-cn-beijing.aliyuncs.com/kaoyan/2022/05/16/9a441a1301424ccab90c84568fbad3e0.png
S0181,2022年华电（保定）应统拟录取名单,2022年华电（保定）应统拟录取名单,retained_structured_title,华北电力大学,2022,逐名名单图像；逐名复试/录取名单,mini_program_asset,secondary_structured,校年值级补证；逐名名单索引,not_checked,,2026-10-09,https://jiuxianzai.oss-cn-beijing.aliyuncs.com/kaoyan/2022/05/16/ce7634f0e5584f66914b1ac5691fd22b.png,[S0181] 2022年华电（保定）应统拟录取名单. 2022年华电（保定）应统拟录取名单[EB/OL]. (2026-10-09)[2026-10-09]. https://jiuxianzai.oss-cn-beijing.aliyuncs.com/kaoyan/2022/05/16/ce7634f0e5584f66914b1ac5691fd22b.png
S0182,2022年云南大学应统拟录取名单,2022年云南大学应统拟录取名单,retained_structured_title,云南大学,2022,逐名名单图像；逐名复试/录取名单,mini_program_asset,secondary_structured,校年值级补证；逐名名单索引,not_checked,,2026-10-09,https://jiuxianzai.oss-cn-beijing.aliyuncs.com/kaoyan/2022/05/16/dca9bd0bd6de43129422e368c445fb04.png,[S0182] 2022年云南大学应统拟录取名单. 2022年云南大学应统拟录取名单[EB/OL]. (2026-10-09)[2026-10-09]. https://jiuxianzai.oss-cn-beijing.aliyuncs.com/kaoyan/2022/05/16/dca9bd0bd6de43129422e368c445fb04.png
S0183,2023年信科学院应统录取结果名单,2023年信科学院应统录取结果名单,retained_structured_title,暨南大学,2023,逐名名单图像；逐名复试/录取名单,mini_program_asset,secondary_structured,校年值级补证；逐名名单索引,not_checked,,2026-10-09,https://jiuxianzai.oss-cn-beijing.aliyuncs.com/kaoyan/2023/04/13/026cf2be44bf4f37aa82ce14a35ea971.png,[S0183] 2023年信科学院应统录取结果名单. 2023年信科学院应统录取结果名单[EB/OL]. (2026-10-09)[2026-10-09]. https://jiuxianzai.oss-cn-beijing.aliyuncs.com/kaoyan/2023/04/13/026cf2be44bf4f37aa82ce14a35ea971.png
S0184,2023年中石油应统录取结果名单,2023年中石油应统录取结果名单,retained_structured_title,中国石油大学（北京）,2023,逐名名单图像；逐名复试/录取名单,mini_program_asset,secondary_structured,校年值级补证；逐名名单索引,not_checked,,2026-10-09,https://jiuxianzai.oss-cn-beijing.aliyuncs.com/kaoyan/2023/04/13/08ba1718a659474a8dd7dbf652efd3b8.png,[S0184] 2023年中石油应统录取结果名单. 2023年中石油应统录取结果名单[EB/OL]. (2026-10-09)[2026-10-09]. https://jiuxianzai.oss-cn-beijing.aliyuncs.com/kaoyan/2023/04/13/08ba1718a659474a8dd7dbf652efd3b8.png
S0185,2023年南师大应统录取结果名单,2023年南师大应统录取结果名单,retained_structured_title,南京师范大学,2023,逐名名单图像；逐名复试/录取名单,mini_program_asset,secondary_structured,校年值级补证；逐名名单索引,not_checked,,2026-10-09,https://jiuxianzai.oss-cn-beijing.aliyuncs.com/kaoyan/2023/04/13/0e544be907dc4de980d2cd70c5d4044b.png,[S0185] 2023年南师大应统录取结果名单. 2023年南师大应统录取结果名单[EB/OL]. (2026-10-09)[2026-10-09]. https://jiuxianzai.oss-cn-beijing.aliyuncs.com/kaoyan/2023/04/13/0e544be907dc4de980d2cd70c5d4044b.png
S0186,2023年武理应统录取结果名单,2023年武理应统录取结果名单,retained_structured_title,武汉理工大学,2023,逐名名单图像；逐名复试/录取名单,mini_program_asset,secondary_structured,校年值级补证；逐名名单索引,not_checked,,2026-10-09,https://jiuxianzai.oss-cn-beijing.aliyuncs.com/kaoyan/2023/04/13/147af1e509934837a48a2b2eaa48e318.png,[S0186] 2023年武理应统录取结果名单. 2023年武理应统录取结果名单[EB/OL]. (2026-10-09)[2026-10-09]. https://jiuxianzai.oss-cn-beijing.aliyuncs.com/kaoyan/2023/04/13/147af1e509934837a48a2b2eaa48e318.png
S0187,2023年延边大学应统录取名单,2023年延边大学应统录取名单,retained_structured_title,延边大学,2023,admission/复录比；admission/复试人数；admission/拟录取中位；admission/拟录取人数；admission/拟录取最低；admission/拟录取最高；admission/本科背景状态；逐名名单图像；逐名复试/录取名单,mini_program_asset,secondary_snapshot；secondary_structured,校年值级补证；逐名名单索引；逐字段校年台账,reachable,200.0,2026-10-09,https://jiuxianzai.oss-cn-beijing.aliyuncs.com/kaoyan/2023/04/13/1949af07b49e46c0a3a2a670680ccb0a.png,[S0187] 2023年延边大学应统录取名单. 2023年延边大学应统录取名单[EB/OL]. (2026-10-09)[2026-10-09]. https://jiuxianzai.oss-cn-beijing.aliyuncs.com/kaoyan/2023/04/13/1949af07b49e46c0a3a2a670680ccb0a.png
S0188,2023年中国药科大学应统拟录取名单,2023年中国药科大学应统拟录取名单,retained_structured_title,中国药科大学,2023,admission/复录比；admission/复试人数；admission/拟录取中位；admission/拟录取人数；admission/拟录取最低；admission/拟录取最高；admission/本科背景状态；逐名名单图像；逐名复试/录取名单,mini_program_asset,secondary_snapshot；secondary_structured,校年值级补证；逐名名单索引；逐字段校年台账,reachable,200.0,2026-10-09,https://jiuxianzai.oss-cn-beijing.aliyuncs.com/kaoyan/2023/04/13/22364d94b9b044179c347050585c8747.png,[S0188] 2023年中国药科大学应统拟录取名单. 2023年中国药科大学应统拟录取名单[EB/OL]. (2026-10-09)[2026-10-09]. https://jiuxianzai.oss-cn-beijing.aliyuncs.com/kaoyan/2023/04/13/22364d94b9b044179c347050585c8747.png
S0189,2023年新疆大学应统录取名单,2023年新疆大学应统录取名单,retained_structured_title,新疆大学,2023,逐名名单图像；逐名复试/录取名单,mini_program_asset,secondary_structured,校年值级补证；逐名名单索引,not_checked,,2026-10-09,https://jiuxianzai.oss-cn-beijing.aliyuncs.com/kaoyan/2023/04/13/2d9ad3e3f44040818a2a86ee86a21a5b.png,[S0189] 2023年新疆大学应统录取名单. 2023年新疆大学应统录取名单[EB/OL]. (2026-10-09)[2026-10-09]. https://jiuxianzai.oss-cn-beijing.aliyuncs.com/kaoyan/2023/04/13/2d9ad3e3f44040818a2a86ee86a21a5b.png
S0190,2023年中国石油大学（华东）应统录取结果名单,2023年中国石油大学（华东）应统录取结果名单,retained_structured_title,中国石油大学（华东）,2023,逐名名单图像；逐名复试/录取名单,mini_program_asset,secondary_structured,校年值级补证；逐名名单索引,not_checked,,2026-10-09,https://jiuxianzai.oss-cn-beijing.aliyuncs.com/kaoyan/2023/04/13/33ec825c403f4467a407d65401bcf1a8.png,[S0190] 2023年中国石油大学（华东）应统录取结果名单. 2023年中国石油大学（华东）应统录取结果名单[EB/OL]. (2026-10-09)[2026-10-09]. https://jiuxianzai.oss-cn-beijing.aliyuncs.com/kaoyan/2023/04/13/33ec825c403f4467a407d65401bcf1a8.png
S0191,2023年中山（珠海）应统录取结果名单,2023年中山（珠海）应统录取结果名单,retained_structured_title,中山大学,2023,逐名名单图像；逐名复试/录取名单,mini_program_asset,secondary_structured,校年值级补证；逐名名单索引,not_checked,,2026-10-09,https://jiuxianzai.oss-cn-beijing.aliyuncs.com/kaoyan/2023/04/13/3c1374bb143247a082f293250ce7e3b9.png,[S0191] 2023年中山（珠海）应统录取结果名单. 2023年中山（珠海）应统录取结果名单[EB/OL]. (2026-10-09)[2026-10-09]. https://jiuxianzai.oss-cn-beijing.aliyuncs.com/kaoyan/2023/04/13/3c1374bb143247a082f293250ce7e3b9.png
S0192,2023年西电应统录取结果名单,2023年西电应统录取结果名单,retained_structured_title,西安电子科技大学,2023,admission/复录比；admission/复试人数；admission/拟录取中位；admission/拟录取人数；admission/拟录取最低；admission/拟录取最高；admission/本科背景状态；逐名名单图像；逐名复试/录取名单,mini_program_asset,secondary_snapshot；secondary_structured,校年值级补证；逐名名单索引；逐字段校年台账,reachable,200.0,2026-10-09,https://jiuxianzai.oss-cn-beijing.aliyuncs.com/kaoyan/2023/04/13/3ec631639cf54d09a119b88a7e133f50.png,[S0192] 2023年西电应统录取结果名单. 2023年西电应统录取结果名单[EB/OL]. (2026-10-09)[2026-10-09]. https://jiuxianzai.oss-cn-beijing.aliyuncs.com/kaoyan/2023/04/13/3ec631639cf54d09a119b88a7e133f50.png
S0193,2023年东北大学（秦皇岛校区）录取结果名单,2023年东北大学（秦皇岛校区）录取结果名单,retained_structured_title,东北大学,2023,逐名复试/录取名单,mini_program_asset,secondary_structured,逐名名单索引,not_checked,,2026-10-09,https://jiuxianzai.oss-cn-beijing.aliyuncs.com/kaoyan/2023/04/13/4f364a48388c464eaa9142c87decfd5d.png,[S0193] 2023年东北大学（秦皇岛校区）录取结果名单. 2023年东北大学（秦皇岛校区）录取结果名单[EB/OL]. (2026-10-09)[2026-10-09]. https://jiuxianzai.oss-cn-beijing.aliyuncs.com/kaoyan/2023/04/13/4f364a48388c464eaa9142c87decfd5d.png
S0194,2023年东北师范应统录取结果名单,2023年东北师范应统录取结果名单,retained_structured_title,东北师范大学,2023,逐名名单图像；逐名复试/录取名单,mini_program_asset,secondary_structured,校年值级补证；逐名名单索引,not_checked,,2026-10-09,https://jiuxianzai.oss-cn-beijing.aliyuncs.com/kaoyan/2023/04/13/533381597ddb443991738bed3afc7850.png,[S0194] 2023年东北师范应统录取结果名单. 2023年东北师范应统录取结果名单[EB/OL]. (2026-10-09)[2026-10-09]. https://jiuxianzai.oss-cn-beijing.aliyuncs.com/kaoyan/2023/04/13/533381597ddb443991738bed3afc7850.png
S0195,2023年哈工大应统录取结果名单,2023年哈工大应统录取结果名单,retained_structured_title,哈尔滨工业大学,2023,逐名名单图像；逐名复试/录取名单,mini_program_asset,secondary_structured,校年值级补证；逐名名单索引,not_checked,,2026-10-09,https://jiuxianzai.oss-cn-beijing.aliyuncs.com/kaoyan/2023/04/13/597f1741c1fe449da42c67065c46bc52.png,[S0195] 2023年哈工大应统录取结果名单. 2023年哈工大应统录取结果名单[EB/OL]. (2026-10-09)[2026-10-09]. https://jiuxianzai.oss-cn-beijing.aliyuncs.com/kaoyan/2023/04/13/597f1741c1fe449da42c67065c46bc52.png
S0196,2023年地大经管学院应统录取结果名单,2023年地大经管学院应统录取结果名单,retained_structured_title,中国地质大学（武汉）,2023,逐名名单图像；逐名复试/录取名单,mini_program_asset,secondary_structured,校年值级补证；逐名名单索引,not_checked,,2026-10-09,https://jiuxianzai.oss-cn-beijing.aliyuncs.com/kaoyan/2023/04/13/60be6e0800c14df18f32a4a3dd830c59.png,[S0196] 2023年地大经管学院应统录取结果名单. 2023年地大经管学院应统录取结果名单[EB/OL]. (2026-10-09)[2026-10-09]. https://jiuxianzai.oss-cn-beijing.aliyuncs.com/kaoyan/2023/04/13/60be6e0800c14df18f32a4a3dd830c59.png
S0197,2023年亚南院应统录取结果名单,2023年亚南院应统录取结果名单,retained_structured_title,厦门大学,2023,逐名名单图像；逐名复试/录取名单,mini_program_asset,secondary_structured,校年值级补证；逐名名单索引,not_checked,,2026-10-09,https://jiuxianzai.oss-cn-beijing.aliyuncs.com/kaoyan/2023/04/13/6886ee62d20c43198ffdc9ce88d8a92c.png,[S0197] 2023年亚南院应统录取结果名单. 2023年亚南院应统录取结果名单[EB/OL]. (2026-10-09)[2026-10-09]. https://jiuxianzai.oss-cn-beijing.aliyuncs.com/kaoyan/2023/04/13/6886ee62d20c43198ffdc9ce88d8a92c.png
S0198,2023年川大经济学院应统复试名单,2023年川大经济学院应统复试名单,retained_structured_title,四川大学,2023,逐名名单图像；逐名复试/录取名单,mini_program_asset,secondary_structured,校年值级补证；逐名名单索引,not_checked,,2026-10-09,https://jiuxianzai.oss-cn-beijing.aliyuncs.com/kaoyan/2023/04/13/723e91f3a73e48e3ab4911692b75198d.png,[S0198] 2023年川大经济学院应统复试名单. 2023年川大经济学院应统复试名单[EB/OL]. (2026-10-09)[2026-10-09]. https://jiuxianzai.oss-cn-beijing.aliyuncs.com/kaoyan/2023/04/13/723e91f3a73e48e3ab4911692b75198d.png
S0199,2023年湖南大学应统录取结果名单,2023年湖南大学应统录取结果名单,retained_structured_title,湖南大学,2023,逐名名单图像；逐名复试/录取名单,mini_program_asset,secondary_structured,校年值级补证；逐名名单索引,not_checked,,2026-10-09,https://jiuxianzai.oss-cn-beijing.aliyuncs.com/kaoyan/2023/04/13/83c6a586acd445d98730c05ac75dc9d2.png,[S0199] 2023年湖南大学应统录取结果名单. 2023年湖南大学应统录取结果名单[EB/OL]. (2026-10-09)[2026-10-09]. https://jiuxianzai.oss-cn-beijing.aliyuncs.com/kaoyan/2023/04/13/83c6a586acd445d98730c05ac75dc9d2.png
S0200,2023年西北工大应统录取名单,2023年西北工大应统录取名单,retained_structured_title,西北工业大学,2023,逐名名单图像；逐名复试/录取名单,mini_program_asset,secondary_structured,校年值级补证；逐名名单索引,not_checked,,2026-10-09,https://jiuxianzai.oss-cn-beijing.aliyuncs.com/kaoyan/2023/04/13/8903bf7b4be24a2e85dc788b16b2c6d6.png,[S0200] 2023年西北工大应统录取名单. 2023年西北工大应统录取名单[EB/OL]. (2026-10-09)[2026-10-09]. https://jiuxianzai.oss-cn-beijing.aliyuncs.com/kaoyan/2023/04/13/8903bf7b4be24a2e85dc788b16b2c6d6.png
S0201,2023年华中师大数统学院录取结果名单,2023年华中师大数统学院录取结果名单,retained_structured_title,华中师范大学,2023,逐名名单图像；逐名复试/录取名单,mini_program_asset,secondary_structured,校年值级补证；逐名名单索引,not_checked,,2026-10-09,https://jiuxianzai.oss-cn-beijing.aliyuncs.com/kaoyan/2023/04/13/8936d0b4c32642f1a2ec0e227ebfe107.png,[S0201] 2023年华中师大数统学院录取结果名单. 2023年华中师大数统学院录取结果名单[EB/OL]. (2026-10-09)[2026-10-09]. https://jiuxianzai.oss-cn-beijing.aliyuncs.com/kaoyan/2023/04/13/8936d0b4c32642f1a2ec0e227ebfe107.png
S0202,2023年地大数学与物理学院录取结果名单,2023年地大数学与物理学院录取结果名单,retained_structured_title,中国地质大学（武汉）,2023,逐名名单图像；逐名复试/录取名单,mini_program_asset,secondary_structured,校年值级补证；逐名名单索引,not_checked,,2026-10-09,https://jiuxianzai.oss-cn-beijing.aliyuncs.com/kaoyan/2023/04/13/90698149329f454da2ff4a8823e41edb.png,[S0202] 2023年地大数学与物理学院录取结果名单. 2023年地大数学与物理学院录取结果名单[EB/OL]. (2026-10-09)[2026-10-09]. https://jiuxianzai.oss-cn-beijing.aliyuncs.com/kaoyan/2023/04/13/90698149329f454da2ff4a8823e41edb.png
S0203,2023年上交应统录取结果名单,2023年上交应统录取结果名单,retained_structured_title,上海交通大学,2023,逐名名单图像；逐名复试/录取名单,mini_program_asset,secondary_structured,校年值级补证；逐名名单索引,not_checked,,2026-10-09,https://jiuxianzai.oss-cn-beijing.aliyuncs.com/kaoyan/2023/04/13/912f8c1ca4194834903c99208da393cb.png,[S0203] 2023年上交应统录取结果名单. 2023年上交应统录取结果名单[EB/OL]. (2026-10-09)[2026-10-09]. https://jiuxianzai.oss-cn-beijing.aliyuncs.com/kaoyan/2023/04/13/912f8c1ca4194834903c99208da393cb.png
S0204,2023年福州大学应统拟录取名单,2023年福州大学应统拟录取名单,retained_structured_title,福州大学,2023,逐名名单图像；逐名复试/录取名单,mini_program_asset,secondary_structured,校年值级补证；逐名名单索引,not_checked,,2026-10-09,https://jiuxianzai.oss-cn-beijing.aliyuncs.com/kaoyan/2023/04/13/920bbb30bf79457795ee612c91319adf.png,[S0204] 2023年福州大学应统拟录取名单. 2023年福州大学应统拟录取名单[EB/OL]. (2026-10-09)[2026-10-09]. https://jiuxianzai.oss-cn-beijing.aliyuncs.com/kaoyan/2023/04/13/920bbb30bf79457795ee612c91319adf.png
S0205,2023年吉大应统录取结果名单,2023年吉大应统录取结果名单,retained_structured_title,吉林大学,2023,逐名名单图像；逐名复试/录取名单,mini_program_asset,secondary_structured,校年值级补证；逐名名单索引,not_checked,,2026-10-09,https://jiuxianzai.oss-cn-beijing.aliyuncs.com/kaoyan/2023/04/13/9ea12194863645b0a6ac59f82eab4ee7.png,[S0205] 2023年吉大应统录取结果名单. 2023年吉大应统录取结果名单[EB/OL]. (2026-10-09)[2026-10-09]. https://jiuxianzai.oss-cn-beijing.aliyuncs.com/kaoyan/2023/04/13/9ea12194863645b0a6ac59f82eab4ee7.png
S0206,2023年河海大学应统录取结果名单,2023年河海大学应统录取结果名单,retained_structured_title,河海大学,2023,逐名名单图像；逐名复试/录取名单,mini_program_asset,secondary_structured,校年值级补证；逐名名单索引,not_checked,,2026-10-09,https://jiuxianzai.oss-cn-beijing.aliyuncs.com/kaoyan/2023/04/13/9f09d0a237a04b63b9ef55a02cc14533.png,[S0206] 2023年河海大学应统录取结果名单. 2023年河海大学应统录取结果名单[EB/OL]. (2026-10-09)[2026-10-09]. https://jiuxianzai.oss-cn-beijing.aliyuncs.com/kaoyan/2023/04/13/9f09d0a237a04b63b9ef55a02cc14533.png
S0207,2023中南财应统录取结果名单,2023中南财应统录取结果名单,retained_structured_title,中南财经政法大学,2023,逐名名单图像；逐名复试/录取名单,mini_program_asset,secondary_structured,校年值级补证；逐名名单索引,not_checked,,2026-10-09,https://jiuxianzai.oss-cn-beijing.aliyuncs.com/kaoyan/2023/04/13/a25f65a349ad4ef1939aa3f2765d62e9.png,[S0207] 2023中南财应统录取结果名单. 2023中南财应统录取结果名单[EB/OL]. (2026-10-09)[2026-10-09]. https://jiuxianzai.oss-cn-beijing.aliyuncs.com/kaoyan/2023/04/13/a25f65a349ad4ef1939aa3f2765d62e9.png
S0208,2023年贵州大学应统录取结果名单,2023年贵州大学应统录取结果名单,retained_structured_title,贵州大学,2023,逐名名单图像；逐名复试/录取名单,mini_program_asset,secondary_structured,校年值级补证；逐名名单索引,not_checked,,2026-10-09,https://jiuxianzai.oss-cn-beijing.aliyuncs.com/kaoyan/2023/04/13/a4a651dfe07144608173e1bc51ddf033.png,[S0208] 2023年贵州大学应统录取结果名单. 2023年贵州大学应统录取结果名单[EB/OL]. (2026-10-09)[2026-10-09]. https://jiuxianzai.oss-cn-beijing.aliyuncs.com/kaoyan/2023/04/13/a4a651dfe07144608173e1bc51ddf033.png
S0209,2023年经济学院应统录取结果名单,2023年经济学院应统录取结果名单,retained_structured_title,暨南大学,2023,逐名名单图像；逐名复试/录取名单,mini_program_asset,secondary_structured,校年值级补证；逐名名单索引,not_checked,,2026-10-09,https://jiuxianzai.oss-cn-beijing.aliyuncs.com/kaoyan/2023/04/13/a538b63b8cd34296ba3626869e1cac99.png,[S0209] 2023年经济学院应统录取结果名单. 2023年经济学院应统录取结果名单[EB/OL]. (2026-10-09)[2026-10-09]. https://jiuxianzai.oss-cn-beijing.aliyuncs.com/kaoyan/2023/04/13/a538b63b8cd34296ba3626869e1cac99.png
S0210,2023年东华大学应统录取结果名单,2023年东华大学应统录取结果名单,retained_structured_title,东华大学,2023,逐名名单图像；逐名复试/录取名单,mini_program_asset,secondary_structured,校年值级补证；逐名名单索引,not_checked,,2026-10-09,https://jiuxianzai.oss-cn-beijing.aliyuncs.com/kaoyan/2023/04/13/a8f43af9d6814169ba4ae73750ed9b62.png,[S0210] 2023年东华大学应统录取结果名单. 2023年东华大学应统录取结果名单[EB/OL]. (2026-10-09)[2026-10-09]. https://jiuxianzai.oss-cn-beijing.aliyuncs.com/kaoyan/2023/04/13/a8f43af9d6814169ba4ae73750ed9b62.png
S0211,2023年河工大应统拟录取名单,2023年河工大应统拟录取名单,retained_structured_title,河北工业大学,2023,逐名名单图像；逐名复试/录取名单,mini_program_asset,secondary_structured,校年值级补证；逐名名单索引,not_checked,,2026-10-09,https://jiuxianzai.oss-cn-beijing.aliyuncs.com/kaoyan/2023/04/13/b67b0ba0d7fd4a339b23e7c775ce197c.png,[S0211] 2023年河工大应统拟录取名单. 2023年河工大应统拟录取名单[EB/OL]. (2026-10-09)[2026-10-09]. https://jiuxianzai.oss-cn-beijing.aliyuncs.com/kaoyan/2023/04/13/b67b0ba0d7fd4a339b23e7c775ce197c.png
S0212,2023年西北大学应统录取结果名单,2023年西北大学应统录取结果名单,retained_structured_title,西北大学,2023,逐名名单图像；逐名复试/录取名单,mini_program_asset,secondary_structured,校年值级补证；逐名名单索引,not_checked,,2026-10-09,https://jiuxianzai.oss-cn-beijing.aliyuncs.com/kaoyan/2023/04/13/ba122587d23b449b91baf9f54aaf17cd.png,[S0212] 2023年西北大学应统录取结果名单. 2023年西北大学应统录取结果名单[EB/OL]. (2026-10-09)[2026-10-09]. https://jiuxianzai.oss-cn-beijing.aliyuncs.com/kaoyan/2023/04/13/ba122587d23b449b91baf9f54aaf17cd.png
S0213,2023年数统学院应统录取结果名单,2023年数统学院应统录取结果名单,retained_structured_title,西安交通大学,2023,逐名名单图像；逐名复试/录取名单,mini_program_asset,secondary_structured,校年值级补证；逐名名单索引,not_checked,,2026-10-09,https://jiuxianzai.oss-cn-beijing.aliyuncs.com/kaoyan/2023/04/13/c2163c033a16445883d6db6f69c3920d.png,[S0213] 2023年数统学院应统录取结果名单. 2023年数统学院应统录取结果名单[EB/OL]. (2026-10-09)[2026-10-09]. https://jiuxianzai.oss-cn-beijing.aliyuncs.com/kaoyan/2023/04/13/c2163c033a16445883d6db6f69c3920d.png
S0214,2023年西财应统录取结果名单,2023年西财应统录取结果名单,retained_structured_title,西南财经大学,2023,逐名名单图像；逐名复试/录取名单,mini_program_asset,secondary_structured,校年值级补证；逐名名单索引,not_checked,,2026-10-09,https://jiuxianzai.oss-cn-beijing.aliyuncs.com/kaoyan/2023/04/13/c3cacae2c2a04bf09704cdcbb2e191ad.png,[S0214] 2023年西财应统录取结果名单. 2023年西财应统录取结果名单[EB/OL]. (2026-10-09)[2026-10-09]. https://jiuxianzai.oss-cn-beijing.aliyuncs.com/kaoyan/2023/04/13/c3cacae2c2a04bf09704cdcbb2e191ad.png
S0215,2023年数学学院应统拟录取名单,2023年数学学院应统拟录取名单,retained_structured_title,上海财经大学,2023,逐名名单图像；逐名复试/录取名单,mini_program_asset,secondary_structured,校年值级补证；逐名名单索引,not_checked,,2026-10-09,https://jiuxianzai.oss-cn-beijing.aliyuncs.com/kaoyan/2023/04/13/c806d7f9badd4ac08279435f189d3281.png,[S0215] 2023年数学学院应统拟录取名单. 2023年数学学院应统拟录取名单[EB/OL]. (2026-10-09)[2026-10-09]. https://jiuxianzai.oss-cn-beijing.aliyuncs.com/kaoyan/2023/04/13/c806d7f9badd4ac08279435f189d3281.png
S0216,2023年金融研究院应统录取结果名单,2023年金融研究院应统录取结果名单,retained_structured_title,山东大学,2023,逐名复试/录取名单,mini_program_asset,secondary_structured,逐名名单索引,not_checked,,2026-10-09,https://jiuxianzai.oss-cn-beijing.aliyuncs.com/kaoyan/2023/04/13/c82f0d3998994864a424e708e718cc35.png,[S0216] 2023年金融研究院应统录取结果名单. 2023年金融研究院应统录取结果名单[EB/OL]. (2026-10-09)[2026-10-09]. https://jiuxianzai.oss-cn-beijing.aliyuncs.com/kaoyan/2023/04/13/c82f0d3998994864a424e708e718cc35.png
S0217,2023年对外经贸应统录取结果名单,2023年对外经贸应统录取结果名单,retained_structured_title,对外经济贸易大学,2023,逐名名单图像；逐名复试/录取名单,mini_program_asset,secondary_structured,校年值级补证；逐名名单索引,not_checked,,2026-10-09,https://jiuxianzai.oss-cn-beijing.aliyuncs.com/kaoyan/2023/04/13/c8c5ed442b1542798f4751ed4ac4848e.png,[S0217] 2023年对外经贸应统录取结果名单. 2023年对外经贸应统录取结果名单[EB/OL]. (2026-10-09)[2026-10-09]. https://jiuxianzai.oss-cn-beijing.aliyuncs.com/kaoyan/2023/04/13/c8c5ed442b1542798f4751ed4ac4848e.png
S0218,2023年统计与管理学院A组应统拟录取名单,2023年统计与管理学院A组应统拟录取名单,retained_structured_title,上海财经大学,2023,逐名名单图像；逐名复试/录取名单,mini_program_asset,secondary_structured,校年值级补证；逐名名单索引,not_checked,,2026-10-09,https://jiuxianzai.oss-cn-beijing.aliyuncs.com/kaoyan/2023/04/13/c8ca6ac0be7049ebb26d8003ad0a8e42.png,[S0218] 2023年统计与管理学院A组应统拟录取名单. 2023年统计与管理学院A组应统拟录取名单[EB/OL]. (2026-10-09)[2026-10-09]. https://jiuxianzai.oss-cn-beijing.aliyuncs.com/kaoyan/2023/04/13/c8ca6ac0be7049ebb26d8003ad0a8e42.png
S0219,2023年珠海校区01方向拟录取名单,2023年珠海校区01方向拟录取名单,retained_structured_title,北京师范大学,2023,逐名名单图像；逐名复试/录取名单,mini_program_asset,secondary_structured,校年值级补证；逐名名单索引,not_checked,,2026-10-09,https://jiuxianzai.oss-cn-beijing.aliyuncs.com/kaoyan/2023/04/13/c966da2e0f794865a81111dffa0176c9.png,[S0219] 2023年珠海校区01方向拟录取名单. 2023年珠海校区01方向拟录取名单[EB/OL]. (2026-10-09)[2026-10-09]. https://jiuxianzai.oss-cn-beijing.aliyuncs.com/kaoyan/2023/04/13/c966da2e0f794865a81111dffa0176c9.png
S0220,2023年北交应统录取结果名单,2023年北交应统录取结果名单,retained_structured_title,北京交通大学,2023,admission/复录比；admission/复试人数；admission/拟录取中位；admission/拟录取人数；admission/拟录取最低；admission/拟录取最高；admission/本科背景状态；逐名名单图像；逐名复试/录取名单,mini_program_asset,secondary_snapshot；secondary_structured,校年值级补证；逐名名单索引；逐字段校年台账,reachable,200.0,2026-10-09,https://jiuxianzai.oss-cn-beijing.aliyuncs.com/kaoyan/2023/04/13/c9f5d29cd80749009aa8dc3d17c77c5d.png,[S0220] 2023年北交应统录取结果名单. 2023年北交应统录取结果名单[EB/OL]. (2026-10-09)[2026-10-09]. https://jiuxianzai.oss-cn-beijing.aliyuncs.com/kaoyan/2023/04/13/c9f5d29cd80749009aa8dc3d17c77c5d.png
S0221,2023年中财应统录取结果名单,2023年中财应统录取结果名单,retained_structured_title,中央财经大学,2023,逐名名单图像；逐名复试/录取名单,mini_program_asset,secondary_structured,校年值级补证；逐名名单索引,not_checked,,2026-10-09,https://jiuxianzai.oss-cn-beijing.aliyuncs.com/kaoyan/2023/04/13/d7d22864ef3943f0a11008f157112adf.png,[S0221] 2023年中财应统录取结果名单. 2023年中财应统录取结果名单[EB/OL]. (2026-10-09)[2026-10-09]. https://jiuxianzai.oss-cn-beijing.aliyuncs.com/kaoyan/2023/04/13/d7d22864ef3943f0a11008f157112adf.png
S0222,2023年统计系应统录取结果名单,2023年统计系应统录取结果名单,retained_structured_title,厦门大学,2023,逐名名单图像；逐名复试/录取名单,mini_program_asset,secondary_structured,校年值级补证；逐名名单索引,not_checked,,2026-10-09,https://jiuxianzai.oss-cn-beijing.aliyuncs.com/kaoyan/2023/04/13/e0e93c44384449dda6852616dd8eb6c6.png,[S0222] 2023年统计系应统录取结果名单. 2023年统计系应统录取结果名单[EB/OL]. (2026-10-09)[2026-10-09]. https://jiuxianzai.oss-cn-beijing.aliyuncs.com/kaoyan/2023/04/13/e0e93c44384449dda6852616dd8eb6c6.png
S0223,2023年经济研究院录取结果名单,2023年经济研究院录取结果名单,retained_structured_title,山东大学,2023,逐名名单图像；逐名复试/录取名单,mini_program_asset,secondary_structured,校年值级补证；逐名名单索引,not_checked,,2026-10-09,https://jiuxianzai.oss-cn-beijing.aliyuncs.com/kaoyan/2023/04/13/e1132086c1494461bf27546ce146d56e.png,[S0223] 2023年经济研究院录取结果名单. 2023年经济研究院录取结果名单[EB/OL]. (2026-10-09)[2026-10-09]. https://jiuxianzai.oss-cn-beijing.aliyuncs.com/kaoyan/2023/04/13/e1132086c1494461bf27546ce146d56e.png
S0224,2023年兰大应统一志愿录取结果,2023年兰大应统一志愿录取结果,retained_structured_title,兰州大学,2023,逐名名单图像；逐名复试/录取名单,mini_program_asset,secondary_structured,校年值级补证；逐名名单索引,not_checked,,2026-10-09,https://jiuxianzai.oss-cn-beijing.aliyuncs.com/kaoyan/2023/04/13/e277cea8710c44ae91e65572fe4d42f9.png,[S0224] 2023年兰大应统一志愿录取结果. 2023年兰大应统一志愿录取结果[EB/OL]. (2026-10-09)[2026-10-09]. https://jiuxianzai.oss-cn-beijing.aliyuncs.com/kaoyan/2023/04/13/e277cea8710c44ae91e65572fe4d42f9.png
S0225,2023年中南大学应统录取结果名单,2023年中南大学应统录取结果名单,retained_structured_title,中南大学,2023,逐名名单图像；逐名复试/录取名单,mini_program_asset,secondary_structured,校年值级补证；逐名名单索引,not_checked,,2026-10-09,https://jiuxianzai.oss-cn-beijing.aliyuncs.com/kaoyan/2023/04/13/e70eca0e161d44bdb2ae6f496d523307.png,[S0225] 2023年中南大学应统录取结果名单. 2023年中南大学应统录取结果名单[EB/OL]. (2026-10-09)[2026-10-09]. https://jiuxianzai.oss-cn-beijing.aliyuncs.com/kaoyan/2023/04/13/e70eca0e161d44bdb2ae6f496d523307.png
S0226,2023年中山应统录取结果名单,2023年中山应统录取结果名单,retained_structured_title,中山大学,2023,逐名复试/录取名单,mini_program_asset,secondary_structured,逐名名单索引,not_checked,,2026-10-09,https://jiuxianzai.oss-cn-beijing.aliyuncs.com/kaoyan/2023/04/13/e745ed79ba2d4f409583eeba234c7026.png,[S0226] 2023年中山应统录取结果名单. 2023年中山应统录取结果名单[EB/OL]. (2026-10-09)[2026-10-09]. https://jiuxianzai.oss-cn-beijing.aliyuncs.com/kaoyan/2023/04/13/e745ed79ba2d4f409583eeba234c7026.png
S0227,2023年湖南师范应统录取结果名单,2023年湖南师范应统录取结果名单,retained_structured_title,湖南师范大学,2023,逐名名单图像；逐名复试/录取名单,mini_program_asset,secondary_structured,校年值级补证；逐名名单索引,not_checked,,2026-10-09,https://jiuxianzai.oss-cn-beijing.aliyuncs.com/kaoyan/2023/04/13/ee31af0dce0a4371963ffacf7511de9c.png,[S0227] 2023年湖南师范应统录取结果名单. 2023年湖南师范应统录取结果名单[EB/OL]. (2026-10-09)[2026-10-09]. https://jiuxianzai.oss-cn-beijing.aliyuncs.com/kaoyan/2023/04/13/ee31af0dce0a4371963ffacf7511de9c.png
S0228,2023年中央民族大学应统录取结果名单,2023年中央民族大学应统录取结果名单,retained_structured_title,中央民族大学,2023,逐名名单图像；逐名复试/录取名单,mini_program_asset,secondary_structured,校年值级补证；逐名名单索引,not_checked,,2026-10-09,https://jiuxianzai.oss-cn-beijing.aliyuncs.com/kaoyan/2023/04/13/f2cf0e5b5ee54d1e896311b993a7792d.png,[S0228] 2023年中央民族大学应统录取结果名单. 2023年中央民族大学应统录取结果名单[EB/OL]. (2026-10-09)[2026-10-09]. https://jiuxianzai.oss-cn-beijing.aliyuncs.com/kaoyan/2023/04/13/f2cf0e5b5ee54d1e896311b993a7792d.png
S0229,2023年东北大学应统录取结果名单,2023年东北大学应统录取结果名单,retained_structured_title,东北大学,2023,逐名名单图像；逐名复试/录取名单,mini_program_asset,secondary_structured,校年值级补证；逐名名单索引,not_checked,,2026-10-09,https://jiuxianzai.oss-cn-beijing.aliyuncs.com/kaoyan/2023/04/13/fb7cb49c8795471db5fdc96d32c539e9.png,[S0229] 2023年东北大学应统录取结果名单. 2023年东北大学应统录取结果名单[EB/OL]. (2026-10-09)[2026-10-09]. https://jiuxianzai.oss-cn-beijing.aliyuncs.com/kaoyan/2023/04/13/fb7cb49c8795471db5fdc96d32c539e9.png
S0230,2023年大连理工大学应统拟录取名单,2023年大连理工大学应统拟录取名单,retained_structured_title,大连理工大学,2023,逐名名单图像；逐名复试/录取名单,mini_program_asset,secondary_structured,校年值级补证；逐名名单索引,not_checked,,2026-10-09,https://jiuxianzai.oss-cn-beijing.aliyuncs.com/kaoyan/2023/04/13/fc8a3e2666d3474b958c59042c4e01f4.png,[S0230] 2023年大连理工大学应统拟录取名单. 2023年大连理工大学应统拟录取名单[EB/OL]. (2026-10-09)[2026-10-09]. https://jiuxianzai.oss-cn-beijing.aliyuncs.com/kaoyan/2023/04/13/fc8a3e2666d3474b958c59042c4e01f4.png
S0231,2023年地大应统录取结果名单,2023年地大应统录取结果名单,retained_structured_title,中国地质大学（北京）,2023,逐名名单图像；逐名复试/录取名单,mini_program_asset,secondary_structured,校年值级补证；逐名名单索引,not_checked,,2026-10-09,https://jiuxianzai.oss-cn-beijing.aliyuncs.com/kaoyan/2023/05/06/7727121114e14ccdadc7514eff5d0061.png,[S0231] 2023年地大应统录取结果名单. 2023年地大应统录取结果名单[EB/OL]. (2026-10-09)[2026-10-09]. https://jiuxianzai.oss-cn-beijing.aliyuncs.com/kaoyan/2023/05/06/7727121114e14ccdadc7514eff5d0061.png
S0232,2023年清华大学应统拟录取名单,2023年清华大学应统拟录取名单,retained_structured_title,清华大学,2023,逐名名单图像；逐名复试/录取名单,mini_program_asset,secondary_structured,校年值级补证；逐名名单索引,not_checked,,2026-10-09,https://jiuxianzai.oss-cn-beijing.aliyuncs.com/kaoyan/2023/05/11/1548eebc701e47e797e098bd740775d9.png,[S0232] 2023年清华大学应统拟录取名单. 2023年清华大学应统拟录取名单[EB/OL]. (2026-10-09)[2026-10-09]. https://jiuxianzai.oss-cn-beijing.aliyuncs.com/kaoyan/2023/05/11/1548eebc701e47e797e098bd740775d9.png
S0233,2023年华农应统复试名单,2023年华农应统复试名单,retained_structured_title,华中农业大学,2023,逐名名单图像；逐名复试/录取名单,mini_program_asset,secondary_structured,校年值级补证；逐名名单索引,not_checked,,2026-10-09,https://jiuxianzai.oss-cn-beijing.aliyuncs.com/kaoyan/2023/05/11/747fe74eba434ea7b88e4035d1d2a86b.png,[S0233] 2023年华农应统复试名单. 2023年华农应统复试名单[EB/OL]. (2026-10-09)[2026-10-09]. https://jiuxianzai.oss-cn-beijing.aliyuncs.com/kaoyan/2023/05/11/747fe74eba434ea7b88e4035d1d2a86b.png
S0234,2023年重庆大学应统复试名单,2023年重庆大学应统复试名单,retained_structured_title,重庆大学,2023,逐名名单图像；逐名复试/录取名单,mini_program_asset,secondary_structured,校年值级补证；逐名名单索引,not_checked,,2026-10-09,https://jiuxianzai.oss-cn-beijing.aliyuncs.com/kaoyan/2023/05/18/9a1e365e7ce6451ba0210eb0a6a2d983.png,[S0234] 2023年重庆大学应统复试名单. 2023年重庆大学应统复试名单[EB/OL]. (2026-10-09)[2026-10-09]. https://jiuxianzai.oss-cn-beijing.aliyuncs.com/kaoyan/2023/05/18/9a1e365e7ce6451ba0210eb0a6a2d983.png
S0235,2023年中科大应统录取结果名单,2023年中科大应统录取结果名单,retained_structured_title,中国科学技术大学,2023,admission/复录比；admission/复试人数；admission/拟录取中位；admission/拟录取人数；admission/拟录取最高；admission/本科背景状态；逐名名单图像；逐名复试/录取名单,mini_program_asset,secondary_snapshot；secondary_structured,校年值级补证；逐名名单索引；逐字段校年台账,reachable,200.0,2026-10-09,https://jiuxianzai.oss-cn-beijing.aliyuncs.com/kaoyan/2023/05/18/9d1dbf70716a4687bd9301dc8d41c135.png,[S0235] 2023年中科大应统录取结果名单. 2023年中科大应统录取结果名单[EB/OL]. (2026-10-09)[2026-10-09]. https://jiuxianzai.oss-cn-beijing.aliyuncs.com/kaoyan/2023/05/18/9d1dbf70716a4687bd9301dc8d41c135.png
S0236,2023华南师范数学科学学院应统复试名单,2023华南师范数学科学学院应统复试名单,retained_structured_title,华南师范大学,2023,逐名名单图像；逐名复试/录取名单,mini_program_asset,secondary_structured,校年值级补证；逐名名单索引,not_checked,,2026-10-09,https://jiuxianzai.oss-cn-beijing.aliyuncs.com/kaoyan/2023/06/01/0c63151865804fb393fb879dba642ca5.png,[S0236] 2023华南师范数学科学学院应统复试名单. 2023华南师范数学科学学院应统复试名单[EB/OL]. (2026-10-09)[2026-10-09]. https://jiuxianzai.oss-cn-beijing.aliyuncs.com/kaoyan/2023/06/01/0c63151865804fb393fb879dba642ca5.png
S0237,2023年西南大学应统复试名单,2023年西南大学应统复试名单,retained_structured_title,西南大学,2023,逐名名单图像；逐名复试/录取名单,mini_program_asset,secondary_structured,校年值级补证；逐名名单索引,not_checked,,2026-10-09,https://jiuxianzai.oss-cn-beijing.aliyuncs.com/kaoyan/2023/06/01/0e8b358cf13040ff8540d6765197f126.png,[S0237] 2023年西南大学应统复试名单. 2023年西南大学应统复试名单[EB/OL]. (2026-10-09)[2026-10-09]. https://jiuxianzai.oss-cn-beijing.aliyuncs.com/kaoyan/2023/06/01/0e8b358cf13040ff8540d6765197f126.png
S0238,2023上海大学理学院应统复试名单,2023上海大学理学院应统复试名单,retained_structured_title,上海大学,2023,逐名名单图像；逐名复试/录取名单,mini_program_asset,secondary_structured,校年值级补证；逐名名单索引,not_checked,,2026-10-09,https://jiuxianzai.oss-cn-beijing.aliyuncs.com/kaoyan/2023/06/01/180eb3498b7d483490e7d44b05d8166b.png,[S0238] 2023上海大学理学院应统复试名单. 2023上海大学理学院应统复试名单[EB/OL]. (2026-10-09)[2026-10-09]. https://jiuxianzai.oss-cn-beijing.aliyuncs.com/kaoyan/2023/06/01/180eb3498b7d483490e7d44b05d8166b.png
S0239,2023年北林应统复试名单,2023年北林应统复试名单,retained_structured_title,北京林业大学,2023,逐名名单图像；逐名复试/录取名单,mini_program_asset,secondary_structured,校年值级补证；逐名名单索引,not_checked,,2026-10-09,https://jiuxianzai.oss-cn-beijing.aliyuncs.com/kaoyan/2023/06/01/1866aab1ac124de89ae8ab3f7cc79fcb.png,[S0239] 2023年北林应统复试名单. 2023年北林应统复试名单[EB/OL]. (2026-10-09)[2026-10-09]. https://jiuxianzai.oss-cn-beijing.aliyuncs.com/kaoyan/2023/06/01/1866aab1ac124de89ae8ab3f7cc79fcb.png
S0240,2023年苏大应统复试名单,2023年苏大应统复试名单,retained_structured_title,苏州大学,2023,逐名名单图像；逐名复试/录取名单,mini_program_asset,secondary_structured,校年值级补证；逐名名单索引,not_checked,,2026-10-09,https://jiuxianzai.oss-cn-beijing.aliyuncs.com/kaoyan/2023/06/01/3a9f279bb34f40f19d870384339d5ac8.png,[S0240] 2023年苏大应统复试名单. 2023年苏大应统复试名单[EB/OL]. (2026-10-09)[2026-10-09]. https://jiuxianzai.oss-cn-beijing.aliyuncs.com/kaoyan/2023/06/01/3a9f279bb34f40f19d870384339d5ac8.png
S0241,2023年复旦上海数学中心应统拟录取名单,2023年复旦上海数学中心应统拟录取名单,retained_structured_title,复旦大学,2023,逐名名单图像；逐名复试/录取名单,mini_program_asset,secondary_structured,校年值级补证；逐名名单索引,not_checked,,2026-10-09,https://jiuxianzai.oss-cn-beijing.aliyuncs.com/kaoyan/2023/06/01/44bec3cd9a2e4970a29c763836725201.png,[S0241] 2023年复旦上海数学中心应统拟录取名单. 2023年复旦上海数学中心应统拟录取名单[EB/OL]. (2026-10-09)[2026-10-09]. https://jiuxianzai.oss-cn-beijing.aliyuncs.com/kaoyan/2023/06/01/44bec3cd9a2e4970a29c763836725201.png
S0242,2023年云南大学应统复试名单,2023年云南大学应统复试名单,retained_structured_title,云南大学,2023,逐名名单图像；逐名复试/录取名单,mini_program_asset,secondary_structured,校年值级补证；逐名名单索引,not_checked,,2026-10-09,https://jiuxianzai.oss-cn-beijing.aliyuncs.com/kaoyan/2023/06/01/453c47c72bf642d195a4c0e65321202c.png,[S0242] 2023年云南大学应统复试名单. 2023年云南大学应统复试名单[EB/OL]. (2026-10-09)[2026-10-09]. https://jiuxianzai.oss-cn-beijing.aliyuncs.com/kaoyan/2023/06/01/453c47c72bf642d195a4c0e65321202c.png
S0243,2023年郑州大学应统复试名单,2023年郑州大学应统复试名单,retained_structured_title,郑州大学,2023,逐名名单图像；逐名复试/录取名单,mini_program_asset,secondary_structured,校年值级补证；逐名名单索引,not_checked,,2026-10-09,https://jiuxianzai.oss-cn-beijing.aliyuncs.com/kaoyan/2023/06/01/540745a12bdb42a49111fd75eb4b7575.png,[S0243] 2023年郑州大学应统复试名单. 2023年郑州大学应统复试名单[EB/OL]. (2026-10-09)[2026-10-09]. https://jiuxianzai.oss-cn-beijing.aliyuncs.com/kaoyan/2023/06/01/540745a12bdb42a49111fd75eb4b7575.png
S0244,2023年中海洋应统复试名单,2023年中海洋应统复试名单,retained_structured_title,中国海洋大学,2023,逐名名单图像；逐名复试/录取名单,mini_program_asset,secondary_structured,校年值级补证；逐名名单索引,not_checked,,2026-10-09,https://jiuxianzai.oss-cn-beijing.aliyuncs.com/kaoyan/2023/06/01/69c598d8b54e4e5a97324ed4ef7e4bc4.png,[S0244] 2023年中海洋应统复试名单. 2023年中海洋应统复试名单[EB/OL]. (2026-10-09)[2026-10-09]. https://jiuxianzai.oss-cn-beijing.aliyuncs.com/kaoyan/2023/06/01/69c598d8b54e4e5a97324ed4ef7e4bc4.png
S0245,2023年安大应统复试名单,2023年安大应统复试名单,retained_structured_title,安徽大学,2023,逐名名单图像；逐名复试/录取名单,mini_program_asset,secondary_structured,校年值级补证；逐名名单索引,not_checked,,2026-10-09,https://jiuxianzai.oss-cn-beijing.aliyuncs.com/kaoyan/2023/06/01/72b98c5d674e47ce80c28b85147367a8.png,[S0245] 2023年安大应统复试名单. 2023年安大应统复试名单[EB/OL]. (2026-10-09)[2026-10-09]. https://jiuxianzai.oss-cn-beijing.aliyuncs.com/kaoyan/2023/06/01/72b98c5d674e47ce80c28b85147367a8.png
S0246,2023陕西师范应统复试名单,2023陕西师范应统复试名单,retained_structured_title,陕西师范大学,2023,admission/复录比；admission/复试人数；admission/拟录取中位；admission/拟录取人数；admission/拟录取最低；admission/拟录取最高；admission/本科背景状态；逐名名单图像；逐名复试/录取名单,mini_program_asset,secondary_snapshot；secondary_structured,校年值级补证；逐名名单索引；逐字段校年台账,reachable,200.0,2026-10-09,https://jiuxianzai.oss-cn-beijing.aliyuncs.com/kaoyan/2023/06/01/73f226ad6c55460c855f226871e76f16.png,[S0246] 2023陕西师范应统复试名单. 2023陕西师范应统复试名单[EB/OL]. (2026-10-09)[2026-10-09]. https://jiuxianzai.oss-cn-beijing.aliyuncs.com/kaoyan/2023/06/01/73f226ad6c55460c855f226871e76f16.png
S0247,2023年人大统计学院应统复试名单,2023年人大统计学院应统复试名单,retained_structured_title,中国人民大学,2023,逐名复试/录取名单,mini_program_asset,secondary_structured,逐名名单索引,not_checked,,2026-10-09,https://jiuxianzai.oss-cn-beijing.aliyuncs.com/kaoyan/2023/06/01/7b96f420658f4af9a83f16f03c5914f9.png,[S0247] 2023年人大统计学院应统复试名单. 2023年人大统计学院应统复试名单[EB/OL]. (2026-10-09)[2026-10-09]. https://jiuxianzai.oss-cn-beijing.aliyuncs.com/kaoyan/2023/06/01/7b96f420658f4af9a83f16f03c5914f9.png
S0248,2023年复旦数院应统拟录取名单,2023年复旦数院应统拟录取名单,retained_structured_title,复旦大学,2023,逐名复试/录取名单,mini_program_asset,secondary_structured,逐名名单索引,not_checked,,2026-10-09,https://jiuxianzai.oss-cn-beijing.aliyuncs.com/kaoyan/2023/06/01/91254a2311224529b9e72b15f2b8bad4.png,[S0248] 2023年复旦数院应统拟录取名单. 2023年复旦数院应统拟录取名单[EB/OL]. (2026-10-09)[2026-10-09]. https://jiuxianzai.oss-cn-beijing.aliyuncs.com/kaoyan/2023/06/01/91254a2311224529b9e72b15f2b8bad4.png
S0249,2023年华电应统复试名单,2023年华电应统复试名单,retained_structured_title,华北电力大学,2023,admission/复录比；admission/复试人数；admission/拟录取中位；admission/拟录取人数；admission/拟录取最低；admission/拟录取最高；admission/本科背景状态；逐名名单图像；逐名复试/录取名单,mini_program_asset,secondary_snapshot；secondary_structured,校年值级补证；逐名名单索引；逐字段校年台账,reachable,200.0,2026-10-09,https://jiuxianzai.oss-cn-beijing.aliyuncs.com/kaoyan/2023/06/01/a90568539ebb4c67b5c8b11704009221.png,[S0249] 2023年华电应统复试名单. 2023年华电应统复试名单[EB/OL]. (2026-10-09)[2026-10-09]. https://jiuxianzai.oss-cn-beijing.aliyuncs.com/kaoyan/2023/06/01/a90568539ebb4c67b5c8b11704009221.png
S0250,2023年内蒙古大学应统复试名单,2023年内蒙古大学应统复试名单,retained_structured_title,内蒙古大学,2023,逐名名单图像；逐名复试/录取名单,mini_program_asset,secondary_structured,校年值级补证；逐名名单索引,not_checked,,2026-10-09,https://jiuxianzai.oss-cn-beijing.aliyuncs.com/kaoyan/2023/06/01/adad3124f93f49178244e4f01249769a.png,[S0250] 2023年内蒙古大学应统复试名单. 2023年内蒙古大学应统复试名单[EB/OL]. (2026-10-09)[2026-10-09]. https://jiuxianzai.oss-cn-beijing.aliyuncs.com/kaoyan/2023/06/01/adad3124f93f49178244e4f01249769a.png
S0251,2023南昌大学应统复试名单,2023南昌大学应统复试名单,retained_structured_title,南昌大学,2023,admission/复录比；admission/复试人数；admission/拟录取中位；admission/拟录取人数；admission/拟录取最低；admission/拟录取最高；admission/本科背景状态；逐名名单图像；逐名复试/录取名单,mini_program_asset,secondary_snapshot；secondary_structured,校年值级补证；逐名名单索引；逐字段校年台账,reachable,200.0,2026-10-09,https://jiuxianzai.oss-cn-beijing.aliyuncs.com/kaoyan/2023/06/01/b1d251e55d3e406a92b92977e7d59f9a.png,[S0251] 2023南昌大学应统复试名单. 2023南昌大学应统复试名单[EB/OL]. (2026-10-09)[2026-10-09]. https://jiuxianzai.oss-cn-beijing.aliyuncs.com/kaoyan/2023/06/01/b1d251e55d3e406a92b92977e7d59f9a.png
S0252,2023年华电（保定）应统复试名单,2023年华电（保定）应统复试名单,retained_structured_title,华北电力大学,2023,admission/复录比；admission/复试人数；admission/拟录取中位；admission/拟录取人数；admission/拟录取最低；admission/拟录取最高；admission/本科背景状态；逐名名单图像；逐名复试/录取名单,mini_program_asset,secondary_snapshot；secondary_structured,校年值级补证；逐名名单索引；逐字段校年台账,reachable,200.0,2026-10-09,https://jiuxianzai.oss-cn-beijing.aliyuncs.com/kaoyan/2023/06/01/b348540d63734303b4587a24f3a32e73.png,[S0252] 2023年华电（保定）应统复试名单. 2023年华电（保定）应统复试名单[EB/OL]. (2026-10-09)[2026-10-09]. https://jiuxianzai.oss-cn-beijing.aliyuncs.com/kaoyan/2023/06/01/b348540d63734303b4587a24f3a32e73.png
S0253,2023年华科应统复试名单,2023年华科应统复试名单,retained_structured_title,华中科技大学,2023,逐名名单图像；逐名复试/录取名单,mini_program_asset,secondary_structured,校年值级补证；逐名名单索引,not_checked,,2026-10-09,https://jiuxianzai.oss-cn-beijing.aliyuncs.com/kaoyan/2023/06/01/b3ce70233d9d4779a74f1e6b7b4d8ab2.png,[S0253] 2023年华科应统复试名单. 2023年华科应统复试名单[EB/OL]. (2026-10-09)[2026-10-09]. https://jiuxianzai.oss-cn-beijing.aliyuncs.com/kaoyan/2023/06/01/b3ce70233d9d4779a74f1e6b7b4d8ab2.png
S0254,2023年武大应统录取结果名单,2023年武大应统录取结果名单,retained_structured_title,武汉大学,2023,逐名名单图像；逐名复试/录取名单,mini_program_asset,secondary_structured,校年值级补证；逐名名单索引,not_checked,,2026-10-09,https://jiuxianzai.oss-cn-beijing.aliyuncs.com/kaoyan/2023/06/01/c0b2a797df6a456f82a718b14da40827.png,[S0254] 2023年武大应统录取结果名单. 2023年武大应统录取结果名单[EB/OL]. (2026-10-09)[2026-10-09]. https://jiuxianzai.oss-cn-beijing.aliyuncs.com/kaoyan/2023/06/01/c0b2a797df6a456f82a718b14da40827.png
S0255,2023华南师范心理学院应统复试名单,2023华南师范心理学院应统复试名单,retained_structured_title,华南师范大学,2023,逐名名单图像；逐名复试/录取名单,mini_program_asset,secondary_structured,校年值级补证；逐名名单索引,not_checked,,2026-10-09,https://jiuxianzai.oss-cn-beijing.aliyuncs.com/kaoyan/2023/06/01/d29759ad0d10466e845eb624680e83bb.png,[S0255] 2023华南师范心理学院应统复试名单. 2023华南师范心理学院应统复试名单[EB/OL]. (2026-10-09)[2026-10-09]. https://jiuxianzai.oss-cn-beijing.aliyuncs.com/kaoyan/2023/06/01/d29759ad0d10466e845eb624680e83bb.png
S0256,2023年复旦大数据学院应统拟录取名单,2023年复旦大数据学院应统拟录取名单,retained_structured_title,复旦大学,2023,逐名复试/录取名单,mini_program_asset,secondary_structured,逐名名单索引,not_checked,,2026-10-09,https://jiuxianzai.oss-cn-beijing.aliyuncs.com/kaoyan/2023/06/01/d3d779ff6ae84172a571cb678aa72870.png,[S0256] 2023年复旦大数据学院应统拟录取名单. 2023年复旦大数据学院应统拟录取名单[EB/OL]. (2026-10-09)[2026-10-09]. https://jiuxianzai.oss-cn-beijing.aliyuncs.com/kaoyan/2023/06/01/d3d779ff6ae84172a571cb678aa72870.png
S0257,2023年人大统计与大数据学院应统复试名单,2023年人大统计与大数据学院应统复试名单,retained_structured_title,中国人民大学,2023,逐名名单图像；逐名复试/录取名单,mini_program_asset,secondary_structured,校年值级补证；逐名名单索引,not_checked,,2026-10-09,https://jiuxianzai.oss-cn-beijing.aliyuncs.com/kaoyan/2023/06/01/e3e911bd0b1a4a50a0c461303242fa73.png,[S0257] 2023年人大统计与大数据学院应统复试名单. 2023年人大统计与大数据学院应统复试名单[EB/OL]. (2026-10-09)[2026-10-09]. https://jiuxianzai.oss-cn-beijing.aliyuncs.com/kaoyan/2023/06/01/e3e911bd0b1a4a50a0c461303242fa73.png
S0258,2023上海大学经济学院应统拟录取名单,2023上海大学经济学院应统拟录取名单,retained_structured_title,上海大学,2023,逐名复试/录取名单,mini_program_asset,secondary_structured,逐名名单索引,not_checked,,2026-10-09,https://jiuxianzai.oss-cn-beijing.aliyuncs.com/kaoyan/2023/06/01/f03d1ca8763448299d42a7531af6aafe.png,[S0258] 2023上海大学经济学院应统拟录取名单. 2023上海大学经济学院应统拟录取名单[EB/OL]. (2026-10-09)[2026-10-09]. https://jiuxianzai.oss-cn-beijing.aliyuncs.com/kaoyan/2023/06/01/f03d1ca8763448299d42a7531af6aafe.png
S0259,2023年北工大应统录取结果名单,2023年北工大应统录取结果名单,retained_structured_title,北京工业大学,2023,逐名名单图像；逐名复试/录取名单,mini_program_asset,secondary_structured,校年值级补证；逐名名单索引,not_checked,,2026-10-09,https://jiuxianzai.oss-cn-beijing.aliyuncs.com/kaoyan/2023/06/05/1f4b36b69ce34331ab87022b32d90155.png,[S0259] 2023年北工大应统录取结果名单. 2023年北工大应统录取结果名单[EB/OL]. (2026-10-09)[2026-10-09]. https://jiuxianzai.oss-cn-beijing.aliyuncs.com/kaoyan/2023/06/05/1f4b36b69ce34331ab87022b32d90155.png
S0260,2023年辽大经济学院应统复试名单,2023年辽大经济学院应统复试名单,retained_structured_title,辽宁大学,2023,逐名名单图像；逐名复试/录取名单,mini_program_asset,secondary_structured,校年值级补证；逐名名单索引,not_checked,,2026-10-09,https://jiuxianzai.oss-cn-beijing.aliyuncs.com/kaoyan/2023/06/07/1c853110387d4352918d43a3b20095ea.png,[S0260] 2023年辽大经济学院应统复试名单. 2023年辽大经济学院应统复试名单[EB/OL]. (2026-10-09)[2026-10-09]. https://jiuxianzai.oss-cn-beijing.aliyuncs.com/kaoyan/2023/06/07/1c853110387d4352918d43a3b20095ea.png
S0261,2023年辽宁大学数学与统计学院应统复试名单,2023年辽宁大学数学与统计学院应统复试名单,retained_structured_title,辽宁大学,2023,逐名名单图像；逐名复试/录取名单,mini_program_asset,secondary_structured,校年值级补证；逐名名单索引,not_checked,,2026-10-09,https://jiuxianzai.oss-cn-beijing.aliyuncs.com/kaoyan/2023/06/07/9251888f5ebe4e2f96d9e62fa26d5ee8.png,[S0261] 2023年辽宁大学数学与统计学院应统复试名单. 2023年辽宁大学数学与统计学院应统复试名单[EB/OL]. (2026-10-09)[2026-10-09]. https://jiuxianzai.oss-cn-beijing.aliyuncs.com/kaoyan/2023/06/07/9251888f5ebe4e2f96d9e62fa26d5ee8.png
S0262,华师大23应统复试名单,华师大23应统复试名单,retained_structured_title,华东师范大学,2023,逐名名单图像；逐名复试/录取名单,mini_program_asset,secondary_structured,校年值级补证；逐名名单索引,not_checked,,2026-10-09,https://jiuxianzai.oss-cn-beijing.aliyuncs.com/kaoyan/2023/12/20/02cbd8977d834734b8f06aef849a577e.png,[S0262] 华师大23应统复试名单. 华师大23应统复试名单[EB/OL]. (2026-10-09)[2026-10-09]. https://jiuxianzai.oss-cn-beijing.aliyuncs.com/kaoyan/2023/12/20/02cbd8977d834734b8f06aef849a577e.png
S0263,华师大2022应统复试名单,华师大2022应统复试名单,retained_structured_title,华东师范大学,2022,逐名名单图像；逐名复试/录取名单,mini_program_asset,secondary_structured,校年值级补证；逐名名单索引,not_checked,,2026-10-09,https://jiuxianzai.oss-cn-beijing.aliyuncs.com/kaoyan/2023/12/20/4e148e6eab8043148a4814ab787f4f60.png,[S0263] 华师大2022应统复试名单. 华师大2022应统复试名单[EB/OL]. (2026-10-09)[2026-10-09]. https://jiuxianzai.oss-cn-beijing.aliyuncs.com/kaoyan/2023/12/20/4e148e6eab8043148a4814ab787f4f60.png
S0264,2024年上交应统录取结果名单,2024年上交应统录取结果名单,retained_structured_title,上海交通大学,2024,admission/复录比；admission/复试人数；admission/拟录取中位；admission/拟录取人数；admission/拟录取最低；admission/拟录取最高；admission/本科背景状态；逐名名单图像；逐名复试/录取名单,mini_program_asset,secondary_snapshot；secondary_structured,校年值级补证；逐名名单索引；逐字段校年台账,reachable,200.0,2026-10-09,https://jiuxianzai.oss-cn-beijing.aliyuncs.com/kaoyan/2024/04/03/3a99b128c2fe4ac398baccc7dd3043d0.png,[S0264] 2024年上交应统录取结果名单. 2024年上交应统录取结果名单[EB/OL]. (2026-10-09)[2026-10-09]. https://jiuxianzai.oss-cn-beijing.aliyuncs.com/kaoyan/2024/04/03/3a99b128c2fe4ac398baccc7dd3043d0.png
S0265,24年西财应统录取结果名单,24年西财应统录取结果名单,retained_structured_title,西南财经大学,2024,逐名名单图像；逐名复试/录取名单,mini_program_asset,secondary_structured,校年值级补证；逐名名单索引,not_checked,,2026-10-09,https://jiuxianzai.oss-cn-beijing.aliyuncs.com/kaoyan/2024/04/08/011c17156ef64a79a26069383ea13421.png,[S0265] 24年西财应统录取结果名单. 24年西财应统录取结果名单[EB/OL]. (2026-10-09)[2026-10-09]. https://jiuxianzai.oss-cn-beijing.aliyuncs.com/kaoyan/2024/04/08/011c17156ef64a79a26069383ea13421.png
S0266,2024年华中师大数统学院录取结果名单,2024年华中师大数统学院录取结果名单,retained_structured_title,华中师范大学,2024,admission/复录比；admission/复试人数；admission/拟录取中位；admission/拟录取人数；admission/拟录取最低；admission/拟录取最高；admission/本科背景状态；逐名名单图像；逐名复试/录取名单,mini_program_asset,secondary_snapshot；secondary_structured,校年值级补证；逐名名单索引；逐字段校年台账,reachable,200.0,2026-10-09,https://jiuxianzai.oss-cn-beijing.aliyuncs.com/kaoyan/2024/04/08/081d7c422c72477b9ce72ab662e0f856.png,[S0266] 2024年华中师大数统学院录取结果名单. 2024年华中师大数统学院录取结果名单[EB/OL]. (2026-10-09)[2026-10-09]. https://jiuxianzai.oss-cn-beijing.aliyuncs.com/kaoyan/2024/04/08/081d7c422c72477b9ce72ab662e0f856.png
S0267,2024年经济学院应统录取结果名单,2024年经济学院应统录取结果名单,retained_structured_title,暨南大学,2024,逐名名单图像；逐名复试/录取名单,mini_program_asset,secondary_structured,校年值级补证；逐名名单索引,not_checked,,2026-10-09,https://jiuxianzai.oss-cn-beijing.aliyuncs.com/kaoyan/2024/04/08/0bcc731b232b4639beaf29e44b4c613e.png,[S0267] 2024年经济学院应统录取结果名单. 2024年经济学院应统录取结果名单[EB/OL]. (2026-10-09)[2026-10-09]. https://jiuxianzai.oss-cn-beijing.aliyuncs.com/kaoyan/2024/04/08/0bcc731b232b4639beaf29e44b4c613e.png
S0268,2024年贸大应统录取结果名单,2024年贸大应统录取结果名单,retained_structured_title,对外经济贸易大学,2024,逐名名单图像；逐名复试/录取名单,mini_program_asset,secondary_structured,校年值级补证；逐名名单索引,not_checked,,2026-10-09,https://jiuxianzai.oss-cn-beijing.aliyuncs.com/kaoyan/2024/04/08/0dac15757d2e4788a61e6d13425efe97.png,[S0268] 2024年贸大应统录取结果名单. 2024年贸大应统录取结果名单[EB/OL]. (2026-10-09)[2026-10-09]. https://jiuxianzai.oss-cn-beijing.aliyuncs.com/kaoyan/2024/04/08/0dac15757d2e4788a61e6d13425efe97.png
S0269,2024年湖南大学应统录取结果名单,2024年湖南大学应统录取结果名单,retained_structured_title,湖南大学,2024,admission/复录比；admission/复试人数；admission/拟录取中位；admission/拟录取人数；admission/拟录取最低；admission/拟录取最高；admission/本科背景状态；逐名名单图像；逐名复试/录取名单,mini_program_asset,secondary_snapshot；secondary_structured,校年值级补证；逐名名单索引；逐字段校年台账,reachable,200.0,2026-10-09,https://jiuxianzai.oss-cn-beijing.aliyuncs.com/kaoyan/2024/04/08/1a7bc4c94a1c4b6b8d533d123e6cf870.png,[S0269] 2024年湖南大学应统录取结果名单. 2024年湖南大学应统录取结果名单[EB/OL]. (2026-10-09)[2026-10-09]. https://jiuxianzai.oss-cn-beijing.aliyuncs.com/kaoyan/2024/04/08/1a7bc4c94a1c4b6b8d533d123e6cf870.png
S0270,2024年哈工大应统录取结果名单,2024年哈工大应统录取结果名单,retained_structured_title,哈尔滨工业大学,2024,admission/复录比；admission/复试人数；admission/拟录取中位；admission/拟录取人数；admission/拟录取最低；admission/拟录取最高；admission/本科背景状态；逐名名单图像；逐名复试/录取名单,mini_program_asset,secondary_snapshot；secondary_structured,校年值级补证；逐名名单索引；逐字段校年台账,reachable,200.0,2026-10-09,https://jiuxianzai.oss-cn-beijing.aliyuncs.com/kaoyan/2024/04/08/1bf92527bac449f186677fdd42ad6c8c.png,[S0270] 2024年哈工大应统录取结果名单. 2024年哈工大应统录取结果名单[EB/OL]. (2026-10-09)[2026-10-09]. https://jiuxianzai.oss-cn-beijing.aliyuncs.com/kaoyan/2024/04/08/1bf92527bac449f186677fdd42ad6c8c.png
S0271,2024年贵州大学应统录取结果名单,2024年贵州大学应统录取结果名单,retained_structured_title,贵州大学,2024,admission/复录比；admission/复试人数；admission/拟录取中位；admission/拟录取人数；admission/拟录取最低；admission/拟录取最高；admission/本科背景状态；逐名名单图像；逐名复试/录取名单,mini_program_asset,secondary_snapshot；secondary_structured,校年值级补证；逐名名单索引；逐字段校年台账,reachable,200.0,2026-10-09,https://jiuxianzai.oss-cn-beijing.aliyuncs.com/kaoyan/2024/04/08/1e3483948d284a7fa026f3fc8f52443f.png,[S0271] 2024年贵州大学应统录取结果名单. 2024年贵州大学应统录取结果名单[EB/OL]. (2026-10-09)[2026-10-09]. https://jiuxianzai.oss-cn-beijing.aliyuncs.com/kaoyan/2024/04/08/1e3483948d284a7fa026f3fc8f52443f.png
S0272,2024年福州大学应统拟录取名单,2024年福州大学应统拟录取名单,retained_structured_title,福州大学,2024,admission/复录比；admission/复试人数；admission/拟录取中位；admission/拟录取人数；admission/拟录取最低；admission/拟录取最高；admission/本科背景状态；逐名名单图像；逐名复试/录取名单,mini_program_asset,secondary_snapshot；secondary_structured,校年值级补证；逐名名单索引；逐字段校年台账,reachable,200.0,2026-10-09,https://jiuxianzai.oss-cn-beijing.aliyuncs.com/kaoyan/2024/04/08/28024a11b1424652a07ee47ad77a07ce.png,[S0272] 2024年福州大学应统拟录取名单. 2024年福州大学应统拟录取名单[EB/OL]. (2026-10-09)[2026-10-09]. https://jiuxianzai.oss-cn-beijing.aliyuncs.com/kaoyan/2024/04/08/28024a11b1424652a07ee47ad77a07ce.png
S0273,2024年中山（珠海）应统录取结果名单,2024年中山（珠海）应统录取结果名单,retained_structured_title,中山大学,2024,逐名名单图像；逐名复试/录取名单,mini_program_asset,secondary_structured,校年值级补证；逐名名单索引,not_checked,,2026-10-09,https://jiuxianzai.oss-cn-beijing.aliyuncs.com/kaoyan/2024/04/08/2990dd5e524649f8ba8f652a4891544e.png,[S0273] 2024年中山（珠海）应统录取结果名单. 2024年中山（珠海）应统录取结果名单[EB/OL]. (2026-10-09)[2026-10-09]. https://jiuxianzai.oss-cn-beijing.aliyuncs.com/kaoyan/2024/04/08/2990dd5e524649f8ba8f652a4891544e.png
S0274,2024年兰大应统一志愿录取结果,2024年兰大应统一志愿录取结果,retained_structured_title,兰州大学,2024,admission/复录比；admission/复试人数；admission/拟录取中位；admission/拟录取人数；admission/拟录取最低；admission/拟录取最高；admission/本科背景状态；逐名名单图像；逐名复试/录取名单,mini_program_asset,secondary_snapshot；secondary_structured,校年值级补证；逐名名单索引；逐字段校年台账,reachable,200.0,2026-10-09,https://jiuxianzai.oss-cn-beijing.aliyuncs.com/kaoyan/2024/04/08/2c964d76802a42f99df763ffadbb08a7.png,[S0274] 2024年兰大应统一志愿录取结果. 2024年兰大应统一志愿录取结果[EB/OL]. (2026-10-09)[2026-10-09]. https://jiuxianzai.oss-cn-beijing.aliyuncs.com/kaoyan/2024/04/08/2c964d76802a42f99df763ffadbb08a7.png
S0275,2024年中山应统录取结果名单,2024年中山应统录取结果名单,retained_structured_title,中山大学,2024,逐名复试/录取名单,mini_program_asset,secondary_structured,逐名名单索引,not_checked,,2026-10-09,https://jiuxianzai.oss-cn-beijing.aliyuncs.com/kaoyan/2024/04/08/31cc268bd8134fd6b2cfe55629fe22bb.png,[S0275] 2024年中山应统录取结果名单. 2024年中山应统录取结果名单[EB/OL]. (2026-10-09)[2026-10-09]. https://jiuxianzai.oss-cn-beijing.aliyuncs.com/kaoyan/2024/04/08/31cc268bd8134fd6b2cfe55629fe22bb.png
S0276,2024年经济研究院录取结果名单,2024年经济研究院录取结果名单,retained_structured_title,山东大学,2024,admission/复录比；admission/复试人数；admission/拟录取中位；admission/拟录取人数；admission/拟录取最低；admission/拟录取最高；admission/本科背景状态；逐名名单图像；逐名复试/录取名单,mini_program_asset,secondary_snapshot；secondary_structured,校年值级补证；逐名名单索引；逐字段校年台账,reachable,200.0,2026-10-09,https://jiuxianzai.oss-cn-beijing.aliyuncs.com/kaoyan/2024/04/08/381af16d7c874a5b9e2028b4c9c782bc.png,[S0276] 2024年经济研究院录取结果名单. 2024年经济研究院录取结果名单[EB/OL]. (2026-10-09)[2026-10-09]. https://jiuxianzai.oss-cn-beijing.aliyuncs.com/kaoyan/2024/04/08/381af16d7c874a5b9e2028b4c9c782bc.png
S0277,2024年东北林业应统复试名单,2024年东北林业应统复试名单,retained_structured_title,东北林业大学,2024,admission/复录比；admission/复试人数；admission/拟录取中位；admission/拟录取人数；admission/拟录取最低；admission/拟录取最高；admission/本科背景状态；逐名名单图像；逐名复试/录取名单,mini_program_asset,secondary_snapshot；secondary_structured,校年值级补证；逐名名单索引；逐字段校年台账,reachable,200.0,2026-10-09,https://jiuxianzai.oss-cn-beijing.aliyuncs.com/kaoyan/2024/04/08/391e27e6ffbd4557a18d0dab46945a95.png,[S0277] 2024年东北林业应统复试名单. 2024年东北林业应统复试名单[EB/OL]. (2026-10-09)[2026-10-09]. https://jiuxianzai.oss-cn-beijing.aliyuncs.com/kaoyan/2024/04/08/391e27e6ffbd4557a18d0dab46945a95.png
S0278,2024年西北大学应统录取结果名单,2024年西北大学应统录取结果名单,retained_structured_title,西北大学,2024,admission/复录比；admission/复试人数；admission/拟录取中位；admission/拟录取人数；admission/拟录取最低；admission/拟录取最高；admission/本科背景状态；逐名名单图像；逐名复试/录取名单,mini_program_asset,secondary_snapshot；secondary_structured,校年值级补证；逐名名单索引；逐字段校年台账,reachable,200.0,2026-10-09,https://jiuxianzai.oss-cn-beijing.aliyuncs.com/kaoyan/2024/04/08/425ca9e56e524553b506f20500674ed4.png,[S0278] 2024年西北大学应统录取结果名单. 2024年西北大学应统录取结果名单[EB/OL]. (2026-10-09)[2026-10-09]. https://jiuxianzai.oss-cn-beijing.aliyuncs.com/kaoyan/2024/04/08/425ca9e56e524553b506f20500674ed4.png
S0279,2024年中南大学应统录取结果名单,2024年中南大学应统录取结果名单,retained_structured_title,中南大学,2024,逐名名单图像；逐名复试/录取名单,mini_program_asset,secondary_structured,校年值级补证；逐名名单索引,not_checked,,2026-10-09,https://jiuxianzai.oss-cn-beijing.aliyuncs.com/kaoyan/2024/04/08/4c49b526fea1424dbb96cae2e7937165.png,[S0279] 2024年中南大学应统录取结果名单. 2024年中南大学应统录取结果名单[EB/OL]. (2026-10-09)[2026-10-09]. https://jiuxianzai.oss-cn-beijing.aliyuncs.com/kaoyan/2024/04/08/4c49b526fea1424dbb96cae2e7937165.png
S0280,2024年新疆大学一志愿录取名单,2024年新疆大学一志愿录取名单,retained_structured_title,新疆大学,2024,逐名名单图像；逐名复试/录取名单,mini_program_asset,secondary_structured,校年值级补证；逐名名单索引,not_checked,,2026-10-09,https://jiuxianzai.oss-cn-beijing.aliyuncs.com/kaoyan/2024/04/08/4f4ffa3950864f5cafcd568de8f451c9.png,[S0280] 2024年新疆大学一志愿录取名单. 2024年新疆大学一志愿录取名单[EB/OL]. (2026-10-09)[2026-10-09]. https://jiuxianzai.oss-cn-beijing.aliyuncs.com/kaoyan/2024/04/08/4f4ffa3950864f5cafcd568de8f451c9.png
S0281,2024年西电应统录取结果名单,2024年西电应统录取结果名单,retained_structured_title,西安电子科技大学,2024,admission/复录比；admission/复试人数；admission/拟录取中位；admission/拟录取人数；admission/拟录取最低；admission/拟录取最高；admission/本科背景状态；逐名名单图像；逐名复试/录取名单,mini_program_asset,secondary_snapshot；secondary_structured,校年值级补证；逐名名单索引；逐字段校年台账,reachable,200.0,2026-10-09,https://jiuxianzai.oss-cn-beijing.aliyuncs.com/kaoyan/2024/04/08/548b92030b0d40cda31281312b06ee4a.png,[S0281] 2024年西电应统录取结果名单. 2024年西电应统录取结果名单[EB/OL]. (2026-10-09)[2026-10-09]. https://jiuxianzai.oss-cn-beijing.aliyuncs.com/kaoyan/2024/04/08/548b92030b0d40cda31281312b06ee4a.png
S0282,2024年亚南院应统录取结果名单,2024年亚南院应统录取结果名单,retained_structured_title,厦门大学,2024,逐名复试/录取名单,mini_program_asset,secondary_structured,逐名名单索引,not_checked,,2026-10-09,https://jiuxianzai.oss-cn-beijing.aliyuncs.com/kaoyan/2024/04/08/54c2224111ed453b95cadeaa13280feb.png,[S0282] 2024年亚南院应统录取结果名单. 2024年亚南院应统录取结果名单[EB/OL]. (2026-10-09)[2026-10-09]. https://jiuxianzai.oss-cn-beijing.aliyuncs.com/kaoyan/2024/04/08/54c2224111ed453b95cadeaa13280feb.png
S0283,2024年河工大应统拟录取名单,2024年河工大应统拟录取名单,retained_structured_title,河北工业大学,2024,admission/复录比；admission/复试人数；admission/拟录取中位；admission/拟录取人数；admission/拟录取最低；admission/拟录取最高；admission/本科背景状态；逐名名单图像；逐名复试/录取名单,mini_program_asset,secondary_snapshot；secondary_structured,校年值级补证；逐名名单索引；逐字段校年台账,reachable,200.0,2026-10-09,https://jiuxianzai.oss-cn-beijing.aliyuncs.com/kaoyan/2024/04/08/5d4b5c0ef25e46079bde6f97faf561d4.png,[S0283] 2024年河工大应统拟录取名单. 2024年河工大应统拟录取名单[EB/OL]. (2026-10-09)[2026-10-09]. https://jiuxianzai.oss-cn-beijing.aliyuncs.com/kaoyan/2024/04/08/5d4b5c0ef25e46079bde6f97faf561d4.png
S0284,2024年苏大应统复试名单,2024年苏大应统复试名单,retained_structured_title,苏州大学,2024,admission/复录比；admission/复试人数；admission/拟录取中位；admission/拟录取人数；admission/拟录取最低；admission/拟录取最高；admission/本科背景状态；逐名名单图像；逐名复试/录取名单,mini_program_asset,secondary_snapshot；secondary_structured,校年值级补证；逐名名单索引；逐字段校年台账,reachable,200.0,2026-10-09,https://jiuxianzai.oss-cn-beijing.aliyuncs.com/kaoyan/2024/04/08/6cd0b1336f3149efa929647c10ebf5fa.png,[S0284] 2024年苏大应统复试名单. 2024年苏大应统复试名单[EB/OL]. (2026-10-09)[2026-10-09]. https://jiuxianzai.oss-cn-beijing.aliyuncs.com/kaoyan/2024/04/08/6cd0b1336f3149efa929647c10ebf5fa.png
S0285,2024年大连理工大学应统拟录取名单,2024年大连理工大学应统拟录取名单,retained_structured_title,大连理工大学,2024,admission/复录比；admission/复试人数；admission/拟录取中位；admission/拟录取人数；admission/拟录取最低；admission/拟录取最高；admission/本科背景状态；逐名名单图像；逐名复试/录取名单,mini_program_asset,secondary_snapshot；secondary_structured,校年值级补证；逐名名单索引；逐字段校年台账,reachable,200.0,2026-10-09,https://jiuxianzai.oss-cn-beijing.aliyuncs.com/kaoyan/2024/04/08/7d8a66ca717148e7a2f145f19e5666c2.png,[S0285] 2024年大连理工大学应统拟录取名单. 2024年大连理工大学应统拟录取名单[EB/OL]. (2026-10-09)[2026-10-09]. https://jiuxianzai.oss-cn-beijing.aliyuncs.com/kaoyan/2024/04/08/7d8a66ca717148e7a2f145f19e5666c2.png
S0286,2024年信科学院应统录取结果名单,2024年信科学院应统录取结果名单,retained_structured_title,暨南大学,2024,逐名复试/录取名单,mini_program_asset,secondary_structured,逐名名单索引,not_checked,,2026-10-09,https://jiuxianzai.oss-cn-beijing.aliyuncs.com/kaoyan/2024/04/08/7e337a870eaf46ec9307d54cd0f76565.png,[S0286] 2024年信科学院应统录取结果名单. 2024年信科学院应统录取结果名单[EB/OL]. (2026-10-09)[2026-10-09]. https://jiuxianzai.oss-cn-beijing.aliyuncs.com/kaoyan/2024/04/08/7e337a870eaf46ec9307d54cd0f76565.png
S0287,2024年东北师范应统录取结果名单,2024年东北师范应统录取结果名单,retained_structured_title,东北师范大学,2024,逐名名单图像；逐名复试/录取名单,mini_program_asset,secondary_structured,校年值级补证；逐名名单索引,not_checked,,2026-10-09,https://jiuxianzai.oss-cn-beijing.aliyuncs.com/kaoyan/2024/04/08/912a7d7156df4e5481473ad55e1d4e28.png,[S0287] 2024年东北师范应统录取结果名单. 2024年东北师范应统录取结果名单[EB/OL]. (2026-10-09)[2026-10-09]. https://jiuxianzai.oss-cn-beijing.aliyuncs.com/kaoyan/2024/04/08/912a7d7156df4e5481473ad55e1d4e28.png
S0288,2024年统计系应统录取结果名单,2024年统计系应统录取结果名单,retained_structured_title,厦门大学,2024,逐名名单图像；逐名复试/录取名单,mini_program_asset,secondary_structured,校年值级补证；逐名名单索引,not_checked,,2026-10-09,https://jiuxianzai.oss-cn-beijing.aliyuncs.com/kaoyan/2024/04/08/9efe668e04104acab09ccfd131ee0536.png,[S0288] 2024年统计系应统录取结果名单. 2024年统计系应统录取结果名单[EB/OL]. (2026-10-09)[2026-10-09]. https://jiuxianzai.oss-cn-beijing.aliyuncs.com/kaoyan/2024/04/08/9efe668e04104acab09ccfd131ee0536.png
S0289,2024中南财应统录取结果名单,2024中南财应统录取结果名单,retained_structured_title,中南财经政法大学,2024,逐名名单图像；逐名复试/录取名单,mini_program_asset,secondary_structured,校年值级补证；逐名名单索引,not_checked,,2026-10-09,https://jiuxianzai.oss-cn-beijing.aliyuncs.com/kaoyan/2024/04/08/a594269202324d7dad1617f274620155.png,[S0289] 2024中南财应统录取结果名单. 2024中南财应统录取结果名单[EB/OL]. (2026-10-09)[2026-10-09]. https://jiuxianzai.oss-cn-beijing.aliyuncs.com/kaoyan/2024/04/08/a594269202324d7dad1617f274620155.png
S0290,2024年武大应统录取结果名单,2024年武大应统录取结果名单,retained_structured_title,武汉大学,2024,admission/复录比；admission/复试人数；admission/拟录取中位；admission/拟录取人数；admission/拟录取最低；admission/拟录取最高；admission/本科背景状态；逐名名单图像；逐名复试/录取名单,mini_program_asset,secondary_snapshot；secondary_structured,校年值级补证；逐名名单索引；逐字段校年台账,reachable,200.0,2026-10-09,https://jiuxianzai.oss-cn-beijing.aliyuncs.com/kaoyan/2024/04/08/ab20328b844b42918396250f504d2296.png,[S0290] 2024年武大应统录取结果名单. 2024年武大应统录取结果名单[EB/OL]. (2026-10-09)[2026-10-09]. https://jiuxianzai.oss-cn-beijing.aliyuncs.com/kaoyan/2024/04/08/ab20328b844b42918396250f504d2296.png
S0291,2024年金融研究院应统录取结果名单,2024年金融研究院应统录取结果名单,retained_structured_title,山东大学,2024,admission/复录比；admission/复试人数；admission/拟录取中位；admission/拟录取人数；admission/拟录取最低；admission/拟录取最高；admission/本科背景状态；逐名复试/录取名单,mini_program_asset,secondary_snapshot；secondary_structured,逐名名单索引；逐字段校年台账,reachable,200.0,2026-10-09,https://jiuxianzai.oss-cn-beijing.aliyuncs.com/kaoyan/2024/04/08/b9e97e09f3124a4fa510afd25a671b29.png,[S0291] 2024年金融研究院应统录取结果名单. 2024年金融研究院应统录取结果名单[EB/OL]. (2026-10-09)[2026-10-09]. https://jiuxianzai.oss-cn-beijing.aliyuncs.com/kaoyan/2024/04/08/b9e97e09f3124a4fa510afd25a671b29.png
S0292,2024年河海大学应统录取结果名单,2024年河海大学应统录取结果名单,retained_structured_title,河海大学,2024,逐名名单图像；逐名复试/录取名单,mini_program_asset,secondary_structured,校年值级补证；逐名名单索引,not_checked,,2026-10-09,https://jiuxianzai.oss-cn-beijing.aliyuncs.com/kaoyan/2024/04/08/c49cc562a18c4a978b8cd7830e100885.png,[S0292] 2024年河海大学应统录取结果名单. 2024年河海大学应统录取结果名单[EB/OL]. (2026-10-09)[2026-10-09]. https://jiuxianzai.oss-cn-beijing.aliyuncs.com/kaoyan/2024/04/08/c49cc562a18c4a978b8cd7830e100885.png
S0293,2024年华科应统复试名单,2024年华科应统复试名单,retained_structured_title,华中科技大学,2024,admission/复录比；admission/复试人数；admission/拟录取中位；admission/拟录取人数；admission/拟录取最低；admission/拟录取最高；admission/本科背景状态；逐名名单图像；逐名复试/录取名单,mini_program_asset,secondary_snapshot；secondary_structured,校年值级补证；逐名名单索引；逐字段校年台账,reachable,200.0,2026-10-09,https://jiuxianzai.oss-cn-beijing.aliyuncs.com/kaoyan/2024/04/08/cdd2cdd0994f4a128c0b184c76250957.png,[S0293] 2024年华科应统复试名单. 2024年华科应统复试名单[EB/OL]. (2026-10-09)[2026-10-09]. https://jiuxianzai.oss-cn-beijing.aliyuncs.com/kaoyan/2024/04/08/cdd2cdd0994f4a128c0b184c76250957.png
S0294,2024年地大经管学院应统录取结果名单,2024年地大经管学院应统录取结果名单,retained_structured_title,中国地质大学（武汉）,2024,admission/复录比；admission/复试人数；admission/拟录取中位；admission/拟录取人数；admission/拟录取最低；admission/拟录取最高；admission/本科背景状态；逐名名单图像；逐名复试/录取名单,mini_program_asset,secondary_snapshot；secondary_structured,校年值级补证；逐名名单索引；逐字段校年台账,reachable,200.0,2026-10-09,https://jiuxianzai.oss-cn-beijing.aliyuncs.com/kaoyan/2024/04/08/cde667f52b214fafbaeb7cc1d054a22a.png,[S0294] 2024年地大经管学院应统录取结果名单. 2024年地大经管学院应统录取结果名单[EB/OL]. (2026-10-09)[2026-10-09]. https://jiuxianzai.oss-cn-beijing.aliyuncs.com/kaoyan/2024/04/08/cde667f52b214fafbaeb7cc1d054a22a.png
S0295,2024年中财应统录取结果名单,2024年中财应统录取结果名单,retained_structured_title,中央财经大学,2024,逐名名单图像；逐名复试/录取名单,mini_program_asset,secondary_structured,校年值级补证；逐名名单索引,not_checked,,2026-10-09,https://jiuxianzai.oss-cn-beijing.aliyuncs.com/kaoyan/2024/04/08/e247971387f54d68beff05c7fd0c3aec.png,[S0295] 2024年中财应统录取结果名单. 2024年中财应统录取结果名单[EB/OL]. (2026-10-09)[2026-10-09]. https://jiuxianzai.oss-cn-beijing.aliyuncs.com/kaoyan/2024/04/08/e247971387f54d68beff05c7fd0c3aec.png
S0296,2024年西北工大应统录取名单,2024年西北工大应统录取名单,retained_structured_title,西北工业大学,2024,admission/复录比；admission/复试人数；admission/拟录取中位；admission/拟录取人数；admission/拟录取最低；admission/拟录取最高；admission/本科背景状态；逐名名单图像；逐名复试/录取名单,mini_program_asset,secondary_snapshot；secondary_structured,校年值级补证；逐名名单索引；逐字段校年台账,reachable,200.0,2026-10-09,https://jiuxianzai.oss-cn-beijing.aliyuncs.com/kaoyan/2024/04/08/ed785bf414e54e34b7025928fbb79bc8.png,[S0296] 2024年西北工大应统录取名单. 2024年西北工大应统录取名单[EB/OL]. (2026-10-09)[2026-10-09]. https://jiuxianzai.oss-cn-beijing.aliyuncs.com/kaoyan/2024/04/08/ed785bf414e54e34b7025928fbb79bc8.png
S0297,2024年珠海校区01方向拟录取名单,2024年珠海校区01方向拟录取名单,retained_structured_title,北京师范大学,2024,admission/复录比；admission/复试人数；admission/拟录取中位；admission/拟录取人数；admission/拟录取最低；admission/拟录取最高；admission/本科背景状态；逐名名单图像；逐名复试/录取名单,mini_program_asset,secondary_snapshot；secondary_structured,校年值级补证；逐名名单索引；逐字段校年台账,reachable,200.0,2026-10-09,https://jiuxianzai.oss-cn-beijing.aliyuncs.com/kaoyan/2024/04/08/f7cc1ab6102e45adbbd4f98c4e0d7e31.png,[S0297] 2024年珠海校区01方向拟录取名单. 2024年珠海校区01方向拟录取名单[EB/OL]. (2026-10-09)[2026-10-09]. https://jiuxianzai.oss-cn-beijing.aliyuncs.com/kaoyan/2024/04/08/f7cc1ab6102e45adbbd4f98c4e0d7e31.png
S0298,2024年湖南师范应统录取结果名单,2024年湖南师范应统录取结果名单,retained_structured_title,湖南师范大学,2024,admission/复录比；admission/复试人数；admission/拟录取中位；admission/拟录取人数；admission/拟录取最低；admission/拟录取最高；admission/本科背景状态；逐名名单图像；逐名复试/录取名单,mini_program_asset,secondary_snapshot；secondary_structured,校年值级补证；逐名名单索引；逐字段校年台账,reachable,200.0,2026-10-09,https://jiuxianzai.oss-cn-beijing.aliyuncs.com/kaoyan/2024/04/08/fa1155fd510440d98f5773b79fde0e13.png,[S0298] 2024年湖南师范应统录取结果名单. 2024年湖南师范应统录取结果名单[EB/OL]. (2026-10-09)[2026-10-09]. https://jiuxianzai.oss-cn-beijing.aliyuncs.com/kaoyan/2024/04/08/fa1155fd510440d98f5773b79fde0e13.png
S0299,2024年太原理工大学一志愿复试拟录取名单,2024年太原理工大学一志愿复试拟录取名单,retained_structured_title,太原理工大学,2024,admission/复录比；admission/复试人数；admission/拟录取中位；admission/拟录取人数；admission/拟录取最低；admission/拟录取最高；admission/本科背景状态；逐名名单图像；逐名复试/录取名单,mini_program_asset,secondary_snapshot；secondary_structured,校年值级补证；逐名名单索引；逐字段校年台账,reachable,200.0,2026-10-09,https://jiuxianzai.oss-cn-beijing.aliyuncs.com/kaoyan/2024/04/09/01f3cbbf4f9047bb9f16ae14cb4d50b3.png,[S0299] 2024年太原理工大学一志愿复试拟录取名单. 2024年太原理工大学一志愿复试拟录取名单[EB/OL]. (2026-10-09)[2026-10-09]. https://jiuxianzai.oss-cn-beijing.aliyuncs.com/kaoyan/2024/04/09/01f3cbbf4f9047bb9f16ae14cb4d50b3.png
S0300,2024年地大数学与物理学院录取结果名单,2024年地大数学与物理学院录取结果名单,retained_structured_title,中国地质大学（武汉）,2024,admission/复录比；admission/复试人数；admission/拟录取中位；admission/拟录取人数；admission/拟录取最低；admission/拟录取最高；admission/本科背景状态；逐名复试/录取名单,mini_program_asset,secondary_snapshot；secondary_structured,逐名名单索引；逐字段校年台账,reachable,200.0,2026-10-09,https://jiuxianzai.oss-cn-beijing.aliyuncs.com/kaoyan/2024/04/09/07ab60821f574ed19c464a7c4b9c2823.png,[S0300] 2024年地大数学与物理学院录取结果名单. 2024年地大数学与物理学院录取结果名单[EB/OL]. (2026-10-09)[2026-10-09]. https://jiuxianzai.oss-cn-beijing.aliyuncs.com/kaoyan/2024/04/09/07ab60821f574ed19c464a7c4b9c2823.png
S0301,2024年华电（保定）应统复试名单,2024年华电（保定）应统复试名单,retained_structured_title,华北电力大学,2024,admission/复录比；admission/复试人数；admission/拟录取中位；admission/拟录取人数；admission/拟录取最低；admission/拟录取最高；admission/本科背景状态；逐名复试/录取名单,mini_program_asset,secondary_snapshot；secondary_structured,逐名名单索引；逐字段校年台账,reachable,200.0,2026-10-09,https://jiuxianzai.oss-cn-beijing.aliyuncs.com/kaoyan/2024/04/09/262e77ecb32748f7b2110fb572d49bcd.png,[S0301] 2024年华电（保定）应统复试名单. 2024年华电（保定）应统复试名单[EB/OL]. (2026-10-09)[2026-10-09]. https://jiuxianzai.oss-cn-beijing.aliyuncs.com/kaoyan/2024/04/09/262e77ecb32748f7b2110fb572d49bcd.png
S0302,2024年中石油应统录取结果名单,2024年中石油应统录取结果名单,retained_structured_title,中国石油大学（北京）,2024,admission/复录比；admission/复试人数；admission/拟录取中位；admission/拟录取人数；admission/拟录取最低；admission/拟录取最高；admission/本科背景状态；逐名名单图像；逐名复试/录取名单,mini_program_asset,secondary_snapshot；secondary_structured,校年值级补证；逐名名单索引；逐字段校年台账,reachable,200.0,2026-10-09,https://jiuxianzai.oss-cn-beijing.aliyuncs.com/kaoyan/2024/04/09/44594d800d1c4fdf9b5f198bda3e56b3.png,[S0302] 2024年中石油应统录取结果名单. 2024年中石油应统录取结果名单[EB/OL]. (2026-10-09)[2026-10-09]. https://jiuxianzai.oss-cn-beijing.aliyuncs.com/kaoyan/2024/04/09/44594d800d1c4fdf9b5f198bda3e56b3.png
S0303,2024年中国石油大学（华东）应统录取结果名单,2024年中国石油大学（华东）应统录取结果名单,retained_structured_title,中国石油大学（华东）,2024,admission/复录比；admission/复试人数；admission/拟录取中位；admission/拟录取人数；admission/拟录取最低；admission/拟录取最高；admission/本科背景状态；逐名名单图像；逐名复试/录取名单,mini_program_asset,secondary_snapshot；secondary_structured,校年值级补证；逐名名单索引；逐字段校年台账,reachable,200.0,2026-10-09,https://jiuxianzai.oss-cn-beijing.aliyuncs.com/kaoyan/2024/04/09/cb3b66dc38d84283b69d2389da342cf7.png,[S0303] 2024年中国石油大学（华东）应统录取结果名单. 2024年中国石油大学（华东）应统录取结果名单[EB/OL]. (2026-10-09)[2026-10-09]. https://jiuxianzai.oss-cn-beijing.aliyuncs.com/kaoyan/2024/04/09/cb3b66dc38d84283b69d2389da342cf7.png
S0304,2024年地大应统录取结果名单,2024年地大应统录取结果名单,retained_structured_title,中国地质大学（北京）,2024,逐名名单图像；逐名复试/录取名单,mini_program_asset,secondary_structured,校年值级补证；逐名名单索引,not_checked,,2026-10-09,https://jiuxianzai.oss-cn-beijing.aliyuncs.com/kaoyan/2024/04/09/e3ce9daac14f4980b67a31d011f32f18.png,[S0304] 2024年地大应统录取结果名单. 2024年地大应统录取结果名单[EB/OL]. (2026-10-09)[2026-10-09]. https://jiuxianzai.oss-cn-beijing.aliyuncs.com/kaoyan/2024/04/09/e3ce9daac14f4980b67a31d011f32f18.png
S0305,2024年南京农业大学录取名单,2024年南京农业大学录取名单,retained_structured_title,南京农业大学,2024,admission/复录比；admission/复试人数；admission/拟录取中位；admission/拟录取人数；admission/拟录取最低；admission/拟录取最高；admission/本科背景状态；逐名名单图像；逐名复试/录取名单,mini_program_asset,secondary_snapshot；secondary_structured,校年值级补证；逐名名单索引；逐字段校年台账,reachable,200.0,2026-10-09,https://jiuxianzai.oss-cn-beijing.aliyuncs.com/kaoyan/2024/04/09/e5231dd64f884aac9230a370f0f5d15d.png,[S0305] 2024年南京农业大学录取名单. 2024年南京农业大学录取名单[EB/OL]. (2026-10-09)[2026-10-09]. https://jiuxianzai.oss-cn-beijing.aliyuncs.com/kaoyan/2024/04/09/e5231dd64f884aac9230a370f0f5d15d.png
S0306,2024年东北大学应统录取结果名单,2024年东北大学应统录取结果名单,retained_structured_title,东北大学,2024,admission/复录比；admission/复试人数；admission/拟录取中位；admission/拟录取人数；admission/拟录取最低；admission/拟录取最高；admission/本科背景状态；逐名复试/录取名单,mini_program_asset,secondary_snapshot；secondary_structured,逐名名单索引；逐字段校年台账,reachable,200.0,2026-10-09,https://jiuxianzai.oss-cn-beijing.aliyuncs.com/kaoyan/2024/04/14/03a313f1055e4d14ad39dafc1fb5c285.png,[S0306] 2024年东北大学应统录取结果名单. 2024年东北大学应统录取结果名单[EB/OL]. (2026-10-09)[2026-10-09]. https://jiuxianzai.oss-cn-beijing.aliyuncs.com/kaoyan/2024/04/14/03a313f1055e4d14ad39dafc1fb5c285.png
S0307,2024年南师大应统录取结果名单,2024年南师大应统录取结果名单,retained_structured_title,南京师范大学,2024,admission/复录比；admission/复试人数；admission/拟录取中位；admission/拟录取人数；admission/拟录取最低；admission/拟录取最高；admission/本科背景状态；逐名名单图像；逐名复试/录取名单,mini_program_asset,secondary_snapshot；secondary_structured,校年值级补证；逐名名单索引；逐字段校年台账,reachable,200.0,2026-10-09,https://jiuxianzai.oss-cn-beijing.aliyuncs.com/kaoyan/2024/04/14/0bf77b5e91a94f58aed20bb4338913a4.png,[S0307] 2024年南师大应统录取结果名单. 2024年南师大应统录取结果名单[EB/OL]. (2026-10-09)[2026-10-09]. https://jiuxianzai.oss-cn-beijing.aliyuncs.com/kaoyan/2024/04/14/0bf77b5e91a94f58aed20bb4338913a4.png
S0308,2024年统计与管理学院A组应统拟录取名单,2024年统计与管理学院A组应统拟录取名单,retained_structured_title,上海财经大学,2024,admission/复录比；admission/复试人数；admission/拟录取中位；admission/拟录取人数；admission/拟录取最低；admission/拟录取最高；admission/本科背景状态；逐名名单图像；逐名复试/录取名单,mini_program_asset,secondary_snapshot；secondary_structured,校年值级补证；逐名名单索引；逐字段校年台账,reachable,200.0,2026-10-09,https://jiuxianzai.oss-cn-beijing.aliyuncs.com/kaoyan/2024/04/14/699939875f3042cc8225ff85a22f2ea7.png,[S0308] 2024年统计与管理学院A组应统拟录取名单. 2024年统计与管理学院A组应统拟录取名单[EB/OL]. (2026-10-09)[2026-10-09]. https://jiuxianzai.oss-cn-beijing.aliyuncs.com/kaoyan/2024/04/14/699939875f3042cc8225ff85a22f2ea7.png
S0309,2024年中央民族大学应统录取结果名单,2024年中央民族大学应统录取结果名单,retained_structured_title,中央民族大学,2024,admission/复录比；admission/复试人数；admission/拟录取中位；admission/拟录取人数；admission/拟录取最低；admission/拟录取最高；admission/本科背景状态；逐名名单图像；逐名复试/录取名单,mini_program_asset,secondary_snapshot；secondary_structured,校年值级补证；逐名名单索引；逐字段校年台账,reachable,200.0,2026-10-09,https://jiuxianzai.oss-cn-beijing.aliyuncs.com/kaoyan/2024/04/14/6fdb898a22b94e6cbd0656f4e7748a27.png,[S0309] 2024年中央民族大学应统录取结果名单. 2024年中央民族大学应统录取结果名单[EB/OL]. (2026-10-09)[2026-10-09]. https://jiuxianzai.oss-cn-beijing.aliyuncs.com/kaoyan/2024/04/14/6fdb898a22b94e6cbd0656f4e7748a27.png
S0310,2024年西南大学应统复试名单,2024年西南大学应统复试名单,retained_structured_title,西南大学,2024,admission/复录比；admission/复试人数；admission/拟录取中位；admission/拟录取人数；admission/拟录取最低；admission/拟录取最高；admission/本科背景状态；逐名名单图像；逐名复试/录取名单,mini_program_asset,secondary_snapshot；secondary_structured,校年值级补证；逐名名单索引；逐字段校年台账,reachable,200.0,2026-10-09,https://jiuxianzai.oss-cn-beijing.aliyuncs.com/kaoyan/2024/04/14/7328410dde294040ae045f6e4a84becc.png,[S0310] 2024年西南大学应统复试名单. 2024年西南大学应统复试名单[EB/OL]. (2026-10-09)[2026-10-09]. https://jiuxianzai.oss-cn-beijing.aliyuncs.com/kaoyan/2024/04/14/7328410dde294040ae045f6e4a84becc.png
S0311,2024年吉大应统录取结果名单,2024年吉大应统录取结果名单,retained_structured_title,吉林大学,2024,admission/复录比；admission/复试人数；admission/拟录取中位；admission/拟录取人数；admission/拟录取最低；admission/拟录取最高；admission/本科背景状态；逐名名单图像；逐名复试/录取名单,mini_program_asset,secondary_snapshot；secondary_structured,校年值级补证；逐名名单索引；逐字段校年台账,reachable,200.0,2026-10-09,https://jiuxianzai.oss-cn-beijing.aliyuncs.com/kaoyan/2024/04/14/8033e7be4c5941b587d0920e64079556.png,[S0311] 2024年吉大应统录取结果名单. 2024年吉大应统录取结果名单[EB/OL]. (2026-10-09)[2026-10-09]. https://jiuxianzai.oss-cn-beijing.aliyuncs.com/kaoyan/2024/04/14/8033e7be4c5941b587d0920e64079556.png
S0312,2024年延边大学应统录取名单,2024年延边大学应统录取名单,retained_structured_title,延边大学,2024,admission/复录比；admission/复试人数；admission/拟录取中位；admission/拟录取人数；admission/拟录取最低；admission/拟录取最高；admission/本科背景状态；逐名名单图像；逐名复试/录取名单,mini_program_asset,secondary_snapshot；secondary_structured,校年值级补证；逐名名单索引；逐字段校年台账,reachable,200.0,2026-10-09,https://jiuxianzai.oss-cn-beijing.aliyuncs.com/kaoyan/2024/04/14/826a5f9c3706410190cafba06d51d9fb.png,[S0312] 2024年延边大学应统录取名单. 2024年延边大学应统录取名单[EB/OL]. (2026-10-09)[2026-10-09]. https://jiuxianzai.oss-cn-beijing.aliyuncs.com/kaoyan/2024/04/14/826a5f9c3706410190cafba06d51d9fb.png
S0313,2024年北工大应统录取结果名单,2024年北工大应统录取结果名单,retained_structured_title,北京工业大学,2024,admission/复录比；admission/复试人数；admission/拟录取中位；admission/拟录取人数；admission/拟录取最低；admission/拟录取最高；admission/本科背景状态；逐名名单图像；逐名复试/录取名单,mini_program_asset,secondary_snapshot；secondary_structured,校年值级补证；逐名名单索引；逐字段校年台账,reachable,200.0,2026-10-09,https://jiuxianzai.oss-cn-beijing.aliyuncs.com/kaoyan/2024/04/14/9c32374a27934181a9c845d1039c7741.png,[S0313] 2024年北工大应统录取结果名单. 2024年北工大应统录取结果名单[EB/OL]. (2026-10-09)[2026-10-09]. https://jiuxianzai.oss-cn-beijing.aliyuncs.com/kaoyan/2024/04/14/9c32374a27934181a9c845d1039c7741.png
S0314,2024年南京大学录取结果名单,2024年南京大学录取结果名单,retained_structured_title,南京大学,2024,admission/复录比；admission/复试人数；admission/拟录取中位；admission/拟录取人数；admission/拟录取最低；admission/拟录取最高；admission/本科背景状态；逐名名单图像；逐名复试/录取名单,mini_program_asset,secondary_snapshot；secondary_structured,校年值级补证；逐名名单索引；逐字段校年台账,reachable,200.0,2026-10-09,https://jiuxianzai.oss-cn-beijing.aliyuncs.com/kaoyan/2024/04/14/a47351585d3e40b590f082c5ebc74741.png,[S0314] 2024年南京大学录取结果名单. 2024年南京大学录取结果名单[EB/OL]. (2026-10-09)[2026-10-09]. https://jiuxianzai.oss-cn-beijing.aliyuncs.com/kaoyan/2024/04/14/a47351585d3e40b590f082c5ebc74741.png
S0315,2024年东北大学（佛山）应统录取结果名单,2024年东北大学（佛山）应统录取结果名单,retained_structured_title,东北大学,2024,admission/复录比；admission/复试人数；admission/拟录取中位；admission/拟录取人数；admission/拟录取最低；admission/拟录取最高；admission/本科背景状态；逐名名单图像；逐名复试/录取名单,mini_program_asset,secondary_snapshot；secondary_structured,校年值级补证；逐名名单索引；逐字段校年台账,reachable,200.0,2026-10-09,https://jiuxianzai.oss-cn-beijing.aliyuncs.com/kaoyan/2024/04/14/a4f13f0edec443fb8bac6c85dbea2c62.png,[S0315] 2024年东北大学（佛山）应统录取结果名单. 2024年东北大学（佛山）应统录取结果名单[EB/OL]. (2026-10-09)[2026-10-09]. https://jiuxianzai.oss-cn-beijing.aliyuncs.com/kaoyan/2024/04/14/a4f13f0edec443fb8bac6c85dbea2c62.png
S0316,2024年东北大学（秦皇岛校区）录取结果名单,2024年东北大学（秦皇岛校区）录取结果名单,retained_structured_title,东北大学,2024,admission/复录比；admission/复试人数；admission/拟录取中位；admission/拟录取人数；admission/拟录取最低；admission/拟录取最高；admission/本科背景状态；逐名复试/录取名单,mini_program_asset,secondary_snapshot；secondary_structured,逐名名单索引；逐字段校年台账,reachable,200.0,2026-10-09,https://jiuxianzai.oss-cn-beijing.aliyuncs.com/kaoyan/2024/04/14/ba69e7316a2744209587cb891156115c.png,[S0316] 2024年东北大学（秦皇岛校区）录取结果名单. 2024年东北大学（秦皇岛校区）录取结果名单[EB/OL]. (2026-10-09)[2026-10-09]. https://jiuxianzai.oss-cn-beijing.aliyuncs.com/kaoyan/2024/04/14/ba69e7316a2744209587cb891156115c.png
S0317,2024年数学学院应统拟录取名单,2024年数学学院应统拟录取名单,retained_structured_title,上海财经大学,2024,admission/复录比；admission/复试人数；admission/拟录取中位；admission/拟录取人数；admission/拟录取最低；admission/拟录取最高；admission/本科背景状态；逐名复试/录取名单,mini_program_asset,secondary_snapshot；secondary_structured,逐名名单索引；逐字段校年台账,reachable,200.0,2026-10-09,https://jiuxianzai.oss-cn-beijing.aliyuncs.com/kaoyan/2024/04/14/c265178b373e45ca875f9ef1cce5cb94.png,[S0317] 2024年数学学院应统拟录取名单. 2024年数学学院应统拟录取名单[EB/OL]. (2026-10-09)[2026-10-09]. https://jiuxianzai.oss-cn-beijing.aliyuncs.com/kaoyan/2024/04/14/c265178b373e45ca875f9ef1cce5cb94.png
S0318,2024年东华大学应统录取结果名单,2024年东华大学应统录取结果名单,retained_structured_title,东华大学,2024,逐名名单图像；逐名复试/录取名单,mini_program_asset,secondary_structured,校年值级补证；逐名名单索引,not_checked,,2026-10-09,https://jiuxianzai.oss-cn-beijing.aliyuncs.com/kaoyan/2024/04/14/f270757af5b844b7ba0b919eccbe3352.png,[S0318] 2024年东华大学应统录取结果名单. 2024年东华大学应统录取结果名单[EB/OL]. (2026-10-09)[2026-10-09]. https://jiuxianzai.oss-cn-beijing.aliyuncs.com/kaoyan/2024/04/14/f270757af5b844b7ba0b919eccbe3352.png
S0319,2024年内蒙古大学应统复试名单,2024年内蒙古大学应统复试名单,retained_structured_title,内蒙古大学,2024,逐名名单图像；逐名复试/录取名单,mini_program_asset,secondary_structured,校年值级补证；逐名名单索引,not_checked,,2026-10-09,https://jiuxianzai.oss-cn-beijing.aliyuncs.com/kaoyan/2024/04/15/97a563b58319487aae3ace48b2859a99.png,[S0319] 2024年内蒙古大学应统复试名单. 2024年内蒙古大学应统复试名单[EB/OL]. (2026-10-09)[2026-10-09]. https://jiuxianzai.oss-cn-beijing.aliyuncs.com/kaoyan/2024/04/15/97a563b58319487aae3ace48b2859a99.png
S0320,2024年武理（襄阳示范区）应统录取结果名单,2024年武理（襄阳示范区）应统录取结果名单,retained_structured_title,武汉理工大学,2024,admission/复录比；admission/复试人数；admission/拟录取中位；admission/拟录取人数；admission/拟录取最低；admission/拟录取最高；admission/本科背景状态；逐名名单图像；逐名复试/录取名单,mini_program_asset,secondary_snapshot；secondary_structured,校年值级补证；逐名名单索引；逐字段校年台账,reachable,200.0,2026-10-09,https://jiuxianzai.oss-cn-beijing.aliyuncs.com/kaoyan/2024/04/18/538db8e868f14f708d27fc9c888715b8.png,[S0320] 2024年武理（襄阳示范区）应统录取结果名单. 2024年武理（襄阳示范区）应统录取结果名单[EB/OL]. (2026-10-09)[2026-10-09]. https://jiuxianzai.oss-cn-beijing.aliyuncs.com/kaoyan/2024/04/18/538db8e868f14f708d27fc9c888715b8.png
S0321,2024年中国药科大学应统拟录取名单,2024年中国药科大学应统拟录取名单,retained_structured_title,中国药科大学,2024,admission/复录比；admission/复试人数；admission/拟录取中位；admission/拟录取人数；admission/拟录取最低；admission/拟录取最高；admission/本科背景状态；逐名名单图像；逐名复试/录取名单,mini_program_asset,secondary_snapshot；secondary_structured,校年值级补证；逐名名单索引；逐字段校年台账,reachable,200.0,2026-10-09,https://jiuxianzai.oss-cn-beijing.aliyuncs.com/kaoyan/2024/04/18/8df1f60229e94fd6828f286e89ca8140.png,[S0321] 2024年中国药科大学应统拟录取名单. 2024年中国药科大学应统拟录取名单[EB/OL]. (2026-10-09)[2026-10-09]. https://jiuxianzai.oss-cn-beijing.aliyuncs.com/kaoyan/2024/04/18/8df1f60229e94fd6828f286e89ca8140.png
S0322,2024年武理应统录取结果名单,2024年武理应统录取结果名单,retained_structured_title,武汉理工大学,2024,admission/复录比；admission/复试人数；admission/拟录取中位；admission/拟录取人数；admission/拟录取最低；admission/拟录取最高；admission/本科背景状态；逐名复试/录取名单,mini_program_asset,secondary_snapshot；secondary_structured,逐名名单索引；逐字段校年台账,reachable,200.0,2026-10-09,https://jiuxianzai.oss-cn-beijing.aliyuncs.com/kaoyan/2024/04/18/f3c97ea9b06b402aa73e3adaa699e1e5.png,[S0322] 2024年武理应统录取结果名单. 2024年武理应统录取结果名单[EB/OL]. (2026-10-09)[2026-10-09]. https://jiuxianzai.oss-cn-beijing.aliyuncs.com/kaoyan/2024/04/18/f3c97ea9b06b402aa73e3adaa699e1e5.png
S0323,2024年数统学院应统录取结果名单,2024年数统学院应统录取结果名单,retained_structured_title,西安交通大学,2024,逐名名单图像；逐名复试/录取名单,mini_program_asset,secondary_structured,校年值级补证；逐名名单索引,not_checked,,2026-10-09,https://jiuxianzai.oss-cn-beijing.aliyuncs.com/kaoyan/2024/04/28/183fd03d47b74e8d8b37dae1dc03cf96.png,[S0323] 2024年数统学院应统录取结果名单. 2024年数统学院应统录取结果名单[EB/OL]. (2026-10-09)[2026-10-09]. https://jiuxianzai.oss-cn-beijing.aliyuncs.com/kaoyan/2024/04/28/183fd03d47b74e8d8b37dae1dc03cf96.png
S0324,2024年人大统计学院应统复试名单,2024年人大统计学院应统复试名单,retained_structured_title,中国人民大学,2024,admission/复录比；admission/复试人数；admission/拟录取中位；admission/拟录取人数；admission/拟录取最低；admission/拟录取最高；admission/本科背景状态；逐名名单图像；逐名复试/录取名单,mini_program_asset,secondary_snapshot；secondary_structured,校年值级补证；逐名名单索引；逐字段校年台账,reachable,200.0,2026-10-09,https://jiuxianzai.oss-cn-beijing.aliyuncs.com/kaoyan/2024/05/01/126dc7bf6b5744a9b9b81311c5ea7c7b.png,[S0324] 2024年人大统计学院应统复试名单. 2024年人大统计学院应统复试名单[EB/OL]. (2026-10-09)[2026-10-09]. https://jiuxianzai.oss-cn-beijing.aliyuncs.com/kaoyan/2024/05/01/126dc7bf6b5744a9b9b81311c5ea7c7b.png
S0325,2024年郑州大学应统复试名单,2024年郑州大学应统复试名单,retained_structured_title,郑州大学,2024,admission/复录比；admission/复试人数；admission/拟录取中位；admission/拟录取人数；admission/拟录取最低；admission/拟录取最高；admission/本科背景状态；逐名名单图像；逐名复试/录取名单,mini_program_asset,secondary_snapshot；secondary_structured,校年值级补证；逐名名单索引；逐字段校年台账,reachable,200.0,2026-10-09,https://jiuxianzai.oss-cn-beijing.aliyuncs.com/kaoyan/2024/05/01/222f44e3390c44228ef1b20364d4b430.png,[S0325] 2024年郑州大学应统复试名单. 2024年郑州大学应统复试名单[EB/OL]. (2026-10-09)[2026-10-09]. https://jiuxianzai.oss-cn-beijing.aliyuncs.com/kaoyan/2024/05/01/222f44e3390c44228ef1b20364d4b430.png
S0326,2024年华电应统复试名单,2024年华电应统复试名单,retained_structured_title,华北电力大学,2024,admission/复录比；admission/复试人数；admission/拟录取中位；admission/拟录取人数；admission/拟录取最低；admission/拟录取最高；admission/本科背景状态；逐名名单图像；逐名复试/录取名单,mini_program_asset,secondary_snapshot；secondary_structured,校年值级补证；逐名名单索引；逐字段校年台账,reachable,200.0,2026-10-09,https://jiuxianzai.oss-cn-beijing.aliyuncs.com/kaoyan/2024/05/01/57218ecc7da2488bae715a5a57686822.png,[S0326] 2024年华电应统复试名单. 2024年华电应统复试名单[EB/OL]. (2026-10-09)[2026-10-09]. https://jiuxianzai.oss-cn-beijing.aliyuncs.com/kaoyan/2024/05/01/57218ecc7da2488bae715a5a57686822.png
S0327,2024年华农应统复试名单,2024年华农应统复试名单,retained_structured_title,华中农业大学,2024,admission/复录比；admission/复试人数；admission/拟录取中位；admission/拟录取人数；admission/拟录取最低；admission/拟录取最高；admission/本科背景状态；逐名名单图像；逐名复试/录取名单,mini_program_asset,secondary_snapshot；secondary_structured,校年值级补证；逐名名单索引；逐字段校年台账,reachable,200.0,2026-10-09,https://jiuxianzai.oss-cn-beijing.aliyuncs.com/kaoyan/2024/05/01/6c3d5b89996f4e05814544e90363cc17.png,[S0327] 2024年华农应统复试名单. 2024年华农应统复试名单[EB/OL]. (2026-10-09)[2026-10-09]. https://jiuxianzai.oss-cn-beijing.aliyuncs.com/kaoyan/2024/05/01/6c3d5b89996f4e05814544e90363cc17.png
S0328,2024年云南大学应统复试名单,2024年云南大学应统复试名单,retained_structured_title,云南大学,2024,逐名名单图像；逐名复试/录取名单,mini_program_asset,secondary_structured,校年值级补证；逐名名单索引,not_checked,,2026-10-09,https://jiuxianzai.oss-cn-beijing.aliyuncs.com/kaoyan/2024/05/01/6fca1920dfa84601b79cc655edcf44e1.png,[S0328] 2024年云南大学应统复试名单. 2024年云南大学应统复试名单[EB/OL]. (2026-10-09)[2026-10-09]. https://jiuxianzai.oss-cn-beijing.aliyuncs.com/kaoyan/2024/05/01/6fca1920dfa84601b79cc655edcf44e1.png
S0329,2024年安大应统复试名单,2024年安大应统复试名单,retained_structured_title,安徽大学,2024,逐名名单图像；逐名复试/录取名单,mini_program_asset,secondary_structured,校年值级补证；逐名名单索引,not_checked,,2026-10-09,https://jiuxianzai.oss-cn-beijing.aliyuncs.com/kaoyan/2024/05/01/88523e2be2d4424fa887d4ff7d068e51.png,[S0329] 2024年安大应统复试名单. 2024年安大应统复试名单[EB/OL]. (2026-10-09)[2026-10-09]. https://jiuxianzai.oss-cn-beijing.aliyuncs.com/kaoyan/2024/05/01/88523e2be2d4424fa887d4ff7d068e51.png
S0330,2024年中石油（克拉玛依）应统录取结果名单,2024年中石油（克拉玛依）应统录取结果名单,retained_structured_title,中国石油大学（北京）,2024,admission/复录比；admission/复试人数；admission/拟录取中位；admission/拟录取人数；admission/拟录取最低；admission/拟录取最高；admission/本科背景状态；逐名复试/录取名单,mini_program_asset,secondary_snapshot；secondary_structured,逐名名单索引；逐字段校年台账,reachable,200.0,2026-10-09,https://jiuxianzai.oss-cn-beijing.aliyuncs.com/kaoyan/2024/05/01/8cf9e0ea7dc047ffa3ce3ac0fad32364.png,[S0330] 2024年中石油（克拉玛依）应统录取结果名单. 2024年中石油（克拉玛依）应统录取结果名单[EB/OL]. (2026-10-09)[2026-10-09]. https://jiuxianzai.oss-cn-beijing.aliyuncs.com/kaoyan/2024/05/01/8cf9e0ea7dc047ffa3ce3ac0fad32364.png
S0331,2024年中科大应统录取结果名单,2024年中科大应统录取结果名单,retained_structured_title,中国科学技术大学,2024,admission/复录比；admission/复试人数；admission/拟录取中位；admission/拟录取人数；admission/拟录取最低；admission/拟录取最高；admission/本科背景状态；逐名名单图像；逐名复试/录取名单,mini_program_asset,secondary_snapshot；secondary_structured,校年值级补证；逐名名单索引；逐字段校年台账,reachable,200.0,2026-10-09,https://jiuxianzai.oss-cn-beijing.aliyuncs.com/kaoyan/2024/05/01/98f17db88f624a6cb598e27555721baf.png,[S0331] 2024年中科大应统录取结果名单. 2024年中科大应统录取结果名单[EB/OL]. (2026-10-09)[2026-10-09]. https://jiuxianzai.oss-cn-beijing.aliyuncs.com/kaoyan/2024/05/01/98f17db88f624a6cb598e27555721baf.png
S0332,2024上海大学理学院应统复试名单,2024上海大学理学院应统复试名单,retained_structured_title,上海大学,2024,逐名名单图像；逐名复试/录取名单,mini_program_asset,secondary_structured,校年值级补证；逐名名单索引,not_checked,,2026-10-09,https://jiuxianzai.oss-cn-beijing.aliyuncs.com/kaoyan/2024/05/01/be7f2c9feac6448eb567fe833648db77.png,[S0332] 2024上海大学理学院应统复试名单. 2024上海大学理学院应统复试名单[EB/OL]. (2026-10-09)[2026-10-09]. https://jiuxianzai.oss-cn-beijing.aliyuncs.com/kaoyan/2024/05/01/be7f2c9feac6448eb567fe833648db77.png
S0333,2024年人大统计与大数据学院应统复试名单,2024年人大统计与大数据学院应统复试名单,retained_structured_title,中国人民大学,2024,admission/复录比；admission/复试人数；admission/拟录取中位；admission/拟录取人数；admission/拟录取最低；admission/拟录取最高；admission/本科背景状态；逐名复试/录取名单,mini_program_asset,secondary_snapshot；secondary_structured,逐名名单索引；逐字段校年台账,reachable,200.0,2026-10-09,https://jiuxianzai.oss-cn-beijing.aliyuncs.com/kaoyan/2024/05/01/ccf28d76aaed4d30afe773738d90120d.png,[S0333] 2024年人大统计与大数据学院应统复试名单. 2024年人大统计与大数据学院应统复试名单[EB/OL]. (2026-10-09)[2026-10-09]. https://jiuxianzai.oss-cn-beijing.aliyuncs.com/kaoyan/2024/05/01/ccf28d76aaed4d30afe773738d90120d.png
S0334,2024上海大学经济学院应统拟录取名单,2024上海大学经济学院应统拟录取名单,retained_structured_title,上海大学,2024,逐名名单图像；逐名复试/录取名单,mini_program_asset,secondary_structured,校年值级补证；逐名名单索引,not_checked,,2026-10-09,https://jiuxianzai.oss-cn-beijing.aliyuncs.com/kaoyan/2024/05/01/facf9dff15fc480c930130ced2f908cd.png,[S0334] 2024上海大学经济学院应统拟录取名单. 2024上海大学经济学院应统拟录取名单[EB/OL]. (2026-10-09)[2026-10-09]. https://jiuxianzai.oss-cn-beijing.aliyuncs.com/kaoyan/2024/05/01/facf9dff15fc480c930130ced2f908cd.png
S0335,2024年北交应统录取结果名单,2024年北交应统录取结果名单,retained_structured_title,北京交通大学,2024,admission/复录比；admission/复试人数；admission/拟录取中位；admission/拟录取人数；admission/拟录取最低；admission/拟录取最高；admission/本科背景状态；逐名名单图像；逐名复试/录取名单,mini_program_asset,secondary_snapshot；secondary_structured,校年值级补证；逐名名单索引；逐字段校年台账,reachable,200.0,2026-10-09,https://jiuxianzai.oss-cn-beijing.aliyuncs.com/kaoyan/2024/05/02/78d5e5c4d465401c906e7ca9557c2f12.png,[S0335] 2024年北交应统录取结果名单. 2024年北交应统录取结果名单[EB/OL]. (2026-10-09)[2026-10-09]. https://jiuxianzai.oss-cn-beijing.aliyuncs.com/kaoyan/2024/05/02/78d5e5c4d465401c906e7ca9557c2f12.png
S0336,2024南昌大学应统复试名单,2024南昌大学应统复试名单,retained_structured_title,南昌大学,2024,admission/复录比；admission/复试人数；admission/拟录取中位；admission/拟录取人数；admission/拟录取最低；admission/拟录取最高；admission/本科背景状态；逐名名单图像；逐名复试/录取名单,mini_program_asset,secondary_snapshot；secondary_structured,校年值级补证；逐名名单索引；逐字段校年台账,reachable,200.0,2026-10-09,https://jiuxianzai.oss-cn-beijing.aliyuncs.com/kaoyan/2024/05/06/05e1af75ec3842b585ae513c4c89f212.png,[S0336] 2024南昌大学应统复试名单. 2024南昌大学应统复试名单[EB/OL]. (2026-10-09)[2026-10-09]. https://jiuxianzai.oss-cn-beijing.aliyuncs.com/kaoyan/2024/05/06/05e1af75ec3842b585ae513c4c89f212.png
S0337,2024华南师范数学科学学院应统复试名单,2024华南师范数学科学学院应统复试名单,retained_structured_title,华南师范大学,2024,admission/复录比；admission/复试人数；admission/拟录取中位；admission/拟录取人数；admission/拟录取最低；admission/拟录取最高；admission/本科背景状态；逐名复试/录取名单,mini_program_asset,secondary_snapshot；secondary_structured,逐名名单索引；逐字段校年台账,reachable,200.0,2026-10-09,https://jiuxianzai.oss-cn-beijing.aliyuncs.com/kaoyan/2024/05/06/1ff45452cd48413bbfd19b34c40634d7.png,[S0337] 2024华南师范数学科学学院应统复试名单. 2024华南师范数学科学学院应统复试名单[EB/OL]. (2026-10-09)[2026-10-09]. https://jiuxianzai.oss-cn-beijing.aliyuncs.com/kaoyan/2024/05/06/1ff45452cd48413bbfd19b34c40634d7.png
S0338,2024年中海洋应统复试名单,2024年中海洋应统复试名单,retained_structured_title,中国海洋大学,2024,逐名名单图像；逐名复试/录取名单,mini_program_asset,secondary_structured,校年值级补证；逐名名单索引,not_checked,,2026-10-09,https://jiuxianzai.oss-cn-beijing.aliyuncs.com/kaoyan/2024/05/06/392eaa385ae24793bfdaa60b1659b217.png,[S0338] 2024年中海洋应统复试名单. 2024年中海洋应统复试名单[EB/OL]. (2026-10-09)[2026-10-09]. https://jiuxianzai.oss-cn-beijing.aliyuncs.com/kaoyan/2024/05/06/392eaa385ae24793bfdaa60b1659b217.png
S0339,2024华南师范心理学院应统复试名单,2024华南师范心理学院应统复试名单,retained_structured_title,华南师范大学,2024,admission/复录比；admission/复试人数；admission/拟录取中位；admission/拟录取人数；admission/拟录取最低；admission/拟录取最高；admission/本科背景状态；逐名名单图像；逐名复试/录取名单,mini_program_asset,secondary_snapshot；secondary_structured,校年值级补证；逐名名单索引；逐字段校年台账,reachable,200.0,2026-10-09,https://jiuxianzai.oss-cn-beijing.aliyuncs.com/kaoyan/2024/05/06/af3a71bfc18f49ba86820f2d017e9b34.png,[S0339] 2024华南师范心理学院应统复试名单. 2024华南师范心理学院应统复试名单[EB/OL]. (2026-10-09)[2026-10-09]. https://jiuxianzai.oss-cn-beijing.aliyuncs.com/kaoyan/2024/05/06/af3a71bfc18f49ba86820f2d017e9b34.png
S0340,2024年华师大应统拟录取名单,2024年华师大应统拟录取名单,retained_structured_title,华东师范大学,2024,admission/复录比；admission/复试人数；admission/拟录取中位；admission/拟录取人数；admission/拟录取最低；admission/拟录取最高；admission/本科背景状态；逐名名单图像；逐名复试/录取名单,mini_program_asset,secondary_snapshot；secondary_structured,校年值级补证；逐名名单索引；逐字段校年台账,reachable,200.0,2026-10-09,https://jiuxianzai.oss-cn-beijing.aliyuncs.com/kaoyan/2024/05/08/21583573d37f4db1a876a8dd114f37b2.png,[S0340] 2024年华师大应统拟录取名单. 2024年华师大应统拟录取名单[EB/OL]. (2026-10-09)[2026-10-09]. https://jiuxianzai.oss-cn-beijing.aliyuncs.com/kaoyan/2024/05/08/21583573d37f4db1a876a8dd114f37b2.png
S0341,2024年复旦上海数学中心应统拟录取名单,2024年复旦上海数学中心应统拟录取名单,retained_structured_title,复旦大学,2024,逐名名单图像；逐名复试/录取名单,mini_program_asset,secondary_structured,校年值级补证；逐名名单索引,not_checked,,2026-10-09,https://jiuxianzai.oss-cn-beijing.aliyuncs.com/kaoyan/2024/05/08/27206583f1e04715b98587f9fe49b11d.png,[S0341] 2024年复旦上海数学中心应统拟录取名单. 2024年复旦上海数学中心应统拟录取名单[EB/OL]. (2026-10-09)[2026-10-09]. https://jiuxianzai.oss-cn-beijing.aliyuncs.com/kaoyan/2024/05/08/27206583f1e04715b98587f9fe49b11d.png
S0342,2024年复旦大数据学院应统拟录取名单,2024年复旦大数据学院应统拟录取名单,retained_structured_title,复旦大学,2024,逐名复试/录取名单,mini_program_asset,secondary_structured,逐名名单索引,not_checked,,2026-10-09,https://jiuxianzai.oss-cn-beijing.aliyuncs.com/kaoyan/2024/05/08/3b312b93eec84f3c913f1d13f0a8cc92.png,[S0342] 2024年复旦大数据学院应统拟录取名单. 2024年复旦大数据学院应统拟录取名单[EB/OL]. (2026-10-09)[2026-10-09]. https://jiuxianzai.oss-cn-beijing.aliyuncs.com/kaoyan/2024/05/08/3b312b93eec84f3c913f1d13f0a8cc92.png
S0343,2024年复旦数院应统拟录取名单,2024年复旦数院应统拟录取名单,retained_structured_title,复旦大学,2024,逐名名单图像；逐名复试/录取名单,mini_program_asset,secondary_structured,校年值级补证；逐名名单索引,not_checked,,2026-10-09,https://jiuxianzai.oss-cn-beijing.aliyuncs.com/kaoyan/2024/05/08/9f8ad51d1a3f42a8bb3171690e64ec06.png,[S0343] 2024年复旦数院应统拟录取名单. 2024年复旦数院应统拟录取名单[EB/OL]. (2026-10-09)[2026-10-09]. https://jiuxianzai.oss-cn-beijing.aliyuncs.com/kaoyan/2024/05/08/9f8ad51d1a3f42a8bb3171690e64ec06.png
S0344,2024年清华大学应统拟录取名单,2024年清华大学应统拟录取名单,retained_structured_title,清华大学,2024,admission/复录比；admission/复试人数；admission/拟录取中位；admission/拟录取人数；admission/拟录取最低；admission/拟录取最高；admission/本科背景状态；逐名名单图像；逐名复试/录取名单,mini_program_asset,secondary_snapshot；secondary_structured,校年值级补证；逐名名单索引；逐字段校年台账,reachable,200.0,2026-10-09,https://jiuxianzai.oss-cn-beijing.aliyuncs.com/kaoyan/2024/05/08/ec71af13daf449faa89cdbcd200dd6d9.png,[S0344] 2024年清华大学应统拟录取名单. 2024年清华大学应统拟录取名单[EB/OL]. (2026-10-09)[2026-10-09]. https://jiuxianzai.oss-cn-beijing.aliyuncs.com/kaoyan/2024/05/08/ec71af13daf449faa89cdbcd200dd6d9.png
S0345,2024陕西师范应统复试名单,2024陕西师范应统复试名单,retained_structured_title,陕西师范大学,2024,admission/拟录取中位；admission/拟录取人数；admission/拟录取最低；admission/拟录取最高；admission/本科背景状态；逐名名单图像；逐名复试/录取名单,mini_program_asset,secondary_snapshot；secondary_structured,校年值级补证；逐名名单索引；逐字段校年台账,reachable,200.0,2026-10-09,https://jiuxianzai.oss-cn-beijing.aliyuncs.com/kaoyan/2024/05/08/ef6008dcf95240f798d770fb6808388d.png,[S0345] 2024陕西师范应统复试名单. 2024陕西师范应统复试名单[EB/OL]. (2026-10-09)[2026-10-09]. https://jiuxianzai.oss-cn-beijing.aliyuncs.com/kaoyan/2024/05/08/ef6008dcf95240f798d770fb6808388d.png
S0346,2024年重庆大学应统复试名单,2024年重庆大学应统复试名单,retained_structured_title,重庆大学,2024,admission/拟录取中位；admission/拟录取人数；admission/拟录取最低；admission/拟录取最高；admission/本科背景状态；逐名名单图像；逐名复试/录取名单,mini_program_asset,secondary_snapshot；secondary_structured,校年值级补证；逐名名单索引；逐字段校年台账,reachable,200.0,2026-10-09,https://jiuxianzai.oss-cn-beijing.aliyuncs.com/kaoyan/2024/05/11/078da1507b96413d837047e3c132587f.png,[S0346] 2024年重庆大学应统复试名单. 2024年重庆大学应统复试名单[EB/OL]. (2026-10-09)[2026-10-09]. https://jiuxianzai.oss-cn-beijing.aliyuncs.com/kaoyan/2024/05/11/078da1507b96413d837047e3c132587f.png
S0347,2024年东南大学应统复试名单,2024年东南大学应统复试名单,retained_structured_title,东南大学,2024,admission/复录比；admission/复试人数；admission/拟录取中位；admission/拟录取人数；admission/拟录取最低；admission/拟录取最高；admission/本科背景状态；逐名名单图像；逐名复试/录取名单,mini_program_asset,secondary_snapshot；secondary_structured,校年值级补证；逐名名单索引；逐字段校年台账,reachable,200.0,2026-10-09,https://jiuxianzai.oss-cn-beijing.aliyuncs.com/kaoyan/2024/05/19/0a75f75ff4f345beb50e955efc2a5873.png,[S0347] 2024年东南大学应统复试名单. 2024年东南大学应统复试名单[EB/OL]. (2026-10-09)[2026-10-09]. https://jiuxianzai.oss-cn-beijing.aliyuncs.com/kaoyan/2024/05/19/0a75f75ff4f345beb50e955efc2a5873.png
S0348,2024年辽大经济学院应统复试名单,2024年辽大经济学院应统复试名单,retained_structured_title,辽宁大学,2024,admission/复录比；admission/复试人数；admission/拟录取中位；admission/拟录取人数；admission/拟录取最低；admission/拟录取最高；admission/本科背景状态；逐名复试/录取名单,mini_program_asset,secondary_snapshot；secondary_structured,逐名名单索引；逐字段校年台账,reachable,200.0,2026-10-09,https://jiuxianzai.oss-cn-beijing.aliyuncs.com/kaoyan/2024/05/19/378d2a9594cc45dabd2d62b4abf3b4e3.png,[S0348] 2024年辽大经济学院应统复试名单. 2024年辽大经济学院应统复试名单[EB/OL]. (2026-10-09)[2026-10-09]. https://jiuxianzai.oss-cn-beijing.aliyuncs.com/kaoyan/2024/05/19/378d2a9594cc45dabd2d62b4abf3b4e3.png
S0349,2024年川大经济学院应统复试名单,2024年川大经济学院应统复试名单,retained_structured_title,四川大学,2024,admission/复录比；admission/复试人数；admission/拟录取中位；admission/拟录取人数；admission/拟录取最低；admission/拟录取最高；admission/本科背景状态；逐名名单图像；逐名复试/录取名单,mini_program_asset,secondary_snapshot；secondary_structured,校年值级补证；逐名名单索引；逐字段校年台账,reachable,200.0,2026-10-09,https://jiuxianzai.oss-cn-beijing.aliyuncs.com/kaoyan/2024/05/19/5225fdd1ae9445ac9cf33cb068b8616f.png,[S0349] 2024年川大经济学院应统复试名单. 2024年川大经济学院应统复试名单[EB/OL]. (2026-10-09)[2026-10-09]. https://jiuxianzai.oss-cn-beijing.aliyuncs.com/kaoyan/2024/05/19/5225fdd1ae9445ac9cf33cb068b8616f.png
S0350,2024年北林应统复试名单,2024年北林应统复试名单,retained_structured_title,北京林业大学,2024,逐名名单图像；逐名复试/录取名单,mini_program_asset,secondary_structured,校年值级补证；逐名名单索引,not_checked,,2026-10-09,https://jiuxianzai.oss-cn-beijing.aliyuncs.com/kaoyan/2024/05/19/5a7b55cae73a4971bf0f91515708ef77.png,[S0350] 2024年北林应统复试名单. 2024年北林应统复试名单[EB/OL]. (2026-10-09)[2026-10-09]. https://jiuxianzai.oss-cn-beijing.aliyuncs.com/kaoyan/2024/05/19/5a7b55cae73a4971bf0f91515708ef77.png
S0351,2024四川大学-数学学院应统复试名单,2024四川大学-数学学院应统复试名单,retained_structured_title,四川大学,2024,admission/复录比；admission/复试人数；admission/拟录取中位；admission/拟录取人数；admission/拟录取最低；admission/拟录取最高；admission/本科背景状态；逐名名单图像；逐名复试/录取名单,mini_program_asset,secondary_snapshot；secondary_structured,校年值级补证；逐名名单索引；逐字段校年台账,reachable,200.0,2026-10-09,https://jiuxianzai.oss-cn-beijing.aliyuncs.com/kaoyan/2024/05/19/da9257afdffe4595981244682d25d7fb.png,[S0351] 2024四川大学-数学学院应统复试名单. 2024四川大学-数学学院应统复试名单[EB/OL]. (2026-10-09)[2026-10-09]. https://jiuxianzai.oss-cn-beijing.aliyuncs.com/kaoyan/2024/05/19/da9257afdffe4595981244682d25d7fb.png
S0352,2024年辽宁大学数学与统计学院应统复试名单,2024年辽宁大学数学与统计学院应统复试名单,retained_structured_title,辽宁大学,2024,admission/复录比；admission/复试人数；admission/拟录取中位；admission/拟录取人数；admission/拟录取最低；admission/拟录取最高；admission/本科背景状态；逐名名单图像；逐名复试/录取名单,mini_program_asset,secondary_snapshot；secondary_structured,校年值级补证；逐名名单索引；逐字段校年台账,reachable,200.0,2026-10-09,https://jiuxianzai.oss-cn-beijing.aliyuncs.com/kaoyan/2024/05/19/f352a6406ef8429ebebd4bc233764f69.png,[S0352] 2024年辽宁大学数学与统计学院应统复试名单. 2024年辽宁大学数学与统计学院应统复试名单[EB/OL]. (2026-10-09)[2026-10-09]. https://jiuxianzai.oss-cn-beijing.aliyuncs.com/kaoyan/2024/05/19/f352a6406ef8429ebebd4bc233764f69.png
S0353,2022年南京大学录取结果名单,2022年南京大学录取结果名单,retained_structured_title,南京大学,2022,逐名名单图像；逐名复试/录取名单,mini_program_asset,secondary_structured,校年值级补证；逐名名单索引,not_checked,,2026-10-09,https://jiuxianzai.oss-cn-beijing.aliyuncs.com/kaoyan/2024/05/28/0897623565fa41a3b0190e102bda8ee8.png,[S0353] 2022年南京大学录取结果名单. 2022年南京大学录取结果名单[EB/OL]. (2026-10-09)[2026-10-09]. https://jiuxianzai.oss-cn-beijing.aliyuncs.com/kaoyan/2024/05/28/0897623565fa41a3b0190e102bda8ee8.png
S0354,2022年东南大学应统复试名单,2022年东南大学应统复试名单,retained_structured_title,东南大学,2022,admission/复录比；admission/复试人数；admission/拟录取中位；admission/拟录取人数；admission/拟录取最高；admission/本科背景状态；逐名名单图像；逐名复试/录取名单,mini_program_asset,secondary_snapshot；secondary_structured,校年值级补证；逐名名单索引；逐字段校年台账,reachable,200.0,2026-10-09,https://jiuxianzai.oss-cn-beijing.aliyuncs.com/kaoyan/2024/05/28/6ca57aa6f6c0426882eaecacad809d7c.png,[S0354] 2022年东南大学应统复试名单. 2022年东南大学应统复试名单[EB/OL]. (2026-10-09)[2026-10-09]. https://jiuxianzai.oss-cn-beijing.aliyuncs.com/kaoyan/2024/05/28/6ca57aa6f6c0426882eaecacad809d7c.png
S0355,2023年东南大学应统复试名单,2023年东南大学应统复试名单,retained_structured_title,东南大学,2023,admission/复录比；admission/复试人数；admission/拟录取中位；admission/拟录取人数；admission/拟录取最低；admission/拟录取最高；admission/本科背景状态；逐名名单图像；逐名复试/录取名单,mini_program_asset,secondary_snapshot；secondary_structured,校年值级补证；逐名名单索引；逐字段校年台账,reachable,200.0,2026-10-09,https://jiuxianzai.oss-cn-beijing.aliyuncs.com/kaoyan/2024/05/28/862cbda2d04445668ab122a9866801e7.png,[S0355] 2023年东南大学应统复试名单. 2023年东南大学应统复试名单[EB/OL]. (2026-10-09)[2026-10-09]. https://jiuxianzai.oss-cn-beijing.aliyuncs.com/kaoyan/2024/05/28/862cbda2d04445668ab122a9866801e7.png
S0356,2023年南京大学录取结果名单,2023年南京大学录取结果名单,retained_structured_title,南京大学,2023,admission/复录比；admission/复试人数；admission/拟录取中位；admission/拟录取人数；admission/拟录取最低；admission/拟录取最高；admission/本科背景状态；逐名名单图像；逐名复试/录取名单,mini_program_asset,secondary_snapshot；secondary_structured,校年值级补证；逐名名单索引；逐字段校年台账,reachable,200.0,2026-10-09,https://jiuxianzai.oss-cn-beijing.aliyuncs.com/kaoyan/2024/05/28/d44e30280b8a49ee98212d586aee1c65.png,[S0356] 2023年南京大学录取结果名单. 2023年南京大学录取结果名单[EB/OL]. (2026-10-09)[2026-10-09]. https://jiuxianzai.oss-cn-beijing.aliyuncs.com/kaoyan/2024/05/28/d44e30280b8a49ee98212d586aee1c65.png
S0357,2024年珠海校区02方向拟录取名单,2024年珠海校区02方向拟录取名单,retained_structured_title,北京师范大学,2024,admission/复录比；admission/复试人数；admission/拟录取中位；admission/拟录取人数；admission/拟录取最低；admission/拟录取最高；admission/本科背景状态；逐名名单图像；逐名复试/录取名单,mini_program_asset,secondary_snapshot；secondary_structured,校年值级补证；逐名名单索引；逐字段校年台账,reachable,200.0,2026-10-09,https://jiuxianzai.oss-cn-beijing.aliyuncs.com/kaoyan/2024/05/29/aa2dd16d9b5f4283971264a2571644eb.png,[S0357] 2024年珠海校区02方向拟录取名单. 2024年珠海校区02方向拟录取名单[EB/OL]. (2026-10-09)[2026-10-09]. https://jiuxianzai.oss-cn-beijing.aliyuncs.com/kaoyan/2024/05/29/aa2dd16d9b5f4283971264a2571644eb.png
S0358,2024年珠海校区03方向拟录取名单,2024年珠海校区03方向拟录取名单,retained_structured_title,北京师范大学,2024,admission/复录比；admission/复试人数；admission/拟录取中位；admission/拟录取人数；admission/拟录取最低；admission/拟录取最高；admission/本科背景状态；逐名名单图像；逐名复试/录取名单,mini_program_asset,secondary_snapshot；secondary_structured,校年值级补证；逐名名单索引；逐字段校年台账,reachable,200.0,2026-10-09,https://jiuxianzai.oss-cn-beijing.aliyuncs.com/kaoyan/2024/05/29/f337fccaafb64815b73f7f181f937611.png,[S0358] 2024年珠海校区03方向拟录取名单. 2024年珠海校区03方向拟录取名单[EB/OL]. (2026-10-09)[2026-10-09]. https://jiuxianzai.oss-cn-beijing.aliyuncs.com/kaoyan/2024/05/29/f337fccaafb64815b73f7f181f937611.png
S0359,2024年统计与管理学院B组应统拟录取名单,2024年统计与管理学院B组应统拟录取名单,retained_structured_title,上海财经大学,2024,admission/复录比；admission/复试人数；admission/拟录取中位；admission/拟录取人数；admission/拟录取最低；admission/拟录取最高；admission/本科背景状态；逐名名单图像；逐名复试/录取名单,mini_program_asset,secondary_snapshot；secondary_structured,校年值级补证；逐名名单索引；逐字段校年台账,reachable,200.0,2026-10-09,https://jiuxianzai.oss-cn-beijing.aliyuncs.com/kaoyan/2024/05/30/a729756b39804560800586041d60c15c.png,[S0359] 2024年统计与管理学院B组应统拟录取名单. 2024年统计与管理学院B组应统拟录取名单[EB/OL]. (2026-10-09)[2026-10-09]. https://jiuxianzai.oss-cn-beijing.aliyuncs.com/kaoyan/2024/05/30/a729756b39804560800586041d60c15c.png
S0360,2023年统计与管理学院B组应统拟录取名单,2023年统计与管理学院B组应统拟录取名单,retained_structured_title,上海财经大学,2023,逐名名单图像；逐名复试/录取名单,mini_program_asset,secondary_structured,校年值级补证；逐名名单索引,not_checked,,2026-10-09,https://jiuxianzai.oss-cn-beijing.aliyuncs.com/kaoyan/2024/11/05/4843983dcbf14b3fbb9a940e74e8fb1b.png,[S0360] 2023年统计与管理学院B组应统拟录取名单. 2023年统计与管理学院B组应统拟录取名单[EB/OL]. (2026-10-09)[2026-10-09]. https://jiuxianzai.oss-cn-beijing.aliyuncs.com/kaoyan/2024/11/05/4843983dcbf14b3fbb9a940e74e8fb1b.png
S0361,2025年大连理工大学应统拟录取名单,2025年大连理工大学应统拟录取名单,retained_structured_title,大连理工大学,2025,admission/复录比；admission/复试人数；admission/拟录取中位；admission/拟录取人数；admission/拟录取最低；admission/拟录取最高；admission/本科背景状态；逐名名单图像；逐名复试/录取名单,mini_program_asset,secondary_snapshot；secondary_structured,校年值级补证；逐名名单索引；逐字段校年台账,reachable,200.0,2026-10-09,https://jiuxianzai.oss-cn-beijing.aliyuncs.com/kaoyan/2025/04/03/0e65a1827f0647d9a902b51073724bc3.png,[S0361] 2025年大连理工大学应统拟录取名单. 2025年大连理工大学应统拟录取名单[EB/OL]. (2026-10-09)[2026-10-09]. https://jiuxianzai.oss-cn-beijing.aliyuncs.com/kaoyan/2025/04/03/0e65a1827f0647d9a902b51073724bc3.png
S0362,2025年湖南大学应统录取结果名单,2025年湖南大学应统录取结果名单,retained_structured_title,湖南大学,2025,逐名名单图像；逐名复试/录取名单,mini_program_asset,secondary_structured,校年值级补证；逐名名单索引,not_checked,,2026-10-09,https://jiuxianzai.oss-cn-beijing.aliyuncs.com/kaoyan/2025/04/03/3ba00dbbff81409fabfa53bcdc7627bc.png,[S0362] 2025年湖南大学应统录取结果名单. 2025年湖南大学应统录取结果名单[EB/OL]. (2026-10-09)[2026-10-09]. https://jiuxianzai.oss-cn-beijing.aliyuncs.com/kaoyan/2025/04/03/3ba00dbbff81409fabfa53bcdc7627bc.png
S0363,2025年武大应统录取结果名单,2025年武大应统录取结果名单,retained_structured_title,武汉大学,2025,逐名名单图像；逐名复试/录取名单,mini_program_asset,secondary_structured,校年值级补证；逐名名单索引,not_checked,,2026-10-09,https://jiuxianzai.oss-cn-beijing.aliyuncs.com/kaoyan/2025/04/03/3f3998057c2e455c8fd5571125f2591a.png,[S0363] 2025年武大应统录取结果名单. 2025年武大应统录取结果名单[EB/OL]. (2026-10-09)[2026-10-09]. https://jiuxianzai.oss-cn-beijing.aliyuncs.com/kaoyan/2025/04/03/3f3998057c2e455c8fd5571125f2591a.png
S0364,2025年华科应统复试名单,2025年华科应统复试名单,retained_structured_title,华中科技大学,2025,admission/复录比；admission/复试人数；admission/拟录取中位；admission/拟录取人数；admission/拟录取最低；admission/拟录取最高；admission/本科背景状态；逐名名单图像；逐名复试/录取名单,mini_program_asset,secondary_snapshot；secondary_structured,校年值级补证；逐名名单索引；逐字段校年台账,reachable,200.0,2026-10-09,https://jiuxianzai.oss-cn-beijing.aliyuncs.com/kaoyan/2025/04/03/55129b2aaf0349f89b756967ff9e48ad.png,[S0364] 2025年华科应统复试名单. 2025年华科应统复试名单[EB/OL]. (2026-10-09)[2026-10-09]. https://jiuxianzai.oss-cn-beijing.aliyuncs.com/kaoyan/2025/04/03/55129b2aaf0349f89b756967ff9e48ad.png
S0365,2025年中山应统录取结果名单,2025年中山应统录取结果名单,retained_structured_title,中山大学,2025,admission/复录比；admission/复试人数；admission/拟录取中位；admission/拟录取人数；admission/拟录取最低；admission/拟录取最高；admission/本科背景状态；逐名名单图像；逐名复试/录取名单,mini_program_asset,secondary_snapshot；secondary_structured,校年值级补证；逐名名单索引；逐字段校年台账,reachable,200.0,2026-10-09,https://jiuxianzai.oss-cn-beijing.aliyuncs.com/kaoyan/2025/04/03/8a8fb43e1ccc45ab80ba625c8ab65ba0.png,[S0365] 2025年中山应统录取结果名单. 2025年中山应统录取结果名单[EB/OL]. (2026-10-09)[2026-10-09]. https://jiuxianzai.oss-cn-beijing.aliyuncs.com/kaoyan/2025/04/03/8a8fb43e1ccc45ab80ba625c8ab65ba0.png
S0366,2025年中南大学应统录取结果名单,2025年中南大学应统录取结果名单,retained_structured_title,中南大学,2025,admission/复录比；admission/复试人数；admission/拟录取中位；admission/拟录取人数；admission/拟录取最低；admission/拟录取最高；admission/本科背景状态；逐名名单图像；逐名复试/录取名单,mini_program_asset,secondary_snapshot；secondary_structured,校年值级补证；逐名名单索引；逐字段校年台账,reachable,200.0,2026-10-09,https://jiuxianzai.oss-cn-beijing.aliyuncs.com/kaoyan/2025/04/03/96abe37add584415b45f755cc7043018.png,[S0366] 2025年中南大学应统录取结果名单. 2025年中南大学应统录取结果名单[EB/OL]. (2026-10-09)[2026-10-09]. https://jiuxianzai.oss-cn-beijing.aliyuncs.com/kaoyan/2025/04/03/96abe37add584415b45f755cc7043018.png
S0367,2025年兰大应统一志愿录取结果,2025年兰大应统一志愿录取结果,retained_structured_title,兰州大学,2025,逐名名单图像；逐名复试/录取名单,mini_program_asset,secondary_structured,校年值级补证；逐名名单索引,not_checked,,2026-10-09,https://jiuxianzai.oss-cn-beijing.aliyuncs.com/kaoyan/2025/04/03/ed57c49d9c904aadbdb1a2ae5348930f.png,[S0367] 2025年兰大应统一志愿录取结果. 2025年兰大应统一志愿录取结果[EB/OL]. (2026-10-09)[2026-10-09]. https://jiuxianzai.oss-cn-beijing.aliyuncs.com/kaoyan/2025/04/03/ed57c49d9c904aadbdb1a2ae5348930f.png
S0368,2025年中山（珠海）应统录取结果名单,2025年中山（珠海）应统录取结果名单,retained_structured_title,中山大学,2025,admission/复录比；admission/复试人数；admission/拟录取中位；admission/拟录取人数；admission/拟录取最低；admission/拟录取最高；admission/本科背景状态；逐名名单图像；逐名复试/录取名单,mini_program_asset,secondary_snapshot；secondary_structured,校年值级补证；逐名名单索引；逐字段校年台账,reachable,200.0,2026-10-09,https://jiuxianzai.oss-cn-beijing.aliyuncs.com/kaoyan/2025/04/03/fcbc1db47b7940d8a4278b9559834a57.png,[S0368] 2025年中山（珠海）应统录取结果名单. 2025年中山（珠海）应统录取结果名单[EB/OL]. (2026-10-09)[2026-10-09]. https://jiuxianzai.oss-cn-beijing.aliyuncs.com/kaoyan/2025/04/03/fcbc1db47b7940d8a4278b9559834a57.png
S0369,2025年哈工大应统录取结果名单,2025年哈工大应统录取结果名单,retained_structured_title,哈尔滨工业大学,2025,admission/复录比；admission/复试人数；admission/拟录取中位；admission/拟录取人数；admission/拟录取最低；admission/拟录取最高；admission/本科背景状态；逐名名单图像；逐名复试/录取名单,mini_program_asset,secondary_snapshot；secondary_structured,校年值级补证；逐名名单索引；逐字段校年台账,reachable,200.0,2026-10-09,https://jiuxianzai.oss-cn-beijing.aliyuncs.com/kaoyan/2025/04/04/16d988dc5a2f4988812e145822132d84.png,[S0369] 2025年哈工大应统录取结果名单. 2025年哈工大应统录取结果名单[EB/OL]. (2026-10-09)[2026-10-09]. https://jiuxianzai.oss-cn-beijing.aliyuncs.com/kaoyan/2025/04/04/16d988dc5a2f4988812e145822132d84.png
S0370,2025年西北工大应统录取名单,2025年西北工大应统录取名单,retained_structured_title,西北工业大学,2025,admission/复录比；admission/复试人数；admission/拟录取中位；admission/拟录取人数；admission/拟录取最低；admission/拟录取最高；admission/本科背景状态；逐名名单图像；逐名复试/录取名单,mini_program_asset,secondary_snapshot；secondary_structured,校年值级补证；逐名名单索引；逐字段校年台账,reachable,200.0,2026-10-09,https://jiuxianzai.oss-cn-beijing.aliyuncs.com/kaoyan/2025/04/04/2e5e39af89ba44caa0c2ae6b843e7834.png,[S0370] 2025年西北工大应统录取名单. 2025年西北工大应统录取名单[EB/OL]. (2026-10-09)[2026-10-09]. https://jiuxianzai.oss-cn-beijing.aliyuncs.com/kaoyan/2025/04/04/2e5e39af89ba44caa0c2ae6b843e7834.png
S0371,2025年中科大应统录取结果名单,2025年中科大应统录取结果名单,retained_structured_title,中国科学技术大学,2025,admission/复录比；admission/复试人数；admission/拟录取中位；admission/拟录取人数；admission/拟录取最低；admission/拟录取最高；admission/本科背景状态；逐名名单图像；逐名复试/录取名单,mini_program_asset,secondary_snapshot；secondary_structured,校年值级补证；逐名名单索引；逐字段校年台账,reachable,200.0,2026-10-09,https://jiuxianzai.oss-cn-beijing.aliyuncs.com/kaoyan/2025/04/04/3148b02d516d49259fb8c9762e14a9d3.png,[S0371] 2025年中科大应统录取结果名单. 2025年中科大应统录取结果名单[EB/OL]. (2026-10-09)[2026-10-09]. https://jiuxianzai.oss-cn-beijing.aliyuncs.com/kaoyan/2025/04/04/3148b02d516d49259fb8c9762e14a9d3.png
S0372,2025四川大学-数学学院应统复试名单,2025四川大学-数学学院应统复试名单,retained_structured_title,四川大学,2025,逐名名单图像；逐名复试/录取名单,mini_program_asset,secondary_structured,校年值级补证；逐名名单索引,not_checked,,2026-10-09,https://jiuxianzai.oss-cn-beijing.aliyuncs.com/kaoyan/2025/04/04/461d6083c47a4a10a2d1c902c5feae54.png,[S0372] 2025四川大学-数学学院应统复试名单. 2025四川大学-数学学院应统复试名单[EB/OL]. (2026-10-09)[2026-10-09]. https://jiuxianzai.oss-cn-beijing.aliyuncs.com/kaoyan/2025/04/04/461d6083c47a4a10a2d1c902c5feae54.png
S0373,2025年金融研究院应统录取结果名单,2025年金融研究院应统录取结果名单,retained_structured_title,山东大学,2025,逐名名单图像；逐名复试/录取名单,mini_program_asset,secondary_structured,校年值级补证；逐名名单索引,not_checked,,2026-10-09,https://jiuxianzai.oss-cn-beijing.aliyuncs.com/kaoyan/2025/04/04/5e89d0b3a7e2488c8aaa2f8db53e3e55.png,[S0373] 2025年金融研究院应统录取结果名单. 2025年金融研究院应统录取结果名单[EB/OL]. (2026-10-09)[2026-10-09]. https://jiuxianzai.oss-cn-beijing.aliyuncs.com/kaoyan/2025/04/04/5e89d0b3a7e2488c8aaa2f8db53e3e55.png
S0374,2025年经济研究院录取结果名单,2025年经济研究院录取结果名单,retained_structured_title,山东大学,2025,逐名复试/录取名单,mini_program_asset,secondary_structured,逐名名单索引,not_checked,,2026-10-09,https://jiuxianzai.oss-cn-beijing.aliyuncs.com/kaoyan/2025/04/04/7a55c22494c94125aa6cb37183611d39.png,[S0374] 2025年经济研究院录取结果名单. 2025年经济研究院录取结果名单[EB/OL]. (2026-10-09)[2026-10-09]. https://jiuxianzai.oss-cn-beijing.aliyuncs.com/kaoyan/2025/04/04/7a55c22494c94125aa6cb37183611d39.png
S0375,2025年川大经济学院应统复试名单,2025年川大经济学院应统复试名单,retained_structured_title,四川大学,2025,逐名名单图像；逐名复试/录取名单,mini_program_asset,secondary_structured,校年值级补证；逐名名单索引,not_checked,,2026-10-09,https://jiuxianzai.oss-cn-beijing.aliyuncs.com/kaoyan/2025/04/04/c96789e409c64abab608abc89288f03e.png,[S0375] 2025年川大经济学院应统复试名单. 2025年川大经济学院应统复试名单[EB/OL]. (2026-10-09)[2026-10-09]. https://jiuxianzai.oss-cn-beijing.aliyuncs.com/kaoyan/2025/04/04/c96789e409c64abab608abc89288f03e.png
S0376,2025年数据科学研究院应统录取结果名单,2025年数据科学研究院应统录取结果名单,retained_structured_title,山东大学,2025,逐名复试/录取名单,mini_program_asset,secondary_structured,逐名名单索引,not_checked,,2026-10-09,https://jiuxianzai.oss-cn-beijing.aliyuncs.com/kaoyan/2025/04/04/d86c85a7eb444077bcaf83fe882710d8.png,[S0376] 2025年数据科学研究院应统录取结果名单. 2025年数据科学研究院应统录取结果名单[EB/OL]. (2026-10-09)[2026-10-09]. https://jiuxianzai.oss-cn-beijing.aliyuncs.com/kaoyan/2025/04/04/d86c85a7eb444077bcaf83fe882710d8.png
S0377,2025年珠海校区03方向拟录取名单,2025年珠海校区03方向拟录取名单,retained_structured_title,北京师范大学,2025,admission/复录比；admission/复试人数；admission/拟录取中位；admission/拟录取人数；admission/拟录取最低；admission/拟录取最高；admission/本科背景状态；逐名名单图像；逐名复试/录取名单,mini_program_asset,secondary_snapshot；secondary_structured,校年值级补证；逐名名单索引；逐字段校年台账,reachable,200.0,2026-10-09,https://jiuxianzai.oss-cn-beijing.aliyuncs.com/kaoyan/2025/04/07/02d49fc1f02f4b628430b471cc46b7a0.png,[S0377] 2025年珠海校区03方向拟录取名单. 2025年珠海校区03方向拟录取名单[EB/OL]. (2026-10-09)[2026-10-09]. https://jiuxianzai.oss-cn-beijing.aliyuncs.com/kaoyan/2025/04/07/02d49fc1f02f4b628430b471cc46b7a0.png
S0378,2025年西南交通应统录取结果名单,2025年西南交通应统录取结果名单,retained_structured_title,西南交通大学,2025,admission/复录比；admission/复试人数；admission/拟录取中位；admission/拟录取人数；admission/拟录取最低；admission/拟录取最高；admission/本科背景状态；逐名名单图像；逐名复试/录取名单,mini_program_asset,secondary_snapshot；secondary_structured,校年值级补证；逐名名单索引；逐字段校年台账,reachable,200.0,2026-10-09,https://jiuxianzai.oss-cn-beijing.aliyuncs.com/kaoyan/2025/04/07/03df13c2084f42b5b8d9bee85808735f.png,[S0378] 2025年西南交通应统录取结果名单. 2025年西南交通应统录取结果名单[EB/OL]. (2026-10-09)[2026-10-09]. https://jiuxianzai.oss-cn-beijing.aliyuncs.com/kaoyan/2025/04/07/03df13c2084f42b5b8d9bee85808735f.png
S0379,2025年华农应统复试名单,2025年华农应统复试名单,retained_structured_title,华中农业大学,2025,admission/复录比；admission/复试人数；admission/拟录取中位；admission/拟录取人数；admission/拟录取最低；admission/拟录取最高；admission/本科背景状态；逐名名单图像；逐名复试/录取名单,mini_program_asset,secondary_snapshot；secondary_structured,校年值级补证；逐名名单索引；逐字段校年台账,reachable,200.0,2026-10-09,https://jiuxianzai.oss-cn-beijing.aliyuncs.com/kaoyan/2025/04/07/06d741960da34f9daee557267dc73175.png,[S0379] 2025年华农应统复试名单. 2025年华农应统复试名单[EB/OL]. (2026-10-09)[2026-10-09]. https://jiuxianzai.oss-cn-beijing.aliyuncs.com/kaoyan/2025/04/07/06d741960da34f9daee557267dc73175.png
S0380,2025年地大数学与物理学院录取结果名单,2025年地大数学与物理学院录取结果名单,retained_structured_title,中国地质大学（武汉）,2025,admission/复录比；admission/复试人数；admission/拟录取中位；admission/拟录取人数；admission/拟录取最低；admission/拟录取最高；admission/本科背景状态；逐名名单图像；逐名复试/录取名单,mini_program_asset,secondary_snapshot；secondary_structured,校年值级补证；逐名名单索引；逐字段校年台账,reachable,200.0,2026-10-09,https://jiuxianzai.oss-cn-beijing.aliyuncs.com/kaoyan/2025/04/07/0b43ba0249d54dad8d00bbdf4097e764.png,[S0380] 2025年地大数学与物理学院录取结果名单. 2025年地大数学与物理学院录取结果名单[EB/OL]. (2026-10-09)[2026-10-09]. https://jiuxianzai.oss-cn-beijing.aliyuncs.com/kaoyan/2025/04/07/0b43ba0249d54dad8d00bbdf4097e764.png
S0381,2025年河工大应统拟录取名单,2025年河工大应统拟录取名单,retained_structured_title,河北工业大学,2025,admission/复录比；admission/复试人数；admission/拟录取中位；admission/拟录取人数；admission/拟录取最低；admission/拟录取最高；admission/本科背景状态；逐名名单图像；逐名复试/录取名单,mini_program_asset,secondary_snapshot；secondary_structured,校年值级补证；逐名名单索引；逐字段校年台账,reachable,200.0,2026-10-09,https://jiuxianzai.oss-cn-beijing.aliyuncs.com/kaoyan/2025/04/07/16aaeecaa42f4282b1a7ad262dcd80be.png,[S0381] 2025年河工大应统拟录取名单. 2025年河工大应统拟录取名单[EB/OL]. (2026-10-09)[2026-10-09]. https://jiuxianzai.oss-cn-beijing.aliyuncs.com/kaoyan/2025/04/07/16aaeecaa42f4282b1a7ad262dcd80be.png
S0382,2025中南财应统录取结果名单,2025中南财应统录取结果名单,retained_structured_title,中南财经政法大学,2025,逐名名单图像；逐名复试/录取名单,mini_program_asset,secondary_structured,校年值级补证；逐名名单索引,not_checked,,2026-10-09,https://jiuxianzai.oss-cn-beijing.aliyuncs.com/kaoyan/2025/04/07/3458b07456a94bf0a21933327a34e999.png,[S0382] 2025中南财应统录取结果名单. 2025中南财应统录取结果名单[EB/OL]. (2026-10-09)[2026-10-09]. https://jiuxianzai.oss-cn-beijing.aliyuncs.com/kaoyan/2025/04/07/3458b07456a94bf0a21933327a34e999.png
S0383,2025年地大应统录取结果名单,2025年地大应统录取结果名单,retained_structured_title,中国地质大学（北京）,2025,admission/复录比；admission/复试人数；admission/拟录取中位；admission/拟录取人数；admission/拟录取最低；admission/拟录取最高；admission/本科背景状态；逐名名单图像；逐名复试/录取名单,mini_program_asset,secondary_snapshot；secondary_structured,校年值级补证；逐名名单索引；逐字段校年台账,reachable,200.0,2026-10-09,https://jiuxianzai.oss-cn-beijing.aliyuncs.com/kaoyan/2025/04/07/3c3b93986d9142988585b86af570a493.png,[S0383] 2025年地大应统录取结果名单. 2025年地大应统录取结果名单[EB/OL]. (2026-10-09)[2026-10-09]. https://jiuxianzai.oss-cn-beijing.aliyuncs.com/kaoyan/2025/04/07/3c3b93986d9142988585b86af570a493.png
S0384,2025年统计系应统录取结果名单,2025年统计系应统录取结果名单,retained_structured_title,厦门大学,2025,逐名复试/录取名单,mini_program_asset,secondary_structured,逐名名单索引,not_checked,,2026-10-09,https://jiuxianzai.oss-cn-beijing.aliyuncs.com/kaoyan/2025/04/07/4eb6c59ce9514d7a89fed7bdf62fb6c1.png,[S0384] 2025年统计系应统录取结果名单. 2025年统计系应统录取结果名单[EB/OL]. (2026-10-09)[2026-10-09]. https://jiuxianzai.oss-cn-beijing.aliyuncs.com/kaoyan/2025/04/07/4eb6c59ce9514d7a89fed7bdf62fb6c1.png
S0385,2024年南京理工应统录取结果名单,2024年南京理工应统录取结果名单,retained_structured_title,南京理工大学,2025,admission/复录比；admission/复试人数；admission/拟录取中位；admission/拟录取人数；admission/拟录取最低；admission/拟录取最高；admission/本科背景状态；逐名名单图像；逐名复试/录取名单,mini_program_asset,secondary_snapshot；secondary_structured,校年值级补证；逐名名单索引；逐字段校年台账,reachable,200.0,2026-10-09,https://jiuxianzai.oss-cn-beijing.aliyuncs.com/kaoyan/2025/04/07/4f68528b4a514ab597012731b8f12540.png,[S0385] 2024年南京理工应统录取结果名单. 2024年南京理工应统录取结果名单[EB/OL]. (2026-10-09)[2026-10-09]. https://jiuxianzai.oss-cn-beijing.aliyuncs.com/kaoyan/2025/04/07/4f68528b4a514ab597012731b8f12540.png
S0386,2025年中国药科大学应统拟录取名单,2025年中国药科大学应统拟录取名单,retained_structured_title,中国药科大学,2025,admission/复录比；admission/复试人数；admission/拟录取中位；admission/拟录取人数；admission/拟录取最低；admission/拟录取最高；admission/本科背景状态；逐名名单图像；逐名复试/录取名单,mini_program_asset,secondary_snapshot；secondary_structured,校年值级补证；逐名名单索引；逐字段校年台账,reachable,200.0,2026-10-09,https://jiuxianzai.oss-cn-beijing.aliyuncs.com/kaoyan/2025/04/07/51374c2ece76434c8f02a4a478ca7eca.png,[S0386] 2025年中国药科大学应统拟录取名单. 2025年中国药科大学应统拟录取名单[EB/OL]. (2026-10-09)[2026-10-09]. https://jiuxianzai.oss-cn-beijing.aliyuncs.com/kaoyan/2025/04/07/51374c2ece76434c8f02a4a478ca7eca.png
S0387,2025年北交应统录取结果名单,2025年北交应统录取结果名单,retained_structured_title,北京交通大学,2025,admission/复录比；admission/复试人数；admission/拟录取中位；admission/拟录取人数；admission/拟录取最低；admission/拟录取最高；admission/本科背景状态；逐名名单图像；逐名复试/录取名单,mini_program_asset,secondary_snapshot；secondary_structured,校年值级补证；逐名名单索引；逐字段校年台账,reachable,200.0,2026-10-09,https://jiuxianzai.oss-cn-beijing.aliyuncs.com/kaoyan/2025/04/07/518514f16bf84c29941b45221224dc62.png,[S0387] 2025年北交应统录取结果名单. 2025年北交应统录取结果名单[EB/OL]. (2026-10-09)[2026-10-09]. https://jiuxianzai.oss-cn-beijing.aliyuncs.com/kaoyan/2025/04/07/518514f16bf84c29941b45221224dc62.png
S0388,2025年华中师大数统学院录取结果名单,2025年华中师大数统学院录取结果名单,retained_structured_title,华中师范大学,2025,admission/复录比；admission/复试人数；admission/拟录取中位；admission/拟录取人数；admission/拟录取最低；admission/拟录取最高；admission/本科背景状态；逐名名单图像；逐名复试/录取名单,mini_program_asset,secondary_snapshot；secondary_structured,校年值级补证；逐名名单索引；逐字段校年台账,reachable,200.0,2026-10-09,https://jiuxianzai.oss-cn-beijing.aliyuncs.com/kaoyan/2025/04/07/5be090bf15d44feea6441bc3ed77e197.png,[S0388] 2025年华中师大数统学院录取结果名单. 2025年华中师大数统学院录取结果名单[EB/OL]. (2026-10-09)[2026-10-09]. https://jiuxianzai.oss-cn-beijing.aliyuncs.com/kaoyan/2025/04/07/5be090bf15d44feea6441bc3ed77e197.png
S0389,2025年亚南院应统录取结果名单,2025年亚南院应统录取结果名单,retained_structured_title,厦门大学,2025,逐名名单图像；逐名复试/录取名单,mini_program_asset,secondary_structured,校年值级补证；逐名名单索引,not_checked,,2026-10-09,https://jiuxianzai.oss-cn-beijing.aliyuncs.com/kaoyan/2025/04/07/631131c116384d0d8faa18f6271d3ca9.png,[S0389] 2025年亚南院应统录取结果名单. 2025年亚南院应统录取结果名单[EB/OL]. (2026-10-09)[2026-10-09]. https://jiuxianzai.oss-cn-beijing.aliyuncs.com/kaoyan/2025/04/07/631131c116384d0d8faa18f6271d3ca9.png
S0390,2025年贸大应统录取结果名单,2025年贸大应统录取结果名单,retained_structured_title,对外经济贸易大学,2025,逐名名单图像；逐名复试/录取名单,mini_program_asset,secondary_structured,校年值级补证；逐名名单索引,not_checked,,2026-10-09,https://jiuxianzai.oss-cn-beijing.aliyuncs.com/kaoyan/2025/04/07/6328370ac6e942bc97c076665186c4bf.png,[S0390] 2025年贸大应统录取结果名单. 2025年贸大应统录取结果名单[EB/OL]. (2026-10-09)[2026-10-09]. https://jiuxianzai.oss-cn-beijing.aliyuncs.com/kaoyan/2025/04/07/6328370ac6e942bc97c076665186c4bf.png
S0391,2025年中石油（克拉玛依）应统录取结果名单,2025年中石油（克拉玛依）应统录取结果名单,retained_structured_title,中国石油大学（北京）,2025,admission/复录比；admission/复试人数；admission/拟录取中位；admission/拟录取人数；admission/拟录取最低；admission/拟录取最高；admission/本科背景状态；逐名名单图像；逐名复试/录取名单,mini_program_asset,secondary_snapshot；secondary_structured,校年值级补证；逐名名单索引；逐字段校年台账,reachable,200.0,2026-10-09,https://jiuxianzai.oss-cn-beijing.aliyuncs.com/kaoyan/2025/04/07/6f853d1fc86f41e8846762437c29bec6.png,[S0391] 2025年中石油（克拉玛依）应统录取结果名单. 2025年中石油（克拉玛依）应统录取结果名单[EB/OL]. (2026-10-09)[2026-10-09]. https://jiuxianzai.oss-cn-beijing.aliyuncs.com/kaoyan/2025/04/07/6f853d1fc86f41e8846762437c29bec6.png
S0392,2025年贵州大学应统录取结果名单,2025年贵州大学应统录取结果名单,retained_structured_title,贵州大学,2025,admission/复录比；admission/复试人数；admission/拟录取中位；admission/拟录取人数；admission/拟录取最低；admission/拟录取最高；admission/本科背景状态；逐名名单图像；逐名复试/录取名单,mini_program_asset,secondary_snapshot；secondary_structured,校年值级补证；逐名名单索引；逐字段校年台账,reachable,200.0,2026-10-09,https://jiuxianzai.oss-cn-beijing.aliyuncs.com/kaoyan/2025/04/07/74b361390ac5432a88b9a3b76c47ca38.png,[S0392] 2025年贵州大学应统录取结果名单. 2025年贵州大学应统录取结果名单[EB/OL]. (2026-10-09)[2026-10-09]. https://jiuxianzai.oss-cn-beijing.aliyuncs.com/kaoyan/2025/04/07/74b361390ac5432a88b9a3b76c47ca38.png
S0393,2025年上交应统录取结果名单,2025年上交应统录取结果名单,retained_structured_title,上海交通大学,2025,admission/复录比；admission/复试人数；admission/拟录取中位；admission/拟录取人数；admission/拟录取最低；admission/拟录取最高；admission/本科背景状态；逐名名单图像；逐名复试/录取名单,mini_program_asset,secondary_snapshot；secondary_structured,校年值级补证；逐名名单索引；逐字段校年台账,reachable,200.0,2026-10-09,https://jiuxianzai.oss-cn-beijing.aliyuncs.com/kaoyan/2025/04/07/758038f531874eca90d483272707cb78.png,[S0393] 2025年上交应统录取结果名单. 2025年上交应统录取结果名单[EB/OL]. (2026-10-09)[2026-10-09]. https://jiuxianzai.oss-cn-beijing.aliyuncs.com/kaoyan/2025/04/07/758038f531874eca90d483272707cb78.png
S0394,2025年吉大应统录取结果名单,2025年吉大应统录取结果名单,retained_structured_title,吉林大学,2025,admission/复录比；admission/复试人数；admission/拟录取中位；admission/拟录取人数；admission/拟录取最低；admission/拟录取最高；admission/本科背景状态；逐名名单图像；逐名复试/录取名单,mini_program_asset,secondary_snapshot；secondary_structured,校年值级补证；逐名名单索引；逐字段校年台账,reachable,200.0,2026-10-09,https://jiuxianzai.oss-cn-beijing.aliyuncs.com/kaoyan/2025/04/07/797eff3dc419452a9c5da21f594de181.png,[S0394] 2025年吉大应统录取结果名单. 2025年吉大应统录取结果名单[EB/OL]. (2026-10-09)[2026-10-09]. https://jiuxianzai.oss-cn-beijing.aliyuncs.com/kaoyan/2025/04/07/797eff3dc419452a9c5da21f594de181.png
S0395,2025年湖南师范应统录取结果名单,2025年湖南师范应统录取结果名单,retained_structured_title,湖南师范大学,2025,admission/复录比；admission/复试人数；admission/拟录取中位；admission/拟录取人数；admission/拟录取最低；admission/拟录取最高；admission/本科背景状态；逐名名单图像；逐名复试/录取名单,mini_program_asset,secondary_snapshot；secondary_structured,校年值级补证；逐名名单索引；逐字段校年台账,reachable,200.0,2026-10-09,https://jiuxianzai.oss-cn-beijing.aliyuncs.com/kaoyan/2025/04/07/7b1c9299cfc84127ab507f90b39ae4d5.png,[S0395] 2025年湖南师范应统录取结果名单. 2025年湖南师范应统录取结果名单[EB/OL]. (2026-10-09)[2026-10-09]. https://jiuxianzai.oss-cn-beijing.aliyuncs.com/kaoyan/2025/04/07/7b1c9299cfc84127ab507f90b39ae4d5.png
S0396,2025年信科学院应统录取结果名单,2025年信科学院应统录取结果名单,retained_structured_title,暨南大学,2025,admission/复录比；admission/复试人数；admission/拟录取中位；admission/拟录取人数；admission/拟录取最低；admission/拟录取最高；admission/本科背景状态；逐名名单图像；逐名复试/录取名单,mini_program_asset,secondary_snapshot；secondary_structured,校年值级补证；逐名名单索引；逐字段校年台账,reachable,200.0,2026-10-09,https://jiuxianzai.oss-cn-beijing.aliyuncs.com/kaoyan/2025/04/07/8c469c75027045059d8ed2a78abd8290.png,[S0396] 2025年信科学院应统录取结果名单. 2025年信科学院应统录取结果名单[EB/OL]. (2026-10-09)[2026-10-09]. https://jiuxianzai.oss-cn-beijing.aliyuncs.com/kaoyan/2025/04/07/8c469c75027045059d8ed2a78abd8290.png
S0397,2025年经济学院应统录取结果名单,2025年经济学院应统录取结果名单,retained_structured_title,暨南大学,2025,admission/复录比；admission/复试人数；admission/拟录取中位；admission/拟录取人数；admission/拟录取最低；admission/拟录取最高；admission/本科背景状态；逐名复试/录取名单,mini_program_asset,secondary_snapshot；secondary_structured,逐名名单索引；逐字段校年台账,reachable,200.0,2026-10-09,https://jiuxianzai.oss-cn-beijing.aliyuncs.com/kaoyan/2025/04/07/8fe18e9400174ff187343625f9b988ad.png,[S0397] 2025年经济学院应统录取结果名单. 2025年经济学院应统录取结果名单[EB/OL]. (2026-10-09)[2026-10-09]. https://jiuxianzai.oss-cn-beijing.aliyuncs.com/kaoyan/2025/04/07/8fe18e9400174ff187343625f9b988ad.png
S0398,2025年华东理工应统录取结果名单,2025年华东理工应统录取结果名单,retained_structured_title,华东理工大学,2025,admission/复录比；admission/复试人数；admission/拟录取中位；admission/拟录取人数；admission/拟录取最低；admission/拟录取最高；admission/本科背景状态；逐名名单图像；逐名复试/录取名单,mini_program_asset,secondary_snapshot；secondary_structured,校年值级补证；逐名名单索引；逐字段校年台账,reachable,200.0,2026-10-09,https://jiuxianzai.oss-cn-beijing.aliyuncs.com/kaoyan/2025/04/07/9293c8bf7b364591aa57469f9ca85e7d.png,[S0398] 2025年华东理工应统录取结果名单. 2025年华东理工应统录取结果名单[EB/OL]. (2026-10-09)[2026-10-09]. https://jiuxianzai.oss-cn-beijing.aliyuncs.com/kaoyan/2025/04/07/9293c8bf7b364591aa57469f9ca85e7d.png
S0399,2025年中石油应统录取结果名单,2025年中石油应统录取结果名单,retained_structured_title,中国石油大学（北京）,2025,admission/复录比；admission/复试人数；admission/拟录取中位；admission/拟录取人数；admission/拟录取最低；admission/拟录取最高；admission/本科背景状态；逐名名单图像；逐名复试/录取名单,mini_program_asset,secondary_snapshot；secondary_structured,校年值级补证；逐名名单索引；逐字段校年台账,reachable,200.0,2026-10-09,https://jiuxianzai.oss-cn-beijing.aliyuncs.com/kaoyan/2025/04/07/94af22aaf0a342dd9450908f4041b750.png,[S0399] 2025年中石油应统录取结果名单. 2025年中石油应统录取结果名单[EB/OL]. (2026-10-09)[2026-10-09]. https://jiuxianzai.oss-cn-beijing.aliyuncs.com/kaoyan/2025/04/07/94af22aaf0a342dd9450908f4041b750.png
S0400,2025年北工大应统录取结果名单,2025年北工大应统录取结果名单,retained_structured_title,北京工业大学,2025,admission/复录比；admission/复试人数；admission/拟录取中位；admission/拟录取人数；admission/拟录取最低；admission/拟录取最高；admission/本科背景状态；逐名名单图像；逐名复试/录取名单,mini_program_asset,secondary_snapshot；secondary_structured,校年值级补证；逐名名单索引；逐字段校年台账,reachable,200.0,2026-10-09,https://jiuxianzai.oss-cn-beijing.aliyuncs.com/kaoyan/2025/04/07/a89e7e6c9b114379830ff96901054756.png,[S0400] 2025年北工大应统录取结果名单. 2025年北工大应统录取结果名单[EB/OL]. (2026-10-09)[2026-10-09]. https://jiuxianzai.oss-cn-beijing.aliyuncs.com/kaoyan/2025/04/07/a89e7e6c9b114379830ff96901054756.png
S0401,2025年苏大应统复试名单,2025年苏大应统复试名单,retained_structured_title,苏州大学,2025,admission/复录比；admission/复试人数；admission/拟录取中位；admission/拟录取人数；admission/拟录取最低；admission/拟录取最高；admission/本科背景状态；逐名名单图像；逐名复试/录取名单,mini_program_asset,secondary_snapshot；secondary_structured,校年值级补证；逐名名单索引；逐字段校年台账,reachable,200.0,2026-10-09,https://jiuxianzai.oss-cn-beijing.aliyuncs.com/kaoyan/2025/04/07/a91c4affade34593a8a96f7560f723c5.png,[S0401] 2025年苏大应统复试名单. 2025年苏大应统复试名单[EB/OL]. (2026-10-09)[2026-10-09]. https://jiuxianzai.oss-cn-beijing.aliyuncs.com/kaoyan/2025/04/07/a91c4affade34593a8a96f7560f723c5.png
S0402,2025年地大经管学院应统录取结果名单,2025年地大经管学院应统录取结果名单,retained_structured_title,中国地质大学（武汉）,2025,admission/复录比；admission/复试人数；admission/拟录取中位；admission/拟录取人数；admission/拟录取最低；admission/拟录取最高；admission/本科背景状态；逐名复试/录取名单,mini_program_asset,secondary_snapshot；secondary_structured,逐名名单索引；逐字段校年台账,reachable,200.0,2026-10-09,https://jiuxianzai.oss-cn-beijing.aliyuncs.com/kaoyan/2025/04/07/aba39abdcd894e6783d53b1ab569a272.png,[S0402] 2025年地大经管学院应统录取结果名单. 2025年地大经管学院应统录取结果名单[EB/OL]. (2026-10-09)[2026-10-09]. https://jiuxianzai.oss-cn-beijing.aliyuncs.com/kaoyan/2025/04/07/aba39abdcd894e6783d53b1ab569a272.png
S0403,2025年西财应统录取结果名单,2025年西财应统录取结果名单,retained_structured_title,西南财经大学,2025,逐名名单图像；逐名复试/录取名单,mini_program_asset,secondary_structured,校年值级补证；逐名名单索引,not_checked,,2026-10-09,https://jiuxianzai.oss-cn-beijing.aliyuncs.com/kaoyan/2025/04/07/af1e9dd8c2d84ac8bf61db5202dd270d.png,[S0403] 2025年西财应统录取结果名单. 2025年西财应统录取结果名单[EB/OL]. (2026-10-09)[2026-10-09]. https://jiuxianzai.oss-cn-beijing.aliyuncs.com/kaoyan/2025/04/07/af1e9dd8c2d84ac8bf61db5202dd270d.png
S0404,2025年西电应统录取结果名单,2025年西电应统录取结果名单,retained_structured_title,西安电子科技大学,2025,admission/复录比；admission/复试人数；admission/拟录取中位；admission/拟录取人数；admission/拟录取最低；admission/拟录取最高；admission/本科背景状态；逐名名单图像；逐名复试/录取名单,mini_program_asset,secondary_snapshot；secondary_structured,校年值级补证；逐名名单索引；逐字段校年台账,reachable,200.0,2026-10-09,https://jiuxianzai.oss-cn-beijing.aliyuncs.com/kaoyan/2025/04/07/af9d9dbab8cc43e882de93c13b60cac2.png,[S0404] 2025年西电应统录取结果名单. 2025年西电应统录取结果名单[EB/OL]. (2026-10-09)[2026-10-09]. https://jiuxianzai.oss-cn-beijing.aliyuncs.com/kaoyan/2025/04/07/af9d9dbab8cc43e882de93c13b60cac2.png
S0405,2025年中财应统录取结果名单,2025年中财应统录取结果名单,retained_structured_title,中央财经大学,2025,逐名名单图像；逐名复试/录取名单,mini_program_asset,secondary_structured,校年值级补证；逐名名单索引,not_checked,,2026-10-09,https://jiuxianzai.oss-cn-beijing.aliyuncs.com/kaoyan/2025/04/07/b1e8a4dff401470f906b6498e30ea25a.png,[S0405] 2025年中财应统录取结果名单. 2025年中财应统录取结果名单[EB/OL]. (2026-10-09)[2026-10-09]. https://jiuxianzai.oss-cn-beijing.aliyuncs.com/kaoyan/2025/04/07/b1e8a4dff401470f906b6498e30ea25a.png
S0406,2025年河海大学应统录取结果名单,2025年河海大学应统录取结果名单,retained_structured_title,河海大学,2025,admission/复录比；admission/复试人数；admission/拟录取中位；admission/拟录取人数；admission/拟录取最低；admission/拟录取最高；admission/本科背景状态；逐名名单图像；逐名复试/录取名单,mini_program_asset,secondary_snapshot；secondary_structured,校年值级补证；逐名名单索引；逐字段校年台账,reachable,200.0,2026-10-09,https://jiuxianzai.oss-cn-beijing.aliyuncs.com/kaoyan/2025/04/07/c1ced377a446479eac60ff59037430af.png,[S0406] 2025年河海大学应统录取结果名单. 2025年河海大学应统录取结果名单[EB/OL]. (2026-10-09)[2026-10-09]. https://jiuxianzai.oss-cn-beijing.aliyuncs.com/kaoyan/2025/04/07/c1ced377a446479eac60ff59037430af.png
S0407,2025年延边大学应统录取名单,2025年延边大学应统录取名单,retained_structured_title,延边大学,2025,逐名复试/录取名单,mini_program_asset,secondary_structured,逐名名单索引,not_checked,,2026-10-09,https://jiuxianzai.oss-cn-beijing.aliyuncs.com/kaoyan/2025/04/07/c43be693fa484b49a8be6c9cb0b9789e.png,[S0407] 2025年延边大学应统录取名单. 2025年延边大学应统录取名单[EB/OL]. (2026-10-09)[2026-10-09]. https://jiuxianzai.oss-cn-beijing.aliyuncs.com/kaoyan/2025/04/07/c43be693fa484b49a8be6c9cb0b9789e.png
S0408,2025年东北林业应统复试名单,2025年东北林业应统复试名单,retained_structured_title,东北林业大学,2025,admission/复录比；admission/复试人数；admission/拟录取中位；admission/拟录取人数；admission/拟录取最低；admission/拟录取最高；admission/本科背景状态；逐名名单图像；逐名复试/录取名单,mini_program_asset,secondary_snapshot；secondary_structured,校年值级补证；逐名名单索引；逐字段校年台账,reachable,200.0,2026-10-09,https://jiuxianzai.oss-cn-beijing.aliyuncs.com/kaoyan/2025/04/07/d6a4fac653064a3982719bbc5cd337a5.png,[S0408] 2025年东北林业应统复试名单. 2025年东北林业应统复试名单[EB/OL]. (2026-10-09)[2026-10-09]. https://jiuxianzai.oss-cn-beijing.aliyuncs.com/kaoyan/2025/04/07/d6a4fac653064a3982719bbc5cd337a5.png
S0409,2025年西北大学应统录取结果名单,2025年西北大学应统录取结果名单,retained_structured_title,西北大学,2025,admission/复录比；admission/复试人数；admission/拟录取中位；admission/拟录取人数；admission/拟录取最低；admission/拟录取最高；admission/本科背景状态；逐名名单图像；逐名复试/录取名单,mini_program_asset,secondary_snapshot；secondary_structured,校年值级补证；逐名名单索引；逐字段校年台账,reachable,200.0,2026-10-09,https://jiuxianzai.oss-cn-beijing.aliyuncs.com/kaoyan/2025/04/07/de0a5fa1bb924389987e6b869c209f90.png,[S0409] 2025年西北大学应统录取结果名单. 2025年西北大学应统录取结果名单[EB/OL]. (2026-10-09)[2026-10-09]. https://jiuxianzai.oss-cn-beijing.aliyuncs.com/kaoyan/2025/04/07/de0a5fa1bb924389987e6b869c209f90.png
S0410,2025年内蒙古大学应统复试名单,2025年内蒙古大学应统复试名单,retained_structured_title,内蒙古大学,2025,逐名名单图像；逐名复试/录取名单,mini_program_asset,secondary_structured,校年值级补证；逐名名单索引,not_checked,,2026-10-09,https://jiuxianzai.oss-cn-beijing.aliyuncs.com/kaoyan/2025/04/07/fdccfeb9c6e8425c9989bfa88166f11d.png,[S0410] 2025年内蒙古大学应统复试名单. 2025年内蒙古大学应统复试名单[EB/OL]. (2026-10-09)[2026-10-09]. https://jiuxianzai.oss-cn-beijing.aliyuncs.com/kaoyan/2025/04/07/fdccfeb9c6e8425c9989bfa88166f11d.png
S0411,2025年延边大学应统录取名单,2025年延边大学应统录取名单,retained_structured_title,延边大学,2025,逐名名单图像；逐名复试/录取名单,mini_program_asset,secondary_structured,校年值级补证；逐名名单索引,not_checked,,2026-10-09,https://jiuxianzai.oss-cn-beijing.aliyuncs.com/kaoyan/2025/04/07/fe8537f4e3eb49419c5ae9f31acc95c4.png,[S0411] 2025年延边大学应统录取名单. 2025年延边大学应统录取名单[EB/OL]. (2026-10-09)[2026-10-09]. https://jiuxianzai.oss-cn-beijing.aliyuncs.com/kaoyan/2025/04/07/fe8537f4e3eb49419c5ae9f31acc95c4.png
S0412,2025年新疆大学一志愿录取名单,2025年新疆大学一志愿录取名单,retained_structured_title,新疆大学,2025,逐名名单图像；逐名复试/录取名单,mini_program_asset,secondary_structured,校年值级补证；逐名名单索引,not_checked,,2026-10-09,https://jiuxianzai.oss-cn-beijing.aliyuncs.com/kaoyan/2025/04/07/fedcb988c3074cda9cb8f16d22f8cb32.png,[S0412] 2025年新疆大学一志愿录取名单. 2025年新疆大学一志愿录取名单[EB/OL]. (2026-10-09)[2026-10-09]. https://jiuxianzai.oss-cn-beijing.aliyuncs.com/kaoyan/2025/04/07/fedcb988c3074cda9cb8f16d22f8cb32.png
S0413,2025年辽大经济学院应统复试名单,2025年辽大经济学院应统复试名单,retained_structured_title,辽宁大学,2025,逐名复试/录取名单,mini_program_asset,secondary_structured,逐名名单索引,not_checked,,2026-10-09,https://jiuxianzai.oss-cn-beijing.aliyuncs.com/kaoyan/2025/04/09/6734ec330e1a4868a5c214852f6bd581.png,[S0413] 2025年辽大经济学院应统复试名单. 2025年辽大经济学院应统复试名单[EB/OL]. (2026-10-09)[2026-10-09]. https://jiuxianzai.oss-cn-beijing.aliyuncs.com/kaoyan/2025/04/09/6734ec330e1a4868a5c214852f6bd581.png
S0414,2025年南京航空航天应统复试名单,2025年南京航空航天应统复试名单,retained_structured_title,南京航空航天大学,2025,逐名名单图像；逐名复试/录取名单,mini_program_asset,secondary_structured,校年值级补证；逐名名单索引,not_checked,,2026-10-09,https://jiuxianzai.oss-cn-beijing.aliyuncs.com/kaoyan/2025/04/09/70c3c6ab593e4fec8891bf027977b8ae.png,[S0414] 2025年南京航空航天应统复试名单. 2025年南京航空航天应统复试名单[EB/OL]. (2026-10-09)[2026-10-09]. https://jiuxianzai.oss-cn-beijing.aliyuncs.com/kaoyan/2025/04/09/70c3c6ab593e4fec8891bf027977b8ae.png
S0415,2025年辽宁大学数学与统计学院应统复试名单,2025年辽宁大学数学与统计学院应统复试名单,retained_structured_title,辽宁大学,2025,逐名名单图像；逐名复试/录取名单,mini_program_asset,secondary_structured,校年值级补证；逐名名单索引,not_checked,,2026-10-09,https://jiuxianzai.oss-cn-beijing.aliyuncs.com/kaoyan/2025/04/09/8af7cca761334286814b939ae041e709.png,[S0415] 2025年辽宁大学数学与统计学院应统复试名单. 2025年辽宁大学数学与统计学院应统复试名单[EB/OL]. (2026-10-09)[2026-10-09]. https://jiuxianzai.oss-cn-beijing.aliyuncs.com/kaoyan/2025/04/09/8af7cca761334286814b939ae041e709.png
S0416,2025年华电（保定）应统复试名单,2025年华电（保定）应统复试名单,retained_structured_title,华北电力大学,2025,逐名复试/录取名单,mini_program_asset,secondary_structured,逐名名单索引,not_checked,,2026-10-09,https://jiuxianzai.oss-cn-beijing.aliyuncs.com/kaoyan/2025/04/09/961cbde792794de4b0ff9ee2a39d86aa.png,[S0416] 2025年华电（保定）应统复试名单. 2025年华电（保定）应统复试名单[EB/OL]. (2026-10-09)[2026-10-09]. https://jiuxianzai.oss-cn-beijing.aliyuncs.com/kaoyan/2025/04/09/961cbde792794de4b0ff9ee2a39d86aa.png
S0417,2025年宁夏大学应统一志愿复试名单,2025年宁夏大学应统一志愿复试名单,retained_structured_title,宁夏大学,2025,admission/复录比；admission/复试人数；admission/拟录取中位；admission/拟录取人数；admission/拟录取最低；admission/拟录取最高；admission/本科背景状态；逐名名单图像；逐名复试/录取名单,mini_program_asset,secondary_snapshot；secondary_structured,校年值级补证；逐名名单索引；逐字段校年台账,reachable,200.0,2026-10-09,https://jiuxianzai.oss-cn-beijing.aliyuncs.com/kaoyan/2025/04/09/a5b5fd0b034e4f6dbc597399095feb69.png,[S0417] 2025年宁夏大学应统一志愿复试名单. 2025年宁夏大学应统一志愿复试名单[EB/OL]. (2026-10-09)[2026-10-09]. https://jiuxianzai.oss-cn-beijing.aliyuncs.com/kaoyan/2025/04/09/a5b5fd0b034e4f6dbc597399095feb69.png
S0418,2025年清华大学应统拟录取名单,2025年清华大学应统拟录取名单,retained_structured_title,清华大学,2025,逐名名单图像；逐名复试/录取名单,mini_program_asset,secondary_structured,校年值级补证；逐名名单索引,not_checked,,2026-10-09,https://jiuxianzai.oss-cn-beijing.aliyuncs.com/kaoyan/2025/04/15/33e9052ea10448f09c83f6ceeeb48211.png,[S0418] 2025年清华大学应统拟录取名单. 2025年清华大学应统拟录取名单[EB/OL]. (2026-10-09)[2026-10-09]. https://jiuxianzai.oss-cn-beijing.aliyuncs.com/kaoyan/2025/04/15/33e9052ea10448f09c83f6ceeeb48211.png
S0419,2025华南师范心理学院应统复试名单,2025华南师范心理学院应统复试名单,retained_structured_title,华南师范大学,2025,逐名名单图像；逐名复试/录取名单,mini_program_asset,secondary_structured,校年值级补证；逐名名单索引,not_checked,,2026-10-09,https://jiuxianzai.oss-cn-beijing.aliyuncs.com/kaoyan/2025/04/15/51e4ed41733c4d5b959fb9e6cec612bf.png,[S0419] 2025华南师范心理学院应统复试名单. 2025华南师范心理学院应统复试名单[EB/OL]. (2026-10-09)[2026-10-09]. https://jiuxianzai.oss-cn-beijing.aliyuncs.com/kaoyan/2025/04/15/51e4ed41733c4d5b959fb9e6cec612bf.png
S0420,2025年太原理工大学一志愿复试拟录取名单,2025年太原理工大学一志愿复试拟录取名单,retained_structured_title,太原理工大学,2025,admission/复录比；admission/复试人数；admission/拟录取中位；admission/拟录取人数；admission/拟录取最低；admission/拟录取最高；admission/本科背景状态；逐名名单图像；逐名复试/录取名单,mini_program_asset,secondary_snapshot；secondary_structured,校年值级补证；逐名名单索引；逐字段校年台账,reachable,200.0,2026-10-09,https://jiuxianzai.oss-cn-beijing.aliyuncs.com/kaoyan/2025/04/15/54c119553e26427eb9e7ae3389938342.png,[S0420] 2025年太原理工大学一志愿复试拟录取名单. 2025年太原理工大学一志愿复试拟录取名单[EB/OL]. (2026-10-09)[2026-10-09]. https://jiuxianzai.oss-cn-beijing.aliyuncs.com/kaoyan/2025/04/15/54c119553e26427eb9e7ae3389938342.png
S0421,2025年南师大应统录取结果名单,2025年南师大应统录取结果名单,retained_structured_title,南京师范大学,2025,admission/复录比；admission/复试人数；admission/拟录取中位；admission/拟录取人数；admission/拟录取最低；admission/拟录取最高；admission/本科背景状态；逐名名单图像；逐名复试/录取名单,mini_program_asset,secondary_snapshot；secondary_structured,校年值级补证；逐名名单索引；逐字段校年台账,reachable,200.0,2026-10-09,https://jiuxianzai.oss-cn-beijing.aliyuncs.com/kaoyan/2025/04/15/874755a1dd93485abff682720b64daa0.png,[S0421] 2025年南师大应统录取结果名单. 2025年南师大应统录取结果名单[EB/OL]. (2026-10-09)[2026-10-09]. https://jiuxianzai.oss-cn-beijing.aliyuncs.com/kaoyan/2025/04/15/874755a1dd93485abff682720b64daa0.png
S0422,2025年珠海校区02方向拟录取名单,2025年珠海校区02方向拟录取名单,retained_structured_title,北京师范大学,2025,admission/复录比；admission/复试人数；admission/拟录取中位；admission/拟录取人数；admission/拟录取最低；admission/拟录取最高；admission/本科背景状态；逐名复试/录取名单,mini_program_asset,secondary_snapshot；secondary_structured,逐名名单索引；逐字段校年台账,reachable,200.0,2026-10-09,https://jiuxianzai.oss-cn-beijing.aliyuncs.com/kaoyan/2025/04/15/99228ebf303344ef8ed8ea606faceace.png,[S0422] 2025年珠海校区02方向拟录取名单. 2025年珠海校区02方向拟录取名单[EB/OL]. (2026-10-09)[2026-10-09]. https://jiuxianzai.oss-cn-beijing.aliyuncs.com/kaoyan/2025/04/15/99228ebf303344ef8ed8ea606faceace.png
S0423,2025华南师范数学科学学院应统复试名单,2025华南师范数学科学学院应统复试名单,retained_structured_title,华南师范大学,2025,逐名复试/录取名单,mini_program_asset,secondary_structured,逐名名单索引,not_checked,,2026-10-09,https://jiuxianzai.oss-cn-beijing.aliyuncs.com/kaoyan/2025/04/15/99a0fb21e0e544fc8b2c23445b1261ad.png,[S0423] 2025华南师范数学科学学院应统复试名单. 2025华南师范数学科学学院应统复试名单[EB/OL]. (2026-10-09)[2026-10-09]. https://jiuxianzai.oss-cn-beijing.aliyuncs.com/kaoyan/2025/04/15/99a0fb21e0e544fc8b2c23445b1261ad.png
S0424,2025年珠海校区01方向拟录取名单,2025年珠海校区01方向拟录取名单,retained_structured_title,北京师范大学,2025,admission/复录比；admission/复试人数；admission/拟录取中位；admission/拟录取人数；admission/拟录取最低；admission/拟录取最高；admission/本科背景状态；逐名名单图像；逐名复试/录取名单,mini_program_asset,secondary_snapshot；secondary_structured,校年值级补证；逐名名单索引；逐字段校年台账,reachable,200.0,2026-10-09,https://jiuxianzai.oss-cn-beijing.aliyuncs.com/kaoyan/2025/04/15/a897cd0d0f704a12b69324750bcb45f1.png,[S0424] 2025年珠海校区01方向拟录取名单. 2025年珠海校区01方向拟录取名单[EB/OL]. (2026-10-09)[2026-10-09]. https://jiuxianzai.oss-cn-beijing.aliyuncs.com/kaoyan/2025/04/15/a897cd0d0f704a12b69324750bcb45f1.png
S0425,2025年南京大学录取结果名单,2025年南京大学录取结果名单,retained_structured_title,南京大学,2025,admission/复录比；admission/复试人数；admission/拟录取中位；admission/拟录取人数；admission/拟录取最低；admission/拟录取最高；admission/本科背景状态；逐名名单图像；逐名复试/录取名单,mini_program_asset,secondary_snapshot；secondary_structured,校年值级补证；逐名名单索引；逐字段校年台账,reachable,200.0,2026-10-09,https://jiuxianzai.oss-cn-beijing.aliyuncs.com/kaoyan/2025/04/20/52d4b020b43042609c22b16b78e1f57c.png,[S0425] 2025年南京大学录取结果名单. 2025年南京大学录取结果名单[EB/OL]. (2026-10-09)[2026-10-09]. https://jiuxianzai.oss-cn-beijing.aliyuncs.com/kaoyan/2025/04/20/52d4b020b43042609c22b16b78e1f57c.png
S0426,2025年华师大应统拟录取名单,2025年华师大应统拟录取名单,retained_structured_title,华东师范大学,2025,逐名名单图像；逐名复试/录取名单,mini_program_asset,secondary_structured,校年值级补证；逐名名单索引,not_checked,,2026-10-09,https://jiuxianzai.oss-cn-beijing.aliyuncs.com/kaoyan/2025/04/20/885b6946a4804d059dcbf86a9a262c49.png,[S0426] 2025年华师大应统拟录取名单. 2025年华师大应统拟录取名单[EB/OL]. (2026-10-09)[2026-10-09]. https://jiuxianzai.oss-cn-beijing.aliyuncs.com/kaoyan/2025/04/20/885b6946a4804d059dcbf86a9a262c49.png
S0427,2025年东华大学应统录取结果名单,2025年东华大学应统录取结果名单,retained_structured_title,东华大学,2025,逐名名单图像；逐名复试/录取名单,mini_program_asset,secondary_structured,校年值级补证；逐名名单索引,not_checked,,2026-10-09,https://jiuxianzai.oss-cn-beijing.aliyuncs.com/kaoyan/2025/04/20/887d177211ae4cafadc4575007b62c44.png,[S0427] 2025年东华大学应统录取结果名单. 2025年东华大学应统录取结果名单[EB/OL]. (2026-10-09)[2026-10-09]. https://jiuxianzai.oss-cn-beijing.aliyuncs.com/kaoyan/2025/04/20/887d177211ae4cafadc4575007b62c44.png
S0428,2025年中央民族大学录取结果名单,2025年中央民族大学录取结果名单,retained_structured_title,中央民族大学,2025,逐名名单图像；逐名复试/录取名单,mini_program_asset,secondary_structured,校年值级补证；逐名名单索引,not_checked,,2026-10-09,https://jiuxianzai.oss-cn-beijing.aliyuncs.com/kaoyan/2025/04/20/cc49c4c50c1649cfb536e08f86ab2a67.png,[S0428] 2025年中央民族大学录取结果名单. 2025年中央民族大学录取结果名单[EB/OL]. (2026-10-09)[2026-10-09]. https://jiuxianzai.oss-cn-beijing.aliyuncs.com/kaoyan/2025/04/20/cc49c4c50c1649cfb536e08f86ab2a67.png
S0429,2025年复旦上海数学中心应统拟录取名单,2025年复旦上海数学中心应统拟录取名单,retained_structured_title,复旦大学,2025,逐名名单图像；逐名复试/录取名单,mini_program_asset,secondary_structured,校年值级补证；逐名名单索引,not_checked,,2026-10-09,https://jiuxianzai.oss-cn-beijing.aliyuncs.com/kaoyan/2025/04/24/3c1f8982814e418bbd6f56f6a2a4cd73.png,[S0429] 2025年复旦上海数学中心应统拟录取名单. 2025年复旦上海数学中心应统拟录取名单[EB/OL]. (2026-10-09)[2026-10-09]. https://jiuxianzai.oss-cn-beijing.aliyuncs.com/kaoyan/2025/04/24/3c1f8982814e418bbd6f56f6a2a4cd73.png
S0430,2025年复旦上海数学与交叉学科研究院应统拟录取名单,2025年复旦上海数学与交叉学科研究院应统拟录取名单,retained_structured_title,复旦大学,2025,逐名复试/录取名单,mini_program_asset,secondary_structured,逐名名单索引,not_checked,,2026-10-09,https://jiuxianzai.oss-cn-beijing.aliyuncs.com/kaoyan/2025/04/24/5a6f409541c648eca93c3611e457a459.png,[S0430] 2025年复旦上海数学与交叉学科研究院应统拟录取名单. 2025年复旦上海数学与交叉学科研究院应统拟录取名单[EB/OL]. (2026-10-09)[2026-10-09]. https://jiuxianzai.oss-cn-beijing.aliyuncs.com/kaoyan/2025/04/24/5a6f409541c648eca93c3611e457a459.png
S0431,2025年复旦大数据学院应统拟录取名单,2025年复旦大数据学院应统拟录取名单,retained_structured_title,复旦大学,2025,逐名复试/录取名单,mini_program_asset,secondary_structured,逐名名单索引,not_checked,,2026-10-09,https://jiuxianzai.oss-cn-beijing.aliyuncs.com/kaoyan/2025/04/24/95860d4ac5ee46578818550ea8b7beb5.png,[S0431] 2025年复旦大数据学院应统拟录取名单. 2025年复旦大数据学院应统拟录取名单[EB/OL]. (2026-10-09)[2026-10-09]. https://jiuxianzai.oss-cn-beijing.aliyuncs.com/kaoyan/2025/04/24/95860d4ac5ee46578818550ea8b7beb5.png
S0432,2025年复旦数院应统拟录取名单,2025年复旦数院应统拟录取名单,retained_structured_title,复旦大学,2025,逐名名单图像；逐名复试/录取名单,mini_program_asset,secondary_structured,校年值级补证；逐名名单索引,not_checked,,2026-10-09,https://jiuxianzai.oss-cn-beijing.aliyuncs.com/kaoyan/2025/04/24/c1899e1b9cae4d98b68652301c9fe472.png,[S0432] 2025年复旦数院应统拟录取名单. 2025年复旦数院应统拟录取名单[EB/OL]. (2026-10-09)[2026-10-09]. https://jiuxianzai.oss-cn-beijing.aliyuncs.com/kaoyan/2025/04/24/c1899e1b9cae4d98b68652301c9fe472.png
S0433,2025年中海洋应统复试名单,2025年中海洋应统复试名单,retained_structured_title,中国海洋大学,2025,逐名名单图像；逐名复试/录取名单,mini_program_asset,secondary_structured,校年值级补证；逐名名单索引,not_checked,,2026-10-09,https://jiuxianzai.oss-cn-beijing.aliyuncs.com/kaoyan/2025/04/25/99dffffdbeeb4703b929c4ac9b0d84ba.png,[S0433] 2025年中海洋应统复试名单. 2025年中海洋应统复试名单[EB/OL]. (2026-10-09)[2026-10-09]. https://jiuxianzai.oss-cn-beijing.aliyuncs.com/kaoyan/2025/04/25/99dffffdbeeb4703b929c4ac9b0d84ba.png
S0434,2025年武理（襄阳示范区）应统录取结果名单,2025年武理（襄阳示范区）应统录取结果名单,retained_structured_title,武汉理工大学,2025,逐名名单图像；逐名复试/录取名单,mini_program_asset,secondary_structured,校年值级补证；逐名名单索引,not_checked,,2026-10-09,https://jiuxianzai.oss-cn-beijing.aliyuncs.com/kaoyan/2025/05/08/0d2fe4c1b21f4e138f5db66e6e8ee5b3.png,[S0434] 2025年武理（襄阳示范区）应统录取结果名单. 2025年武理（襄阳示范区）应统录取结果名单[EB/OL]. (2026-10-09)[2026-10-09]. https://jiuxianzai.oss-cn-beijing.aliyuncs.com/kaoyan/2025/05/08/0d2fe4c1b21f4e138f5db66e6e8ee5b3.png
S0435,2025陕西师范应统复试名单,2025陕西师范应统复试名单,retained_structured_title,陕西师范大学,2025,逐名名单图像；逐名复试/录取名单,mini_program_asset,secondary_structured,校年值级补证；逐名名单索引,not_checked,,2026-10-09,https://jiuxianzai.oss-cn-beijing.aliyuncs.com/kaoyan/2025/05/08/11de1a3a748d49fe9a2791ef9fdc8dd4.png,[S0435] 2025陕西师范应统复试名单. 2025陕西师范应统复试名单[EB/OL]. (2026-10-09)[2026-10-09]. https://jiuxianzai.oss-cn-beijing.aliyuncs.com/kaoyan/2025/05/08/11de1a3a748d49fe9a2791ef9fdc8dd4.png
S0436,2025年华电应统复试名单,2025年华电应统复试名单,retained_structured_title,华北电力大学,2025,逐名名单图像；逐名复试/录取名单,mini_program_asset,secondary_structured,校年值级补证；逐名名单索引,not_checked,,2026-10-09,https://jiuxianzai.oss-cn-beijing.aliyuncs.com/kaoyan/2025/05/08/24e18fa495214836a8559ee5dc697620.png,[S0436] 2025年华电应统复试名单. 2025年华电应统复试名单[EB/OL]. (2026-10-09)[2026-10-09]. https://jiuxianzai.oss-cn-beijing.aliyuncs.com/kaoyan/2025/05/08/24e18fa495214836a8559ee5dc697620.png
S0437,2025年上海大学理学院应统复试名单,2025年上海大学理学院应统复试名单,retained_structured_title,上海大学,2025,逐名名单图像；逐名复试/录取名单,mini_program_asset,secondary_structured,校年值级补证；逐名名单索引,not_checked,,2026-10-09,https://jiuxianzai.oss-cn-beijing.aliyuncs.com/kaoyan/2025/05/08/2532807cde064f55a556a59f7136010a.png,[S0437] 2025年上海大学理学院应统复试名单. 2025年上海大学理学院应统复试名单[EB/OL]. (2026-10-09)[2026-10-09]. https://jiuxianzai.oss-cn-beijing.aliyuncs.com/kaoyan/2025/05/08/2532807cde064f55a556a59f7136010a.png
S0438,2025年重庆大学应统复试名单,2025年重庆大学应统复试名单,retained_structured_title,重庆大学,2025,逐名名单图像；逐名复试/录取名单,mini_program_asset,secondary_structured,校年值级补证；逐名名单索引,not_checked,,2026-10-09,https://jiuxianzai.oss-cn-beijing.aliyuncs.com/kaoyan/2025/05/08/27861ecee89b4557bf7d9379511e3925.png,[S0438] 2025年重庆大学应统复试名单. 2025年重庆大学应统复试名单[EB/OL]. (2026-10-09)[2026-10-09]. https://jiuxianzai.oss-cn-beijing.aliyuncs.com/kaoyan/2025/05/08/27861ecee89b4557bf7d9379511e3925.png
S0439,2025年武理应统录取结果名单,2025年武理应统录取结果名单,retained_structured_title,武汉理工大学,2025,逐名复试/录取名单,mini_program_asset,secondary_structured,逐名名单索引,not_checked,,2026-10-09,https://jiuxianzai.oss-cn-beijing.aliyuncs.com/kaoyan/2025/05/08/50bf844bc2054394a5b969eb5ab12936.png,[S0439] 2025年武理应统录取结果名单. 2025年武理应统录取结果名单[EB/OL]. (2026-10-09)[2026-10-09]. https://jiuxianzai.oss-cn-beijing.aliyuncs.com/kaoyan/2025/05/08/50bf844bc2054394a5b969eb5ab12936.png
S0440,2025南昌大学应统复试名单,2025南昌大学应统复试名单,retained_structured_title,南昌大学,2025,逐名名单图像；逐名复试/录取名单,mini_program_asset,secondary_structured,校年值级补证；逐名名单索引,not_checked,,2026-10-09,https://jiuxianzai.oss-cn-beijing.aliyuncs.com/kaoyan/2025/05/08/5bcdc54dcfa046d0856f1d4642880a3a.png,[S0440] 2025南昌大学应统复试名单. 2025南昌大学应统复试名单[EB/OL]. (2026-10-09)[2026-10-09]. https://jiuxianzai.oss-cn-beijing.aliyuncs.com/kaoyan/2025/05/08/5bcdc54dcfa046d0856f1d4642880a3a.png
S0441,2025年郑州大学应统复试名单,2025年郑州大学应统复试名单,retained_structured_title,郑州大学,2025,逐名名单图像；逐名复试/录取名单,mini_program_asset,secondary_structured,校年值级补证；逐名名单索引,not_checked,,2026-10-09,https://jiuxianzai.oss-cn-beijing.aliyuncs.com/kaoyan/2025/05/08/9e2bb456652b42929faf0caaaf1c4176.png,[S0441] 2025年郑州大学应统复试名单. 2025年郑州大学应统复试名单[EB/OL]. (2026-10-09)[2026-10-09]. https://jiuxianzai.oss-cn-beijing.aliyuncs.com/kaoyan/2025/05/08/9e2bb456652b42929faf0caaaf1c4176.png
S0442,2025年人大统计与大数据学院应统复试名单,2025年人大统计与大数据学院应统复试名单,retained_structured_title,中国人民大学,2025,逐名名单图像；逐名复试/录取名单,mini_program_asset,secondary_structured,校年值级补证；逐名名单索引,not_checked,,2026-10-09,https://jiuxianzai.oss-cn-beijing.aliyuncs.com/kaoyan/2025/05/08/bc32ef65a4704d3fa0eae33db7811bea.png,[S0442] 2025年人大统计与大数据学院应统复试名单. 2025年人大统计与大数据学院应统复试名单[EB/OL]. (2026-10-09)[2026-10-09]. https://jiuxianzai.oss-cn-beijing.aliyuncs.com/kaoyan/2025/05/08/bc32ef65a4704d3fa0eae33db7811bea.png
S0443,2025年人大统计学院应统复试名单,2025年人大统计学院应统复试名单,retained_structured_title,中国人民大学,2025,逐名名单图像；逐名复试/录取名单,mini_program_asset,secondary_structured,校年值级补证；逐名名单索引,not_checked,,2026-10-09,https://jiuxianzai.oss-cn-beijing.aliyuncs.com/kaoyan/2025/05/08/bd524ba0c7574821910fc671417a7d1a.png,[S0443] 2025年人大统计学院应统复试名单. 2025年人大统计学院应统复试名单[EB/OL]. (2026-10-09)[2026-10-09]. https://jiuxianzai.oss-cn-beijing.aliyuncs.com/kaoyan/2025/05/08/bd524ba0c7574821910fc671417a7d1a.png
S0444,2025年安大应统复试名单,2025年安大应统复试名单,retained_structured_title,安徽大学,2025,逐名名单图像；逐名复试/录取名单,mini_program_asset,secondary_structured,校年值级补证；逐名名单索引,not_checked,,2026-10-09,https://jiuxianzai.oss-cn-beijing.aliyuncs.com/kaoyan/2025/05/08/c165e5f05eff4440910719b396188deb.png,[S0444] 2025年安大应统复试名单. 2025年安大应统复试名单[EB/OL]. (2026-10-09)[2026-10-09]. https://jiuxianzai.oss-cn-beijing.aliyuncs.com/kaoyan/2025/05/08/c165e5f05eff4440910719b396188deb.png
S0445,2025年上海大学经济学院应统拟录取名单,2025年上海大学经济学院应统拟录取名单,retained_structured_title,上海大学,2025,逐名名单图像；逐名复试/录取名单,mini_program_asset,secondary_structured,校年值级补证；逐名名单索引,not_checked,,2026-10-09,https://jiuxianzai.oss-cn-beijing.aliyuncs.com/kaoyan/2025/05/08/c524e49419984f2b9cf663f9741f92f0.png,[S0445] 2025年上海大学经济学院应统拟录取名单. 2025年上海大学经济学院应统拟录取名单[EB/OL]. (2026-10-09)[2026-10-09]. https://jiuxianzai.oss-cn-beijing.aliyuncs.com/kaoyan/2025/05/08/c524e49419984f2b9cf663f9741f92f0.png
S0446,2025年云南大学应统复试名单,2025年云南大学应统复试名单,retained_structured_title,云南大学,2025,逐名名单图像；逐名复试/录取名单,mini_program_asset,secondary_structured,校年值级补证；逐名名单索引,not_checked,,2026-10-09,https://jiuxianzai.oss-cn-beijing.aliyuncs.com/kaoyan/2025/05/10/3044c1d788044e11893ceaeb929c76b3.png,[S0446] 2025年云南大学应统复试名单. 2025年云南大学应统复试名单[EB/OL]. (2026-10-09)[2026-10-09]. https://jiuxianzai.oss-cn-beijing.aliyuncs.com/kaoyan/2025/05/10/3044c1d788044e11893ceaeb929c76b3.png
S0447,2025年同济大学应统复试名单,2025年同济大学应统复试名单,retained_structured_title,同济大学,2025,逐名名单图像；逐名复试/录取名单,mini_program_asset,secondary_structured,校年值级补证；逐名名单索引,not_checked,,2026-10-09,https://jiuxianzai.oss-cn-beijing.aliyuncs.com/kaoyan/2025/05/10/d4efc20b73324042a4698a7ff1a71e69.png,[S0447] 2025年同济大学应统复试名单. 2025年同济大学应统复试名单[EB/OL]. (2026-10-09)[2026-10-09]. https://jiuxianzai.oss-cn-beijing.aliyuncs.com/kaoyan/2025/05/10/d4efc20b73324042a4698a7ff1a71e69.png
S0448,2025年福州大学应统拟录取名单,2025年福州大学应统拟录取名单,retained_structured_title,福州大学,2025,逐名名单图像；逐名复试/录取名单,mini_program_asset,secondary_structured,校年值级补证；逐名名单索引,not_checked,,2026-10-09,https://jiuxianzai.oss-cn-beijing.aliyuncs.com/kaoyan/2025/05/28/4233dabfacbf4678bf3c0ae9a57226b1.png,[S0448] 2025年福州大学应统拟录取名单. 2025年福州大学应统拟录取名单[EB/OL]. (2026-10-09)[2026-10-09]. https://jiuxianzai.oss-cn-beijing.aliyuncs.com/kaoyan/2025/05/28/4233dabfacbf4678bf3c0ae9a57226b1.png
S0449,2025年数统学院应统录取结果名单,2025年数统学院应统录取结果名单,retained_structured_title,西安交通大学,2025,逐名名单图像；逐名复试/录取名单,mini_program_asset,secondary_structured,校年值级补证；逐名名单索引,not_checked,,2026-10-09,https://jiuxianzai.oss-cn-beijing.aliyuncs.com/kaoyan/2025/05/28/690df7dcce244af2955b247307cf5cc9.png,[S0449] 2025年数统学院应统录取结果名单. 2025年数统学院应统录取结果名单[EB/OL]. (2026-10-09)[2026-10-09]. https://jiuxianzai.oss-cn-beijing.aliyuncs.com/kaoyan/2025/05/28/690df7dcce244af2955b247307cf5cc9.png
S0450,2025年东北农业大学复试名单,2025年东北农业大学复试名单,retained_structured_title,东北农业大学,2025,逐名名单图像；逐名复试/录取名单,mini_program_asset,secondary_structured,校年值级补证；逐名名单索引,not_checked,,2026-10-09,https://jiuxianzai.oss-cn-beijing.aliyuncs.com/kaoyan/2025/05/28/821e0eafd53e4160a86205a886da3c15.png,[S0450] 2025年东北农业大学复试名单. 2025年东北农业大学复试名单[EB/OL]. (2026-10-09)[2026-10-09]. https://jiuxianzai.oss-cn-beijing.aliyuncs.com/kaoyan/2025/05/28/821e0eafd53e4160a86205a886da3c15.png
S0451,2025年中国石油大学（华东）应统录取结果名单,2025年中国石油大学（华东）应统录取结果名单,retained_structured_title,中国石油大学（华东）,2025,逐名名单图像；逐名复试/录取名单,mini_program_asset,secondary_structured,校年值级补证；逐名名单索引,not_checked,,2026-10-09,https://jiuxianzai.oss-cn-beijing.aliyuncs.com/kaoyan/2025/05/28/da93dac2c85148429783739599b8950e.png,[S0451] 2025年中国石油大学（华东）应统录取结果名单. 2025年中国石油大学（华东）应统录取结果名单[EB/OL]. (2026-10-09)[2026-10-09]. https://jiuxianzai.oss-cn-beijing.aliyuncs.com/kaoyan/2025/05/28/da93dac2c85148429783739599b8950e.png
S0452,2025年北林应统复试名单,2025年北林应统复试名单,retained_structured_title,北京林业大学,2025,逐名名单图像；逐名复试/录取名单,mini_program_asset,secondary_structured,校年值级补证；逐名名单索引,not_checked,,2026-10-09,https://jiuxianzai.oss-cn-beijing.aliyuncs.com/kaoyan/2025/06/04/fe2659bd3628493584599c25afc4dd17.png,[S0452] 2025年北林应统复试名单. 2025年北林应统复试名单[EB/OL]. (2026-10-09)[2026-10-09]. https://jiuxianzai.oss-cn-beijing.aliyuncs.com/kaoyan/2025/06/04/fe2659bd3628493584599c25afc4dd17.png
S0453,2025年统计与数据科学学院B组应统复试名单,2025年统计与数据科学学院B组应统复试名单,retained_structured_title,上海财经大学,2025,逐名复试/录取名单,mini_program_asset,secondary_structured,逐名名单索引,not_checked,,2026-10-09,https://jiuxianzai.oss-cn-beijing.aliyuncs.com/kaoyan/2025/07/02/4f04dc96a57c4760a9406a82bde30a2f.png,[S0453] 2025年统计与数据科学学院B组应统复试名单. 2025年统计与数据科学学院B组应统复试名单[EB/OL]. (2026-10-09)[2026-10-09]. https://jiuxianzai.oss-cn-beijing.aliyuncs.com/kaoyan/2025/07/02/4f04dc96a57c4760a9406a82bde30a2f.png
S0454,2025年统计与数据科学学院A组应统复试名单,2025年统计与数据科学学院A组应统复试名单,retained_structured_title,上海财经大学,2025,逐名名单图像；逐名复试/录取名单,mini_program_asset,secondary_structured,校年值级补证；逐名名单索引,not_checked,,2026-10-09,https://jiuxianzai.oss-cn-beijing.aliyuncs.com/kaoyan/2025/07/02/51fd767bc9674261b23a08971a2d3654.png,[S0454] 2025年统计与数据科学学院A组应统复试名单. 2025年统计与数据科学学院A组应统复试名单[EB/OL]. (2026-10-09)[2026-10-09]. https://jiuxianzai.oss-cn-beijing.aliyuncs.com/kaoyan/2025/07/02/51fd767bc9674261b23a08971a2d3654.png
S0455,2025年西南大学应统复试名单,2025年西南大学应统复试名单,retained_structured_title,西南大学,2025,逐名名单图像；逐名复试/录取名单,mini_program_asset,secondary_structured,校年值级补证；逐名名单索引,not_checked,,2026-10-09,https://jiuxianzai.oss-cn-beijing.aliyuncs.com/kaoyan/2025/07/02/58c014bc4d1a4627b6a82ef14982bcbc.png,[S0455] 2025年西南大学应统复试名单. 2025年西南大学应统复试名单[EB/OL]. (2026-10-09)[2026-10-09]. https://jiuxianzai.oss-cn-beijing.aliyuncs.com/kaoyan/2025/07/02/58c014bc4d1a4627b6a82ef14982bcbc.png
S0456,2025年上财数学学院应统复试名单,2025年上财数学学院应统复试名单,retained_structured_title,上海财经大学,2025,逐名复试/录取名单,mini_program_asset,secondary_structured,逐名名单索引,not_checked,,2026-10-09,https://jiuxianzai.oss-cn-beijing.aliyuncs.com/kaoyan/2025/07/02/776fe6d86b57432ea2c976e967130117.png,[S0456] 2025年上财数学学院应统复试名单. 2025年上财数学学院应统复试名单[EB/OL]. (2026-10-09)[2026-10-09]. https://jiuxianzai.oss-cn-beijing.aliyuncs.com/kaoyan/2025/07/02/776fe6d86b57432ea2c976e967130117.png
S0457,2025年东北大学（佛山）应统录取结果名单,2025年东北大学（佛山）应统录取结果名单,retained_structured_title,东北大学,2025,admission/复录比；admission/复试人数；admission/拟录取中位；admission/拟录取人数；admission/拟录取最低；admission/拟录取最高；admission/本科背景状态；逐名名单图像；逐名复试/录取名单,mini_program_asset,secondary_snapshot；secondary_structured,校年值级补证；逐名名单索引；逐字段校年台账,reachable,200.0,2026-10-09,https://jiuxianzai.oss-cn-beijing.aliyuncs.com/kaoyan/2025/10/09/32295303b66d4779947c56c9f060e40f.png,[S0457] 2025年东北大学（佛山）应统录取结果名单. 2025年东北大学（佛山）应统录取结果名单[EB/OL]. (2026-10-09)[2026-10-09]. https://jiuxianzai.oss-cn-beijing.aliyuncs.com/kaoyan/2025/10/09/32295303b66d4779947c56c9f060e40f.png
S0458,2025年东北师范应统录取结果名单,2025年东北师范应统录取结果名单,retained_structured_title,东北师范大学,2025,admission/复录比；admission/复试人数；admission/拟录取中位；admission/拟录取人数；admission/拟录取最低；admission/拟录取最高；admission/本科背景状态；逐名名单图像；逐名复试/录取名单,mini_program_asset,secondary_snapshot；secondary_structured,校年值级补证；逐名名单索引；逐字段校年台账,reachable,200.0,2026-10-09,https://jiuxianzai.oss-cn-beijing.aliyuncs.com/kaoyan/2025/10/09/493c0cb2fdc24af78d8a6217259f6347.png,[S0458] 2025年东北师范应统录取结果名单. 2025年东北师范应统录取结果名单[EB/OL]. (2026-10-09)[2026-10-09]. https://jiuxianzai.oss-cn-beijing.aliyuncs.com/kaoyan/2025/10/09/493c0cb2fdc24af78d8a6217259f6347.png
S0459,2025年东北大学应统录取结果名单,2025年东北大学应统录取结果名单,retained_structured_title,东北大学,2025,admission/复录比；admission/复试人数；admission/拟录取中位；admission/拟录取人数；admission/拟录取最低；admission/拟录取最高；admission/本科背景状态；逐名复试/录取名单,mini_program_asset,secondary_snapshot；secondary_structured,逐名名单索引；逐字段校年台账,reachable,200.0,2026-10-09,https://jiuxianzai.oss-cn-beijing.aliyuncs.com/kaoyan/2025/10/09/725c31dad99449fc9f057e721eb99b9c.png,[S0459] 2025年东北大学应统录取结果名单. 2025年东北大学应统录取结果名单[EB/OL]. (2026-10-09)[2026-10-09]. https://jiuxianzai.oss-cn-beijing.aliyuncs.com/kaoyan/2025/10/09/725c31dad99449fc9f057e721eb99b9c.png
S0460,2025年东南大学复试名单,2025年东南大学复试名单,retained_structured_title,东南大学,2025,逐名名单图像；逐名复试/录取名单,mini_program_asset,secondary_structured,校年值级补证；逐名名单索引,not_checked,,2026-10-09,https://jiuxianzai.oss-cn-beijing.aliyuncs.com/kaoyan/2025/10/09/935d347886424e55a763cbb0f80a2676.png,[S0460] 2025年东南大学复试名单. 2025年东南大学复试名单[EB/OL]. (2026-10-09)[2026-10-09]. https://jiuxianzai.oss-cn-beijing.aliyuncs.com/kaoyan/2025/10/09/935d347886424e55a763cbb0f80a2676.png
S0461,2025年东北大学秦皇岛校区应统录取结果名单,2025年东北大学秦皇岛校区应统录取结果名单,retained_structured_title,东北大学,2025,admission/复录比；admission/复试人数；admission/拟录取中位；admission/拟录取人数；admission/拟录取最低；admission/拟录取最高；admission/本科背景状态；逐名复试/录取名单,mini_program_asset,secondary_snapshot；secondary_structured,逐名名单索引；逐字段校年台账,reachable,200.0,2026-10-09,https://jiuxianzai.oss-cn-beijing.aliyuncs.com/kaoyan/2025/10/09/a857ed71463241fda4cae68b1283d32f.png,[S0461] 2025年东北大学秦皇岛校区应统录取结果名单. 2025年东北大学秦皇岛校区应统录取结果名单[EB/OL]. (2026-10-09)[2026-10-09]. https://jiuxianzai.oss-cn-beijing.aliyuncs.com/kaoyan/2025/10/09/a857ed71463241fda4cae68b1283d32f.png
S0462,2026年清华大学应统拟录取名单,2026年清华大学应统拟录取名单,retained_structured_title,清华大学,2026,admission/复录比；admission/复试人数；admission/拟录取中位；admission/拟录取人数；admission/拟录取最低；admission/拟录取最高；admission/本科背景状态；逐名名单图像；逐名复试/录取名单,mini_program_asset,secondary_snapshot；secondary_structured,校年值级补证；逐名名单索引；逐字段校年台账,reachable,200.0,2026-10-09,https://jiuxianzai.oss-cn-beijing.aliyuncs.com/kaoyan/2026/05/06/05b9aca53bf44e92aac7cc0a8c56a3d7.png,[S0462] 2026年清华大学应统拟录取名单. 2026年清华大学应统拟录取名单[EB/OL]. (2026-10-09)[2026-10-09]. https://jiuxianzai.oss-cn-beijing.aliyuncs.com/kaoyan/2026/05/06/05b9aca53bf44e92aac7cc0a8c56a3d7.png
S0463,2026年上交应统录取结果名单,2026年上交应统录取结果名单,retained_structured_title,上海交通大学,2026,admission/复录比；admission/复试人数；admission/拟录取中位；admission/拟录取人数；admission/拟录取最低；admission/拟录取最高；admission/本科背景状态；逐名名单图像；逐名复试/录取名单,mini_program_asset,secondary_snapshot；secondary_structured,校年值级补证；逐名名单索引；逐字段校年台账,reachable,200.0,2026-10-09,https://jiuxianzai.oss-cn-beijing.aliyuncs.com/kaoyan/2026/05/06/d0538b2afbd7447ca69d5c87f49a8718.png,[S0463] 2026年上交应统录取结果名单. 2026年上交应统录取结果名单[EB/OL]. (2026-10-09)[2026-10-09]. https://jiuxianzai.oss-cn-beijing.aliyuncs.com/kaoyan/2026/05/06/d0538b2afbd7447ca69d5c87f49a8718.png
S0464,2026年经济研究院录取结果名单,2026年经济研究院录取结果名单,retained_structured_title,山东大学,2026,admission/复录比；admission/复试人数；admission/拟录取中位；admission/拟录取人数；admission/拟录取最低；admission/拟录取最高；admission/本科背景状态；逐名复试/录取名单,mini_program_asset,secondary_snapshot；secondary_structured,逐名名单索引；逐字段校年台账,reachable,200.0,2026-10-09,https://jiuxianzai.oss-cn-beijing.aliyuncs.com/kaoyan/2026/05/14/09d9417cf1ed4819a8ec6bbd8f4f13c3.png,[S0464] 2026年经济研究院录取结果名单. 2026年经济研究院录取结果名单[EB/OL]. (2026-10-09)[2026-10-09]. https://jiuxianzai.oss-cn-beijing.aliyuncs.com/kaoyan/2026/05/14/09d9417cf1ed4819a8ec6bbd8f4f13c3.png
S0465,2026年数统学院应统录取结果名单,2026年数统学院应统录取结果名单,retained_structured_title,西安交通大学,2026,admission/复录比；admission/复试人数；admission/拟录取中位；admission/拟录取人数；admission/拟录取最低；admission/拟录取最高；admission/本科背景状态；逐名复试/录取名单,mini_program_asset,secondary_snapshot；secondary_structured,逐名名单索引；逐字段校年台账,reachable,200.0,2026-10-09,https://jiuxianzai.oss-cn-beijing.aliyuncs.com/kaoyan/2026/05/14/13d30b77ca544932bb1417fed8d1dfd2.png,[S0465] 2026年数统学院应统录取结果名单. 2026年数统学院应统录取结果名单[EB/OL]. (2026-10-09)[2026-10-09]. https://jiuxianzai.oss-cn-beijing.aliyuncs.com/kaoyan/2026/05/14/13d30b77ca544932bb1417fed8d1dfd2.png
S0466,2026年华师大应统拟录取名单,2026年华师大应统拟录取名单,retained_structured_title,华东师范大学,2026,admission/复录比；admission/复试人数；admission/拟录取中位；admission/拟录取人数；admission/拟录取最低；admission/拟录取最高；admission/本科背景状态；逐名名单图像；逐名复试/录取名单,mini_program_asset,secondary_snapshot；secondary_structured,校年值级补证；逐名名单索引；逐字段校年台账,reachable,200.0,2026-10-09,https://jiuxianzai.oss-cn-beijing.aliyuncs.com/kaoyan/2026/05/14/1aca6d9e31e341368d6514815a476373.png,[S0466] 2026年华师大应统拟录取名单. 2026年华师大应统拟录取名单[EB/OL]. (2026-10-09)[2026-10-09]. https://jiuxianzai.oss-cn-beijing.aliyuncs.com/kaoyan/2026/05/14/1aca6d9e31e341368d6514815a476373.png
S0467,2026年中南大学应统录取结果名单,2026年中南大学应统录取结果名单,retained_structured_title,中南大学,2026,逐名名单图像；逐名复试/录取名单,mini_program_asset,secondary_structured,校年值级补证；逐名名单索引,not_checked,,2026-10-09,https://jiuxianzai.oss-cn-beijing.aliyuncs.com/kaoyan/2026/05/14/1db411a709394a5b969dc3ee89c0e864.png,[S0467] 2026年中南大学应统录取结果名单. 2026年中南大学应统录取结果名单[EB/OL]. (2026-10-09)[2026-10-09]. https://jiuxianzai.oss-cn-beijing.aliyuncs.com/kaoyan/2026/05/14/1db411a709394a5b969dc3ee89c0e864.png
S0468,2026年中山（珠海）应统录取结果名单,2026年中山（珠海）应统录取结果名单,retained_structured_title,中山大学,2026,admission/复录比；admission/复试人数；admission/拟录取中位；admission/拟录取人数；admission/拟录取最低；admission/拟录取最高；admission/本科背景状态；逐名名单图像；逐名复试/录取名单,mini_program_asset,secondary_snapshot；secondary_structured,校年值级补证；逐名名单索引；逐字段校年台账,reachable,200.0,2026-10-09,https://jiuxianzai.oss-cn-beijing.aliyuncs.com/kaoyan/2026/05/14/21b2e7050f184975974d0f5cd028600d.png,[S0468] 2026年中山（珠海）应统录取结果名单. 2026年中山（珠海）应统录取结果名单[EB/OL]. (2026-10-09)[2026-10-09]. https://jiuxianzai.oss-cn-beijing.aliyuncs.com/kaoyan/2026/05/14/21b2e7050f184975974d0f5cd028600d.png
S0469,2026年山东大学数统院应统专硕一志愿拟录取名单,2026年山东大学数统院应统专硕一志愿拟录取名单,retained_structured_title,山东大学,2026,admission/复录比；admission/复试人数；admission/拟录取中位；admission/拟录取人数；admission/拟录取最低；admission/拟录取最高；admission/本科背景状态；逐名复试/录取名单,mini_program_asset,secondary_snapshot；secondary_structured,逐名名单索引；逐字段校年台账,reachable,200.0,2026-10-09,https://jiuxianzai.oss-cn-beijing.aliyuncs.com/kaoyan/2026/05/14/287833fb5d0b4f38a9e81106b062ca35.png,[S0469] 2026年山东大学数统院应统专硕一志愿拟录取名单. 2026年山东大学数统院应统专硕一志愿拟录取名单[EB/OL]. (2026-10-09)[2026-10-09]. https://jiuxianzai.oss-cn-beijing.aliyuncs.com/kaoyan/2026/05/14/287833fb5d0b4f38a9e81106b062ca35.png
S0470,2026年哈工大苏州基地应统录取结果名单,2026年哈工大苏州基地应统录取结果名单,retained_structured_title,哈尔滨工业大学,2026,admission/复录比；admission/复试人数；admission/拟录取中位；admission/拟录取人数；admission/拟录取最低；admission/拟录取最高；admission/本科背景状态；逐名复试/录取名单,mini_program_asset,secondary_snapshot；secondary_structured,逐名名单索引；逐字段校年台账,reachable,200.0,2026-10-09,https://jiuxianzai.oss-cn-beijing.aliyuncs.com/kaoyan/2026/05/14/2c6b0c02223343069b9f6a790e6cfe26.png,[S0470] 2026年哈工大苏州基地应统录取结果名单. 2026年哈工大苏州基地应统录取结果名单[EB/OL]. (2026-10-09)[2026-10-09]. https://jiuxianzai.oss-cn-beijing.aliyuncs.com/kaoyan/2026/05/14/2c6b0c02223343069b9f6a790e6cfe26.png
S0471,2026年大连理工大学应统拟录取名单,2026年大连理工大学应统拟录取名单,retained_structured_title,大连理工大学,2026,admission/复录比；admission/复试人数；admission/拟录取中位；admission/拟录取人数；admission/拟录取最低；admission/拟录取最高；admission/本科背景状态；逐名名单图像；逐名复试/录取名单,mini_program_asset,secondary_snapshot；secondary_structured,校年值级补证；逐名名单索引；逐字段校年台账,reachable,200.0,2026-10-09,https://jiuxianzai.oss-cn-beijing.aliyuncs.com/kaoyan/2026/05/14/36dfeea154274c78b21d6ee3f2cd8e26.png,[S0471] 2026年大连理工大学应统拟录取名单. 2026年大连理工大学应统拟录取名单[EB/OL]. (2026-10-09)[2026-10-09]. https://jiuxianzai.oss-cn-beijing.aliyuncs.com/kaoyan/2026/05/14/36dfeea154274c78b21d6ee3f2cd8e26.png
S0472,2026年人大统计与大数据学院应统复试名单,2026年人大统计与大数据学院应统复试名单,retained_structured_title,中国人民大学,2026,admission/复录比；admission/复试人数；admission/拟录取中位；admission/拟录取人数；admission/拟录取最低；admission/拟录取最高；admission/本科背景状态；逐名名单图像；逐名复试/录取名单,mini_program_asset,secondary_snapshot；secondary_structured,校年值级补证；逐名名单索引；逐字段校年台账,reachable,200.0,2026-10-09,https://jiuxianzai.oss-cn-beijing.aliyuncs.com/kaoyan/2026/05/14/3daa2a7a7ed44da095916da7d2643b46.png,[S0472] 2026年人大统计与大数据学院应统复试名单. 2026年人大统计与大数据学院应统复试名单[EB/OL]. (2026-10-09)[2026-10-09]. https://jiuxianzai.oss-cn-beijing.aliyuncs.com/kaoyan/2026/05/14/3daa2a7a7ed44da095916da7d2643b46.png
S0473,2026年人大统计学院应统复试名单,2026年人大统计学院应统复试名单,retained_structured_title,中国人民大学,2026,admission/复录比；admission/复试人数；admission/拟录取中位；admission/拟录取人数；admission/拟录取最低；admission/拟录取最高；admission/本科背景状态；逐名复试/录取名单,mini_program_asset,secondary_snapshot；secondary_structured,逐名名单索引；逐字段校年台账,reachable,200.0,2026-10-09,https://jiuxianzai.oss-cn-beijing.aliyuncs.com/kaoyan/2026/05/14/3f0bfbbc422b4bdab6aabdd20c18216d.png,[S0473] 2026年人大统计学院应统复试名单. 2026年人大统计学院应统复试名单[EB/OL]. (2026-10-09)[2026-10-09]. https://jiuxianzai.oss-cn-beijing.aliyuncs.com/kaoyan/2026/05/14/3f0bfbbc422b4bdab6aabdd20c18216d.png
S0474,2026年西北工大应统录取名单,2026年西北工大应统录取名单,retained_structured_title,西北工业大学,2026,admission/拟录取中位；admission/拟录取人数；admission/拟录取最低；admission/拟录取最高；admission/本科背景状态；逐名名单图像；逐名复试/录取名单,mini_program_asset,secondary_snapshot；secondary_structured,校年值级补证；逐名名单索引；逐字段校年台账,reachable,200.0,2026-10-09,https://jiuxianzai.oss-cn-beijing.aliyuncs.com/kaoyan/2026/05/14/425536ad86a84134be2e5d24b9636d87.png,[S0474] 2026年西北工大应统录取名单. 2026年西北工大应统录取名单[EB/OL]. (2026-10-09)[2026-10-09]. https://jiuxianzai.oss-cn-beijing.aliyuncs.com/kaoyan/2026/05/14/425536ad86a84134be2e5d24b9636d87.png
S0475,2026年中海洋应统复试名单,2026年中海洋应统复试名单,retained_structured_title,中国海洋大学,2026,admission/复录比；admission/复试人数；admission/拟录取中位；admission/拟录取人数；admission/拟录取最低；admission/拟录取最高；admission/本科背景状态；逐名名单图像；逐名复试/录取名单,mini_program_asset,secondary_snapshot；secondary_structured,校年值级补证；逐名名单索引；逐字段校年台账,reachable,200.0,2026-10-09,https://jiuxianzai.oss-cn-beijing.aliyuncs.com/kaoyan/2026/05/14/42898c0fa4a54ea0a37e76f95f5243c9.png,[S0475] 2026年中海洋应统复试名单. 2026年中海洋应统复试名单[EB/OL]. (2026-10-09)[2026-10-09]. https://jiuxianzai.oss-cn-beijing.aliyuncs.com/kaoyan/2026/05/14/42898c0fa4a54ea0a37e76f95f5243c9.png
S0476,2026年南京大学录取结果名单,2026年南京大学录取结果名单,retained_structured_title,南京大学,2026,admission/复录比；admission/复试人数；admission/拟录取中位；admission/拟录取人数；admission/拟录取最低；admission/拟录取最高；admission/本科背景状态；逐名名单图像；逐名复试/录取名单,mini_program_asset,secondary_snapshot；secondary_structured,校年值级补证；逐名名单索引；逐字段校年台账,reachable,200.0,2026-10-09,https://jiuxianzai.oss-cn-beijing.aliyuncs.com/kaoyan/2026/05/14/437591903b11459190d442b1403f841f.png,[S0476] 2026年南京大学录取结果名单. 2026年南京大学录取结果名单[EB/OL]. (2026-10-09)[2026-10-09]. https://jiuxianzai.oss-cn-beijing.aliyuncs.com/kaoyan/2026/05/14/437591903b11459190d442b1403f841f.png
S0477,2026年东北大学应统录取结果名单,2026年东北大学应统录取结果名单,retained_structured_title,东北大学,2026,逐名复试/录取名单,mini_program_asset,secondary_structured,逐名名单索引,not_checked,,2026-10-09,https://jiuxianzai.oss-cn-beijing.aliyuncs.com/kaoyan/2026/05/14/4a23c352b4eb42018f5f56cc999047f3.png,[S0477] 2026年东北大学应统录取结果名单. 2026年东北大学应统录取结果名单[EB/OL]. (2026-10-09)[2026-10-09]. https://jiuxianzai.oss-cn-beijing.aliyuncs.com/kaoyan/2026/05/14/4a23c352b4eb42018f5f56cc999047f3.png
S0478,2026年金融研究院应统录取结果名单,2026年金融研究院应统录取结果名单,retained_structured_title,山东大学,2026,admission/复录比；admission/复试人数；admission/拟录取中位；admission/拟录取人数；admission/拟录取最低；admission/拟录取最高；admission/本科背景状态；逐名名单图像；逐名复试/录取名单,mini_program_asset,secondary_snapshot；secondary_structured,校年值级补证；逐名名单索引；逐字段校年台账,reachable,200.0,2026-10-09,https://jiuxianzai.oss-cn-beijing.aliyuncs.com/kaoyan/2026/05/14/52b85047fb4646c5b697709c02989293.png,[S0478] 2026年金融研究院应统录取结果名单. 2026年金融研究院应统录取结果名单[EB/OL]. (2026-10-09)[2026-10-09]. https://jiuxianzai.oss-cn-beijing.aliyuncs.com/kaoyan/2026/05/14/52b85047fb4646c5b697709c02989293.png
S0479,2026年川大经济学院应统复试名单,2026年川大经济学院应统复试名单,retained_structured_title,四川大学,2026,admission/复录比；admission/复试人数；admission/拟录取中位；admission/拟录取人数；admission/拟录取最低；admission/拟录取最高；admission/本科背景状态；逐名名单图像；逐名复试/录取名单,mini_program_asset,secondary_snapshot；secondary_structured,校年值级补证；逐名名单索引；逐字段校年台账,reachable,200.0,2026-10-09,https://jiuxianzai.oss-cn-beijing.aliyuncs.com/kaoyan/2026/05/14/55407a0a14d947c9913baf5ea3f75152.png,[S0479] 2026年川大经济学院应统复试名单. 2026年川大经济学院应统复试名单[EB/OL]. (2026-10-09)[2026-10-09]. https://jiuxianzai.oss-cn-beijing.aliyuncs.com/kaoyan/2026/05/14/55407a0a14d947c9913baf5ea3f75152.png
S0480,2026年珠海校区01方向拟录取名单,2026年珠海校区01方向拟录取名单,retained_structured_title,北京师范大学,2026,逐名名单图像；逐名复试/录取名单,mini_program_asset,secondary_structured,校年值级补证；逐名名单索引,not_checked,,2026-10-09,https://jiuxianzai.oss-cn-beijing.aliyuncs.com/kaoyan/2026/05/14/5f70001df0764aceb34dea48a57a1c41.png,[S0480] 2026年珠海校区01方向拟录取名单. 2026年珠海校区01方向拟录取名单[EB/OL]. (2026-10-09)[2026-10-09]. https://jiuxianzai.oss-cn-beijing.aliyuncs.com/kaoyan/2026/05/14/5f70001df0764aceb34dea48a57a1c41.png
S0481,2026年重庆大学应统复试名单,2026年重庆大学应统复试名单,retained_structured_title,重庆大学,2026,admission/复录比；admission/复试人数；admission/拟录取中位；admission/拟录取人数；admission/拟录取最低；admission/拟录取最高；admission/本科背景状态；逐名名单图像；逐名复试/录取名单,mini_program_asset,secondary_snapshot；secondary_structured,校年值级补证；逐名名单索引；逐字段校年台账,reachable,200.0,2026-10-09,https://jiuxianzai.oss-cn-beijing.aliyuncs.com/kaoyan/2026/05/14/6736f3662922478a98137b87757c4516.png,[S0481] 2026年重庆大学应统复试名单. 2026年重庆大学应统复试名单[EB/OL]. (2026-10-09)[2026-10-09]. https://jiuxianzai.oss-cn-beijing.aliyuncs.com/kaoyan/2026/05/14/6736f3662922478a98137b87757c4516.png
S0482,2026年同济大学应统复试名单,2026年同济大学应统复试名单,retained_structured_title,同济大学,2026,逐名名单图像；逐名复试/录取名单,mini_program_asset,secondary_structured,校年值级补证；逐名名单索引,not_checked,,2026-10-09,https://jiuxianzai.oss-cn-beijing.aliyuncs.com/kaoyan/2026/05/14/69b69861c23545d79c5c10aa6f39338c.png,[S0482] 2026年同济大学应统复试名单. 2026年同济大学应统复试名单[EB/OL]. (2026-10-09)[2026-10-09]. https://jiuxianzai.oss-cn-beijing.aliyuncs.com/kaoyan/2026/05/14/69b69861c23545d79c5c10aa6f39338c.png
S0483,2026年数据科学研究院应统录取结果名单,2026年数据科学研究院应统录取结果名单,retained_structured_title,山东大学,2026,admission/复录比；admission/复试人数；admission/拟录取中位；admission/拟录取人数；admission/拟录取最低；admission/拟录取最高；admission/本科背景状态；逐名复试/录取名单,mini_program_asset,secondary_snapshot；secondary_structured,逐名名单索引；逐字段校年台账,reachable,200.0,2026-10-09,https://jiuxianzai.oss-cn-beijing.aliyuncs.com/kaoyan/2026/05/14/6a31d9257d03465e8ce07001c0371e93.png,[S0483] 2026年数据科学研究院应统录取结果名单. 2026年数据科学研究院应统录取结果名单[EB/OL]. (2026-10-09)[2026-10-09]. https://jiuxianzai.oss-cn-beijing.aliyuncs.com/kaoyan/2026/05/14/6a31d9257d03465e8ce07001c0371e93.png
S0484,2026年武大应统录取结果名单,2026年武大应统录取结果名单,retained_structured_title,武汉大学,2026,逐名复试/录取名单,mini_program_asset,secondary_structured,逐名名单索引,not_checked,,2026-10-09,https://jiuxianzai.oss-cn-beijing.aliyuncs.com/kaoyan/2026/05/14/6c6ac811ad034a51b416267b9db3216f.png,[S0484] 2026年武大应统录取结果名单. 2026年武大应统录取结果名单[EB/OL]. (2026-10-09)[2026-10-09]. https://jiuxianzai.oss-cn-beijing.aliyuncs.com/kaoyan/2026/05/14/6c6ac811ad034a51b416267b9db3216f.png
S0485,2026年统计系应统录取结果名单,2026年统计系应统录取结果名单,retained_structured_title,厦门大学,2026,admission/复录比；admission/复试人数；admission/拟录取中位；admission/拟录取人数；admission/拟录取最低；admission/拟录取最高；admission/本科背景状态；逐名名单图像；逐名复试/录取名单,mini_program_asset,secondary_snapshot；secondary_structured,校年值级补证；逐名名单索引；逐字段校年台账,reachable,200.0,2026-10-09,https://jiuxianzai.oss-cn-beijing.aliyuncs.com/kaoyan/2026/05/14/80a2e940041d43d1a7a4f3885b38f55e.png,[S0485] 2026年统计系应统录取结果名单. 2026年统计系应统录取结果名单[EB/OL]. (2026-10-09)[2026-10-09]. https://jiuxianzai.oss-cn-beijing.aliyuncs.com/kaoyan/2026/05/14/80a2e940041d43d1a7a4f3885b38f55e.png
S0486,2026年中山本部应统录取结果名单,2026年中山本部应统录取结果名单,retained_structured_title,中山大学,2026,admission/复录比；admission/复试人数；admission/拟录取中位；admission/拟录取人数；admission/拟录取最低；admission/拟录取最高；admission/本科背景状态；逐名复试/录取名单,mini_program_asset,secondary_snapshot；secondary_structured,逐名名单索引；逐字段校年台账,reachable,200.0,2026-10-09,https://jiuxianzai.oss-cn-beijing.aliyuncs.com/kaoyan/2026/05/14/87876062a28d4054aa88130454389599.png,[S0486] 2026年中山本部应统录取结果名单. 2026年中山本部应统录取结果名单[EB/OL]. (2026-10-09)[2026-10-09]. https://jiuxianzai.oss-cn-beijing.aliyuncs.com/kaoyan/2026/05/14/87876062a28d4054aa88130454389599.png
S0487,2026年哈工大应统录取结果名单,2026年哈工大应统录取结果名单,retained_structured_title,哈尔滨工业大学,2026,admission/复录比；admission/复试人数；admission/拟录取中位；admission/拟录取人数；admission/拟录取最低；admission/拟录取最高；admission/本科背景状态；逐名名单图像；逐名复试/录取名单,mini_program_asset,secondary_snapshot；secondary_structured,校年值级补证；逐名名单索引；逐字段校年台账,reachable,200.0,2026-10-09,https://jiuxianzai.oss-cn-beijing.aliyuncs.com/kaoyan/2026/05/14/92f69d1e6e5841cba0f12bd65b456812.png,[S0487] 2026年哈工大应统录取结果名单. 2026年哈工大应统录取结果名单[EB/OL]. (2026-10-09)[2026-10-09]. https://jiuxianzai.oss-cn-beijing.aliyuncs.com/kaoyan/2026/05/14/92f69d1e6e5841cba0f12bd65b456812.png
S0488,2026年兰大应统一志愿录取结果,2026年兰大应统一志愿录取结果,retained_structured_title,兰州大学,2026,admission/复录比；admission/复试人数；admission/拟录取中位；admission/拟录取人数；admission/拟录取最低；admission/拟录取最高；admission/本科背景状态；逐名名单图像；逐名复试/录取名单,mini_program_asset,secondary_snapshot；secondary_structured,校年值级补证；逐名名单索引；逐字段校年台账,reachable,200.0,2026-10-09,https://jiuxianzai.oss-cn-beijing.aliyuncs.com/kaoyan/2026/05/14/9a328bdb0ac24b58a25f9d9dd7804b69.png,[S0488] 2026年兰大应统一志愿录取结果. 2026年兰大应统一志愿录取结果[EB/OL]. (2026-10-09)[2026-10-09]. https://jiuxianzai.oss-cn-beijing.aliyuncs.com/kaoyan/2026/05/14/9a328bdb0ac24b58a25f9d9dd7804b69.png
S0489,2026年中科大应统录取结果名单,2026年中科大应统录取结果名单,retained_structured_title,中国科学技术大学,2026,admission/复录比；admission/复试人数；admission/拟录取中位；admission/拟录取人数；admission/拟录取最低；admission/拟录取最高；admission/本科背景状态；逐名名单图像；逐名复试/录取名单,mini_program_asset,secondary_snapshot；secondary_structured,校年值级补证；逐名名单索引；逐字段校年台账,reachable,200.0,2026-10-09,https://jiuxianzai.oss-cn-beijing.aliyuncs.com/kaoyan/2026/05/14/a331294371e0400eb623577d8b708a57.png,[S0489] 2026年中科大应统录取结果名单. 2026年中科大应统录取结果名单[EB/OL]. (2026-10-09)[2026-10-09]. https://jiuxianzai.oss-cn-beijing.aliyuncs.com/kaoyan/2026/05/14/a331294371e0400eb623577d8b708a57.png
S0490,2026年东北大学（佛山）应统录取结果名单,2026年东北大学（佛山）应统录取结果名单,retained_structured_title,东北大学,2026,逐名名单图像；逐名复试/录取名单,mini_program_asset,secondary_structured,校年值级补证；逐名名单索引,not_checked,,2026-10-09,https://jiuxianzai.oss-cn-beijing.aliyuncs.com/kaoyan/2026/05/14/a6b67ad40e92470ea67c84677ba6d807.png,[S0490] 2026年东北大学（佛山）应统录取结果名单. 2026年东北大学（佛山）应统录取结果名单[EB/OL]. (2026-10-09)[2026-10-09]. https://jiuxianzai.oss-cn-beijing.aliyuncs.com/kaoyan/2026/05/14/a6b67ad40e92470ea67c84677ba6d807.png
S0491,2026四川大学-数学学院应统复试名单,2026四川大学-数学学院应统复试名单,retained_structured_title,四川大学,2026,admission/复录比；admission/复试人数；admission/拟录取中位；admission/拟录取人数；admission/拟录取最低；admission/拟录取最高；admission/本科背景状态；逐名名单图像；逐名复试/录取名单,mini_program_asset,secondary_snapshot；secondary_structured,校年值级补证；逐名名单索引；逐字段校年台账,reachable,200.0,2026-10-09,https://jiuxianzai.oss-cn-beijing.aliyuncs.com/kaoyan/2026/05/14/b26470a58b3b4d5385327ea94c17b097.png,[S0491] 2026四川大学-数学学院应统复试名单. 2026四川大学-数学学院应统复试名单[EB/OL]. (2026-10-09)[2026-10-09]. https://jiuxianzai.oss-cn-beijing.aliyuncs.com/kaoyan/2026/05/14/b26470a58b3b4d5385327ea94c17b097.png
S0492,2023年珠海校区02方向拟录取名单,2023年珠海校区02方向拟录取名单,retained_structured_title,北京师范大学,2023,逐名名单图像；逐名复试/录取名单,mini_program_asset,secondary_structured,校年值级补证；逐名名单索引,not_checked,,2026-10-09,https://jiuxianzai.oss-cn-beijing.aliyuncs.com/kaoyan/2026/05/14/b2cee6aaca924bce9a7a04644a75e658.png,[S0492] 2023年珠海校区02方向拟录取名单. 2023年珠海校区02方向拟录取名单[EB/OL]. (2026-10-09)[2026-10-09]. https://jiuxianzai.oss-cn-beijing.aliyuncs.com/kaoyan/2026/05/14/b2cee6aaca924bce9a7a04644a75e658.png
S0493,2026年吉大应统录取结果名单,2026年吉大应统录取结果名单,retained_structured_title,吉林大学,2026,admission/复录比；admission/复试人数；admission/拟录取中位；admission/拟录取人数；admission/拟录取最低；admission/拟录取最高；admission/本科背景状态；拟录取人数、初试最低/中位/最高、复录比；逐名名单图像；逐名复试/录取名单,mini_program_asset,secondary_snapshot；secondary_structured,来源总台账；校年值级补证；逐名名单索引；逐字段校年台账,reachable,200.0,2026-10-09,https://jiuxianzai.oss-cn-beijing.aliyuncs.com/kaoyan/2026/05/14/bb2e4ecdadfe486db188cb4f994d1467.png,[S0493] 2026年吉大应统录取结果名单. 2026年吉大应统录取结果名单[EB/OL]. (2026-10-09)[2026-10-09]. https://jiuxianzai.oss-cn-beijing.aliyuncs.com/kaoyan/2026/05/14/bb2e4ecdadfe486db188cb4f994d1467.png
S0494,2023年珠海校区03方向拟录取名单,2023年珠海校区03方向拟录取名单,retained_structured_title,北京师范大学,2023,逐名名单图像；逐名复试/录取名单,mini_program_asset,secondary_structured,校年值级补证；逐名名单索引,not_checked,,2026-10-09,https://jiuxianzai.oss-cn-beijing.aliyuncs.com/kaoyan/2026/05/14/bdfb41d76323430eab7a91b1aedf66e5.png,[S0494] 2023年珠海校区03方向拟录取名单. 2023年珠海校区03方向拟录取名单[EB/OL]. (2026-10-09)[2026-10-09]. https://jiuxianzai.oss-cn-beijing.aliyuncs.com/kaoyan/2026/05/14/bdfb41d76323430eab7a91b1aedf66e5.png
S0495,2026年东北大学（秦皇岛校区）录取结果名单,2026年东北大学（秦皇岛校区）录取结果名单,retained_structured_title,东北大学,2026,逐名复试/录取名单,mini_program_asset,secondary_structured,逐名名单索引,not_checked,,2026-10-09,https://jiuxianzai.oss-cn-beijing.aliyuncs.com/kaoyan/2026/05/14/c9a5bf4d4c244412b0510fb8543736d0.png,[S0495] 2026年东北大学（秦皇岛校区）录取结果名单. 2026年东北大学（秦皇岛校区）录取结果名单[EB/OL]. (2026-10-09)[2026-10-09]. https://jiuxianzai.oss-cn-beijing.aliyuncs.com/kaoyan/2026/05/14/c9a5bf4d4c244412b0510fb8543736d0.png
S0496,2026年中央民族大学录取结果名单,2026年中央民族大学录取结果名单,retained_structured_title,中央民族大学,2026,admission/复录比；admission/复试人数；admission/拟录取中位；admission/拟录取人数；admission/拟录取最低；admission/拟录取最高；admission/本科背景状态；逐名名单图像；逐名复试/录取名单,mini_program_asset,secondary_snapshot；secondary_structured,校年值级补证；逐名名单索引；逐字段校年台账,reachable,200.0,2026-10-09,https://jiuxianzai.oss-cn-beijing.aliyuncs.com/kaoyan/2026/05/14/cbbb426fb24e4d65add78f045bd3f78e.png,[S0496] 2026年中央民族大学录取结果名单. 2026年中央民族大学录取结果名单[EB/OL]. (2026-10-09)[2026-10-09]. https://jiuxianzai.oss-cn-beijing.aliyuncs.com/kaoyan/2026/05/14/cbbb426fb24e4d65add78f045bd3f78e.png
S0497,2026年珠海校区03方向拟录取名单,2026年珠海校区03方向拟录取名单,retained_structured_title,北京师范大学,2026,逐名名单图像；逐名复试/录取名单,mini_program_asset,secondary_structured,校年值级补证；逐名名单索引,not_checked,,2026-10-09,https://jiuxianzai.oss-cn-beijing.aliyuncs.com/kaoyan/2026/05/14/cecca8345102488897b5d786f34b7fee.png,[S0497] 2026年珠海校区03方向拟录取名单. 2026年珠海校区03方向拟录取名单[EB/OL]. (2026-10-09)[2026-10-09]. https://jiuxianzai.oss-cn-beijing.aliyuncs.com/kaoyan/2026/05/14/cecca8345102488897b5d786f34b7fee.png
S0498,西交经金院2026拟录取名单,西交经金院2026拟录取名单,retained_structured_title,西安交通大学,2026,admission/复录比；admission/复试人数；admission/拟录取中位；admission/拟录取人数；admission/拟录取最低；admission/拟录取最高；admission/本科背景状态；逐名名单图像；逐名复试/录取名单,mini_program_asset,secondary_snapshot；secondary_structured,校年值级补证；逐名名单索引；逐字段校年台账,reachable,200.0,2026-10-09,https://jiuxianzai.oss-cn-beijing.aliyuncs.com/kaoyan/2026/05/14/d197fe2a4f854380b6a8db339bc3a696.png,[S0498] 西交经金院2026拟录取名单. 西交经金院2026拟录取名单[EB/OL]. (2026-10-09)[2026-10-09]. https://jiuxianzai.oss-cn-beijing.aliyuncs.com/kaoyan/2026/05/14/d197fe2a4f854380b6a8db339bc3a696.png
S0499,2026年珠海校区02方向拟录取名单,2026年珠海校区02方向拟录取名单,retained_structured_title,北京师范大学,2026,逐名名单图像；逐名复试/录取名单,mini_program_asset,secondary_structured,校年值级补证；逐名名单索引,not_checked,,2026-10-09,https://jiuxianzai.oss-cn-beijing.aliyuncs.com/kaoyan/2026/05/14/fbac512d63ff4517a120343d3aeb70ec.png,[S0499] 2026年珠海校区02方向拟录取名单. 2026年珠海校区02方向拟录取名单[EB/OL]. (2026-10-09)[2026-10-09]. https://jiuxianzai.oss-cn-beijing.aliyuncs.com/kaoyan/2026/05/14/fbac512d63ff4517a120343d3aeb70ec.png
S0500,2026年北林应统复试名单,2026年北林应统复试名单,retained_structured_title,北京林业大学,2026,admission/复录比；admission/复试人数；admission/拟录取中位；admission/拟录取人数；admission/拟录取最低；admission/拟录取最高；admission/本科背景状态；逐名名单图像；逐名复试/录取名单,mini_program_asset,secondary_snapshot；secondary_structured,校年值级补证；逐名名单索引；逐字段校年台账,reachable,200.0,2026-10-09,https://jiuxianzai.oss-cn-beijing.aliyuncs.com/kaoyan/2026/05/15/01e65f7cd26f4845ace98d6e77e9c11e.png,[S0500] 2026年北林应统复试名单. 2026年北林应统复试名单[EB/OL]. (2026-10-09)[2026-10-09]. https://jiuxianzai.oss-cn-beijing.aliyuncs.com/kaoyan/2026/05/15/01e65f7cd26f4845ace98d6e77e9c11e.png
S0501,2026年数学学院应统拟录取名单,2026年数学学院应统拟录取名单,retained_structured_title,上海财经大学,2026,admission/复录比；admission/复试人数；admission/拟录取中位；admission/拟录取人数；admission/拟录取最低；admission/拟录取最高；admission/本科背景状态；逐名复试/录取名单,mini_program_asset,secondary_snapshot；secondary_structured,逐名名单索引；逐字段校年台账,reachable,200.0,2026-10-09,https://jiuxianzai.oss-cn-beijing.aliyuncs.com/kaoyan/2026/05/15/036bfff27b8b44778020bff05673062a.png,[S0501] 2026年数学学院应统拟录取名单. 2026年数学学院应统拟录取名单[EB/OL]. (2026-10-09)[2026-10-09]. https://jiuxianzai.oss-cn-beijing.aliyuncs.com/kaoyan/2026/05/15/036bfff27b8b44778020bff05673062a.png
S0502,2026年内蒙古大学应统复试名单,2026年内蒙古大学应统复试名单,retained_structured_title,内蒙古大学,2026,admission/复录比；admission/复试人数；admission/拟录取中位；admission/拟录取人数；admission/拟录取最低；admission/拟录取最高；admission/本科背景状态；逐名名单图像；逐名复试/录取名单,mini_program_asset,secondary_snapshot；secondary_structured,校年值级补证；逐名名单索引；逐字段校年台账,reachable,200.0,2026-10-09,https://jiuxianzai.oss-cn-beijing.aliyuncs.com/kaoyan/2026/05/15/0549154548634c448801570a46b705c4.png,[S0502] 2026年内蒙古大学应统复试名单. 2026年内蒙古大学应统复试名单[EB/OL]. (2026-10-09)[2026-10-09]. https://jiuxianzai.oss-cn-beijing.aliyuncs.com/kaoyan/2026/05/15/0549154548634c448801570a46b705c4.png
S0503,2026年河海大学叉院应统录取结果名单,2026年河海大学叉院应统录取结果名单,retained_structured_title,河海大学,2026,admission/复录比；admission/复试人数；admission/拟录取中位；admission/拟录取人数；admission/拟录取最低；admission/拟录取最高；admission/本科背景状态；逐名名单图像；逐名复试/录取名单,mini_program_asset,secondary_snapshot；secondary_structured,校年值级补证；逐名名单索引；逐字段校年台账,reachable,200.0,2026-10-09,https://jiuxianzai.oss-cn-beijing.aliyuncs.com/kaoyan/2026/05/15/10a91af297604e30bcdcceb6827ff524.png,[S0503] 2026年河海大学叉院应统录取结果名单. 2026年河海大学叉院应统录取结果名单[EB/OL]. (2026-10-09)[2026-10-09]. https://jiuxianzai.oss-cn-beijing.aliyuncs.com/kaoyan/2026/05/15/10a91af297604e30bcdcceb6827ff524.png
S0504,2026年辽宁大学数学与统计学院应统复试名单,2026年辽宁大学数学与统计学院应统复试名单,retained_structured_title,辽宁大学,2026,admission/复录比；admission/复试人数；admission/拟录取中位；admission/拟录取人数；admission/拟录取最低；admission/拟录取最高；admission/本科背景状态；逐名名单图像；逐名复试/录取名单,mini_program_asset,secondary_snapshot；secondary_structured,校年值级补证；逐名名单索引；逐字段校年台账,reachable,200.0,2026-10-09,https://jiuxianzai.oss-cn-beijing.aliyuncs.com/kaoyan/2026/05/15/1fd25e819ba54ff49e91f415dc879161.png,[S0504] 2026年辽宁大学数学与统计学院应统复试名单. 2026年辽宁大学数学与统计学院应统复试名单[EB/OL]. (2026-10-09)[2026-10-09]. https://jiuxianzai.oss-cn-beijing.aliyuncs.com/kaoyan/2026/05/15/1fd25e819ba54ff49e91f415dc879161.png
S0505,2026年中石油（克拉玛依）应统录取结果名单,2026年中石油（克拉玛依）应统录取结果名单,retained_structured_title,中国石油大学（北京）,2026,admission/复录比；admission/复试人数；admission/拟录取中位；admission/拟录取人数；admission/拟录取最低；admission/拟录取最高；admission/本科背景状态；逐名名单图像；逐名复试/录取名单,mini_program_asset,secondary_snapshot；secondary_structured,校年值级补证；逐名名单索引；逐字段校年台账,reachable,200.0,2026-10-09,https://jiuxianzai.oss-cn-beijing.aliyuncs.com/kaoyan/2026/05/15/206a8989fb864f22af9f2267ae2d6773.png,[S0505] 2026年中石油（克拉玛依）应统录取结果名单. 2026年中石油（克拉玛依）应统录取结果名单[EB/OL]. (2026-10-09)[2026-10-09]. https://jiuxianzai.oss-cn-beijing.aliyuncs.com/kaoyan/2026/05/15/206a8989fb864f22af9f2267ae2d6773.png
S0506,2026华南师范心理学院应统复试名单,2026华南师范心理学院应统复试名单,retained_structured_title,华南师范大学,2026,admission/复录比；admission/复试人数；admission/拟录取中位；admission/拟录取人数；admission/拟录取最低；admission/拟录取最高；admission/本科背景状态；逐名名单图像；逐名复试/录取名单,mini_program_asset,secondary_snapshot；secondary_structured,校年值级补证；逐名名单索引；逐字段校年台账,reachable,200.0,2026-10-09,https://jiuxianzai.oss-cn-beijing.aliyuncs.com/kaoyan/2026/05/15/21a655f4bfc9408f8ac8ffa1557bfd97.png,[S0506] 2026华南师范心理学院应统复试名单. 2026华南师范心理学院应统复试名单[EB/OL]. (2026-10-09)[2026-10-09]. https://jiuxianzai.oss-cn-beijing.aliyuncs.com/kaoyan/2026/05/15/21a655f4bfc9408f8ac8ffa1557bfd97.png
S0507,2026年福州大学应统拟录取名单,2026年福州大学应统拟录取名单,retained_structured_title,福州大学,2026,admission/复录比；admission/复试人数；admission/拟录取中位；admission/拟录取人数；admission/拟录取最低；admission/拟录取最高；admission/本科背景状态；逐名名单图像；逐名复试/录取名单,mini_program_asset,secondary_snapshot；secondary_structured,校年值级补证；逐名名单索引；逐字段校年台账,reachable,200.0,2026-10-09,https://jiuxianzai.oss-cn-beijing.aliyuncs.com/kaoyan/2026/05/15/2238d928f947414b85a436dac60ce72b.png,[S0507] 2026年福州大学应统拟录取名单. 2026年福州大学应统拟录取名单[EB/OL]. (2026-10-09)[2026-10-09]. https://jiuxianzai.oss-cn-beijing.aliyuncs.com/kaoyan/2026/05/15/2238d928f947414b85a436dac60ce72b.png
S0508,2026上海大学经济学院应统拟录取名单,2026上海大学经济学院应统拟录取名单,retained_structured_title,上海大学,2026,逐名复试/录取名单,mini_program_asset,secondary_structured,逐名名单索引,not_checked,,2026-10-09,https://jiuxianzai.oss-cn-beijing.aliyuncs.com/kaoyan/2026/05/15/28482e2ddbdb40da8194bdc0dc30e5bf.png,[S0508] 2026上海大学经济学院应统拟录取名单. 2026上海大学经济学院应统拟录取名单[EB/OL]. (2026-10-09)[2026-10-09]. https://jiuxianzai.oss-cn-beijing.aliyuncs.com/kaoyan/2026/05/15/28482e2ddbdb40da8194bdc0dc30e5bf.png
S0509,2026年郑州大学应统复试名单,2026年郑州大学应统复试名单,retained_structured_title,郑州大学,2026,admission/复录比；admission/复试人数；admission/拟录取中位；admission/拟录取人数；admission/拟录取最低；admission/拟录取最高；admission/本科背景状态；逐名名单图像；逐名复试/录取名单,mini_program_asset,secondary_snapshot；secondary_structured,校年值级补证；逐名名单索引；逐字段校年台账,reachable,200.0,2026-10-09,https://jiuxianzai.oss-cn-beijing.aliyuncs.com/kaoyan/2026/05/15/2903b99fb021427f908ffceeb4088294.png,[S0509] 2026年郑州大学应统复试名单. 2026年郑州大学应统复试名单[EB/OL]. (2026-10-09)[2026-10-09]. https://jiuxianzai.oss-cn-beijing.aliyuncs.com/kaoyan/2026/05/15/2903b99fb021427f908ffceeb4088294.png
S0510,2026年湖南师范应统录取结果名单,2026年湖南师范应统录取结果名单,retained_structured_title,湖南师范大学,2026,admission/复录比；admission/复试人数；admission/拟录取中位；admission/拟录取人数；admission/拟录取最低；admission/拟录取最高；admission/本科背景状态；逐名名单图像；逐名复试/录取名单,mini_program_asset,secondary_snapshot；secondary_structured,校年值级补证；逐名名单索引；逐字段校年台账,reachable,200.0,2026-10-09,https://jiuxianzai.oss-cn-beijing.aliyuncs.com/kaoyan/2026/05/15/2e41765a68034441b23b22eda7e31720.png,[S0510] 2026年湖南师范应统录取结果名单. 2026年湖南师范应统录取结果名单[EB/OL]. (2026-10-09)[2026-10-09]. https://jiuxianzai.oss-cn-beijing.aliyuncs.com/kaoyan/2026/05/15/2e41765a68034441b23b22eda7e31720.png
S0511,2026年太原理工大学一志愿复试拟录取名单,2026年太原理工大学一志愿复试拟录取名单,retained_structured_title,太原理工大学,2026,admission/复录比；admission/复试人数；admission/拟录取中位；admission/拟录取人数；admission/拟录取最低；admission/拟录取最高；admission/本科背景状态；逐名名单图像；逐名复试/录取名单,mini_program_asset,secondary_snapshot；secondary_structured,校年值级补证；逐名名单索引；逐字段校年台账,reachable,200.0,2026-10-09,https://jiuxianzai.oss-cn-beijing.aliyuncs.com/kaoyan/2026/05/15/35a6c75331ae467abbd27bdf569d65bf.png,[S0511] 2026年太原理工大学一志愿复试拟录取名单. 2026年太原理工大学一志愿复试拟录取名单[EB/OL]. (2026-10-09)[2026-10-09]. https://jiuxianzai.oss-cn-beijing.aliyuncs.com/kaoyan/2026/05/15/35a6c75331ae467abbd27bdf569d65bf.png
S0512,2026年西电应统录取结果名单,2026年西电应统录取结果名单,retained_structured_title,西安电子科技大学,2026,admission/复录比；admission/复试人数；admission/拟录取中位；admission/拟录取人数；admission/拟录取最低；admission/拟录取最高；admission/本科背景状态；逐名名单图像；逐名复试/录取名单,mini_program_asset,secondary_snapshot；secondary_structured,校年值级补证；逐名名单索引；逐字段校年台账,reachable,200.0,2026-10-09,https://jiuxianzai.oss-cn-beijing.aliyuncs.com/kaoyan/2026/05/15/3b79b2b49f95474eaf029356090b32c8.png,[S0512] 2026年西电应统录取结果名单. 2026年西电应统录取结果名单[EB/OL]. (2026-10-09)[2026-10-09]. https://jiuxianzai.oss-cn-beijing.aliyuncs.com/kaoyan/2026/05/15/3b79b2b49f95474eaf029356090b32c8.png
S0513,2026年东北师范应统录取结果名单,2026年东北师范应统录取结果名单,retained_structured_title,东北师范大学,2026,逐名名单图像；逐名复试/录取名单,mini_program_asset,secondary_structured,校年值级补证；逐名名单索引,not_checked,,2026-10-09,https://jiuxianzai.oss-cn-beijing.aliyuncs.com/kaoyan/2026/05/15/435e0dd539d042e5ab97a6adf4b92f01.png,[S0513] 2026年东北师范应统录取结果名单. 2026年东北师范应统录取结果名单[EB/OL]. (2026-10-09)[2026-10-09]. https://jiuxianzai.oss-cn-beijing.aliyuncs.com/kaoyan/2026/05/15/435e0dd539d042e5ab97a6adf4b92f01.png
S0514,2026年贵州大学应统录取结果名单,2026年贵州大学应统录取结果名单,retained_structured_title,贵州大学,2026,admission/复录比；admission/复试人数；admission/拟录取中位；admission/拟录取人数；admission/拟录取最低；admission/拟录取最高；admission/本科背景状态；逐名名单图像；逐名复试/录取名单,mini_program_asset,secondary_snapshot；secondary_structured,校年值级补证；逐名名单索引；逐字段校年台账,reachable,200.0,2026-10-09,https://jiuxianzai.oss-cn-beijing.aliyuncs.com/kaoyan/2026/05/15/48b8d0295cb848b88f35bf12b8a1998c.png,[S0514] 2026年贵州大学应统录取结果名单. 2026年贵州大学应统录取结果名单[EB/OL]. (2026-10-09)[2026-10-09]. https://jiuxianzai.oss-cn-beijing.aliyuncs.com/kaoyan/2026/05/15/48b8d0295cb848b88f35bf12b8a1998c.png
S0515,2026年华东理工应统录取结果名单,2026年华东理工应统录取结果名单,retained_structured_title,华东理工大学,2026,逐名名单图像；逐名复试/录取名单,mini_program_asset,secondary_structured,校年值级补证；逐名名单索引,not_checked,,2026-10-09,https://jiuxianzai.oss-cn-beijing.aliyuncs.com/kaoyan/2026/05/15/495468c21f6e4eefbe7cad6b969de506.png,[S0515] 2026年华东理工应统录取结果名单. 2026年华东理工应统录取结果名单[EB/OL]. (2026-10-09)[2026-10-09]. https://jiuxianzai.oss-cn-beijing.aliyuncs.com/kaoyan/2026/05/15/495468c21f6e4eefbe7cad6b969de506.png
S0516,2026年北交数院应统录取结果名单,2026年北交数院应统录取结果名单,retained_structured_title,北京交通大学,2026,admission/复录比；admission/复试人数；admission/拟录取中位；admission/拟录取人数；admission/拟录取最低；admission/拟录取最高；admission/本科背景状态；逐名名单图像；逐名复试/录取名单,mini_program_asset,secondary_snapshot；secondary_structured,校年值级补证；逐名名单索引；逐字段校年台账,reachable,200.0,2026-10-09,https://jiuxianzai.oss-cn-beijing.aliyuncs.com/kaoyan/2026/05/15/4ab0892d109e4f3ca3b3acc2c41a7b92.png,[S0516] 2026年北交数院应统录取结果名单. 2026年北交数院应统录取结果名单[EB/OL]. (2026-10-09)[2026-10-09]. https://jiuxianzai.oss-cn-beijing.aliyuncs.com/kaoyan/2026/05/15/4ab0892d109e4f3ca3b3acc2c41a7b92.png
S0517,26年西财应统录取结果名单,26年西财应统录取结果名单,retained_structured_title,西南财经大学,2026,逐名名单图像；逐名复试/录取名单,mini_program_asset,secondary_structured,校年值级补证；逐名名单索引,not_checked,,2026-10-09,https://jiuxianzai.oss-cn-beijing.aliyuncs.com/kaoyan/2026/05/15/503817f05e984d418f7e5712c582ad4e.png,[S0517] 26年西财应统录取结果名单. 26年西财应统录取结果名单[EB/OL]. (2026-10-09)[2026-10-09]. https://jiuxianzai.oss-cn-beijing.aliyuncs.com/kaoyan/2026/05/15/503817f05e984d418f7e5712c582ad4e.png
S0518,2026年地大经管学院应统录取结果名单,2026年地大经管学院应统录取结果名单,retained_structured_title,中国地质大学（武汉）,2026,admission/复录比；admission/复试人数；admission/拟录取中位；admission/拟录取人数；admission/拟录取最低；admission/拟录取最高；admission/本科背景状态；逐名名单图像；逐名复试/录取名单,mini_program_asset,secondary_snapshot；secondary_structured,校年值级补证；逐名名单索引；逐字段校年台账,reachable,200.0,2026-10-09,https://jiuxianzai.oss-cn-beijing.aliyuncs.com/kaoyan/2026/05/15/55701d8b00784fc299ca7afbe226ce3e.png,[S0518] 2026年地大经管学院应统录取结果名单. 2026年地大经管学院应统录取结果名单[EB/OL]. (2026-10-09)[2026-10-09]. https://jiuxianzai.oss-cn-beijing.aliyuncs.com/kaoyan/2026/05/15/55701d8b00784fc299ca7afbe226ce3e.png
S0519,2026年石河子大学一志愿拟录取名单,2026年石河子大学一志愿拟录取名单,retained_structured_title,石河子大学,2026,admission/复录比；admission/复试人数；admission/拟录取中位；admission/拟录取人数；admission/拟录取最低；admission/拟录取最高；admission/本科背景状态；逐名名单图像；逐名复试/录取名单,mini_program_asset,secondary_snapshot；secondary_structured,校年值级补证；逐名名单索引；逐字段校年台账,reachable,200.0,2026-10-09,https://jiuxianzai.oss-cn-beijing.aliyuncs.com/kaoyan/2026/05/15/565068063a81423096af92f44b3b91c5.png,[S0519] 2026年石河子大学一志愿拟录取名单. 2026年石河子大学一志愿拟录取名单[EB/OL]. (2026-10-09)[2026-10-09]. https://jiuxianzai.oss-cn-beijing.aliyuncs.com/kaoyan/2026/05/15/565068063a81423096af92f44b3b91c5.png
S0520,2026年延边大学应统录取名单,2026年延边大学应统录取名单,retained_structured_title,延边大学,2026,admission/复录比；admission/复试人数；admission/拟录取中位；admission/拟录取人数；admission/拟录取最低；admission/拟录取最高；admission/本科背景状态；逐名名单图像；逐名复试/录取名单,mini_program_asset,secondary_snapshot；secondary_structured,校年值级补证；逐名名单索引；逐字段校年台账,reachable,200.0,2026-10-09,https://jiuxianzai.oss-cn-beijing.aliyuncs.com/kaoyan/2026/05/15/5c03395d1e674b6191d6374486ad2aeb.png,[S0520] 2026年延边大学应统录取名单. 2026年延边大学应统录取名单[EB/OL]. (2026-10-09)[2026-10-09]. https://jiuxianzai.oss-cn-beijing.aliyuncs.com/kaoyan/2026/05/15/5c03395d1e674b6191d6374486ad2aeb.png
S0521,2026年经济学院应统录取结果名单,2026年经济学院应统录取结果名单,retained_structured_title,暨南大学,2026,逐名复试/录取名单,mini_program_asset,secondary_structured,逐名名单索引,not_checked,,2026-10-09,https://jiuxianzai.oss-cn-beijing.aliyuncs.com/kaoyan/2026/05/15/6b33cde150b243b9a64537c9f2beba45.png,[S0521] 2026年经济学院应统录取结果名单. 2026年经济学院应统录取结果名单[EB/OL]. (2026-10-09)[2026-10-09]. https://jiuxianzai.oss-cn-beijing.aliyuncs.com/kaoyan/2026/05/15/6b33cde150b243b9a64537c9f2beba45.png
S0522,2026年西南大学应统复试名单,2026年西南大学应统复试名单,retained_structured_title,西南大学,2026,admission/复录比；admission/复试人数；admission/拟录取中位；admission/拟录取人数；admission/拟录取最低；admission/拟录取最高；admission/本科背景状态；逐名名单图像；逐名复试/录取名单,mini_program_asset,secondary_snapshot；secondary_structured,校年值级补证；逐名名单索引；逐字段校年台账,reachable,200.0,2026-10-09,https://jiuxianzai.oss-cn-beijing.aliyuncs.com/kaoyan/2026/05/15/733bcffcf3e94532b0b67b19f6feed08.png,[S0522] 2026年西南大学应统复试名单. 2026年西南大学应统复试名单[EB/OL]. (2026-10-09)[2026-10-09]. https://jiuxianzai.oss-cn-beijing.aliyuncs.com/kaoyan/2026/05/15/733bcffcf3e94532b0b67b19f6feed08.png
S0523,2026年信科学院应统录取结果名单,2026年信科学院应统录取结果名单,retained_structured_title,暨南大学,2026,逐名名单图像；逐名复试/录取名单,mini_program_asset,secondary_structured,校年值级补证；逐名名单索引,not_checked,,2026-10-09,https://jiuxianzai.oss-cn-beijing.aliyuncs.com/kaoyan/2026/05/15/75637d0d0dc54ccfac18a533e730bbb0.png,[S0523] 2026年信科学院应统录取结果名单. 2026年信科学院应统录取结果名单[EB/OL]. (2026-10-09)[2026-10-09]. https://jiuxianzai.oss-cn-beijing.aliyuncs.com/kaoyan/2026/05/15/75637d0d0dc54ccfac18a533e730bbb0.png
S0524,2026年新疆大学一志愿录取名单,2026年新疆大学一志愿录取名单,retained_structured_title,新疆大学,2026,逐名名单图像；逐名复试/录取名单,mini_program_asset,secondary_structured,校年值级补证；逐名名单索引,not_checked,,2026-10-09,https://jiuxianzai.oss-cn-beijing.aliyuncs.com/kaoyan/2026/05/15/8069b222682f4060a0d0770a3c9d2b83.png,[S0524] 2026年新疆大学一志愿录取名单. 2026年新疆大学一志愿录取名单[EB/OL]. (2026-10-09)[2026-10-09]. https://jiuxianzai.oss-cn-beijing.aliyuncs.com/kaoyan/2026/05/15/8069b222682f4060a0d0770a3c9d2b83.png
S0525,2026年武理应统录取结果名单,2026年武理应统录取结果名单,retained_structured_title,武汉理工大学,2026,admission/复录比；admission/复试人数；admission/拟录取中位；admission/拟录取人数；admission/拟录取最低；admission/拟录取最高；admission/本科背景状态；逐名复试/录取名单,mini_program_asset,secondary_snapshot；secondary_structured,逐名名单索引；逐字段校年台账,reachable,200.0,2026-10-09,https://jiuxianzai.oss-cn-beijing.aliyuncs.com/kaoyan/2026/05/15/813d991d399d4854b68e49c37f215e21.png,[S0525] 2026年武理应统录取结果名单. 2026年武理应统录取结果名单[EB/OL]. (2026-10-09)[2026-10-09]. https://jiuxianzai.oss-cn-beijing.aliyuncs.com/kaoyan/2026/05/15/813d991d399d4854b68e49c37f215e21.png
S0526,2026年云南大学应统复试名单,2026年云南大学应统复试名单,retained_structured_title,云南大学,2026,逐名名单图像；逐名复试/录取名单,mini_program_asset,secondary_structured,校年值级补证；逐名名单索引,not_checked,,2026-10-09,https://jiuxianzai.oss-cn-beijing.aliyuncs.com/kaoyan/2026/05/15/81426ef350ce48d0a3746446e395c8e3.png,[S0526] 2026年云南大学应统复试名单. 2026年云南大学应统复试名单[EB/OL]. (2026-10-09)[2026-10-09]. https://jiuxianzai.oss-cn-beijing.aliyuncs.com/kaoyan/2026/05/15/81426ef350ce48d0a3746446e395c8e3.png
S0527,2026年安大应统录取结果名单,2026年安大应统录取结果名单,retained_structured_title,安徽大学,2026,逐名名单图像；逐名复试/录取名单,mini_program_asset,secondary_structured,校年值级补证；逐名名单索引,not_checked,,2026-10-09,https://jiuxianzai.oss-cn-beijing.aliyuncs.com/kaoyan/2026/05/15/835187452f1d4df4b2f728020b1b7b95.png,[S0527] 2026年安大应统录取结果名单. 2026年安大应统录取结果名单[EB/OL]. (2026-10-09)[2026-10-09]. https://jiuxianzai.oss-cn-beijing.aliyuncs.com/kaoyan/2026/05/15/835187452f1d4df4b2f728020b1b7b95.png
S0528,2026年西南交通应统录取结果名单,2026年西南交通应统录取结果名单,retained_structured_title,西南交通大学,2026,admission/复录比；admission/复试人数；admission/拟录取中位；admission/拟录取人数；admission/拟录取最低；admission/拟录取最高；admission/本科背景状态；逐名名单图像；逐名复试/录取名单,mini_program_asset,secondary_snapshot；secondary_structured,校年值级补证；逐名名单索引；逐字段校年台账,reachable,200.0,2026-10-09,https://jiuxianzai.oss-cn-beijing.aliyuncs.com/kaoyan/2026/05/15/85d8569f173f4aaeaf144a141dda91da.png,[S0528] 2026年西南交通应统录取结果名单. 2026年西南交通应统录取结果名单[EB/OL]. (2026-10-09)[2026-10-09]. https://jiuxianzai.oss-cn-beijing.aliyuncs.com/kaoyan/2026/05/15/85d8569f173f4aaeaf144a141dda91da.png
S0529,2026年武理（襄阳示范区）应统录取结果名单,2026年武理（襄阳示范区）应统录取结果名单,retained_structured_title,武汉理工大学,2026,admission/复录比；admission/复试人数；admission/拟录取中位；admission/拟录取人数；admission/拟录取最低；admission/拟录取最高；admission/本科背景状态；逐名名单图像；逐名复试/录取名单,mini_program_asset,secondary_snapshot；secondary_structured,校年值级补证；逐名名单索引；逐字段校年台账,reachable,200.0,2026-10-09,https://jiuxianzai.oss-cn-beijing.aliyuncs.com/kaoyan/2026/05/15/8a3d1f898dde4514bdb4ef8379652faa.png,[S0529] 2026年武理（襄阳示范区）应统录取结果名单. 2026年武理（襄阳示范区）应统录取结果名单[EB/OL]. (2026-10-09)[2026-10-09]. https://jiuxianzai.oss-cn-beijing.aliyuncs.com/kaoyan/2026/05/15/8a3d1f898dde4514bdb4ef8379652faa.png
S0530,2026年华中师大数统学院录取结果名单,2026年华中师大数统学院录取结果名单,retained_structured_title,华中师范大学,2026,admission/复录比；admission/复试人数；admission/拟录取中位；admission/拟录取人数；admission/拟录取最低；admission/拟录取最高；admission/本科背景状态；逐名名单图像；逐名复试/录取名单,mini_program_asset,secondary_snapshot；secondary_structured,校年值级补证；逐名名单索引；逐字段校年台账,reachable,200.0,2026-10-09,https://jiuxianzai.oss-cn-beijing.aliyuncs.com/kaoyan/2026/05/15/8aedf96925764ffeb35f485ba6098608.png,[S0530] 2026年华中师大数统学院录取结果名单. 2026年华中师大数统学院录取结果名单[EB/OL]. (2026-10-09)[2026-10-09]. https://jiuxianzai.oss-cn-beijing.aliyuncs.com/kaoyan/2026/05/15/8aedf96925764ffeb35f485ba6098608.png
S0531,2026年西北大学应统录取结果名单,2026年西北大学应统录取结果名单,retained_structured_title,西北大学,2026,逐名名单图像；逐名复试/录取名单,mini_program_asset,secondary_structured,校年值级补证；逐名名单索引,not_checked,,2026-10-09,https://jiuxianzai.oss-cn-beijing.aliyuncs.com/kaoyan/2026/05/15/8fb0932a93094aecb06f6ea68a52b35d.png,[S0531] 2026年西北大学应统录取结果名单. 2026年西北大学应统录取结果名单[EB/OL]. (2026-10-09)[2026-10-09]. https://jiuxianzai.oss-cn-beijing.aliyuncs.com/kaoyan/2026/05/15/8fb0932a93094aecb06f6ea68a52b35d.png
S0532,2026年南京理工应统录取结果名单,2026年南京理工应统录取结果名单,retained_structured_title,南京理工大学,2026,admission/复录比；admission/复试人数；admission/拟录取中位；admission/拟录取人数；admission/拟录取最低；admission/拟录取最高；admission/本科背景状态；逐名名单图像；逐名复试/录取名单,mini_program_asset,secondary_snapshot；secondary_structured,校年值级补证；逐名名单索引；逐字段校年台账,reachable,200.0,2026-10-09,https://jiuxianzai.oss-cn-beijing.aliyuncs.com/kaoyan/2026/05/15/92525064c0d046f09a20b71e3302cfa3.png,[S0532] 2026年南京理工应统录取结果名单. 2026年南京理工应统录取结果名单[EB/OL]. (2026-10-09)[2026-10-09]. https://jiuxianzai.oss-cn-beijing.aliyuncs.com/kaoyan/2026/05/15/92525064c0d046f09a20b71e3302cfa3.png
S0533,2026年中国石油大学应统录取结果名单,2026年中国石油大学应统录取结果名单,retained_structured_title,中国石油大学（华东）,2026,admission/复录比；admission/复试人数；admission/拟录取中位；admission/拟录取人数；admission/拟录取最低；admission/拟录取最高；admission/本科背景状态；逐名名单图像；逐名复试/录取名单,mini_program_asset,secondary_snapshot；secondary_structured,校年值级补证；逐名名单索引；逐字段校年台账,reachable,200.0,2026-10-09,https://jiuxianzai.oss-cn-beijing.aliyuncs.com/kaoyan/2026/05/15/9585821bd7d44cb7947ba384743b1034.png,[S0533] 2026年中国石油大学应统录取结果名单. 2026年中国石油大学应统录取结果名单[EB/OL]. (2026-10-09)[2026-10-09]. https://jiuxianzai.oss-cn-beijing.aliyuncs.com/kaoyan/2026/05/15/9585821bd7d44cb7947ba384743b1034.png
S0534,2026年华电（保定）应统复试名单,2026年华电（保定）应统复试名单,retained_structured_title,华北电力大学,2026,admission/复录比；admission/复试人数；admission/拟录取中位；admission/拟录取人数；admission/拟录取最低；admission/拟录取最高；admission/本科背景状态；逐名名单图像；逐名复试/录取名单,mini_program_asset,secondary_snapshot；secondary_structured,校年值级补证；逐名名单索引；逐字段校年台账,reachable,200.0,2026-10-09,https://jiuxianzai.oss-cn-beijing.aliyuncs.com/kaoyan/2026/05/15/98735ebcedcb4f4fbac7b0801faee479.png,[S0534] 2026年华电（保定）应统复试名单. 2026年华电（保定）应统复试名单[EB/OL]. (2026-10-09)[2026-10-09]. https://jiuxianzai.oss-cn-beijing.aliyuncs.com/kaoyan/2026/05/15/98735ebcedcb4f4fbac7b0801faee479.png
S0535,2026年统计与数据科学学院A应统拟录取名单,2026年统计与数据科学学院A应统拟录取名单,retained_structured_title,上海财经大学,2026,admission/复录比；admission/复试人数；admission/拟录取中位；admission/拟录取人数；admission/拟录取最低；admission/拟录取最高；admission/本科背景状态；逐名复试/录取名单,mini_program_asset,secondary_snapshot；secondary_structured,逐名名单索引；逐字段校年台账,reachable,200.0,2026-10-09,https://jiuxianzai.oss-cn-beijing.aliyuncs.com/kaoyan/2026/05/15/a0983a889afe4180b526b7901d2109de.png,[S0535] 2026年统计与数据科学学院A应统拟录取名单. 2026年统计与数据科学学院A应统拟录取名单[EB/OL]. (2026-10-09)[2026-10-09]. https://jiuxianzai.oss-cn-beijing.aliyuncs.com/kaoyan/2026/05/15/a0983a889afe4180b526b7901d2109de.png
S0536,2026年北交经院应统录取结果名单,2026年北交经院应统录取结果名单,retained_structured_title,北京交通大学,2026,admission/复录比；admission/复试人数；admission/拟录取中位；admission/拟录取人数；admission/拟录取最低；admission/拟录取最高；admission/本科背景状态；逐名复试/录取名单,mini_program_asset,secondary_snapshot；secondary_structured,逐名名单索引；逐字段校年台账,reachable,200.0,2026-10-09,https://jiuxianzai.oss-cn-beijing.aliyuncs.com/kaoyan/2026/05/15/a2b6564a5de142f2a0e9fe90da8ef8d5.png,[S0536] 2026年北交经院应统录取结果名单. 2026年北交经院应统录取结果名单[EB/OL]. (2026-10-09)[2026-10-09]. https://jiuxianzai.oss-cn-beijing.aliyuncs.com/kaoyan/2026/05/15/a2b6564a5de142f2a0e9fe90da8ef8d5.png
S0537,2026年北工大应统录取结果名单,2026年北工大应统录取结果名单,retained_structured_title,北京工业大学,2026,admission/复录比；admission/复试人数；admission/拟录取中位；admission/拟录取人数；admission/拟录取最低；admission/拟录取最高；admission/本科背景状态；逐名名单图像；逐名复试/录取名单,mini_program_asset,secondary_snapshot；secondary_structured,校年值级补证；逐名名单索引；逐字段校年台账,reachable,200.0,2026-10-09,https://jiuxianzai.oss-cn-beijing.aliyuncs.com/kaoyan/2026/05/15/a5466fb7226d4a4f9ad8c7f720b17d50.png,[S0537] 2026年北工大应统录取结果名单. 2026年北工大应统录取结果名单[EB/OL]. (2026-10-09)[2026-10-09]. https://jiuxianzai.oss-cn-beijing.aliyuncs.com/kaoyan/2026/05/15/a5466fb7226d4a4f9ad8c7f720b17d50.png
S0538,2026年华电应统复试名单,2026年华电应统复试名单,retained_structured_title,华北电力大学,2026,admission/复录比；admission/复试人数；admission/拟录取中位；admission/拟录取人数；admission/拟录取最低；admission/拟录取最高；admission/本科背景状态；逐名复试/录取名单,mini_program_asset,secondary_snapshot；secondary_structured,逐名名单索引；逐字段校年台账,reachable,200.0,2026-10-09,https://jiuxianzai.oss-cn-beijing.aliyuncs.com/kaoyan/2026/05/15/a582d38c86bb487a87de637513c0ab78.png,[S0538] 2026年华电应统复试名单. 2026年华电应统复试名单[EB/OL]. (2026-10-09)[2026-10-09]. https://jiuxianzai.oss-cn-beijing.aliyuncs.com/kaoyan/2026/05/15/a582d38c86bb487a87de637513c0ab78.png
S0539,2026年宁夏大学应统一志愿复试名单,2026年宁夏大学应统一志愿复试名单,retained_structured_title,宁夏大学,2026,admission/复录比；admission/复试人数；admission/拟录取中位；admission/拟录取人数；admission/拟录取最低；admission/拟录取最高；admission/本科背景状态；逐名名单图像；逐名复试/录取名单,mini_program_asset,secondary_snapshot；secondary_structured,校年值级补证；逐名名单索引；逐字段校年台账,reachable,200.0,2026-10-09,https://jiuxianzai.oss-cn-beijing.aliyuncs.com/kaoyan/2026/05/15/bbbe5c78d88e499e99c36f83a1577e39.png,[S0539] 2026年宁夏大学应统一志愿复试名单. 2026年宁夏大学应统一志愿复试名单[EB/OL]. (2026-10-09)[2026-10-09]. https://jiuxianzai.oss-cn-beijing.aliyuncs.com/kaoyan/2026/05/15/bbbe5c78d88e499e99c36f83a1577e39.png
S0540,2026年河工大应统拟录取名单,2026年河工大应统拟录取名单,retained_structured_title,河北工业大学,2026,admission/复录比；admission/复试人数；admission/拟录取中位；admission/拟录取人数；admission/拟录取最低；admission/拟录取最高；admission/本科背景状态；逐名名单图像；逐名复试/录取名单,mini_program_asset,secondary_snapshot；secondary_structured,校年值级补证；逐名名单索引；逐字段校年台账,reachable,200.0,2026-10-09,https://jiuxianzai.oss-cn-beijing.aliyuncs.com/kaoyan/2026/05/15/bdc1055f2e6f403b90a021720f07634f.png,[S0540] 2026年河工大应统拟录取名单. 2026年河工大应统拟录取名单[EB/OL]. (2026-10-09)[2026-10-09]. https://jiuxianzai.oss-cn-beijing.aliyuncs.com/kaoyan/2026/05/15/bdc1055f2e6f403b90a021720f07634f.png
S0541,2026中南财应统录取结果名单,2026中南财应统录取结果名单,retained_structured_title,中南财经政法大学,2026,逐名名单图像；逐名复试/录取名单,mini_program_asset,secondary_structured,校年值级补证；逐名名单索引,not_checked,,2026-10-09,https://jiuxianzai.oss-cn-beijing.aliyuncs.com/kaoyan/2026/05/15/bff5d8f4a6e848edaccdb0a0e7035830.png,[S0541] 2026中南财应统录取结果名单. 2026中南财应统录取结果名单[EB/OL]. (2026-10-09)[2026-10-09]. https://jiuxianzai.oss-cn-beijing.aliyuncs.com/kaoyan/2026/05/15/bff5d8f4a6e848edaccdb0a0e7035830.png
S0542,2026年苏大应统复试名单,2026年苏大应统复试名单,retained_structured_title,苏州大学,2026,admission/复录比；admission/复试人数；admission/拟录取中位；admission/拟录取人数；admission/拟录取最低；admission/拟录取最高；admission/本科背景状态；逐名名单图像；逐名复试/录取名单,mini_program_asset,secondary_snapshot；secondary_structured,校年值级补证；逐名名单索引；逐字段校年台账,reachable,200.0,2026-10-09,https://jiuxianzai.oss-cn-beijing.aliyuncs.com/kaoyan/2026/05/15/c3491e2bcacc445cbe8e8ada04f1293b.png,[S0542] 2026年苏大应统复试名单. 2026年苏大应统复试名单[EB/OL]. (2026-10-09)[2026-10-09]. https://jiuxianzai.oss-cn-beijing.aliyuncs.com/kaoyan/2026/05/15/c3491e2bcacc445cbe8e8ada04f1293b.png
S0543,2026陕西师范应统复试名单,2026陕西师范应统复试名单,retained_structured_title,陕西师范大学,2026,admission/复录比；admission/复试人数；admission/拟录取中位；admission/拟录取人数；admission/拟录取最低；admission/拟录取最高；admission/本科背景状态；逐名名单图像；逐名复试/录取名单,mini_program_asset,secondary_snapshot；secondary_structured,校年值级补证；逐名名单索引；逐字段校年台账,reachable,200.0,2026-10-09,https://jiuxianzai.oss-cn-beijing.aliyuncs.com/kaoyan/2026/05/15/c376bd3dea1c4572af5fe7f1fa349530.png,[S0543] 2026陕西师范应统复试名单. 2026陕西师范应统复试名单[EB/OL]. (2026-10-09)[2026-10-09]. https://jiuxianzai.oss-cn-beijing.aliyuncs.com/kaoyan/2026/05/15/c376bd3dea1c4572af5fe7f1fa349530.png
S0544,2026年华农应统录取结果名单,2026年华农应统录取结果名单,retained_structured_title,华中农业大学,2026,admission/复录比；admission/复试人数；admission/拟录取中位；admission/拟录取人数；admission/拟录取最低；admission/拟录取最高；admission/本科背景状态；逐名名单图像；逐名复试/录取名单,mini_program_asset,secondary_snapshot；secondary_structured,校年值级补证；逐名名单索引；逐字段校年台账,reachable,200.0,2026-10-09,https://jiuxianzai.oss-cn-beijing.aliyuncs.com/kaoyan/2026/05/15/c4b4a75aaa3b4256a3442738ab26b35c.png,[S0544] 2026年华农应统录取结果名单. 2026年华农应统录取结果名单[EB/OL]. (2026-10-09)[2026-10-09]. https://jiuxianzai.oss-cn-beijing.aliyuncs.com/kaoyan/2026/05/15/c4b4a75aaa3b4256a3442738ab26b35c.png
S0545,2026年地大数学与物理学院录取结果名单,2026年地大数学与物理学院录取结果名单,retained_structured_title,中国地质大学（武汉）,2026,admission/复录比；admission/复试人数；admission/拟录取中位；admission/拟录取人数；admission/拟录取最低；admission/拟录取最高；admission/本科背景状态；逐名复试/录取名单,mini_program_asset,secondary_snapshot；secondary_structured,逐名名单索引；逐字段校年台账,reachable,200.0,2026-10-09,https://jiuxianzai.oss-cn-beijing.aliyuncs.com/kaoyan/2026/05/15/c867fd14669a47a6b93df1e116b724fe.png,[S0545] 2026年地大数学与物理学院录取结果名单. 2026年地大数学与物理学院录取结果名单[EB/OL]. (2026-10-09)[2026-10-09]. https://jiuxianzai.oss-cn-beijing.aliyuncs.com/kaoyan/2026/05/15/c867fd14669a47a6b93df1e116b724fe.png
S0546,2026年南京农业大学录取名单,2026年南京农业大学录取名单,retained_structured_title,南京农业大学,2026,admission/复录比；admission/复试人数；admission/拟录取中位；admission/拟录取人数；admission/拟录取最低；admission/拟录取最高；admission/本科背景状态；逐名名单图像；逐名复试/录取名单,mini_program_asset,secondary_snapshot；secondary_structured,校年值级补证；逐名名单索引；逐字段校年台账,reachable,200.0,2026-10-09,https://jiuxianzai.oss-cn-beijing.aliyuncs.com/kaoyan/2026/05/15/c89ff433e8b548d8bb845a7b608a0d2b.png,[S0546] 2026年南京农业大学录取名单. 2026年南京农业大学录取名单[EB/OL]. (2026-10-09)[2026-10-09]. https://jiuxianzai.oss-cn-beijing.aliyuncs.com/kaoyan/2026/05/15/c89ff433e8b548d8bb845a7b608a0d2b.png
S0547,2026年中国药科大学应统拟录取名单,2026年中国药科大学应统拟录取名单,retained_structured_title,中国药科大学,2026,admission/复录比；admission/复试人数；admission/拟录取中位；admission/拟录取人数；admission/拟录取最低；admission/拟录取最高；admission/本科背景状态；逐名名单图像；逐名复试/录取名单,mini_program_asset,secondary_snapshot；secondary_structured,校年值级补证；逐名名单索引；逐字段校年台账,reachable,200.0,2026-10-09,https://jiuxianzai.oss-cn-beijing.aliyuncs.com/kaoyan/2026/05/15/cb7df6e854a34228bace236a15853db2.png,[S0547] 2026年中国药科大学应统拟录取名单. 2026年中国药科大学应统拟录取名单[EB/OL]. (2026-10-09)[2026-10-09]. https://jiuxianzai.oss-cn-beijing.aliyuncs.com/kaoyan/2026/05/15/cb7df6e854a34228bace236a15853db2.png
S0548,2026年东北农业大学复试名单,2026年东北农业大学复试名单,retained_structured_title,东北农业大学,2026,admission/复录比；admission/复试人数；admission/拟录取中位；admission/拟录取人数；admission/拟录取最低；admission/拟录取最高；admission/本科背景状态；逐名名单图像；逐名复试/录取名单,mini_program_asset,secondary_snapshot；secondary_structured,校年值级补证；逐名名单索引；逐字段校年台账,reachable,200.0,2026-10-09,https://jiuxianzai.oss-cn-beijing.aliyuncs.com/kaoyan/2026/05/15/cc82f424fd7142eea802e75eceaee1b0.png,[S0548] 2026年东北农业大学复试名单. 2026年东北农业大学复试名单[EB/OL]. (2026-10-09)[2026-10-09]. https://jiuxianzai.oss-cn-beijing.aliyuncs.com/kaoyan/2026/05/15/cc82f424fd7142eea802e75eceaee1b0.png
S0549,2026年东华大学应统录取结果名单,2026年东华大学应统录取结果名单,retained_structured_title,东华大学,2026,admission/拟录取中位；admission/拟录取人数；admission/拟录取最低；admission/拟录取最高；admission/本科背景状态；逐名名单图像；逐名复试/录取名单,mini_program_asset,secondary_snapshot；secondary_structured,校年值级补证；逐名名单索引；逐字段校年台账,reachable,200.0,2026-10-09,https://jiuxianzai.oss-cn-beijing.aliyuncs.com/kaoyan/2026/05/15/cdd9375b2ccc47d4a3069fda61464898.png,[S0549] 2026年东华大学应统录取结果名单. 2026年东华大学应统录取结果名单[EB/OL]. (2026-10-09)[2026-10-09]. https://jiuxianzai.oss-cn-beijing.aliyuncs.com/kaoyan/2026/05/15/cdd9375b2ccc47d4a3069fda61464898.png
S0550,2026南昌大学应统复试名单,2026南昌大学应统复试名单,retained_structured_title,南昌大学,2026,admission/复录比；admission/复试人数；admission/拟录取中位；admission/拟录取人数；admission/拟录取最低；admission/拟录取最高；admission/本科背景状态；逐名名单图像；逐名复试/录取名单,mini_program_asset,secondary_snapshot；secondary_structured,校年值级补证；逐名名单索引；逐字段校年台账,reachable,200.0,2026-10-09,https://jiuxianzai.oss-cn-beijing.aliyuncs.com/kaoyan/2026/05/15/d4c0f695f05c408789cda8684d68bec2.png,[S0550] 2026南昌大学应统复试名单. 2026南昌大学应统复试名单[EB/OL]. (2026-10-09)[2026-10-09]. https://jiuxianzai.oss-cn-beijing.aliyuncs.com/kaoyan/2026/05/15/d4c0f695f05c408789cda8684d68bec2.png
S0551,2026年河海大学应统录取结果名单,2026年河海大学应统录取结果名单,retained_structured_title,河海大学,2026,admission/复录比；admission/复试人数；admission/拟录取中位；admission/拟录取人数；admission/拟录取最低；admission/拟录取最高；admission/本科背景状态；逐名复试/录取名单,mini_program_asset,secondary_snapshot；secondary_structured,逐名名单索引；逐字段校年台账,reachable,200.0,2026-10-09,https://jiuxianzai.oss-cn-beijing.aliyuncs.com/kaoyan/2026/05/15/d9d3818205ba4522939fb2198769bca4.png,[S0551] 2026年河海大学应统录取结果名单. 2026年河海大学应统录取结果名单[EB/OL]. (2026-10-09)[2026-10-09]. https://jiuxianzai.oss-cn-beijing.aliyuncs.com/kaoyan/2026/05/15/d9d3818205ba4522939fb2198769bca4.png
S0552,2026年统计与数据科学学院B应统拟录取名单,2026年统计与数据科学学院B应统拟录取名单,retained_structured_title,上海财经大学,2026,admission/复录比；admission/复试人数；admission/拟录取中位；admission/拟录取人数；admission/拟录取最低；admission/拟录取最高；admission/本科背景状态；逐名名单图像；逐名复试/录取名单,mini_program_asset,secondary_snapshot；secondary_structured,校年值级补证；逐名名单索引；逐字段校年台账,reachable,200.0,2026-10-09,https://jiuxianzai.oss-cn-beijing.aliyuncs.com/kaoyan/2026/05/15/da7b1b86fb01406b9cc6d767844201fa.png,[S0552] 2026年统计与数据科学学院B应统拟录取名单. 2026年统计与数据科学学院B应统拟录取名单[EB/OL]. (2026-10-09)[2026-10-09]. https://jiuxianzai.oss-cn-beijing.aliyuncs.com/kaoyan/2026/05/15/da7b1b86fb01406b9cc6d767844201fa.png
S0553,2026年辽大经济学院应统复试名单,2026年辽大经济学院应统复试名单,retained_structured_title,辽宁大学,2026,admission/复录比；admission/复试人数；admission/拟录取中位；admission/拟录取人数；admission/拟录取最低；admission/拟录取最高；admission/本科背景状态；逐名复试/录取名单,mini_program_asset,secondary_snapshot；secondary_structured,逐名名单索引；逐字段校年台账,reachable,200.0,2026-10-09,https://jiuxianzai.oss-cn-beijing.aliyuncs.com/kaoyan/2026/05/15/db41cb86662147b89f4ba76b276b815b.png,[S0553] 2026年辽大经济学院应统复试名单. 2026年辽大经济学院应统复试名单[EB/OL]. (2026-10-09)[2026-10-09]. https://jiuxianzai.oss-cn-beijing.aliyuncs.com/kaoyan/2026/05/15/db41cb86662147b89f4ba76b276b815b.png
S0554,2026年央财应统录取结果名单,2026年央财应统录取结果名单,retained_structured_title,中央财经大学,2026,逐名名单图像；逐名复试/录取名单,mini_program_asset,secondary_structured,校年值级补证；逐名名单索引,not_checked,,2026-10-09,https://jiuxianzai.oss-cn-beijing.aliyuncs.com/kaoyan/2026/05/15/dd2419a65aff4866b9deea67a9f7599d.png,[S0554] 2026年央财应统录取结果名单. 2026年央财应统录取结果名单[EB/OL]. (2026-10-09)[2026-10-09]. https://jiuxianzai.oss-cn-beijing.aliyuncs.com/kaoyan/2026/05/15/dd2419a65aff4866b9deea67a9f7599d.png
S0555,2026年贸大应统录取结果名单,2026年贸大应统录取结果名单,retained_structured_title,对外经济贸易大学,2026,admission/复录比；admission/复试人数；admission/拟录取中位；admission/拟录取人数；admission/拟录取最低；admission/拟录取最高；admission/本科背景状态；逐名名单图像；逐名复试/录取名单,mini_program_asset,secondary_snapshot；secondary_structured,校年值级补证；逐名名单索引；逐字段校年台账,reachable,200.0,2026-10-09,https://jiuxianzai.oss-cn-beijing.aliyuncs.com/kaoyan/2026/05/15/ee713d3dc33c461dadb906e500537580.png,[S0555] 2026年贸大应统录取结果名单. 2026年贸大应统录取结果名单[EB/OL]. (2026-10-09)[2026-10-09]. https://jiuxianzai.oss-cn-beijing.aliyuncs.com/kaoyan/2026/05/15/ee713d3dc33c461dadb906e500537580.png
S0556,2026年南师大应统录取结果名单,2026年南师大应统录取结果名单,retained_structured_title,南京师范大学,2026,admission/复录比；admission/复试人数；admission/拟录取中位；admission/拟录取人数；admission/拟录取最低；admission/拟录取最高；admission/本科背景状态；逐名名单图像；逐名复试/录取名单,mini_program_asset,secondary_snapshot；secondary_structured,校年值级补证；逐名名单索引；逐字段校年台账,reachable,200.0,2026-10-09,https://jiuxianzai.oss-cn-beijing.aliyuncs.com/kaoyan/2026/05/15/f21ac85126ba414198fcdee6d9f75f9d.png,[S0556] 2026年南师大应统录取结果名单. 2026年南师大应统录取结果名单[EB/OL]. (2026-10-09)[2026-10-09]. https://jiuxianzai.oss-cn-beijing.aliyuncs.com/kaoyan/2026/05/15/f21ac85126ba414198fcdee6d9f75f9d.png
S0557,2026年南京航空航天应统复试名单,2026年南京航空航天应统复试名单,retained_structured_title,南京航空航天大学,2026,admission/复录比；admission/复试人数；admission/拟录取中位；admission/拟录取人数；admission/拟录取最低；admission/拟录取最高；admission/本科背景状态；逐名名单图像；逐名复试/录取名单,mini_program_asset,secondary_snapshot；secondary_structured,校年值级补证；逐名名单索引；逐字段校年台账,reachable,200.0,2026-10-09,https://jiuxianzai.oss-cn-beijing.aliyuncs.com/kaoyan/2026/05/15/fc3539f85ef94f4091bca6192151dab1.png,[S0557] 2026年南京航空航天应统复试名单. 2026年南京航空航天应统复试名单[EB/OL]. (2026-10-09)[2026-10-09]. https://jiuxianzai.oss-cn-beijing.aliyuncs.com/kaoyan/2026/05/15/fc3539f85ef94f4091bca6192151dab1.png
S0558,2026年东北林业应统复试名单,2026年东北林业应统复试名单,retained_structured_title,东北林业大学,2026,admission/复录比；admission/复试人数；admission/拟录取中位；admission/拟录取人数；admission/拟录取最低；admission/拟录取最高；admission/本科背景状态；逐名名单图像；逐名复试/录取名单,mini_program_asset,secondary_snapshot；secondary_structured,校年值级补证；逐名名单索引；逐字段校年台账,reachable,200.0,2026-10-09,https://jiuxianzai.oss-cn-beijing.aliyuncs.com/kaoyan/2026/05/15/ff11a112d8fe4ff1b1c3afe352c495af.png,[S0558] 2026年东北林业应统复试名单. 2026年东北林业应统复试名单[EB/OL]. (2026-10-09)[2026-10-09]. https://jiuxianzai.oss-cn-beijing.aliyuncs.com/kaoyan/2026/05/15/ff11a112d8fe4ff1b1c3afe352c495af.png
S0559,2026年中石油应统录取结果名单,2026年中石油应统录取结果名单,retained_structured_title,中国石油大学（北京）,2026,admission/复录比；admission/复试人数；admission/拟录取中位；admission/拟录取人数；admission/拟录取最低；admission/拟录取最高；admission/本科背景状态；逐名复试/录取名单,mini_program_asset,secondary_snapshot；secondary_structured,逐名名单索引；逐字段校年台账,reachable,200.0,2026-10-09,https://jiuxianzai.oss-cn-beijing.aliyuncs.com/kaoyan/2026/05/15/ff6a499c5d434b4d9666674a73705499.png,[S0559] 2026年中石油应统录取结果名单. 2026年中石油应统录取结果名单[EB/OL]. (2026-10-09)[2026-10-09]. https://jiuxianzai.oss-cn-beijing.aliyuncs.com/kaoyan/2026/05/15/ff6a499c5d434b4d9666674a73705499.png
S0560,2026华南师范数学科学学院应统复试名单,2026华南师范数学科学学院应统复试名单,retained_structured_title,华南师范大学,2026,admission/复录比；admission/复试人数；admission/拟录取中位；admission/拟录取人数；admission/拟录取最低；admission/拟录取最高；admission/本科背景状态；逐名复试/录取名单,mini_program_asset,secondary_snapshot；secondary_structured,逐名名单索引；逐字段校年台账,reachable,200.0,2026-10-09,https://jiuxianzai.oss-cn-beijing.aliyuncs.com/kaoyan/2026/05/15/ff91f32b6c424ee4aaac3c1a5d728477.png,[S0560] 2026华南师范数学科学学院应统复试名单. 2026华南师范数学科学学院应统复试名单[EB/OL]. (2026-10-09)[2026-10-09]. https://jiuxianzai.oss-cn-beijing.aliyuncs.com/kaoyan/2026/05/15/ff91f32b6c424ee4aaac3c1a5d728477.png
S0561,2026年复旦数院应统拟录取名单,2026年复旦数院应统拟录取名单,retained_structured_title,复旦大学,2026,admission/复录比；admission/复试人数；admission/拟录取中位；admission/拟录取人数；admission/拟录取最低；admission/拟录取最高；admission/本科背景状态；逐名名单图像；逐名复试/录取名单,mini_program_asset,secondary_snapshot；secondary_structured,校年值级补证；逐名名单索引；逐字段校年台账,reachable,200.0,2026-10-09,https://jiuxianzai.oss-cn-beijing.aliyuncs.com/kaoyan/2026/05/19/02ae9ca1bc9241e28251b2cdb062dfc5.png,[S0561] 2026年复旦数院应统拟录取名单. 2026年复旦数院应统拟录取名单[EB/OL]. (2026-10-09)[2026-10-09]. https://jiuxianzai.oss-cn-beijing.aliyuncs.com/kaoyan/2026/05/19/02ae9ca1bc9241e28251b2cdb062dfc5.png
S0562,2026年复旦上海数学与交叉学科研究院应统拟录取名单,2026年复旦上海数学与交叉学科研究院应统拟录取名单,retained_structured_title,复旦大学,2026,admission/复录比；admission/复试人数；admission/拟录取中位；admission/拟录取人数；admission/拟录取最低；admission/拟录取最高；admission/本科背景状态；逐名复试/录取名单,mini_program_asset,secondary_snapshot；secondary_structured,逐名名单索引；逐字段校年台账,reachable,200.0,2026-10-09,https://jiuxianzai.oss-cn-beijing.aliyuncs.com/kaoyan/2026/05/19/25428559b0cf4dbfb504859f2a22d035.png,[S0562] 2026年复旦上海数学与交叉学科研究院应统拟录取名单. 2026年复旦上海数学与交叉学科研究院应统拟录取名单[EB/OL]. (2026-10-09)[2026-10-09]. https://jiuxianzai.oss-cn-beijing.aliyuncs.com/kaoyan/2026/05/19/25428559b0cf4dbfb504859f2a22d035.png
S0563,2026年复旦上海数学中心应统拟录取名单,2026年复旦上海数学中心应统拟录取名单,retained_structured_title,复旦大学,2026,admission/复录比；admission/复试人数；admission/拟录取中位；admission/拟录取人数；admission/拟录取最低；admission/拟录取最高；admission/本科背景状态；逐名复试/录取名单,mini_program_asset,secondary_snapshot；secondary_structured,逐名名单索引；逐字段校年台账,reachable,200.0,2026-10-09,https://jiuxianzai.oss-cn-beijing.aliyuncs.com/kaoyan/2026/05/19/9e1166ed69c1442abb64d7c7c7241223.png,[S0563] 2026年复旦上海数学中心应统拟录取名单. 2026年复旦上海数学中心应统拟录取名单[EB/OL]. (2026-10-09)[2026-10-09]. https://jiuxianzai.oss-cn-beijing.aliyuncs.com/kaoyan/2026/05/19/9e1166ed69c1442abb64d7c7c7241223.png
S0564,2026年复旦大数据学院应统拟录取名单,2026年复旦大数据学院应统拟录取名单,retained_structured_title,复旦大学,2026,admission/复录比；admission/复试人数；admission/拟录取中位；admission/拟录取人数；admission/拟录取最低；admission/拟录取最高；admission/本科背景状态；逐名复试/录取名单,mini_program_asset,secondary_snapshot；secondary_structured,逐名名单索引；逐字段校年台账,reachable,200.0,2026-10-09,https://jiuxianzai.oss-cn-beijing.aliyuncs.com/kaoyan/2026/05/19/e061786fad8345eea5790809cb6ff1d1.png,[S0564] 2026年复旦大数据学院应统拟录取名单. 2026年复旦大数据学院应统拟录取名单[EB/OL]. (2026-10-09)[2026-10-09]. https://jiuxianzai.oss-cn-beijing.aliyuncs.com/kaoyan/2026/05/19/e061786fad8345eea5790809cb6ff1d1.png
S0565,2026年华科应统复试名单,2026年华科应统复试名单,retained_structured_title,华中科技大学,2026,admission/复录比；admission/复试人数；admission/拟录取中位；admission/拟录取人数；admission/拟录取最低；admission/拟录取最高；admission/本科背景状态；逐名名单图像；逐名复试/录取名单,mini_program_asset,secondary_snapshot；secondary_structured,校年值级补证；逐名名单索引；逐字段校年台账,reachable,200.0,2026-10-09,https://jiuxianzai.oss-cn-beijing.aliyuncs.com/kaoyan/2026/05/22/6b3b54fd1b97464284beddf7c60c802d.png,[S0565] 2026年华科应统复试名单. 2026年华科应统复试名单[EB/OL]. (2026-10-09)[2026-10-09]. https://jiuxianzai.oss-cn-beijing.aliyuncs.com/kaoyan/2026/05/22/6b3b54fd1b97464284beddf7c60c802d.png
S0566,2026年东南大学应统复试名单,2026年东南大学应统复试名单,retained_structured_title,东南大学,2026,admission/复录比；admission/复试人数；admission/拟录取中位；admission/拟录取人数；admission/拟录取最低；admission/拟录取最高；admission/本科背景状态；逐名名单图像；逐名复试/录取名单,mini_program_asset,secondary_snapshot；secondary_structured,校年值级补证；逐名名单索引；逐字段校年台账,reachable,200.0,2026-10-09,https://jiuxianzai.oss-cn-beijing.aliyuncs.com/kaoyan/2026/05/25/e528261201bc43cfabc7331471dce90f.png,[S0566] 2026年东南大学应统复试名单. 2026年东南大学应统复试名单[EB/OL]. (2026-10-09)[2026-10-09]. https://jiuxianzai.oss-cn-beijing.aliyuncs.com/kaoyan/2026/05/25/e528261201bc43cfabc7331471dce90f.png
S0567,2026上海大学理学院应统复试名单,2026上海大学理学院应统复试名单,retained_structured_title,上海大学,2026,逐名名单图像；逐名复试/录取名单,mini_program_asset,secondary_structured,校年值级补证；逐名名单索引,not_checked,,2026-10-09,https://jiuxianzai.oss-cn-beijing.aliyuncs.com/kaoyan/2026/06/04/188f111c488243c6be6719105dffe2f1.png,[S0567] 2026上海大学理学院应统复试名单. 2026上海大学理学院应统复试名单[EB/OL]. (2026-10-09)[2026-10-09]. https://jiuxianzai.oss-cn-beijing.aliyuncs.com/kaoyan/2026/06/04/188f111c488243c6be6719105dffe2f1.png
S0568,2026年地大应统录取结果名单,2026年地大应统录取结果名单,retained_structured_title,中国地质大学（北京）,2026,逐名名单图像；逐名复试/录取名单,mini_program_asset,secondary_structured,校年值级补证；逐名名单索引,not_checked,,2026-10-09,https://jiuxianzai.oss-cn-beijing.aliyuncs.com/kaoyan/2026/09/28/6f3b9f6fdd64498797ec4f85d77372f0.png,[S0568] 2026年地大应统录取结果名单. 2026年地大应统录取结果名单[EB/OL]. (2026-10-09)[2026-10-09]. https://jiuxianzai.oss-cn-beijing.aliyuncs.com/kaoyan/2026/09/28/6f3b9f6fdd64498797ec4f85d77372f0.png
S0569,湖南大学金融与统计学院2026复试细则,湖南大学金融与统计学院2026复试细则,retained_structured_title,湖南大学,2026,cutoff/复试线文本；cutoff/多学院/方向明细；cutoff/线证据等级；cutoff/选择数值；复试线、复试形式、计划,university_official,primary_official,来源总台账；逐字段校年台账,reachable,200.0,2026-10-09,https://jt.hnu.edu.cn/info/1089/8977.htm,[S0569] 湖南大学金融与统计学院2026复试细则. 湖南大学金融与统计学院2026复试细则[EB/OL]. (2026-10-09)[2026-10-09]. https://jt.hnu.edu.cn/info/1089/8977.htm
S0570,复旦数学科学学院2026复试,复旦数学科学学院2026复试,retained_structured_title,,,复试形式、复试人数,university_official,primary_official,来源总台账,reachable,200.0,2026-10-09,https://math.fudan.edu.cn/ca/b0/c33035a772784/page.htm,[S0570] 复旦数学科学学院2026复试. 复旦数学科学学院2026复试[EB/OL]. (2026-10-09)[2026-10-09]. https://math.fudan.edu.cn/ca/b0/c33035a772784/page.htm
S0571,复旦数学科学学院2026复试,复旦数学科学学院2026复试,retained_structured_title,复旦大学,2026,admission/复录比；admission/复试人数；admission/拟录取中位；admission/拟录取人数；admission/拟录取最低；admission/拟录取最高；admission/本科背景状态；复试形式、复试人数,university_official,primary_official,来源总台账；逐字段校年台账,reachable,200.0,2026-10-09,https://math.fudan.edu.cn/ca/cc/c30374a772812/page.htm,[S0571] 复旦数学科学学院2026复试. 复旦数学科学学院2026复试[EB/OL]. (2026-10-09)[2026-10-09]. https://math.fudan.edu.cn/ca/cc/c30374a772812/page.htm
S0572,南京大学,南京大学 2023 cutoff/复试线文本；cutoff/多学院/方向明细；cutoff/线证据等级；等 4 项,scope_description_not_original_page_title,南京大学,2023,cutoff/复试线文本；cutoff/多学院/方向明细；cutoff/线证据等级；cutoff/选择数值,university_official,primary_official,逐字段校年台账,reachable,200.0,2026-10-09,https://math.nju.edu.cn/DFS/file/2023/03/17/20230317123707200fsqjvf.pdf,[S0572] 南京大学. 南京大学 2023 cutoff/复试线文本；cutoff/多学院/方向明细；cutoff/线证据等级；等 4 项[EB/OL]. (2026-10-09)[2026-10-09]. https://math.nju.edu.cn/DFS/file/2023/03/17/20230317123707200fsqjvf.pdf
S0573,南京大学2025参考书,南京大学2025参考书,retained_structured_title,,,初试/复试教材,university_official,primary_official,来源总台账,reachable,200.0,2026-10-09,https://math.nju.edu.cn/DFS/file/2024/10/23/202410231005570921nldll.pdf,[S0573] 南京大学2025参考书. 南京大学2025参考书[EB/OL]. (2026-10-09)[2026-10-09]. https://math.nju.edu.cn/DFS/file/2024/10/23/202410231005570921nldll.pdf
S0574,南京大学,南京大学 2026 cutoff/复试线文本；cutoff/多学院/方向明细；cutoff/线证据等级；等 4 项,scope_description_not_original_page_title,南京大学,2026,cutoff/复试线文本；cutoff/多学院/方向明细；cutoff/线证据等级；cutoff/选择数值,university_official,primary_official,逐字段校年台账,reachable,200.0,2026-10-09,https://math.nju.edu.cn/DFS/file/2026/03/18/202603181823272823iq65i.pdf,[S0574] 南京大学. 南京大学 2026 cutoff/复试线文本；cutoff/多学院/方向明细；cutoff/线证据等级；等 4 项[EB/OL]. (2026-10-09)[2026-10-09]. https://math.nju.edu.cn/DFS/file/2026/03/18/202603181823272823iq65i.pdf
S0575,南京大学2026复试与拟录取,南京大学2026复试与拟录取,retained_structured_title,南京大学,2026,2026线、名单、复录比；admission/复录比；admission/复试人数；admission/拟录取中位；admission/拟录取人数；admission/拟录取最低；admission/拟录取最高；admission/本科背景状态,university_official,primary_official,来源总台账；逐字段校年台账,reachable,200.0,2026-10-09,https://math.nju.edu.cn/zs/sszs/20260402/i371514.html,[S0575] 南京大学2026复试与拟录取. 南京大学2026复试与拟录取[EB/OL]. (2026-10-09)[2026-10-09]. https://math.nju.edu.cn/zs/sszs/20260402/i371514.html
S0576,清华大学,清华大学 2026 admission/复录比；admission/复试人数；admission/拟录取中位；等 7 项,scope_description_not_original_page_title,清华大学,2026,admission/复录比；admission/复试人数；admission/拟录取中位；admission/拟录取人数；admission/拟录取最低；admission/拟录取最高；admission/本科背景状态,university_official,primary_official,逐字段校年台账,reachable,200.0,2026-10-09,https://math.tsinghua.edu.cn/css/qinghuadaxue2026nianshuxuekexuexiquanguoshuoshiyanjiushengzhaoshengkaoshiyingyongtongjizhuanyeruweifushimingdangongshi.pdf,[S0576] 清华大学. 清华大学 2026 admission/复录比；admission/复试人数；admission/拟录取中位；等 7 项[EB/OL]. (2026-10-09)[2026-10-09]. https://math.tsinghua.edu.cn/css/qinghuadaxue2026nianshuxuekexuexiquanguoshuoshiyanjiushengzhaoshengkaoshiyingyongtongjizhuanyeruweifushimingdangongshi.pdf
S0577,卡方训练营26录取名单专辑,卡方训练营26录取名单专辑,retained_structured_title,,,2026拟录取最低线与人数交叉验证；学校概况、复试内容、参考书、名单图、成绩分布,wechat_article,secondary_article,来源总台账,reachable,200.0,2026-10-09,https://mp.weixin.qq.com/mp/appmsgalbum?action=getalbum&__biz=MzIxNTM0MjQ3OA==&album_id=4440486531434364928,[S0577] 卡方训练营26录取名单专辑. 卡方训练营26录取名单专辑[EB/OL]. (2026-10-09)[2026-10-09]. https://mp.weixin.qq.com/mp/appmsgalbum?action=getalbum&__biz=MzIxNTM0MjQ3OA==&album_id=4440486531434364928
S0578,卡方训练营432定向班相册,卡方训练营432定向班相册,retained_structured_title,,,教材/课程结构交叉验证,wechat_article,secondary_article,来源总台账,reachable,200.0,2026-10-09,https://mp.weixin.qq.com/mp/appmsgalbum?action=getalbum&__biz=MzIxNTM0MjQ3OA==&scene=1&album_id=4165954014905073674&count=3#wechat_redirect,[S0578] 卡方训练营432定向班相册. 卡方训练营432定向班相册[EB/OL]. (2026-10-09)[2026-10-09]. https://mp.weixin.qq.com/mp/appmsgalbum?action=getalbum&__biz=MzIxNTM0MjQ3OA==&scene=1&album_id=4165954014905073674&count=3#wechat_redirect
S0579,卡方训练营《27最新版：高校应统考研的五大门派》,卡方训练营《27最新版：高校应统考研的五大门派》,retained_structured_title,,,五大门派分类、经验教材、茆书星级要求,wechat_article,secondary_article,来源总台账,reachable,200.0,2026-10-09,https://mp.weixin.qq.com/s/YscsWES7OVZe_hi4wCtykA,[S0579] 卡方训练营《27最新版：高校应统考研的五大门派》. 卡方训练营《27最新版：高校应统考研的五大门派》[EB/OL]. (2026-10-09)[2026-10-09]. https://mp.weixin.qq.com/s/YscsWES7OVZe_hi4wCtykA
S0580,mp.weixin.qq.com,华中科技大学 2026 admission/复录比；admission/复试人数；admission/拟录取中位；等 7 项,scope_description_not_original_page_title,华中科技大学,2026,admission/复录比；admission/复试人数；admission/拟录取中位；admission/拟录取人数；admission/拟录取最低；admission/拟录取最高；admission/本科背景状态,wechat_article,secondary_article,逐字段校年台账,reachable,200.0,2026-10-09,https://mp.weixin.qq.com/s?__biz=MzIxNTM0MjQ3OA==&mid=2247511185&idx=1&sn=bae230d535cefa7a559f5a6d9c6d360a&chksm=979b2070a0eca966d2e79b831429d9fa40e6703a7669b8c18d573bec07dd70fda95b72d0a571#rd,[S0580] mp.weixin.qq.com. 华中科技大学 2026 admission/复录比；admission/复试人数；admission/拟录取中位；等 7 项[EB/OL]. (2026-10-09)[2026-10-09]. https://mp.weixin.qq.com/s?__biz=MzIxNTM0MjQ3OA==&mid=2247511185&idx=1&sn=bae230d535cefa7a559f5a6d9c6d360a&chksm=979b2070a0eca966d2e79b831429d9fa40e6703a7669b8c18d573bec07dd70fda95b72d0a571#rd
S0581,mp.weixin.qq.com,中山大学 2026 admission/复录比；admission/复试人数；admission/拟录取中位；等 7 项,scope_description_not_original_page_title,中山大学,2026,admission/复录比；admission/复试人数；admission/拟录取中位；admission/拟录取人数；admission/拟录取最低；admission/拟录取最高；admission/本科背景状态,wechat_article,secondary_article,逐字段校年台账,reachable,200.0,2026-10-09,https://mp.weixin.qq.com/s?__biz=MzIxNTM0MjQ3OA==&mid=2247511227&idx=1&sn=2e169133b6676bf8e670061159b7ad1a&chksm=979b205aa0eca94ce3ec6c7d4a295fed0289087797929838ee0679dddfb2e828a29e6f105860#rd,[S0581] mp.weixin.qq.com. 中山大学 2026 admission/复录比；admission/复试人数；admission/拟录取中位；等 7 项[EB/OL]. (2026-10-09)[2026-10-09]. https://mp.weixin.qq.com/s?__biz=MzIxNTM0MjQ3OA==&mid=2247511227&idx=1&sn=2e169133b6676bf8e670061159b7ad1a&chksm=979b205aa0eca94ce3ec6c7d4a295fed0289087797929838ee0679dddfb2e828a29e6f105860#rd
S0582,mp.weixin.qq.com,中山大学 2026 admission/复录比；admission/复试人数；admission/拟录取中位；等 7 项,scope_description_not_original_page_title,中山大学,2026,admission/复录比；admission/复试人数；admission/拟录取中位；admission/拟录取人数；admission/拟录取最低；admission/拟录取最高；admission/本科背景状态,wechat_article,secondary_article,逐字段校年台账,reachable,200.0,2026-10-09,https://mp.weixin.qq.com/s?__biz=MzIxNTM0MjQ3OA==&mid=2247511276&idx=2&sn=2ce4b547da2174434559dd954cd57f3a&chksm=979b200da0eca91b665463aac8fb7b0f819830f804907eac473f87b61203b7abfb4e0e621367#rd,[S0582] mp.weixin.qq.com. 中山大学 2026 admission/复录比；admission/复试人数；admission/拟录取中位；等 7 项[EB/OL]. (2026-10-09)[2026-10-09]. https://mp.weixin.qq.com/s?__biz=MzIxNTM0MjQ3OA==&mid=2247511276&idx=2&sn=2ce4b547da2174434559dd954cd57f3a&chksm=979b200da0eca91b665463aac8fb7b0f819830f804907eac473f87b61203b7abfb4e0e621367#rd
S0583,mp.weixin.qq.com,上海交通大学 2026 admission/复录比；admission/复试人数；admission/拟录取中位；等 7 项,scope_description_not_original_page_title,上海交通大学,2026,admission/复录比；admission/复试人数；admission/拟录取中位；admission/拟录取人数；admission/拟录取最低；admission/拟录取最高；admission/本科背景状态,wechat_article,secondary_article,逐字段校年台账,reachable,200.0,2026-10-09,https://mp.weixin.qq.com/s?__biz=MzIxNTM0MjQ3OA==&mid=2247511431&idx=1&sn=5e773f674de557af6b7b8fd470961ad5&chksm=979b2166a0eca8705f982282c0420bf0947de17bf65457e9bd100af6461ec580f4206f3e35a8#rd,[S0583] mp.weixin.qq.com. 上海交通大学 2026 admission/复录比；admission/复试人数；admission/拟录取中位；等 7 项[EB/OL]. (2026-10-09)[2026-10-09]. https://mp.weixin.qq.com/s?__biz=MzIxNTM0MjQ3OA==&mid=2247511431&idx=1&sn=5e773f674de557af6b7b8fd470961ad5&chksm=979b2166a0eca8705f982282c0420bf0947de17bf65457e9bd100af6461ec580f4206f3e35a8#rd
S0584,mp.weixin.qq.com,华东师范大学 2026 admission/复录比；admission/复试人数；admission/拟录取中位；等 7 项,scope_description_not_original_page_title,华东师范大学,2026,admission/复录比；admission/复试人数；admission/拟录取中位；admission/拟录取人数；admission/拟录取最低；admission/拟录取最高；admission/本科背景状态,wechat_article,secondary_article,逐字段校年台账,reachable,200.0,2026-10-09,https://mp.weixin.qq.com/s?__biz=MzIxNTM0MjQ3OA==&mid=2247511431&idx=2&sn=9e84660a94b2d07b7fbb5bead21e6122&chksm=979b2166a0eca870e9fec1a1493f98f4906d3b31fa8bedb37f93df4c49168f35fc4411314e84#rd,[S0584] mp.weixin.qq.com. 华东师范大学 2026 admission/复录比；admission/复试人数；admission/拟录取中位；等 7 项[EB/OL]. (2026-10-09)[2026-10-09]. https://mp.weixin.qq.com/s?__biz=MzIxNTM0MjQ3OA==&mid=2247511431&idx=2&sn=9e84660a94b2d07b7fbb5bead21e6122&chksm=979b2166a0eca870e9fec1a1493f98f4906d3b31fa8bedb37f93df4c49168f35fc4411314e84#rd
S0585,mp.weixin.qq.com,北京师范大学 2026 admission/复录比；admission/复试人数；admission/拟录取中位；等 7 项,scope_description_not_original_page_title,北京师范大学,2026,admission/复录比；admission/复试人数；admission/拟录取中位；admission/拟录取人数；admission/拟录取最低；admission/拟录取最高；admission/本科背景状态,wechat_article,secondary_article,逐字段校年台账,reachable,200.0,2026-10-09,https://mp.weixin.qq.com/s?__biz=MzIxNTM0MjQ3OA==&mid=2247511444&idx=1&sn=2772178f6ecc3164d43d409d8fe0a32e&chksm=979b2175a0eca863db2bda2c5d7b4250cdf041bd48a2b93fa10e1cc2e351470c91e094d3d1b1#rd,[S0585] mp.weixin.qq.com. 北京师范大学 2026 admission/复录比；admission/复试人数；admission/拟录取中位；等 7 项[EB/OL]. (2026-10-09)[2026-10-09]. https://mp.weixin.qq.com/s?__biz=MzIxNTM0MjQ3OA==&mid=2247511444&idx=1&sn=2772178f6ecc3164d43d409d8fe0a32e&chksm=979b2175a0eca863db2bda2c5d7b4250cdf041bd48a2b93fa10e1cc2e351470c91e094d3d1b1#rd
S0586,mp.weixin.qq.com,苏州大学 2026 admission/复录比；admission/复试人数；admission/拟录取中位；等 7 项,scope_description_not_original_page_title,苏州大学,2026,admission/复录比；admission/复试人数；admission/拟录取中位；admission/拟录取人数；admission/拟录取最低；admission/拟录取最高；admission/本科背景状态,wechat_article,secondary_article,逐字段校年台账,reachable,200.0,2026-10-09,https://mp.weixin.qq.com/s?__biz=MzIxNTM0MjQ3OA==&mid=2247511444&idx=2&sn=c320eac9c58b115cc8b15ce8e7004039&chksm=979b2175a0eca863b53e9f895dc73ef320c489c5556d7d9503355d1a51c1a42caaff5e9dd7f3#rd,[S0586] mp.weixin.qq.com. 苏州大学 2026 admission/复录比；admission/复试人数；admission/拟录取中位；等 7 项[EB/OL]. (2026-10-09)[2026-10-09]. https://mp.weixin.qq.com/s?__biz=MzIxNTM0MjQ3OA==&mid=2247511444&idx=2&sn=c320eac9c58b115cc8b15ce8e7004039&chksm=979b2175a0eca863b53e9f895dc73ef320c489c5556d7d9503355d1a51c1a42caaff5e9dd7f3#rd
S0587,mp.weixin.qq.com,大连理工大学 2026 admission/复录比；admission/复试人数；admission/拟录取中位；等 7 项,scope_description_not_original_page_title,大连理工大学,2026,admission/复录比；admission/复试人数；admission/拟录取中位；admission/拟录取人数；admission/拟录取最低；admission/拟录取最高；admission/本科背景状态,wechat_article,secondary_article,逐字段校年台账,reachable,200.0,2026-10-09,https://mp.weixin.qq.com/s?__biz=MzIxNTM0MjQ3OA==&mid=2247511444&idx=3&sn=bd487bc74cd8b17ca4bf81e1963828fa&chksm=979b2175a0eca863a3cea57935290b0711daf4e7813d4a96f345a983f897e110613367af55af#rd,[S0587] mp.weixin.qq.com. 大连理工大学 2026 admission/复录比；admission/复试人数；admission/拟录取中位；等 7 项[EB/OL]. (2026-10-09)[2026-10-09]. https://mp.weixin.qq.com/s?__biz=MzIxNTM0MjQ3OA==&mid=2247511444&idx=3&sn=bd487bc74cd8b17ca4bf81e1963828fa&chksm=979b2175a0eca863a3cea57935290b0711daf4e7813d4a96f345a983f897e110613367af55af#rd
S0588,mp.weixin.qq.com,南京大学 2026 admission/复录比；admission/复试人数；admission/拟录取中位；等 7 项,scope_description_not_original_page_title,南京大学,2026,admission/复录比；admission/复试人数；admission/拟录取中位；admission/拟录取人数；admission/拟录取最低；admission/拟录取最高；admission/本科背景状态,wechat_article,secondary_article,逐字段校年台账,reachable,200.0,2026-10-09,https://mp.weixin.qq.com/s?__biz=MzIxNTM0MjQ3OA==&mid=2247511448&idx=1&sn=6a2dd1a25c69126924b598a6556ebe48&chksm=979b2179a0eca86f65f8d444d5764060314d92edb22536d616e58a116580a4ec194e7a220dd6#rd,[S0588] mp.weixin.qq.com. 南京大学 2026 admission/复录比；admission/复试人数；admission/拟录取中位；等 7 项[EB/OL]. (2026-10-09)[2026-10-09]. https://mp.weixin.qq.com/s?__biz=MzIxNTM0MjQ3OA==&mid=2247511448&idx=1&sn=6a2dd1a25c69126924b598a6556ebe48&chksm=979b2179a0eca86f65f8d444d5764060314d92edb22536d616e58a116580a4ec194e7a220dd6#rd
S0589,mp.weixin.qq.com,中南财经政法大学 2026 admission/复录比；admission/复试人数；admission/拟录取中位；等 7 项,scope_description_not_original_page_title,中南财经政法大学,2026,admission/复录比；admission/复试人数；admission/拟录取中位；admission/拟录取人数；admission/拟录取最低；admission/拟录取最高；admission/本科背景状态,wechat_article,secondary_article,逐字段校年台账,reachable,200.0,2026-10-09,https://mp.weixin.qq.com/s?__biz=MzIxNTM0MjQ3OA==&mid=2247511448&idx=2&sn=d1dc7fc0f130a6c1533129c3b1850157&chksm=979b2179a0eca86f4602ff049b9ba6194377485d78cce34e59b15397414809541d3a3dfe2b0d#rd,[S0589] mp.weixin.qq.com. 中南财经政法大学 2026 admission/复录比；admission/复试人数；admission/拟录取中位；等 7 项[EB/OL]. (2026-10-09)[2026-10-09]. https://mp.weixin.qq.com/s?__biz=MzIxNTM0MjQ3OA==&mid=2247511448&idx=2&sn=d1dc7fc0f130a6c1533129c3b1850157&chksm=979b2179a0eca86f4602ff049b9ba6194377485d78cce34e59b15397414809541d3a3dfe2b0d#rd
S0590,mp.weixin.qq.com,中国地质大学（北京） 2026 admission/复录比；admission/复试人数；admission/拟录取中位；等 7 项,scope_description_not_original_page_title,中国地质大学（北京）,2026,admission/复录比；admission/复试人数；admission/拟录取中位；admission/拟录取人数；admission/拟录取最低；admission/拟录取最高；admission/本科背景状态,wechat_article,secondary_article,逐字段校年台账,reachable,200.0,2026-10-09,https://mp.weixin.qq.com/s?__biz=MzIxNTM0MjQ3OA==&mid=2247511448&idx=3&sn=ac69503731fad60f1026c1ec5d44f8f4&chksm=979b2179a0eca86f8d5ea98fb94277b824af56488a478c7f955063baca16837f39c0c4705c13#rd,[S0590] mp.weixin.qq.com. 中国地质大学（北京） 2026 admission/复录比；admission/复试人数；admission/拟录取中位；等 7 项[EB/OL]. (2026-10-09)[2026-10-09]. https://mp.weixin.qq.com/s?__biz=MzIxNTM0MjQ3OA==&mid=2247511448&idx=3&sn=ac69503731fad60f1026c1ec5d44f8f4&chksm=979b2179a0eca86f8d5ea98fb94277b824af56488a478c7f955063baca16837f39c0c4705c13#rd
S0591,mp.weixin.qq.com,对外经济贸易大学 2026 admission/复录比；admission/复试人数；admission/拟录取中位；等 7 项,scope_description_not_original_page_title,对外经济贸易大学,2026,admission/复录比；admission/复试人数；admission/拟录取中位；admission/拟录取人数；admission/拟录取最低；admission/拟录取最高；admission/本科背景状态,wechat_article,secondary_article,逐字段校年台账,reachable,200.0,2026-10-09,https://mp.weixin.qq.com/s?__biz=MzIxNTM0MjQ3OA==&mid=2247511468&idx=1&sn=e964b91ef926344b88787e2e7d1b66d2&chksm=979b214da0eca85bdacfdf3eb4aecff3a5f95456a34ff68c49f343fe0017cef2748605e32587#rd,[S0591] mp.weixin.qq.com. 对外经济贸易大学 2026 admission/复录比；admission/复试人数；admission/拟录取中位；等 7 项[EB/OL]. (2026-10-09)[2026-10-09]. https://mp.weixin.qq.com/s?__biz=MzIxNTM0MjQ3OA==&mid=2247511468&idx=1&sn=e964b91ef926344b88787e2e7d1b66d2&chksm=979b214da0eca85bdacfdf3eb4aecff3a5f95456a34ff68c49f343fe0017cef2748605e32587#rd
S0592,mp.weixin.qq.com,西南财经大学 2026 admission/复录比；admission/复试人数；admission/拟录取中位；等 7 项,scope_description_not_original_page_title,西南财经大学,2026,admission/复录比；admission/复试人数；admission/拟录取中位；admission/拟录取人数；admission/拟录取最低；admission/拟录取最高；admission/本科背景状态,wechat_article,secondary_article,逐字段校年台账,reachable,200.0,2026-10-09,https://mp.weixin.qq.com/s?__biz=MzIxNTM0MjQ3OA==&mid=2247511468&idx=2&sn=f9e80ec3fc980fa6d3944d10de6362c7&chksm=979b214da0eca85b8adb60257baed822ccaf46c3a8a7e49af92a8914ceb1979eb6065504c5f3#rd,[S0592] mp.weixin.qq.com. 西南财经大学 2026 admission/复录比；admission/复试人数；admission/拟录取中位；等 7 项[EB/OL]. (2026-10-09)[2026-10-09]. https://mp.weixin.qq.com/s?__biz=MzIxNTM0MjQ3OA==&mid=2247511468&idx=2&sn=f9e80ec3fc980fa6d3944d10de6362c7&chksm=979b214da0eca85b8adb60257baed822ccaf46c3a8a7e49af92a8914ceb1979eb6065504c5f3#rd
S0593,mp.weixin.qq.com,东北师范大学 2026 admission/复录比；admission/复试人数；admission/拟录取中位；等 7 项,scope_description_not_original_page_title,东北师范大学,2026,admission/复录比；admission/复试人数；admission/拟录取中位；admission/拟录取人数；admission/拟录取最低；admission/拟录取最高；admission/本科背景状态,wechat_article,secondary_article,逐字段校年台账,reachable,200.0,2026-10-09,https://mp.weixin.qq.com/s?__biz=MzIxNTM0MjQ3OA==&mid=2247511468&idx=3&sn=e1c11589af640698e68a41f1bc86b110&chksm=979b214da0eca85b97725e32dcd988032937e11ce1badd4903e0ddf04493344bfbc579d20b78#rd,[S0593] mp.weixin.qq.com. 东北师范大学 2026 admission/复录比；admission/复试人数；admission/拟录取中位；等 7 项[EB/OL]. (2026-10-09)[2026-10-09]. https://mp.weixin.qq.com/s?__biz=MzIxNTM0MjQ3OA==&mid=2247511468&idx=3&sn=e1c11589af640698e68a41f1bc86b110&chksm=979b214da0eca85b97725e32dcd988032937e11ce1badd4903e0ddf04493344bfbc579d20b78#rd
S0594,mp.weixin.qq.com,华东理工大学 2026 admission/复录比；admission/复试人数；admission/拟录取中位；等 7 项,scope_description_not_original_page_title,华东理工大学,2026,admission/复录比；admission/复试人数；admission/拟录取中位；admission/拟录取人数；admission/拟录取最低；admission/拟录取最高；admission/本科背景状态,wechat_article,secondary_article,逐字段校年台账,reachable,200.0,2026-10-09,https://mp.weixin.qq.com/s?__biz=MzIxNTM0MjQ3OA==&mid=2247511476&idx=1&sn=5ad0c77d2a9c1d582fbb5ecf75a9ec06&chksm=979b2155a0eca8436175e7ebb6b6b3f4d5716a96d363648e88a10f77e86bce64e901e7b6b9ee#rd,[S0594] mp.weixin.qq.com. 华东理工大学 2026 admission/复录比；admission/复试人数；admission/拟录取中位；等 7 项[EB/OL]. (2026-10-09)[2026-10-09]. https://mp.weixin.qq.com/s?__biz=MzIxNTM0MjQ3OA==&mid=2247511476&idx=1&sn=5ad0c77d2a9c1d582fbb5ecf75a9ec06&chksm=979b2155a0eca8436175e7ebb6b6b3f4d5716a96d363648e88a10f77e86bce64e901e7b6b9ee#rd
S0595,mp.weixin.qq.com,中国科学技术大学 2026 admission/复录比；admission/复试人数；admission/拟录取中位；等 7 项,scope_description_not_original_page_title,中国科学技术大学,2026,admission/复录比；admission/复试人数；admission/拟录取中位；admission/拟录取人数；admission/拟录取最低；admission/拟录取最高；admission/本科背景状态,wechat_article,secondary_article,逐字段校年台账,reachable,200.0,2026-10-09,https://mp.weixin.qq.com/s?__biz=MzIxNTM0MjQ3OA==&mid=2247511476&idx=3&sn=d81954b381ba48cbdf83728e6af36289&chksm=979b2155a0eca8439f89635ac4f66f67ba918b5d937c2fdff22717d5c919af0a5a44eedd915c#rd,[S0595] mp.weixin.qq.com. 中国科学技术大学 2026 admission/复录比；admission/复试人数；admission/拟录取中位；等 7 项[EB/OL]. (2026-10-09)[2026-10-09]. https://mp.weixin.qq.com/s?__biz=MzIxNTM0MjQ3OA==&mid=2247511476&idx=3&sn=d81954b381ba48cbdf83728e6af36289&chksm=979b2155a0eca8439f89635ac4f66f67ba918b5d937c2fdff22717d5c919af0a5a44eedd915c#rd
S0596,mp.weixin.qq.com,西安交通大学 2026 admission/复录比；admission/复试人数；admission/拟录取中位；等 7 项,scope_description_not_original_page_title,西安交通大学,2026,admission/复录比；admission/复试人数；admission/拟录取中位；admission/拟录取人数；admission/拟录取最低；admission/拟录取最高；admission/本科背景状态,wechat_article,secondary_article,逐字段校年台账,reachable,200.0,2026-10-09,https://mp.weixin.qq.com/s?__biz=MzIxNTM0MjQ3OA==&mid=2247511476&idx=4&sn=1d2f372abd4f6689b8cf53c2b622b68c&chksm=979b2155a0eca8435d15836c6253c667fcab98355f52ae1038ba6c6584fbd7b14d062e0a84e3#rd,[S0596] mp.weixin.qq.com. 西安交通大学 2026 admission/复录比；admission/复试人数；admission/拟录取中位；等 7 项[EB/OL]. (2026-10-09)[2026-10-09]. https://mp.weixin.qq.com/s?__biz=MzIxNTM0MjQ3OA==&mid=2247511476&idx=4&sn=1d2f372abd4f6689b8cf53c2b622b68c&chksm=979b2155a0eca8435d15836c6253c667fcab98355f52ae1038ba6c6584fbd7b14d062e0a84e3#rd
S0597,mp.weixin.qq.com,西北大学 2026 admission/复录比；admission/复试人数；admission/拟录取中位；等 7 项,scope_description_not_original_page_title,西北大学,2026,admission/复录比；admission/复试人数；admission/拟录取中位；admission/拟录取人数；admission/拟录取最低；admission/拟录取最高；admission/本科背景状态,wechat_article,secondary_article,逐字段校年台账,reachable,200.0,2026-10-09,https://mp.weixin.qq.com/s?__biz=MzIxNTM0MjQ3OA==&mid=2247511476&idx=5&sn=4e4edd5bb69b14e98858afe6e45af996&chksm=979b2155a0eca84396d192e02a5c94ccba97e05fc303cced11122dadb079d7ca8c19fae624bc#rd,[S0597] mp.weixin.qq.com. 西北大学 2026 admission/复录比；admission/复试人数；admission/拟录取中位；等 7 项[EB/OL]. (2026-10-09)[2026-10-09]. https://mp.weixin.qq.com/s?__biz=MzIxNTM0MjQ3OA==&mid=2247511476&idx=5&sn=4e4edd5bb69b14e98858afe6e45af996&chksm=979b2155a0eca84396d192e02a5c94ccba97e05fc303cced11122dadb079d7ca8c19fae624bc#rd
S0598,mp.weixin.qq.com,中国石油大学（华东） 2026 admission/复录比；admission/复试人数；admission/拟录取中位；等 7 项,scope_description_not_original_page_title,中国石油大学（华东）,2026,admission/复录比；admission/复试人数；admission/拟录取中位；admission/拟录取人数；admission/拟录取最低；admission/拟录取最高；admission/本科背景状态,wechat_article,secondary_article,逐字段校年台账,reachable,200.0,2026-10-09,https://mp.weixin.qq.com/s?__biz=MzIxNTM0MjQ3OA==&mid=2247511476&idx=6&sn=3198f1f80c001e509efd65d177171b96&chksm=979b2155a0eca84398c7dcfff17d151f70552f005ac1434aca023dba547f4fa0e14b4532a0e1#rd,[S0598] mp.weixin.qq.com. 中国石油大学（华东） 2026 admission/复录比；admission/复试人数；admission/拟录取中位；等 7 项[EB/OL]. (2026-10-09)[2026-10-09]. https://mp.weixin.qq.com/s?__biz=MzIxNTM0MjQ3OA==&mid=2247511476&idx=6&sn=3198f1f80c001e509efd65d177171b96&chksm=979b2155a0eca84398c7dcfff17d151f70552f005ac1434aca023dba547f4fa0e14b4532a0e1#rd
S0599,mp.weixin.qq.com,中南大学 2026 admission/复录比；admission/复试人数；admission/拟录取中位；等 7 项,scope_description_not_original_page_title,中南大学,2026,admission/复录比；admission/复试人数；admission/拟录取中位；admission/拟录取人数；admission/拟录取最低；admission/拟录取最高；admission/本科背景状态,wechat_article,secondary_article,逐字段校年台账,reachable,200.0,2026-10-09,https://mp.weixin.qq.com/s?__biz=MzIxNTM0MjQ3OA==&mid=2247511519&idx=2&sn=0a2b35b21cd52586c34a19cf97a23ad3&chksm=979b213ea0eca82857c712cb1a328a95ea714600f71291a25d46d1a1c9832b39e5a4df6c784c#rd,[S0599] mp.weixin.qq.com. 中南大学 2026 admission/复录比；admission/复试人数；admission/拟录取中位；等 7 项[EB/OL]. (2026-10-09)[2026-10-09]. https://mp.weixin.qq.com/s?__biz=MzIxNTM0MjQ3OA==&mid=2247511519&idx=2&sn=0a2b35b21cd52586c34a19cf97a23ad3&chksm=979b213ea0eca82857c712cb1a328a95ea714600f71291a25d46d1a1c9832b39e5a4df6c784c#rd
S0600,mp.weixin.qq.com,吉林大学 2026 admission/复录比；admission/复试人数；admission/拟录取中位；等 7 项,scope_description_not_original_page_title,吉林大学,2026,admission/复录比；admission/复试人数；admission/拟录取中位；admission/拟录取人数；admission/拟录取最低；admission/拟录取最高；admission/本科背景状态,wechat_article,secondary_article,逐字段校年台账,reachable,200.0,2026-10-09,https://mp.weixin.qq.com/s?__biz=MzIxNTM0MjQ3OA==&mid=2247511519&idx=3&sn=95bbcf73a2a954e8c4807b7309821d0e&chksm=979b213ea0eca828f8841239fbff1a72e6e6821d956b5fd9ee586dad1c5051c2cdeaafb6edc2#rd,[S0600] mp.weixin.qq.com. 吉林大学 2026 admission/复录比；admission/复试人数；admission/拟录取中位；等 7 项[EB/OL]. (2026-10-09)[2026-10-09]. https://mp.weixin.qq.com/s?__biz=MzIxNTM0MjQ3OA==&mid=2247511519&idx=3&sn=95bbcf73a2a954e8c4807b7309821d0e&chksm=979b213ea0eca828f8841239fbff1a72e6e6821d956b5fd9ee586dad1c5051c2cdeaafb6edc2#rd
S0601,mp.weixin.qq.com,兰州大学 2026 admission/复录比；admission/复试人数；admission/拟录取中位；等 7 项,scope_description_not_original_page_title,兰州大学,2026,admission/复录比；admission/复试人数；admission/拟录取中位；admission/拟录取人数；admission/拟录取最低；admission/拟录取最高；admission/本科背景状态,wechat_article,secondary_article,逐字段校年台账,reachable,200.0,2026-10-09,https://mp.weixin.qq.com/s?__biz=MzIxNTM0MjQ3OA==&mid=2247511519&idx=4&sn=039099bf9aacec1b0830d3e4d356c085&chksm=979b213ea0eca8282b2cb249eb4bdb9032038c3f125385c3469f156bcb7e5697796a254f35d3#rd,[S0601] mp.weixin.qq.com. 兰州大学 2026 admission/复录比；admission/复试人数；admission/拟录取中位；等 7 项[EB/OL]. (2026-10-09)[2026-10-09]. https://mp.weixin.qq.com/s?__biz=MzIxNTM0MjQ3OA==&mid=2247511519&idx=4&sn=039099bf9aacec1b0830d3e4d356c085&chksm=979b213ea0eca8282b2cb249eb4bdb9032038c3f125385c3469f156bcb7e5697796a254f35d3#rd
S0602,mp.weixin.qq.com,河海大学 2026 admission/复录比；admission/复试人数；admission/拟录取中位；等 7 项,scope_description_not_original_page_title,河海大学,2026,admission/复录比；admission/复试人数；admission/拟录取中位；admission/拟录取人数；admission/拟录取最低；admission/拟录取最高；admission/本科背景状态,wechat_article,secondary_article,逐字段校年台账,reachable,200.0,2026-10-09,https://mp.weixin.qq.com/s?__biz=MzIxNTM0MjQ3OA==&mid=2247511519&idx=5&sn=9ac97471cf0491b2d0f9d6aed5f7ed09&chksm=979b213ea0eca828221026b55a83fd6939c86629dc6aba2fe31486c87794870e7e201ef28917#rd,[S0602] mp.weixin.qq.com. 河海大学 2026 admission/复录比；admission/复试人数；admission/拟录取中位；等 7 项[EB/OL]. (2026-10-09)[2026-10-09]. https://mp.weixin.qq.com/s?__biz=MzIxNTM0MjQ3OA==&mid=2247511519&idx=5&sn=9ac97471cf0491b2d0f9d6aed5f7ed09&chksm=979b213ea0eca828221026b55a83fd6939c86629dc6aba2fe31486c87794870e7e201ef28917#rd
S0603,mp.weixin.qq.com,厦门大学 2026 admission/复录比；admission/复试人数；admission/拟录取中位；等 7 项,scope_description_not_original_page_title,厦门大学,2026,admission/复录比；admission/复试人数；admission/拟录取中位；admission/拟录取人数；admission/拟录取最低；admission/拟录取最高；admission/本科背景状态,wechat_article,secondary_article,逐字段校年台账,reachable,200.0,2026-10-09,https://mp.weixin.qq.com/s?__biz=MzIxNTM0MjQ3OA==&mid=2247511546&idx=1&sn=c026617f09ae8b653199d3d1bf553829&chksm=979b211ba0eca80daade56135de753f20fcbf37ac4c9a761d7b7f918871df534972d017c4783#rd,[S0603] mp.weixin.qq.com. 厦门大学 2026 admission/复录比；admission/复试人数；admission/拟录取中位；等 7 项[EB/OL]. (2026-10-09)[2026-10-09]. https://mp.weixin.qq.com/s?__biz=MzIxNTM0MjQ3OA==&mid=2247511546&idx=1&sn=c026617f09ae8b653199d3d1bf553829&chksm=979b211ba0eca80daade56135de753f20fcbf37ac4c9a761d7b7f918871df534972d017c4783#rd
S0604,mp.weixin.qq.com,华中师范大学 2026 admission/复录比；admission/复试人数；admission/拟录取中位；等 7 项,scope_description_not_original_page_title,华中师范大学,2026,admission/复录比；admission/复试人数；admission/拟录取中位；admission/拟录取人数；admission/拟录取最低；admission/拟录取最高；admission/本科背景状态,wechat_article,secondary_article,逐字段校年台账,reachable,200.0,2026-10-09,https://mp.weixin.qq.com/s?__biz=MzIxNTM0MjQ3OA==&mid=2247511546&idx=4&sn=3fb18d94751c1ae679a874312c430dc2&chksm=979b211ba0eca80d4924827cc666af521aa588fc404eb443aedfde1000264753ba04529afb77#rd,[S0604] mp.weixin.qq.com. 华中师范大学 2026 admission/复录比；admission/复试人数；admission/拟录取中位；等 7 项[EB/OL]. (2026-10-09)[2026-10-09]. https://mp.weixin.qq.com/s?__biz=MzIxNTM0MjQ3OA==&mid=2247511546&idx=4&sn=3fb18d94751c1ae679a874312c430dc2&chksm=979b211ba0eca80d4924827cc666af521aa588fc404eb443aedfde1000264753ba04529afb77#rd
S0605,mp.weixin.qq.com,中国地质大学（武汉） 2026 admission/复录比；admission/复试人数；admission/拟录取中位；等 7 项,scope_description_not_original_page_title,中国地质大学（武汉）,2026,admission/复录比；admission/复试人数；admission/拟录取中位；admission/拟录取人数；admission/拟录取最低；admission/拟录取最高；admission/本科背景状态,wechat_article,secondary_article,逐字段校年台账,reachable,200.0,2026-10-09,https://mp.weixin.qq.com/s?__biz=MzIxNTM0MjQ3OA==&mid=2247511546&idx=5&sn=c5849e02cd8f8543e7b0c72eff106f37&chksm=979b211ba0eca80d8b8d619f6329545e03c29bd8b7ecafa7ecd188e28f7e6c5a05e76c2e9be2#rd,[S0605] mp.weixin.qq.com. 中国地质大学（武汉） 2026 admission/复录比；admission/复试人数；admission/拟录取中位；等 7 项[EB/OL]. (2026-10-09)[2026-10-09]. https://mp.weixin.qq.com/s?__biz=MzIxNTM0MjQ3OA==&mid=2247511546&idx=5&sn=c5849e02cd8f8543e7b0c72eff106f37&chksm=979b211ba0eca80d8b8d619f6329545e03c29bd8b7ecafa7ecd188e28f7e6c5a05e76c2e9be2#rd
S0606,mp.weixin.qq.com,贵州大学 2026 admission/复录比；admission/复试人数；admission/拟录取中位；等 7 项,scope_description_not_original_page_title,贵州大学,2026,admission/复录比；admission/复试人数；admission/拟录取中位；admission/拟录取人数；admission/拟录取最低；admission/拟录取最高；admission/本科背景状态,wechat_article,secondary_article,逐字段校年台账,reachable,200.0,2026-10-09,https://mp.weixin.qq.com/s?__biz=MzIxNTM0MjQ3OA==&mid=2247511546&idx=6&sn=d09114d7109c36313dad295bcbda7fcb&chksm=979b211ba0eca80d67c0d715e590b229d3e56a877ee2227cfb515639ca659b7e402ff1bf46d0#rd,[S0606] mp.weixin.qq.com. 贵州大学 2026 admission/复录比；admission/复试人数；admission/拟录取中位；等 7 项[EB/OL]. (2026-10-09)[2026-10-09]. https://mp.weixin.qq.com/s?__biz=MzIxNTM0MjQ3OA==&mid=2247511546&idx=6&sn=d09114d7109c36313dad295bcbda7fcb&chksm=979b211ba0eca80d67c0d715e590b229d3e56a877ee2227cfb515639ca659b7e402ff1bf46d0#rd
S0607,mp.weixin.qq.com,延边大学 2026 admission/复录比；admission/复试人数；admission/拟录取中位；等 7 项,scope_description_not_original_page_title,延边大学,2026,admission/复录比；admission/复试人数；admission/拟录取中位；admission/拟录取人数；admission/拟录取最低；admission/拟录取最高；admission/本科背景状态,wechat_article,secondary_article,逐字段校年台账,reachable,200.0,2026-10-09,https://mp.weixin.qq.com/s?__biz=MzIxNTM0MjQ3OA==&mid=2247511546&idx=7&sn=69ae311b5e66497f6eb9d58498ce3f7a&chksm=979b211ba0eca80da411fd5963c46580d6e5afe89fc2d84afce7ec693f35c8608490d9f949d5#rd,[S0607] mp.weixin.qq.com. 延边大学 2026 admission/复录比；admission/复试人数；admission/拟录取中位；等 7 项[EB/OL]. (2026-10-09)[2026-10-09]. https://mp.weixin.qq.com/s?__biz=MzIxNTM0MjQ3OA==&mid=2247511546&idx=7&sn=69ae311b5e66497f6eb9d58498ce3f7a&chksm=979b211ba0eca80da411fd5963c46580d6e5afe89fc2d84afce7ec693f35c8608490d9f949d5#rd
S0608,mp.weixin.qq.com,华东师范大学 2026 admission/复录比；admission/复试人数；admission/拟录取中位；等 7 项,scope_description_not_original_page_title,华东师范大学,2026,admission/复录比；admission/复试人数；admission/拟录取中位；admission/拟录取人数；admission/拟录取最低；admission/拟录取最高；admission/本科背景状态,wechat_article,secondary_article,逐字段校年台账,reachable,200.0,2026-10-09,https://mp.weixin.qq.com/s?__biz=MzIxNTM0MjQ3OA==&mid=2247511562&idx=1&sn=3146712c38b6277740855609e955016e&chksm=979b22eba0ecabfd17df6e86f16c27ac9653ad85da2621d2e8c8161565f4ea0ae7a228d8c875#rd,[S0608] mp.weixin.qq.com. 华东师范大学 2026 admission/复录比；admission/复试人数；admission/拟录取中位；等 7 项[EB/OL]. (2026-10-09)[2026-10-09]. https://mp.weixin.qq.com/s?__biz=MzIxNTM0MjQ3OA==&mid=2247511562&idx=1&sn=3146712c38b6277740855609e955016e&chksm=979b22eba0ecabfd17df6e86f16c27ac9653ad85da2621d2e8c8161565f4ea0ae7a228d8c875#rd
S0609,mp.weixin.qq.com,武汉大学 2026 admission/复录比；admission/复试人数；admission/拟录取中位；等 7 项,scope_description_not_original_page_title,武汉大学,2026,admission/复录比；admission/复试人数；admission/拟录取中位；admission/拟录取人数；admission/拟录取最低；admission/拟录取最高；admission/本科背景状态,wechat_article,secondary_article,逐字段校年台账,reachable,200.0,2026-10-09,https://mp.weixin.qq.com/s?__biz=MzIxNTM0MjQ3OA==&mid=2247511562&idx=3&sn=0ca108d7943813df177d2ac6f4e79388&chksm=979b22eba0ecabfd1f4ddea87f849d4ac7cdc110a3f6518d7bd51fc5dd6ed09fd4aa12ad5011#rd,[S0609] mp.weixin.qq.com. 武汉大学 2026 admission/复录比；admission/复试人数；admission/拟录取中位；等 7 项[EB/OL]. (2026-10-09)[2026-10-09]. https://mp.weixin.qq.com/s?__biz=MzIxNTM0MjQ3OA==&mid=2247511562&idx=3&sn=0ca108d7943813df177d2ac6f4e79388&chksm=979b22eba0ecabfd1f4ddea87f849d4ac7cdc110a3f6518d7bd51fc5dd6ed09fd4aa12ad5011#rd
S0610,mp.weixin.qq.com,东北林业大学 2026 admission/复录比；admission/复试人数；admission/拟录取中位；等 7 项,scope_description_not_original_page_title,东北林业大学,2026,admission/复录比；admission/复试人数；admission/拟录取中位；admission/拟录取人数；admission/拟录取最低；admission/拟录取最高；admission/本科背景状态,wechat_article,secondary_article,逐字段校年台账,reachable,200.0,2026-10-09,https://mp.weixin.qq.com/s?__biz=MzIxNTM0MjQ3OA==&mid=2247511562&idx=4&sn=3331b4d5c29be098d85a919e8c82770e&chksm=979b22eba0ecabfdbb5a5a6ed18e176635eae4bbd70c8a7f8ef380128312eebd3355f50e7ccb#rd,[S0610] mp.weixin.qq.com. 东北林业大学 2026 admission/复录比；admission/复试人数；admission/拟录取中位；等 7 项[EB/OL]. (2026-10-09)[2026-10-09]. https://mp.weixin.qq.com/s?__biz=MzIxNTM0MjQ3OA==&mid=2247511562&idx=4&sn=3331b4d5c29be098d85a919e8c82770e&chksm=979b22eba0ecabfdbb5a5a6ed18e176635eae4bbd70c8a7f8ef380128312eebd3355f50e7ccb#rd
S0611,mp.weixin.qq.com,湖南师范大学 2026 admission/复录比；admission/复试人数；admission/拟录取中位；等 7 项,scope_description_not_original_page_title,湖南师范大学,2026,admission/复录比；admission/复试人数；admission/拟录取中位；admission/拟录取人数；admission/拟录取最低；admission/拟录取最高；admission/本科背景状态,wechat_article,secondary_article,逐字段校年台账,reachable,200.0,2026-10-09,https://mp.weixin.qq.com/s?__biz=MzIxNTM0MjQ3OA==&mid=2247511562&idx=5&sn=ccd5d0bbee5789e0ff33f2766027f65f&chksm=979b22eba0ecabfda96b9b5ff0481cc7cb99d7a3bd08f0e53b7488693e7c1ee52b98f59823f7#rd,[S0611] mp.weixin.qq.com. 湖南师范大学 2026 admission/复录比；admission/复试人数；admission/拟录取中位；等 7 项[EB/OL]. (2026-10-09)[2026-10-09]. https://mp.weixin.qq.com/s?__biz=MzIxNTM0MjQ3OA==&mid=2247511562&idx=5&sn=ccd5d0bbee5789e0ff33f2766027f65f&chksm=979b22eba0ecabfda96b9b5ff0481cc7cb99d7a3bd08f0e53b7488693e7c1ee52b98f59823f7#rd
S0612,mp.weixin.qq.com,中国石油大学（北京） 2026 admission/复录比；admission/复试人数；admission/拟录取中位；等 7 项,scope_description_not_original_page_title,中国石油大学（北京）,2026,admission/复录比；admission/复试人数；admission/拟录取中位；admission/拟录取人数；admission/拟录取最低；admission/拟录取最高；admission/本科背景状态,wechat_article,secondary_article,逐字段校年台账,reachable,200.0,2026-10-09,https://mp.weixin.qq.com/s?__biz=MzIxNTM0MjQ3OA==&mid=2247511562&idx=6&sn=4a605845772e593087ff153672396165&chksm=979b22eba0ecabfd7d0f4c3e1c32a6b77c28605f34fde2c580cec75651af61f93d5446dec141#rd,[S0612] mp.weixin.qq.com. 中国石油大学（北京） 2026 admission/复录比；admission/复试人数；admission/拟录取中位；等 7 项[EB/OL]. (2026-10-09)[2026-10-09]. https://mp.weixin.qq.com/s?__biz=MzIxNTM0MjQ3OA==&mid=2247511562&idx=6&sn=4a605845772e593087ff153672396165&chksm=979b22eba0ecabfd7d0f4c3e1c32a6b77c28605f34fde2c580cec75651af61f93d5446dec141#rd
S0613,mp.weixin.qq.com,华中农业大学 2026 admission/复录比；admission/复试人数；admission/拟录取中位；等 7 项,scope_description_not_original_page_title,华中农业大学,2026,admission/复录比；admission/复试人数；admission/拟录取中位；admission/拟录取人数；admission/拟录取最低；admission/拟录取最高；admission/本科背景状态,wechat_article,secondary_article,逐字段校年台账,reachable,200.0,2026-10-09,https://mp.weixin.qq.com/s?__biz=MzIxNTM0MjQ3OA==&mid=2247511575&idx=5&sn=cc64c47872796ddae6296c4f93366a0e&chksm=979b22f6a0ecabe092be3840bdb2729237fbb83fd50f839356d6c7144b2a50e286c33c3b6de6#rd,[S0613] mp.weixin.qq.com. 华中农业大学 2026 admission/复录比；admission/复试人数；admission/拟录取中位；等 7 项[EB/OL]. (2026-10-09)[2026-10-09]. https://mp.weixin.qq.com/s?__biz=MzIxNTM0MjQ3OA==&mid=2247511575&idx=5&sn=cc64c47872796ddae6296c4f93366a0e&chksm=979b22f6a0ecabe092be3840bdb2729237fbb83fd50f839356d6c7144b2a50e286c33c3b6de6#rd
S0614,mp.weixin.qq.com,上海财经大学 2026 admission/复录比；admission/复试人数；admission/拟录取中位；等 7 项,scope_description_not_original_page_title,上海财经大学,2026,admission/复录比；admission/复试人数；admission/拟录取中位；admission/拟录取人数；admission/拟录取最低；admission/拟录取最高；admission/本科背景状态,wechat_article,secondary_article,逐字段校年台账,reachable,200.0,2026-10-09,https://mp.weixin.qq.com/s?__biz=MzIxNTM0MjQ3OA==&mid=2247511601&idx=1&sn=9ce15ac7abf2db731c14affc443db961&chksm=979b22d0a0ecabc64efe690968b18861c6a4ce0ba19bf2dffa7e5ffa8512c6d5dedb0dff9d6d#rd,[S0614] mp.weixin.qq.com. 上海财经大学 2026 admission/复录比；admission/复试人数；admission/拟录取中位；等 7 项[EB/OL]. (2026-10-09)[2026-10-09]. https://mp.weixin.qq.com/s?__biz=MzIxNTM0MjQ3OA==&mid=2247511601&idx=1&sn=9ce15ac7abf2db731c14affc443db961&chksm=979b22d0a0ecabc64efe690968b18861c6a4ce0ba19bf2dffa7e5ffa8512c6d5dedb0dff9d6d#rd
S0615,mp.weixin.qq.com,华东理工大学 2026 admission/复录比；admission/复试人数；admission/拟录取中位；等 7 项,scope_description_not_original_page_title,华东理工大学,2026,admission/复录比；admission/复试人数；admission/拟录取中位；admission/拟录取人数；admission/拟录取最低；admission/拟录取最高；admission/本科背景状态,wechat_article,secondary_article,逐字段校年台账,reachable,200.0,2026-10-09,https://mp.weixin.qq.com/s?__biz=MzIxNTM0MjQ3OA==&mid=2247511601&idx=4&sn=ab979176b81f2c6abf60d2ef48c5c463&chksm=979b22d0a0ecabc6f52cc1b741aff8147aca6b857cdcafd5fa9957e0e513926db22a9738511c#rd,[S0615] mp.weixin.qq.com. 华东理工大学 2026 admission/复录比；admission/复试人数；admission/拟录取中位；等 7 项[EB/OL]. (2026-10-09)[2026-10-09]. https://mp.weixin.qq.com/s?__biz=MzIxNTM0MjQ3OA==&mid=2247511601&idx=4&sn=ab979176b81f2c6abf60d2ef48c5c463&chksm=979b22d0a0ecabc6f52cc1b741aff8147aca6b857cdcafd5fa9957e0e513926db22a9738511c#rd
S0616,mp.weixin.qq.com,中南财经政法大学 2026 admission/复录比；admission/复试人数；admission/拟录取中位；等 7 项,scope_description_not_original_page_title,中南财经政法大学,2026,admission/复录比；admission/复试人数；admission/拟录取中位；admission/拟录取人数；admission/拟录取最低；admission/拟录取最高；admission/本科背景状态,wechat_article,secondary_article,逐字段校年台账,reachable,200.0,2026-10-09,https://mp.weixin.qq.com/s?__biz=MzIxNTM0MjQ3OA==&mid=2247511601&idx=5&sn=51e644ab0f1dc818417a0d0b9ef10a48&chksm=979b22d0a0ecabc6c3a56b9c45b9dc9323671abc5fbfc00ad5650ba3c6c6a87c40d58c449af1#rd,[S0616] mp.weixin.qq.com. 中南财经政法大学 2026 admission/复录比；admission/复试人数；admission/拟录取中位；等 7 项[EB/OL]. (2026-10-09)[2026-10-09]. https://mp.weixin.qq.com/s?__biz=MzIxNTM0MjQ3OA==&mid=2247511601&idx=5&sn=51e644ab0f1dc818417a0d0b9ef10a48&chksm=979b22d0a0ecabc6c3a56b9c45b9dc9323671abc5fbfc00ad5650ba3c6c6a87c40d58c449af1#rd
S0617,mp.weixin.qq.com,太原理工大学 2026 admission/复录比；admission/复试人数；admission/拟录取中位；等 7 项,scope_description_not_original_page_title,太原理工大学,2026,admission/复录比；admission/复试人数；admission/拟录取中位；admission/拟录取人数；admission/拟录取最低；admission/拟录取最高；admission/本科背景状态,wechat_article,secondary_article,逐字段校年台账,reachable,200.0,2026-10-09,https://mp.weixin.qq.com/s?__biz=MzIxNTM0MjQ3OA==&mid=2247511601&idx=6&sn=ce36d4b3aa0abe79c25a363de3b55a7f&chksm=979b22d0a0ecabc6abf49a065568802d2e474f6a8230ef69b3120753cc6aac9990609a01ad0a#rd,[S0617] mp.weixin.qq.com. 太原理工大学 2026 admission/复录比；admission/复试人数；admission/拟录取中位；等 7 项[EB/OL]. (2026-10-09)[2026-10-09]. https://mp.weixin.qq.com/s?__biz=MzIxNTM0MjQ3OA==&mid=2247511601&idx=6&sn=ce36d4b3aa0abe79c25a363de3b55a7f&chksm=979b22d0a0ecabc6abf49a065568802d2e474f6a8230ef69b3120753cc6aac9990609a01ad0a#rd
S0618,mp.weixin.qq.com,西南交通大学 2026 admission/复录比；admission/复试人数；admission/拟录取中位；等 7 项,scope_description_not_original_page_title,西南交通大学,2026,admission/复录比；admission/复试人数；admission/拟录取中位；admission/拟录取人数；admission/拟录取最低；admission/拟录取最高；admission/本科背景状态,wechat_article,secondary_article,逐字段校年台账,reachable,200.0,2026-10-09,https://mp.weixin.qq.com/s?__biz=MzIxNTM0MjQ3OA==&mid=2247511621&idx=5&sn=f1974365fc3ced2dbd6997e343cc4f93&chksm=979b22a4a0ecabb29e758a7848b632903e13ebc249504d0c1db785f388c3751e56af239808a5#rd,[S0618] mp.weixin.qq.com. 西南交通大学 2026 admission/复录比；admission/复试人数；admission/拟录取中位；等 7 项[EB/OL]. (2026-10-09)[2026-10-09]. https://mp.weixin.qq.com/s?__biz=MzIxNTM0MjQ3OA==&mid=2247511621&idx=5&sn=f1974365fc3ced2dbd6997e343cc4f93&chksm=979b22a4a0ecabb29e758a7848b632903e13ebc249504d0c1db785f388c3751e56af239808a5#rd
S0619,mp.weixin.qq.com,东北农业大学 2026 admission/复录比；admission/复试人数；admission/拟录取中位；等 7 项,scope_description_not_original_page_title,东北农业大学,2026,admission/复录比；admission/复试人数；admission/拟录取中位；admission/拟录取人数；admission/拟录取最低；admission/拟录取最高；admission/本科背景状态,wechat_article,secondary_article,逐字段校年台账,reachable,200.0,2026-10-09,https://mp.weixin.qq.com/s?__biz=MzIxNTM0MjQ3OA==&mid=2247511621&idx=6&sn=d3b190d1a884778e366f0c423ee3a480&chksm=979b22a4a0ecabb24f8a82c6dbcecd699d19d0174a90007886e86ddd54b94423c517fd59b71e#rd,[S0619] mp.weixin.qq.com. 东北农业大学 2026 admission/复录比；admission/复试人数；admission/拟录取中位；等 7 项[EB/OL]. (2026-10-09)[2026-10-09]. https://mp.weixin.qq.com/s?__biz=MzIxNTM0MjQ3OA==&mid=2247511621&idx=6&sn=d3b190d1a884778e366f0c423ee3a480&chksm=979b22a4a0ecabb24f8a82c6dbcecd699d19d0174a90007886e86ddd54b94423c517fd59b71e#rd
S0620,mp.weixin.qq.com,暨南大学 2026 admission/复录比；admission/复试人数；admission/拟录取中位；等 7 项,scope_description_not_original_page_title,暨南大学,2026,admission/复录比；admission/复试人数；admission/拟录取中位；admission/拟录取人数；admission/拟录取最低；admission/拟录取最高；admission/本科背景状态,wechat_article,secondary_article,逐字段校年台账,reachable,200.0,2026-10-09,https://mp.weixin.qq.com/s?__biz=MzIxNTM0MjQ3OA==&mid=2247511628&idx=1&sn=39f530107afdc0350a6ad9a97eb9c4e6&chksm=979b22ada0ecabbb728280d965aa785c04e8f402d54fdde500493393b3e6fa6b869775918cd4#rd,[S0620] mp.weixin.qq.com. 暨南大学 2026 admission/复录比；admission/复试人数；admission/拟录取中位；等 7 项[EB/OL]. (2026-10-09)[2026-10-09]. https://mp.weixin.qq.com/s?__biz=MzIxNTM0MjQ3OA==&mid=2247511628&idx=1&sn=39f530107afdc0350a6ad9a97eb9c4e6&chksm=979b22ada0ecabbb728280d965aa785c04e8f402d54fdde500493393b3e6fa6b869775918cd4#rd
S0621,mp.weixin.qq.com,南京师范大学 2026 admission/复录比；admission/复试人数；admission/拟录取中位；等 7 项,scope_description_not_original_page_title,南京师范大学,2026,admission/复录比；admission/复试人数；admission/拟录取中位；admission/拟录取人数；admission/拟录取最低；admission/拟录取最高；admission/本科背景状态,wechat_article,secondary_article,逐字段校年台账,reachable,200.0,2026-10-09,https://mp.weixin.qq.com/s?__biz=MzIxNTM0MjQ3OA==&mid=2247511628&idx=4&sn=58b9eb8a8c0e3b000ed1cb7aadd6734b&chksm=979b22ada0ecabbb3d18f4cc6d3f754adced9f5b7922294fc886ea21df7e862bd10383076add#rd,[S0621] mp.weixin.qq.com. 南京师范大学 2026 admission/复录比；admission/复试人数；admission/拟录取中位；等 7 项[EB/OL]. (2026-10-09)[2026-10-09]. https://mp.weixin.qq.com/s?__biz=MzIxNTM0MjQ3OA==&mid=2247511628&idx=4&sn=58b9eb8a8c0e3b000ed1cb7aadd6734b&chksm=979b22ada0ecabbb3d18f4cc6d3f754adced9f5b7922294fc886ea21df7e862bd10383076add#rd
S0622,mp.weixin.qq.com,南京理工大学 2026 admission/复录比；admission/复试人数；admission/拟录取中位；等 7 项,scope_description_not_original_page_title,南京理工大学,2026,admission/复录比；admission/复试人数；admission/拟录取中位；admission/拟录取人数；admission/拟录取最低；admission/拟录取最高；admission/本科背景状态,wechat_article,secondary_article,逐字段校年台账,reachable,200.0,2026-10-09,https://mp.weixin.qq.com/s?__biz=MzIxNTM0MjQ3OA==&mid=2247511628&idx=5&sn=b980a376fc17b4897bcb0492fd557ae3&chksm=979b22ada0ecabbbcca8b9596b9704078f2acf7e3534f20126098e85080a4953b141f98852b6#rd,[S0622] mp.weixin.qq.com. 南京理工大学 2026 admission/复录比；admission/复试人数；admission/拟录取中位；等 7 项[EB/OL]. (2026-10-09)[2026-10-09]. https://mp.weixin.qq.com/s?__biz=MzIxNTM0MjQ3OA==&mid=2247511628&idx=5&sn=b980a376fc17b4897bcb0492fd557ae3&chksm=979b22ada0ecabbbcca8b9596b9704078f2acf7e3534f20126098e85080a4953b141f98852b6#rd
S0623,mp.weixin.qq.com,中国药科大学 2026 admission/复录比；admission/复试人数；admission/拟录取中位；等 7 项,scope_description_not_original_page_title,中国药科大学,2026,admission/复录比；admission/复试人数；admission/拟录取中位；admission/拟录取人数；admission/拟录取最低；admission/拟录取最高；admission/本科背景状态,wechat_article,secondary_article,逐字段校年台账,reachable,200.0,2026-10-09,https://mp.weixin.qq.com/s?__biz=MzIxNTM0MjQ3OA==&mid=2247511628&idx=6&sn=a5c2186df33b28af825e59984c0eebcf&chksm=979b22ada0ecabbb7e97b07a372a7dbc686d2478d6ad6aebd96deea7a586c10dcb3534a310c2#rd,[S0623] mp.weixin.qq.com. 中国药科大学 2026 admission/复录比；admission/复试人数；admission/拟录取中位；等 7 项[EB/OL]. (2026-10-09)[2026-10-09]. https://mp.weixin.qq.com/s?__biz=MzIxNTM0MjQ3OA==&mid=2247511628&idx=6&sn=a5c2186df33b28af825e59984c0eebcf&chksm=979b22ada0ecabbb7e97b07a372a7dbc686d2478d6ad6aebd96deea7a586c10dcb3534a310c2#rd
S0624,mp.weixin.qq.com,南京航空航天大学 2026 admission/复录比；admission/复试人数；admission/拟录取中位；等 7 项,scope_description_not_original_page_title,南京航空航天大学,2026,admission/复录比；admission/复试人数；admission/拟录取中位；admission/拟录取人数；admission/拟录取最低；admission/拟录取最高；admission/本科背景状态,wechat_article,secondary_article,逐字段校年台账,reachable,200.0,2026-10-09,https://mp.weixin.qq.com/s?__biz=MzIxNTM0MjQ3OA==&mid=2247511628&idx=7&sn=73629b73fff94808bb2a20eacfce5c45&chksm=979b22ada0ecabbb6ed8eca7ab78159f6980347a6491cf474469110640bdd9ccf8f3deb6c365#rd,[S0624] mp.weixin.qq.com. 南京航空航天大学 2026 admission/复录比；admission/复试人数；admission/拟录取中位；等 7 项[EB/OL]. (2026-10-09)[2026-10-09]. https://mp.weixin.qq.com/s?__biz=MzIxNTM0MjQ3OA==&mid=2247511628&idx=7&sn=73629b73fff94808bb2a20eacfce5c45&chksm=979b22ada0ecabbb6ed8eca7ab78159f6980347a6491cf474469110640bdd9ccf8f3deb6c365#rd
S0625,mp.weixin.qq.com,河北工业大学 2026 admission/复录比；admission/复试人数；admission/拟录取中位；等 7 项,scope_description_not_original_page_title,河北工业大学,2026,admission/复录比；admission/复试人数；admission/拟录取中位；admission/拟录取人数；admission/拟录取最低；admission/拟录取最高；admission/本科背景状态,wechat_article,secondary_article,逐字段校年台账,reachable,200.0,2026-10-09,https://mp.weixin.qq.com/s?__biz=MzIxNTM0MjQ3OA==&mid=2247511642&idx=5&sn=9eefaa93a93f333932d68a9ae4fde790&chksm=979b22bba0ecabad3898d80625ae367bbf01d7eb10ca2103fac57644697f0a758f844bf057a9#rd,[S0625] mp.weixin.qq.com. 河北工业大学 2026 admission/复录比；admission/复试人数；admission/拟录取中位；等 7 项[EB/OL]. (2026-10-09)[2026-10-09]. https://mp.weixin.qq.com/s?__biz=MzIxNTM0MjQ3OA==&mid=2247511642&idx=5&sn=9eefaa93a93f333932d68a9ae4fde790&chksm=979b22bba0ecabad3898d80625ae367bbf01d7eb10ca2103fac57644697f0a758f844bf057a9#rd
S0626,mp.weixin.qq.com,辽宁大学 2026 admission/复录比；admission/复试人数；admission/拟录取中位；等 7 项,scope_description_not_original_page_title,辽宁大学,2026,admission/复录比；admission/复试人数；admission/拟录取中位；admission/拟录取人数；admission/拟录取最低；admission/拟录取最高；admission/本科背景状态,wechat_article,secondary_article,逐字段校年台账,reachable,200.0,2026-10-09,https://mp.weixin.qq.com/s?__biz=MzIxNTM0MjQ3OA==&mid=2247511642&idx=6&sn=8213aba784afcb26e3edb16a89d77735&chksm=979b22bba0ecabad62e1ab741a3ebfd74655317aecd7322700a53bdbd37f2eb978aff89aa71c#rd,[S0626] mp.weixin.qq.com. 辽宁大学 2026 admission/复录比；admission/复试人数；admission/拟录取中位；等 7 项[EB/OL]. (2026-10-09)[2026-10-09]. https://mp.weixin.qq.com/s?__biz=MzIxNTM0MjQ3OA==&mid=2247511642&idx=6&sn=8213aba784afcb26e3edb16a89d77735&chksm=979b22bba0ecabad62e1ab741a3ebfd74655317aecd7322700a53bdbd37f2eb978aff89aa71c#rd
S0627,mp.weixin.qq.com,南京农业大学 2026 admission/复录比；admission/复试人数；admission/拟录取中位；等 7 项,scope_description_not_original_page_title,南京农业大学,2026,admission/复录比；admission/复试人数；admission/拟录取中位；admission/拟录取人数；admission/拟录取最低；admission/拟录取最高；admission/本科背景状态,wechat_article,secondary_article,逐字段校年台账,reachable,200.0,2026-10-09,https://mp.weixin.qq.com/s?__biz=MzIxNTM0MjQ3OA==&mid=2247511654&idx=5&sn=ce40129d82172a6c54705fa3acaccf34&chksm=979b2287a0ecab912dc5b898bf63256a48289b904d5bc1009bf29b56bca14a1840fa914280c0#rd,[S0627] mp.weixin.qq.com. 南京农业大学 2026 admission/复录比；admission/复试人数；admission/拟录取中位；等 7 项[EB/OL]. (2026-10-09)[2026-10-09]. https://mp.weixin.qq.com/s?__biz=MzIxNTM0MjQ3OA==&mid=2247511654&idx=5&sn=ce40129d82172a6c54705fa3acaccf34&chksm=979b2287a0ecab912dc5b898bf63256a48289b904d5bc1009bf29b56bca14a1840fa914280c0#rd
S0628,mp.weixin.qq.com,华北电力大学 2026 admission/复录比；admission/复试人数；admission/拟录取中位；等 7 项,scope_description_not_original_page_title,华北电力大学,2026,admission/复录比；admission/复试人数；admission/拟录取中位；admission/拟录取人数；admission/拟录取最低；admission/拟录取最高；admission/本科背景状态,wechat_article,secondary_article,逐字段校年台账,reachable,200.0,2026-10-09,https://mp.weixin.qq.com/s?__biz=MzIxNTM0MjQ3OA==&mid=2247511654&idx=6&sn=ca361929968cfd85532f780da2d893ff&chksm=979b2287a0ecab91c2a8d0a4071db0eb04d442da3372a9836c8b92fb8d9c394aee3ad01f2962#rd,[S0628] mp.weixin.qq.com. 华北电力大学 2026 admission/复录比；admission/复试人数；admission/拟录取中位；等 7 项[EB/OL]. (2026-10-09)[2026-10-09]. https://mp.weixin.qq.com/s?__biz=MzIxNTM0MjQ3OA==&mid=2247511654&idx=6&sn=ca361929968cfd85532f780da2d893ff&chksm=979b2287a0ecab91c2a8d0a4071db0eb04d442da3372a9836c8b92fb8d9c394aee3ad01f2962#rd
S0629,mp.weixin.qq.com,西南大学 2026 admission/复录比；admission/复试人数；admission/拟录取中位；等 7 项,scope_description_not_original_page_title,西南大学,2026,admission/复录比；admission/复试人数；admission/拟录取中位；admission/拟录取人数；admission/拟录取最低；admission/拟录取最高；admission/本科背景状态,wechat_article,secondary_article,逐字段校年台账,reachable,200.0,2026-10-09,https://mp.weixin.qq.com/s?__biz=MzIxNTM0MjQ3OA==&mid=2247511665&idx=5&sn=a0312bbf621c78991806f531fa6bb8cb&chksm=979b2290a0ecab86979fc703c691f2a864dc2a9111a97b3e18a7635870bfc85146dc4cc0ca5e#rd,[S0629] mp.weixin.qq.com. 西南大学 2026 admission/复录比；admission/复试人数；admission/拟录取中位；等 7 项[EB/OL]. (2026-10-09)[2026-10-09]. https://mp.weixin.qq.com/s?__biz=MzIxNTM0MjQ3OA==&mid=2247511665&idx=5&sn=a0312bbf621c78991806f531fa6bb8cb&chksm=979b2290a0ecab86979fc703c691f2a864dc2a9111a97b3e18a7635870bfc85146dc4cc0ca5e#rd
S0630,mp.weixin.qq.com,宁夏大学 2026 admission/复录比；admission/复试人数；admission/拟录取中位；等 7 项,scope_description_not_original_page_title,宁夏大学,2026,admission/复录比；admission/复试人数；admission/拟录取中位；admission/拟录取人数；admission/拟录取最低；admission/拟录取最高；admission/本科背景状态,wechat_article,secondary_article,逐字段校年台账,reachable,200.0,2026-10-09,https://mp.weixin.qq.com/s?__biz=MzIxNTM0MjQ3OA==&mid=2247511665&idx=6&sn=8ec0994d21b1b251d813ab6d781c5e96&chksm=979b2290a0ecab8644fce28b2f27ef353ce764a91d7effd81e59c0ea791e036431ae738d7914#rd,[S0630] mp.weixin.qq.com. 宁夏大学 2026 admission/复录比；admission/复试人数；admission/拟录取中位；等 7 项[EB/OL]. (2026-10-09)[2026-10-09]. https://mp.weixin.qq.com/s?__biz=MzIxNTM0MjQ3OA==&mid=2247511665&idx=6&sn=8ec0994d21b1b251d813ab6d781c5e96&chksm=979b2290a0ecab8644fce28b2f27ef353ce764a91d7effd81e59c0ea791e036431ae738d7914#rd
S0631,mp.weixin.qq.com,福州大学 2026 admission/复录比；admission/复试人数；admission/拟录取中位；等 7 项,scope_description_not_original_page_title,福州大学,2026,admission/复录比；admission/复试人数；admission/拟录取中位；admission/拟录取人数；admission/拟录取最低；admission/拟录取最高；admission/本科背景状态,wechat_article,secondary_article,逐字段校年台账,reachable,200.0,2026-10-09,https://mp.weixin.qq.com/s?__biz=MzIxNTM0MjQ3OA==&mid=2247511676&idx=5&sn=3f45838d7010ecd692c7a72beb223882&chksm=979b229da0ecab8beab443bf65e556294a016309c4011c767b62fe9ebc276891936398859591#rd,[S0631] mp.weixin.qq.com. 福州大学 2026 admission/复录比；admission/复试人数；admission/拟录取中位；等 7 项[EB/OL]. (2026-10-09)[2026-10-09]. https://mp.weixin.qq.com/s?__biz=MzIxNTM0MjQ3OA==&mid=2247511676&idx=5&sn=3f45838d7010ecd692c7a72beb223882&chksm=979b229da0ecab8beab443bf65e556294a016309c4011c767b62fe9ebc276891936398859591#rd
S0632,mp.weixin.qq.com,重庆大学 2026 admission/复录比；admission/复试人数；admission/拟录取中位；等 7 项,scope_description_not_original_page_title,重庆大学,2026,admission/复录比；admission/复试人数；admission/拟录取中位；admission/拟录取人数；admission/拟录取最低；admission/拟录取最高；admission/本科背景状态,wechat_article,secondary_article,逐字段校年台账,reachable,200.0,2026-10-09,https://mp.weixin.qq.com/s?__biz=MzIxNTM0MjQ3OA==&mid=2247511756&idx=4&sn=4af74fe195e04148644cc116ce8d3630&chksm=979b222da0ecab3b7dd3b456af110aa1ce3f864bde96108544dade56523ac35fa392f3dd1d61#rd,[S0632] mp.weixin.qq.com. 重庆大学 2026 admission/复录比；admission/复试人数；admission/拟录取中位；等 7 项[EB/OL]. (2026-10-09)[2026-10-09]. https://mp.weixin.qq.com/s?__biz=MzIxNTM0MjQ3OA==&mid=2247511756&idx=4&sn=4af74fe195e04148644cc116ce8d3630&chksm=979b222da0ecab3b7dd3b456af110aa1ce3f864bde96108544dade56523ac35fa392f3dd1d61#rd
S0633,mp.weixin.qq.com,北京交通大学 2026 admission/复录比；admission/复试人数；admission/拟录取中位；等 7 项,scope_description_not_original_page_title,北京交通大学,2026,admission/复录比；admission/复试人数；admission/拟录取中位；admission/拟录取人数；admission/拟录取最低；admission/拟录取最高；admission/本科背景状态,wechat_article,secondary_article,逐字段校年台账,reachable,200.0,2026-10-09,https://mp.weixin.qq.com/s?__biz=MzIxNTM0MjQ3OA==&mid=2247511756&idx=5&sn=2fee7fb4f73b19ea8caac71e207b686c&chksm=979b222da0ecab3b36779ddf92b05be4452cd239d8a980cbfa8d0e61cd5225c2c209599e0e57#rd,[S0633] mp.weixin.qq.com. 北京交通大学 2026 admission/复录比；admission/复试人数；admission/拟录取中位；等 7 项[EB/OL]. (2026-10-09)[2026-10-09]. https://mp.weixin.qq.com/s?__biz=MzIxNTM0MjQ3OA==&mid=2247511756&idx=5&sn=2fee7fb4f73b19ea8caac71e207b686c&chksm=979b222da0ecab3b36779ddf92b05be4452cd239d8a980cbfa8d0e61cd5225c2c209599e0e57#rd
S0634,mp.weixin.qq.com,四川大学 2026 admission/复录比；admission/复试人数；admission/拟录取中位；等 7 项,scope_description_not_original_page_title,四川大学,2026,admission/复录比；admission/复试人数；admission/拟录取中位；admission/拟录取人数；admission/拟录取最低；admission/拟录取最高；admission/本科背景状态,wechat_article,secondary_article,逐字段校年台账,reachable,200.0,2026-10-09,https://mp.weixin.qq.com/s?__biz=MzIxNTM0MjQ3OA==&mid=2247511761&idx=3&sn=6d625638212f5774bb6a26d4343108c6&chksm=979b2230a0ecab267ed3694b23463b13a5ec5b6df36a15db0ef0b7f66faa47ad5f777c802f5b#rd,[S0634] mp.weixin.qq.com. 四川大学 2026 admission/复录比；admission/复试人数；admission/拟录取中位；等 7 项[EB/OL]. (2026-10-09)[2026-10-09]. https://mp.weixin.qq.com/s?__biz=MzIxNTM0MjQ3OA==&mid=2247511761&idx=3&sn=6d625638212f5774bb6a26d4343108c6&chksm=979b2230a0ecab267ed3694b23463b13a5ec5b6df36a15db0ef0b7f66faa47ad5f777c802f5b#rd
S0635,mp.weixin.qq.com,内蒙古大学 2026 admission/复录比；admission/复试人数；admission/拟录取中位；等 7 项,scope_description_not_original_page_title,内蒙古大学,2026,admission/复录比；admission/复试人数；admission/拟录取中位；admission/拟录取人数；admission/拟录取最低；admission/拟录取最高；admission/本科背景状态,wechat_article,secondary_article,逐字段校年台账,reachable,200.0,2026-10-09,https://mp.weixin.qq.com/s?__biz=MzIxNTM0MjQ3OA==&mid=2247511761&idx=4&sn=6d50e932ab7c9414c6d1c078774b0cdc&chksm=979b2230a0ecab264c04b342cb3b29eecd2b5c58ab7424e188b48b31642976cfcaf94dcefc5b#rd,[S0635] mp.weixin.qq.com. 内蒙古大学 2026 admission/复录比；admission/复试人数；admission/拟录取中位；等 7 项[EB/OL]. (2026-10-09)[2026-10-09]. https://mp.weixin.qq.com/s?__biz=MzIxNTM0MjQ3OA==&mid=2247511761&idx=4&sn=6d50e932ab7c9414c6d1c078774b0cdc&chksm=979b2230a0ecab264c04b342cb3b29eecd2b5c58ab7424e188b48b31642976cfcaf94dcefc5b#rd
S0636,mp.weixin.qq.com,东北大学 2026 admission/复录比；admission/复试人数；admission/拟录取人数；等 5 项,scope_description_not_original_page_title,东北大学,2026,admission/复录比；admission/复试人数；admission/拟录取人数；admission/拟录取最低；admission/本科背景状态,wechat_article,secondary_article,逐字段校年台账,reachable,200.0,2026-10-09,https://mp.weixin.qq.com/s?__biz=MzIxNTM0MjQ3OA==&mid=2247511770&idx=4&sn=c6ff75d9ed138727e1edcc30d5db49b0&chksm=979b223ba0ecab2dfb6a2f6a83a9ac8aa9956d063d5828a24294f2801fd03de3738d7759cbd9#rd,[S0636] mp.weixin.qq.com. 东北大学 2026 admission/复录比；admission/复试人数；admission/拟录取人数；等 5 项[EB/OL]. (2026-10-09)[2026-10-09]. https://mp.weixin.qq.com/s?__biz=MzIxNTM0MjQ3OA==&mid=2247511770&idx=4&sn=c6ff75d9ed138727e1edcc30d5db49b0&chksm=979b223ba0ecab2dfb6a2f6a83a9ac8aa9956d063d5828a24294f2801fd03de3738d7759cbd9#rd
S0637,mp.weixin.qq.com,石河子大学 2026 admission/复录比；admission/复试人数；admission/拟录取中位；等 7 项,scope_description_not_original_page_title,石河子大学,2026,admission/复录比；admission/复试人数；admission/拟录取中位；admission/拟录取人数；admission/拟录取最低；admission/拟录取最高；admission/本科背景状态,wechat_article,secondary_article,逐字段校年台账,reachable,200.0,2026-10-09,https://mp.weixin.qq.com/s?__biz=MzIxNTM0MjQ3OA==&mid=2247511770&idx=5&sn=8696aa71de4a3ea9e45740b18e1f001e&chksm=979b223ba0ecab2d16ad4a9cb9c35e29b026c8efb3e49d651492d09682ffeafc7f6babdd41b5#rd,[S0637] mp.weixin.qq.com. 石河子大学 2026 admission/复录比；admission/复试人数；admission/拟录取中位；等 7 项[EB/OL]. (2026-10-09)[2026-10-09]. https://mp.weixin.qq.com/s?__biz=MzIxNTM0MjQ3OA==&mid=2247511770&idx=5&sn=8696aa71de4a3ea9e45740b18e1f001e&chksm=979b223ba0ecab2d16ad4a9cb9c35e29b026c8efb3e49d651492d09682ffeafc7f6babdd41b5#rd
S0638,mp.weixin.qq.com,北京工业大学 2026 admission/复录比；admission/复试人数；admission/拟录取中位；等 7 项,scope_description_not_original_page_title,北京工业大学,2026,admission/复录比；admission/复试人数；admission/拟录取中位；admission/拟录取人数；admission/拟录取最低；admission/拟录取最高；admission/本科背景状态,wechat_article,secondary_article,逐字段校年台账,reachable,200.0,2026-10-09,https://mp.weixin.qq.com/s?__biz=MzIxNTM0MjQ3OA==&mid=2247511773&idx=4&sn=70daca445d6d8c435a6346145a90bd7a&chksm=979b223ca0ecab2a437401c0379ee32ee2ebecf22614d46dd08241f3a9d806a986101979f24a#rd,[S0638] mp.weixin.qq.com. 北京工业大学 2026 admission/复录比；admission/复试人数；admission/拟录取中位；等 7 项[EB/OL]. (2026-10-09)[2026-10-09]. https://mp.weixin.qq.com/s?__biz=MzIxNTM0MjQ3OA==&mid=2247511773&idx=4&sn=70daca445d6d8c435a6346145a90bd7a&chksm=979b223ca0ecab2a437401c0379ee32ee2ebecf22614d46dd08241f3a9d806a986101979f24a#rd
S0639,mp.weixin.qq.com,山东大学 2026 admission/复录比；admission/复试人数；admission/拟录取中位；等 7 项,scope_description_not_original_page_title,山东大学,2026,admission/复录比；admission/复试人数；admission/拟录取中位；admission/拟录取人数；admission/拟录取最低；admission/拟录取最高；admission/本科背景状态,wechat_article,secondary_article,逐字段校年台账,reachable,200.0,2026-10-09,https://mp.weixin.qq.com/s?__biz=MzIxNTM0MjQ3OA==&mid=2247511773&idx=5&sn=63f552a52d535404573058696ce27f40&chksm=979b223ca0ecab2a6a84c985abf86ce7a027bd2a25adf4c89fb40572590274476d3c66e4807e#rd,[S0639] mp.weixin.qq.com. 山东大学 2026 admission/复录比；admission/复试人数；admission/拟录取中位；等 7 项[EB/OL]. (2026-10-09)[2026-10-09]. https://mp.weixin.qq.com/s?__biz=MzIxNTM0MjQ3OA==&mid=2247511773&idx=5&sn=63f552a52d535404573058696ce27f40&chksm=979b223ca0ecab2a6a84c985abf86ce7a027bd2a25adf4c89fb40572590274476d3c66e4807e#rd
S0640,mp.weixin.qq.com,中央民族大学 2026 admission/复录比；admission/复试人数；admission/拟录取中位；等 7 项,scope_description_not_original_page_title,中央民族大学,2026,admission/复录比；admission/复试人数；admission/拟录取中位；admission/拟录取人数；admission/拟录取最低；admission/拟录取最高；admission/本科背景状态,wechat_article,secondary_article,逐字段校年台账,reachable,200.0,2026-10-09,https://mp.weixin.qq.com/s?__biz=MzIxNTM0MjQ3OA==&mid=2247511797&idx=4&sn=f443563543603700ba80fd99defcbc7f&chksm=979b2214a0ecab02ac614bd38fb2e241ee8d65fdaa6cfa62d56266cc085fb7991ec63d31702c#rd,[S0640] mp.weixin.qq.com. 中央民族大学 2026 admission/复录比；admission/复试人数；admission/拟录取中位；等 7 项[EB/OL]. (2026-10-09)[2026-10-09]. https://mp.weixin.qq.com/s?__biz=MzIxNTM0MjQ3OA==&mid=2247511797&idx=4&sn=f443563543603700ba80fd99defcbc7f&chksm=979b2214a0ecab02ac614bd38fb2e241ee8d65fdaa6cfa62d56266cc085fb7991ec63d31702c#rd
S0641,mp.weixin.qq.com,西安电子科技大学 2026 admission/复录比；admission/复试人数；admission/拟录取中位；等 7 项,scope_description_not_original_page_title,西安电子科技大学,2026,admission/复录比；admission/复试人数；admission/拟录取中位；admission/拟录取人数；admission/拟录取最低；admission/拟录取最高；admission/本科背景状态,wechat_article,secondary_article,逐字段校年台账,reachable,200.0,2026-10-09,https://mp.weixin.qq.com/s?__biz=MzIxNTM0MjQ3OA==&mid=2247511797&idx=5&sn=af6b9ebaf6c56bf7addf872ed1e3297d&chksm=979b2214a0ecab029b5fb53fc9d2ba49c39058738526d5906c792feab664361f00e79e825b50#rd,[S0641] mp.weixin.qq.com. 西安电子科技大学 2026 admission/复录比；admission/复试人数；admission/拟录取中位；等 7 项[EB/OL]. (2026-10-09)[2026-10-09]. https://mp.weixin.qq.com/s?__biz=MzIxNTM0MjQ3OA==&mid=2247511797&idx=5&sn=af6b9ebaf6c56bf7addf872ed1e3297d&chksm=979b2214a0ecab029b5fb53fc9d2ba49c39058738526d5906c792feab664361f00e79e825b50#rd
S0642,mp.weixin.qq.com,清华大学 2026 admission/复录比；admission/复试人数；admission/拟录取中位；等 7 项,scope_description_not_original_page_title,清华大学,2026,admission/复录比；admission/复试人数；admission/拟录取中位；admission/拟录取人数；admission/拟录取最低；admission/拟录取最高；admission/本科背景状态,wechat_article,secondary_article,逐字段校年台账,reachable,200.0,2026-10-09,https://mp.weixin.qq.com/s?__biz=MzIxNTM0MjQ3OA==&mid=2247511820&idx=3&sn=ff869c735847ee446ed5996fc2b54269&chksm=979b23eda0ecaafbb29372b852f8fb189a5f3e05490667a5fe4c5e94eba75a35076096ffbcae#rd,[S0642] mp.weixin.qq.com. 清华大学 2026 admission/复录比；admission/复试人数；admission/拟录取中位；等 7 项[EB/OL]. (2026-10-09)[2026-10-09]. https://mp.weixin.qq.com/s?__biz=MzIxNTM0MjQ3OA==&mid=2247511820&idx=3&sn=ff869c735847ee446ed5996fc2b54269&chksm=979b23eda0ecaafbb29372b852f8fb189a5f3e05490667a5fe4c5e94eba75a35076096ffbcae#rd
S0643,mp.weixin.qq.com,中央财经大学 2026 admission/复录比；admission/复试人数；admission/拟录取中位；等 7 项,scope_description_not_original_page_title,中央财经大学,2026,admission/复录比；admission/复试人数；admission/拟录取中位；admission/拟录取人数；admission/拟录取最低；admission/拟录取最高；admission/本科背景状态,wechat_article,secondary_article,逐字段校年台账,reachable,200.0,2026-10-09,https://mp.weixin.qq.com/s?__biz=MzIxNTM0MjQ3OA==&mid=2247511820&idx=4&sn=064af89b901c53f4420ed740246c1873&chksm=979b23eda0ecaafb2edf9aa506cce714882e77776adb5ea06394f1a619473179e06dfbdfc998#rd,[S0643] mp.weixin.qq.com. 中央财经大学 2026 admission/复录比；admission/复试人数；admission/拟录取中位；等 7 项[EB/OL]. (2026-10-09)[2026-10-09]. https://mp.weixin.qq.com/s?__biz=MzIxNTM0MjQ3OA==&mid=2247511820&idx=4&sn=064af89b901c53f4420ed740246c1873&chksm=979b23eda0ecaafb2edf9aa506cce714882e77776adb5ea06394f1a619473179e06dfbdfc998#rd
S0644,mp.weixin.qq.com,哈尔滨工业大学 2026 admission/复录比；admission/复试人数；admission/拟录取中位；等 7 项,scope_description_not_original_page_title,哈尔滨工业大学,2026,admission/复录比；admission/复试人数；admission/拟录取中位；admission/拟录取人数；admission/拟录取最低；admission/拟录取最高；admission/本科背景状态,wechat_article,secondary_article,逐字段校年台账,reachable,200.0,2026-10-09,https://mp.weixin.qq.com/s?__biz=MzIxNTM0MjQ3OA==&mid=2247511834&idx=4&sn=6b083f36d19e55940fd9a2aea2a36777&chksm=979b23fba0ecaaedfc59112f04bf19e883102f0ca2ac99c145d9c25aec1ee69df5cfe4d1c968#rd,[S0644] mp.weixin.qq.com. 哈尔滨工业大学 2026 admission/复录比；admission/复试人数；admission/拟录取中位；等 7 项[EB/OL]. (2026-10-09)[2026-10-09]. https://mp.weixin.qq.com/s?__biz=MzIxNTM0MjQ3OA==&mid=2247511834&idx=4&sn=6b083f36d19e55940fd9a2aea2a36777&chksm=979b23fba0ecaaedfc59112f04bf19e883102f0ca2ac99c145d9c25aec1ee69df5cfe4d1c968#rd
S0645,mp.weixin.qq.com,中国人民大学 2026 admission/复录比；admission/复试人数；admission/拟录取中位；等 7 项,scope_description_not_original_page_title,中国人民大学,2026,admission/复录比；admission/复试人数；admission/拟录取中位；admission/拟录取人数；admission/拟录取最低；admission/拟录取最高；admission/本科背景状态,wechat_article,secondary_article,逐字段校年台账,reachable,200.0,2026-10-09,https://mp.weixin.qq.com/s?__biz=MzIxNTM0MjQ3OA==&mid=2247511877&idx=4&sn=e486845d30ee1931a03595a9baf5f063&chksm=979b23a4a0ecaab2eed73f14056cf0b97f7d6b544d396fbc4c2e652df27614b1a52ad1f6fb4d#rd,[S0645] mp.weixin.qq.com. 中国人民大学 2026 admission/复录比；admission/复试人数；admission/拟录取中位；等 7 项[EB/OL]. (2026-10-09)[2026-10-09]. https://mp.weixin.qq.com/s?__biz=MzIxNTM0MjQ3OA==&mid=2247511877&idx=4&sn=e486845d30ee1931a03595a9baf5f063&chksm=979b23a4a0ecaab2eed73f14056cf0b97f7d6b544d396fbc4c2e652df27614b1a52ad1f6fb4d#rd
S0646,mp.weixin.qq.com,东华大学 2026 admission/拟录取中位；admission/拟录取人数；admission/拟录取最低；等 5 项,scope_description_not_original_page_title,东华大学,2026,admission/拟录取中位；admission/拟录取人数；admission/拟录取最低；admission/拟录取最高；admission/本科背景状态,wechat_article,secondary_article,逐字段校年台账,reachable,200.0,2026-10-09,https://mp.weixin.qq.com/s?__biz=MzIxNTM0MjQ3OA==&mid=2247511884&idx=3&sn=8d53c37b62a3d3cc2d3d4d372382c8bc&chksm=979b23ada0ecaabb74fb8fde488a5f9786612b0d8054fdc932ea62e7483c011c09408337e528#rd,[S0646] mp.weixin.qq.com. 东华大学 2026 admission/拟录取中位；admission/拟录取人数；admission/拟录取最低；等 5 项[EB/OL]. (2026-10-09)[2026-10-09]. https://mp.weixin.qq.com/s?__biz=MzIxNTM0MjQ3OA==&mid=2247511884&idx=3&sn=8d53c37b62a3d3cc2d3d4d372382c8bc&chksm=979b23ada0ecaabb74fb8fde488a5f9786612b0d8054fdc932ea62e7483c011c09408337e528#rd
S0647,mp.weixin.qq.com,西安交通大学 2026 admission/复录比；admission/复试人数；admission/拟录取中位；等 7 项,scope_description_not_original_page_title,西安交通大学,2026,admission/复录比；admission/复试人数；admission/拟录取中位；admission/拟录取人数；admission/拟录取最低；admission/拟录取最高；admission/本科背景状态,wechat_article,secondary_article,逐字段校年台账,reachable,200.0,2026-10-09,https://mp.weixin.qq.com/s?__biz=MzIxNTM0MjQ3OA==&mid=2247511884&idx=4&sn=c8cf84f5dbcecbab79655aa864cf27c7&chksm=979b23ada0ecaabbadba8f8ae04ce6e2c0b9b0c6e3a724d5c0f29d45cf8bed351322522e8331#rd,[S0647] mp.weixin.qq.com. 西安交通大学 2026 admission/复录比；admission/复试人数；admission/拟录取中位；等 7 项[EB/OL]. (2026-10-09)[2026-10-09]. https://mp.weixin.qq.com/s?__biz=MzIxNTM0MjQ3OA==&mid=2247511884&idx=4&sn=c8cf84f5dbcecbab79655aa864cf27c7&chksm=979b23ada0ecaabbadba8f8ae04ce6e2c0b9b0c6e3a724d5c0f29d45cf8bed351322522e8331#rd
S0648,mp.weixin.qq.com,同济大学 2026 admission/复录比；admission/复试人数；admission/拟录取中位；等 7 项,scope_description_not_original_page_title,同济大学,2026,admission/复录比；admission/复试人数；admission/拟录取中位；admission/拟录取人数；admission/拟录取最低；admission/拟录取最高；admission/本科背景状态,wechat_article,secondary_article,逐字段校年台账,reachable,200.0,2026-10-09,https://mp.weixin.qq.com/s?__biz=MzIxNTM0MjQ3OA==&mid=2247512064&idx=2&sn=cdb6a640abcf31dc3f767d502f80ebf1&chksm=979b3ce1a0ecb5f75c54dc36a6bbf01f2a68b0874f3c2639cec8750d0e25a1330fce2c7fa0c6#rd,[S0648] mp.weixin.qq.com. 同济大学 2026 admission/复录比；admission/复试人数；admission/拟录取中位；等 7 项[EB/OL]. (2026-10-09)[2026-10-09]. https://mp.weixin.qq.com/s?__biz=MzIxNTM0MjQ3OA==&mid=2247512064&idx=2&sn=cdb6a640abcf31dc3f767d502f80ebf1&chksm=979b3ce1a0ecb5f75c54dc36a6bbf01f2a68b0874f3c2639cec8750d0e25a1330fce2c7fa0c6#rd
S0649,mp.weixin.qq.com,华北电力大学 2026 admission/复录比；admission/复试人数；admission/拟录取中位；等 7 项,scope_description_not_original_page_title,华北电力大学,2026,admission/复录比；admission/复试人数；admission/拟录取中位；admission/拟录取人数；admission/拟录取最低；admission/拟录取最高；admission/本科背景状态,wechat_article,secondary_article,逐字段校年台账,reachable,200.0,2026-10-09,https://mp.weixin.qq.com/s?__biz=MzIxNTM0MjQ3OA==&mid=2247512114&idx=4&sn=fba13f5fe9a3f7af6798a3160f0801d2&chksm=979b3cd3a0ecb5c5591fb2aeb52d9a382bfa310f2e06d801ad65af57b48b4992534a53d8be57#rd,[S0649] mp.weixin.qq.com. 华北电力大学 2026 admission/复录比；admission/复试人数；admission/拟录取中位；等 7 项[EB/OL]. (2026-10-09)[2026-10-09]. https://mp.weixin.qq.com/s?__biz=MzIxNTM0MjQ3OA==&mid=2247512114&idx=4&sn=fba13f5fe9a3f7af6798a3160f0801d2&chksm=979b3cd3a0ecb5c5591fb2aeb52d9a382bfa310f2e06d801ad65af57b48b4992534a53d8be57#rd
S0650,mp.weixin.qq.com,北京林业大学 2026 admission/复录比；admission/复试人数；admission/拟录取中位；等 7 项,scope_description_not_original_page_title,北京林业大学,2026,admission/复录比；admission/复试人数；admission/拟录取中位；admission/拟录取人数；admission/拟录取最低；admission/拟录取最高；admission/本科背景状态,wechat_article,secondary_article,逐字段校年台账,reachable,200.0,2026-10-09,https://mp.weixin.qq.com/s?__biz=MzIxNTM0MjQ3OA==&mid=2247512114&idx=5&sn=88502fe1a963f693fd14f122f88432f8&chksm=979b3cd3a0ecb5c5cbafa559835aa9c931be6b8d6dc3b13a9498a143609174213a31fa47c86a#rd,[S0650] mp.weixin.qq.com. 北京林业大学 2026 admission/复录比；admission/复试人数；admission/拟录取中位；等 7 项[EB/OL]. (2026-10-09)[2026-10-09]. https://mp.weixin.qq.com/s?__biz=MzIxNTM0MjQ3OA==&mid=2247512114&idx=5&sn=88502fe1a963f693fd14f122f88432f8&chksm=979b3cd3a0ecb5c5cbafa559835aa9c931be6b8d6dc3b13a9498a143609174213a31fa47c86a#rd
S0651,mp.weixin.qq.com,上海大学 2026 admission/拟录取中位；admission/拟录取人数；admission/拟录取最低；等 5 项,scope_description_not_original_page_title,上海大学,2026,admission/拟录取中位；admission/拟录取人数；admission/拟录取最低；admission/拟录取最高；admission/本科背景状态,wechat_article,secondary_article,逐字段校年台账,reachable,200.0,2026-10-09,https://mp.weixin.qq.com/s?__biz=MzIxNTM0MjQ3OA==&mid=2247512134&idx=4&sn=d732354f7920be9a2297f3c2f1dbf2e6&chksm=979b3ca7a0ecb5b19ae4eca79b4f205e96bea3ca5e484c91925cd64c7c30c38deca197fdbe7c#rd,[S0651] mp.weixin.qq.com. 上海大学 2026 admission/拟录取中位；admission/拟录取人数；admission/拟录取最低；等 5 项[EB/OL]. (2026-10-09)[2026-10-09]. https://mp.weixin.qq.com/s?__biz=MzIxNTM0MjQ3OA==&mid=2247512134&idx=4&sn=d732354f7920be9a2297f3c2f1dbf2e6&chksm=979b3ca7a0ecb5b19ae4eca79b4f205e96bea3ca5e484c91925cd64c7c30c38deca197fdbe7c#rd
S0652,mp.weixin.qq.com,陕西师范大学 2026 admission/复录比；admission/复试人数；admission/拟录取中位；等 7 项,scope_description_not_original_page_title,陕西师范大学,2026,admission/复录比；admission/复试人数；admission/拟录取中位；admission/拟录取人数；admission/拟录取最低；admission/拟录取最高；admission/本科背景状态,wechat_article,secondary_article,逐字段校年台账,reachable,200.0,2026-10-09,https://mp.weixin.qq.com/s?__biz=MzIxNTM0MjQ3OA==&mid=2247512178&idx=4&sn=98864aaf532e0ab88f537a6335721824&chksm=979b3c93a0ecb5853e2d71ff602effb77c3b4377de40a8ae825946e9d72eac0264964bd22661#rd,[S0652] mp.weixin.qq.com. 陕西师范大学 2026 admission/复录比；admission/复试人数；admission/拟录取中位；等 7 项[EB/OL]. (2026-10-09)[2026-10-09]. https://mp.weixin.qq.com/s?__biz=MzIxNTM0MjQ3OA==&mid=2247512178&idx=4&sn=98864aaf532e0ab88f537a6335721824&chksm=979b3c93a0ecb5853e2d71ff602effb77c3b4377de40a8ae825946e9d72eac0264964bd22661#rd
S0653,mp.weixin.qq.com,安徽大学 2026 admission/复录比；admission/复试人数；admission/拟录取中位；等 7 项,scope_description_not_original_page_title,安徽大学,2026,admission/复录比；admission/复试人数；admission/拟录取中位；admission/拟录取人数；admission/拟录取最低；admission/拟录取最高；admission/本科背景状态,wechat_article,secondary_article,逐字段校年台账,reachable,200.0,2026-10-09,https://mp.weixin.qq.com/s?__biz=MzIxNTM0MjQ3OA==&mid=2247512178&idx=5&sn=ffdf3b184d289434928328133667a8b5&chksm=979b3c93a0ecb5850f580ea885a19a08ccba4243405746bf2df22d09f026f1b74ed6d37ed0a4#rd,[S0653] mp.weixin.qq.com. 安徽大学 2026 admission/复录比；admission/复试人数；admission/拟录取中位；等 7 项[EB/OL]. (2026-10-09)[2026-10-09]. https://mp.weixin.qq.com/s?__biz=MzIxNTM0MjQ3OA==&mid=2247512178&idx=5&sn=ffdf3b184d289434928328133667a8b5&chksm=979b3c93a0ecb5850f580ea885a19a08ccba4243405746bf2df22d09f026f1b74ed6d37ed0a4#rd
S0654,mp.weixin.qq.com,西北工业大学 2026 admission/拟录取中位；admission/拟录取人数；admission/拟录取最低；等 5 项,scope_description_not_original_page_title,西北工业大学,2026,admission/拟录取中位；admission/拟录取人数；admission/拟录取最低；admission/拟录取最高；admission/本科背景状态,wechat_article,secondary_article,逐字段校年台账,reachable,200.0,2026-10-09,https://mp.weixin.qq.com/s?__biz=MzIxNTM0MjQ3OA==&mid=2247512178&idx=7&sn=ed78ea38c44f9de403e85075fa84003e&chksm=979b3c93a0ecb5856aaea02bfff2d5377a15f0a868452c54b44fd3bfe2727377c3422228b6ef#rd,[S0654] mp.weixin.qq.com. 西北工业大学 2026 admission/拟录取中位；admission/拟录取人数；admission/拟录取最低；等 5 项[EB/OL]. (2026-10-09)[2026-10-09]. https://mp.weixin.qq.com/s?__biz=MzIxNTM0MjQ3OA==&mid=2247512178&idx=7&sn=ed78ea38c44f9de403e85075fa84003e&chksm=979b3c93a0ecb5856aaea02bfff2d5377a15f0a868452c54b44fd3bfe2727377c3422228b6ef#rd
S0655,mp.weixin.qq.com,武汉理工大学 2026 admission/复录比；admission/复试人数；admission/拟录取中位；等 7 项,scope_description_not_original_page_title,武汉理工大学,2026,admission/复录比；admission/复试人数；admission/拟录取中位；admission/拟录取人数；admission/拟录取最低；admission/拟录取最高；admission/本科背景状态,wechat_article,secondary_article,逐字段校年台账,reachable,200.0,2026-10-09,https://mp.weixin.qq.com/s?__biz=MzIxNTM0MjQ3OA==&mid=2247512220&idx=5&sn=4857edea9d97fefff70e816d3d4f2e55&chksm=979b3c7da0ecb56bd9b8d2521257c4f73e0092d1416435aece4472cf047b4c09df66304c9cc0#rd,[S0655] mp.weixin.qq.com. 武汉理工大学 2026 admission/复录比；admission/复试人数；admission/拟录取中位；等 7 项[EB/OL]. (2026-10-09)[2026-10-09]. https://mp.weixin.qq.com/s?__biz=MzIxNTM0MjQ3OA==&mid=2247512220&idx=5&sn=4857edea9d97fefff70e816d3d4f2e55&chksm=979b3c7da0ecb56bd9b8d2521257c4f73e0092d1416435aece4472cf047b4c09df66304c9cc0#rd
S0656,mp.weixin.qq.com,华南师范大学 2026 admission/复录比；admission/复试人数；admission/拟录取中位；等 7 项,scope_description_not_original_page_title,华南师范大学,2026,admission/复录比；admission/复试人数；admission/拟录取中位；admission/拟录取人数；admission/拟录取最低；admission/拟录取最高；admission/本科背景状态,wechat_article,secondary_article,逐字段校年台账,reachable,200.0,2026-10-09,https://mp.weixin.qq.com/s?__biz=MzIxNTM0MjQ3OA==&mid=2247512220&idx=6&sn=0fb297724ecf8f285fac5f59fb58f432&chksm=979b3c7da0ecb56bc8cb46e4697cb0b283cfccbc0115388ee5f2db57d907811196d65896033b#rd,[S0656] mp.weixin.qq.com. 华南师范大学 2026 admission/复录比；admission/复试人数；admission/拟录取中位；等 7 项[EB/OL]. (2026-10-09)[2026-10-09]. https://mp.weixin.qq.com/s?__biz=MzIxNTM0MjQ3OA==&mid=2247512220&idx=6&sn=0fb297724ecf8f285fac5f59fb58f432&chksm=979b3c7da0ecb56bc8cb46e4697cb0b283cfccbc0115388ee5f2db57d907811196d65896033b#rd
S0657,mp.weixin.qq.com,中国海洋大学 2026 admission/复录比；admission/复试人数；admission/拟录取中位；等 7 项,scope_description_not_original_page_title,中国海洋大学,2026,admission/复录比；admission/复试人数；admission/拟录取中位；admission/拟录取人数；admission/拟录取最低；admission/拟录取最高；admission/本科背景状态,wechat_article,secondary_article,逐字段校年台账,reachable,200.0,2026-10-09,https://mp.weixin.qq.com/s?__biz=MzIxNTM0MjQ3OA==&mid=2247512232&idx=4&sn=90f61f8aba37c805edde9ae2d6ce29ed&chksm=979b3c49a0ecb55fadc226086a0eb6e8a2b60b661de2005e55a21eb1a63d7d9da69913fc8413#rd,[S0657] mp.weixin.qq.com. 中国海洋大学 2026 admission/复录比；admission/复试人数；admission/拟录取中位；等 7 项[EB/OL]. (2026-10-09)[2026-10-09]. https://mp.weixin.qq.com/s?__biz=MzIxNTM0MjQ3OA==&mid=2247512232&idx=4&sn=90f61f8aba37c805edde9ae2d6ce29ed&chksm=979b3c49a0ecb55fadc226086a0eb6e8a2b60b661de2005e55a21eb1a63d7d9da69913fc8413#rd
S0658,mp.weixin.qq.com,郑州大学 2026 admission/复录比；admission/复试人数；admission/拟录取中位；等 7 项,scope_description_not_original_page_title,郑州大学,2026,admission/复录比；admission/复试人数；admission/拟录取中位；admission/拟录取人数；admission/拟录取最低；admission/拟录取最高；admission/本科背景状态,wechat_article,secondary_article,逐字段校年台账,reachable,200.0,2026-10-09,https://mp.weixin.qq.com/s?__biz=MzIxNTM0MjQ3OA==&mid=2247512232&idx=5&sn=e91ec6eee2c3fa4dac7bb937bf244f4d&chksm=979b3c49a0ecb55f8695847682cfbd85348b21a2b1930ce71db75f27cccfd1667281b182af32#rd,[S0658] mp.weixin.qq.com. 郑州大学 2026 admission/复录比；admission/复试人数；admission/拟录取中位；等 7 项[EB/OL]. (2026-10-09)[2026-10-09]. https://mp.weixin.qq.com/s?__biz=MzIxNTM0MjQ3OA==&mid=2247512232&idx=5&sn=e91ec6eee2c3fa4dac7bb937bf244f4d&chksm=979b3c49a0ecb55f8695847682cfbd85348b21a2b1930ce71db75f27cccfd1667281b182af32#rd
S0659,mp.weixin.qq.com,东南大学 2026 admission/复录比；admission/复试人数；admission/拟录取中位；等 7 项,scope_description_not_original_page_title,东南大学,2026,admission/复录比；admission/复试人数；admission/拟录取中位；admission/拟录取人数；admission/拟录取最低；admission/拟录取最高；admission/本科背景状态,wechat_article,secondary_article,逐字段校年台账,reachable,200.0,2026-10-09,https://mp.weixin.qq.com/s?__biz=MzIxNTM0MjQ3OA==&mid=2247512251&idx=4&sn=fcd7f47a7299ae69c3c03ccf201efdcf&chksm=979b3c5aa0ecb54c5d08b1d811b66291b1dd3a04eef0e9414ef7c1ce7937163c78d548ed09c9#rd,[S0659] mp.weixin.qq.com. 东南大学 2026 admission/复录比；admission/复试人数；admission/拟录取中位；等 7 项[EB/OL]. (2026-10-09)[2026-10-09]. https://mp.weixin.qq.com/s?__biz=MzIxNTM0MjQ3OA==&mid=2247512251&idx=4&sn=fcd7f47a7299ae69c3c03ccf201efdcf&chksm=979b3c5aa0ecb54c5d08b1d811b66291b1dd3a04eef0e9414ef7c1ce7937163c78d548ed09c9#rd
S0660,mp.weixin.qq.com,云南大学 2026 admission/复录比；admission/复试人数；admission/拟录取中位；等 7 项,scope_description_not_original_page_title,云南大学,2026,admission/复录比；admission/复试人数；admission/拟录取中位；admission/拟录取人数；admission/拟录取最低；admission/拟录取最高；admission/本科背景状态,wechat_article,secondary_article,逐字段校年台账,reachable,200.0,2026-10-09,https://mp.weixin.qq.com/s?__biz=MzIxNTM0MjQ3OA==&mid=2247512364&idx=5&sn=c18e8f475a7acdb8c297b816077f214d&chksm=979b3dcda0ecb4dbaa95c1a59937db8f6d8f51ae59026a544f8be46bc7807f9e28305a07c0a6#rd,[S0660] mp.weixin.qq.com. 云南大学 2026 admission/复录比；admission/复试人数；admission/拟录取中位；等 7 项[EB/OL]. (2026-10-09)[2026-10-09]. https://mp.weixin.qq.com/s?__biz=MzIxNTM0MjQ3OA==&mid=2247512364&idx=5&sn=c18e8f475a7acdb8c297b816077f214d&chksm=979b3dcda0ecb4dbaa95c1a59937db8f6d8f51ae59026a544f8be46bc7807f9e28305a07c0a6#rd
S0661,mp.weixin.qq.com,复旦大学 2026 admission/复录比；admission/复试人数；admission/拟录取中位；等 7 项,scope_description_not_original_page_title,复旦大学,2026,admission/复录比；admission/复试人数；admission/拟录取中位；admission/拟录取人数；admission/拟录取最低；admission/拟录取最高；admission/本科背景状态,wechat_article,secondary_article,逐字段校年台账,reachable,200.0,2026-10-09,https://mp.weixin.qq.com/s?__biz=MzIxNTM0MjQ3OA==&mid=2247512727&idx=1&sn=039c6897a8b83570f80b79ea937b6880&chksm=979b3e76a0ecb7600fdb56cdb9880a179e965335e92e94cf464f1e9fc7ae698c38cd7eec8099#rd,[S0661] mp.weixin.qq.com. 复旦大学 2026 admission/复录比；admission/复试人数；admission/拟录取中位；等 7 项[EB/OL]. (2026-10-09)[2026-10-09]. https://mp.weixin.qq.com/s?__biz=MzIxNTM0MjQ3OA==&mid=2247512727&idx=1&sn=039c6897a8b83570f80b79ea937b6880&chksm=979b3e76a0ecb7600fdb56cdb9880a179e965335e92e94cf464f1e9fc7ae698c38cd7eec8099#rd
S0662,山东大学2015年432原题,山东大学2015年432原题,retained_structured_title,山东大学,,专业课；历年真题题型；官方指定教材；官方教材状态；官方范围说明；政治；数学/经综；最新官方大纲题型；真题证据等级；英语,university_official,primary_official,来源总台账；院校静态字段台账,reachable,200.0,2026-10-09,https://qlyxjxgl.sdu.edu.cn/info/1003/1210.htm,[S0662] 山东大学2015年432原题. 山东大学2015年432原题[EB/OL]. (2026-10-09)[2026-10-09]. https://qlyxjxgl.sdu.edu.cn/info/1003/1210.htm
S0663,复旦上海数学中心2026复试,复旦上海数学中心2026复试,retained_structured_title,,,复试形式、复试人数,university_official,primary_official,来源总台账,reachable,200.0,2026-10-09,https://scms.fudan.edu.cn/info/1047/12011.htm,[S0663] 复旦上海数学中心2026复试. 复旦上海数学中心2026复试[EB/OL]. (2026-10-09)[2026-10-09]. https://scms.fudan.edu.cn/info/1047/12011.htm
S0664,复旦上海数学中心2026复试,复旦上海数学中心2026复试,retained_structured_title,复旦大学,2026,admission/复录比；admission/复试人数；admission/拟录取中位；admission/拟录取人数；admission/拟录取最低；admission/拟录取最高；admission/本科背景状态；复试形式、复试人数,university_official,primary_official,来源总台账；逐字段校年台账,reachable,200.0,2026-10-09,https://scms.fudan.edu.cn/info/1047/12031.htm,[S0664] 复旦上海数学中心2026复试. 复旦上海数学中心2026复试[EB/OL]. (2026-10-09)[2026-10-09]. https://scms.fudan.edu.cn/info/1047/12031.htm
S0665,复旦大学2027年432考试大纲,复旦大学2027年432考试大纲,retained_structured_title,复旦大学,,专业课；官方指定教材；官方教材状态；官方范围说明；政治；数学/经综；最新官方大纲题型；最新范围、题型、指定教材；真题证据等级；英语,university_official,primary_official,来源总台账；院校静态字段台账,reachable,200.0,2026-10-09,https://scms.fudan.edu.cn/info/1047/12891.htm,[S0665] 复旦大学2027年432考试大纲. 复旦大学2027年432考试大纲[EB/OL]. (2026-10-09)[2026-10-09]. https://scms.fudan.edu.cn/info/1047/12891.htm
S0666,复旦大数据学院2026复试,复旦大数据学院2026复试,retained_structured_title,,,复试形式、复试人数,university_official,primary_official,来源总台账,reachable,200.0,2026-10-09,https://sds.fudan.edu.cn/_t2392/ca/b3/c17433a772787/page.htm,[S0666] 复旦大数据学院2026复试. 复旦大数据学院2026复试[EB/OL]. (2026-10-09)[2026-10-09]. https://sds.fudan.edu.cn/_t2392/ca/b3/c17433a772787/page.htm
S0667,复旦大数据学院2026复试,复旦大数据学院2026复试,retained_structured_title,复旦大学,2026,admission/复录比；admission/复试人数；admission/拟录取中位；admission/拟录取人数；admission/拟录取最低；admission/拟录取最高；admission/本科背景状态；复试形式、复试人数,university_official,primary_official,来源总台账；逐字段校年台账,reachable,200.0,2026-10-09,https://sds.fudan.edu.cn/ca/bd/c17701a772797/page.htm,[S0667] 复旦大数据学院2026复试. 复旦大数据学院2026复试[EB/OL]. (2026-10-09)[2026-10-09]. https://sds.fudan.edu.cn/ca/bd/c17701a772797/page.htm
S0668,中国科学技术大学,中国科学技术大学 2026 admission/复录比；admission/复试人数；admission/拟录取中位；等 11 项,scope_description_not_original_page_title,中国科学技术大学,2026,admission/复录比；admission/复试人数；admission/拟录取中位；admission/拟录取人数；admission/拟录取最低；admission/拟录取最高；admission/本科背景状态；cutoff/复试线文本；cutoff/多学院/方向明细；cutoff/线证据等级；cutoff/选择数值,university_official,primary_official,逐字段校年台账,reachable,200.0,2026-10-09,https://som.ustc.edu.cn/2026/0319/c36754a723567/page.htm,[S0668] 中国科学技术大学. 中国科学技术大学 2026 admission/复录比；admission/复试人数；admission/拟录取中位；等 11 项[EB/OL]. (2026-10-09)[2026-10-09]. https://som.ustc.edu.cn/2026/0319/c36754a723567/page.htm
S0669,中国科大2026复试与拟录取名单,中国科大2026复试与拟录取名单,retained_structured_title,中国科学技术大学,2026,admission/复录比；admission/复试人数；admission/拟录取中位；admission/拟录取人数；admission/拟录取最低；admission/拟录取最高；admission/本科背景状态；复录比、拟录取最低分/中位数,university_official,primary_official,来源总台账；逐字段校年台账,reachable,200.0,2026-10-09,https://som.ustc.edu.cn/2026/0402/c36754a725336/page.htm,[S0669] 中国科大2026复试与拟录取名单. 中国科大2026复试与拟录取名单[EB/OL]. (2026-10-09)[2026-10-09]. https://som.ustc.edu.cn/2026/0402/c36754a725336/page.htm
S0670,北京交通大学,北京交通大学 2026 cutoff/复试线文本；cutoff/多学院/方向明细；cutoff/线证据等级；等 4 项,scope_description_not_original_page_title,北京交通大学,2026,cutoff/复试线文本；cutoff/多学院/方向明细；cutoff/线证据等级；cutoff/选择数值,university_official,primary_official,逐字段校年台账,reachable,200.0,2026-10-09,https://soms.bjtu.edu.cn/docs/2026-03/abd40f25009b4043a2dd92e6d8948a79.pdf,[S0670] 北京交通大学. 北京交通大学 2026 cutoff/复试线文本；cutoff/多学院/方向明细；cutoff/线证据等级；等 4 项[EB/OL]. (2026-10-09)[2026-10-09]. https://soms.bjtu.edu.cn/docs/2026-03/abd40f25009b4043a2dd92e6d8948a79.pdf
S0671,华东师大统计学院2026复试成绩,华东师大统计学院2026复试成绩,retained_structured_title,,,拟录取人数、初试最低/中位/最高、复录比,university_official,primary_official,来源总台账,reachable,200.0,2026-10-09,https://stat.ecnu.edu.cn/76/4a/c9708a751178/page.htm,[S0671] 华东师大统计学院2026复试成绩. 华东师大统计学院2026复试成绩[EB/OL]. (2026-10-09)[2026-10-09]. https://stat.ecnu.edu.cn/76/4a/c9708a751178/page.htm
S0672,华东师范大学,华东师范大学 2026 admission/复录比；admission/复试人数；admission/拟录取中位；等 7 项,scope_description_not_original_page_title,华东师范大学,2026,admission/复录比；admission/复试人数；admission/拟录取中位；admission/拟录取人数；admission/拟录取最低；admission/拟录取最高；admission/本科背景状态,university_official,primary_official,逐字段校年台账,reachable,206.0,2026-10-09,https://stat.ecnu.edu.cn/_upload/article/files/75/13/fccefefd4b98a332d1077b17f9c6/6edeeed4-7a55-4fd6-b207-aff078745e0e.pdf,[S0672] 华东师范大学. 华东师范大学 2026 admission/复录比；admission/复试人数；admission/拟录取中位；等 7 项[EB/OL]. (2026-10-09)[2026-10-09]. https://stat.ecnu.edu.cn/_upload/article/files/75/13/fccefefd4b98a332d1077b17f9c6/6edeeed4-7a55-4fd6-b207-aff078745e0e.pdf
S0673,华东师大统计学院2027考试变化预公告,华东师大统计学院2027考试变化预公告,retained_structured_title,,,最新432参考教材与范围变化,university_official,primary_official,来源总台账,reachable,200.0,2026-10-09,https://stat.ecnu.edu.cn/c2/dd/c9708a770781/page.htm,[S0673] 华东师大统计学院2027考试变化预公告. 华东师大统计学院2027考试变化预公告[EB/OL]. (2026-10-09)[2026-10-09]. https://stat.ecnu.edu.cn/c2/dd/c9708a770781/page.htm
S0674,人大统计学院2026招生简章,人大统计学院2026招生简章,retained_structured_title,,,学制学费,university_official,primary_official,来源总台账,reachable,200.0,2026-10-09,https://stat.ruc.edu.cn/docs/2025-10/75cc7eade489405e8f7c2a2aee9638cf.pdf,[S0674] 人大统计学院2026招生简章. 人大统计学院2026招生简章[EB/OL]. (2026-10-09)[2026-10-09]. https://stat.ruc.edu.cn/docs/2025-10/75cc7eade489405e8f7c2a2aee9638cf.pdf
S0675,人大统计学院2025复试线,人大统计学院2025复试线,retained_structured_title,中国人民大学,2025,2025线；cutoff/复试线文本；cutoff/线证据等级；cutoff/选择数值,university_official,primary_official,来源总台账；逐字段校年台账,reachable,200.0,2026-10-09,https://stat.ruc.edu.cn/tzgg/44b0a2b212b9477494645db69c1efd8f.htm,[S0675] 人大统计学院2025复试线. 人大统计学院2025复试线[EB/OL]. (2026-10-09)[2026-10-09]. https://stat.ruc.edu.cn/tzgg/44b0a2b212b9477494645db69c1efd8f.htm
S0676,人大统计学院2025复试方案,人大统计学院2025复试方案,retained_structured_title,中国人民大学,2025,admission/复录比；admission/复试人数；admission/拟录取人数；admission/拟录取最低；admission/本科背景状态；复录比例、计划,university_official,primary_official,来源总台账；逐字段校年台账,reachable,200.0,2026-10-09,https://stat.ruc.edu.cn/tzgg/8fb8c0c652e04a7c9e6c30b4adb218f6.htm,[S0676] 人大统计学院2025复试方案. 人大统计学院2025复试方案[EB/OL]. (2026-10-09)[2026-10-09]. https://stat.ruc.edu.cn/tzgg/8fb8c0c652e04a7c9e6c30b4adb218f6.htm
S0677,static.kaoyan.cn,上海财经大学 2024 cutoff/复试线文本；cutoff/多学院/方向明细；cutoff/线证据等级；等 4 项,scope_description_not_original_page_title,上海财经大学,2024,cutoff/复试线文本；cutoff/多学院/方向明细；cutoff/线证据等级；cutoff/选择数值,document_pdf,unclassified_document,逐字段校年台账,reachable,200.0,2026-10-09,https://static.kaoyan.cn/file/2024/09/09/03ae3e8670da5739f58bca7dc6067c10.pdf,[S0677] static.kaoyan.cn. 上海财经大学 2024 cutoff/复试线文本；cutoff/多学院/方向明细；cutoff/线证据等级；等 4 项[EB/OL]. (2026-10-09)[2026-10-09]. https://static.kaoyan.cn/file/2024/09/09/03ae3e8670da5739f58bca7dc6067c10.pdf
S0678,中南财经政法大学2025拟录取名单,中南财经政法大学2025拟录取名单,retained_structured_title,中南财经政法大学,2025,admission/复录比；admission/复试人数；admission/拟录取中位；admission/拟录取人数；admission/拟录取最低；admission/拟录取最高；admission/本科背景状态；拟录取分布,university_official,primary_official,来源总台账；逐字段校年台账,reachable,200.0,2026-10-09,https://tsxy.zuel.edu.cn/_upload/article/files/15/fa/e5c1c0e24e4190959c6705735842/2b97dccb-1810-4a22-befa-d8a3bced99b9.pdf,[S0678] 中南财经政法大学2025拟录取名单. 中南财经政法大学2025拟录取名单[EB/OL]. (2026-10-09)[2026-10-09]. https://tsxy.zuel.edu.cn/_upload/article/files/15/fa/e5c1c0e24e4190959c6705735842/2b97dccb-1810-4a22-befa-d8a3bced99b9.pdf
S0679,www.cnblogs.com,复旦大学 专业课；官方指定教材；官方教材状态；等 9 项,scope_description_not_original_page_title,复旦大学,,专业课；官方指定教材；官方教材状态；官方范围说明；政治；数学/经综；最新官方大纲题型；真题证据等级；英语,web_page,unclassified_web,院校静态字段台账,not_checked,,2026-10-09,https://www.cnblogs.com/yecheng97/p/15823058.html,[S0679] www.cnblogs.com. 复旦大学 专业课；官方指定教材；官方教材状态；等 9 项[EB/OL]. (2026-10-09)[2026-10-09]. https://www.cnblogs.com/yecheng97/p/15823058.html
S0680,希赛2023学制学费,希赛2023学制学费,retained_structured_title,,,学制学费基线,web_page,unclassified_web,来源总台账,reachable,200.0,2026-10-09,https://www.educity.cn/kyyy/5005546.html,[S0680] 希赛2023学制学费. 希赛2023学制学费[EB/OL]. (2026-10-09)[2026-10-09]. https://www.educity.cn/kyyy/5005546.html
S0681,希赛2022应用统计复试线,希赛2022应用统计复试线,retained_structured_title,上海交通大学；上海大学；上海财经大学；东北农业大学；东北大学；东北师范大学；东北林业大学；东华大学；东南大学；中南大学；中南财经政法大学；中国人民大学；中国地质大学（北京）；中国地质大学（武汉）；中国海洋大学；中国石油大学（北京）；中国石油大学（华东）；中国科学技术大学；中国药科大学；中央民族大学；中央财经大学；中山大学；云南大学；兰州大学；内蒙古大学；北京交通大学；北京工业大学；北京师范大学；北京林业大学；华东师范大学；华东理工大学；华中农业大学；华中师范大学；华中科技大学；华北电力大学；华南师范大学；南京农业大学；南京大学；南京师范大学；南京理工大学；南京航空航天大学；南昌大学；厦门大学；吉林大学；同济大学；哈尔滨工业大学；四川大学；国防科技大学；复旦大学；大连理工大学；太原理工大学；宁夏大学；安徽大学；对外经济贸易大学；山东大学；延边大学；新疆大学；暨南大学；武汉大学；武汉理工大学；河北工业大学；河海大学；清华大学；湖南大学；湖南师范大学；石河子大学；福州大学；苏州大学；西北大学；西北工业大学；西南交通大学；西南大学；西南财经大学；西安交通大学；西安电子科技大学；贵州大学；辽宁大学；郑州大学；重庆大学；陕西师范大学,2022,2022分数线；cutoff/复试线文本；cutoff/多学院/方向明细；cutoff/线证据等级；cutoff/选择数值,web_page,unclassified_web,来源总台账；逐字段校年台账,reachable,200.0,2026-10-09,https://www.educity.cn/kyyy/5009654.html,[S0681] 希赛2022应用统计复试线. 希赛2022应用统计复试线[EB/OL]. (2026-10-09)[2026-10-09]. https://www.educity.cn/kyyy/5009654.html
S0682,太原理工大学,太原理工大学 2026 cutoff/复试线文本；cutoff/多学院/方向明细；cutoff/线证据等级；等 4 项,scope_description_not_original_page_title,太原理工大学,2026,cutoff/复试线文本；cutoff/多学院/方向明细；cutoff/线证据等级；cutoff/选择数值,university_official,primary_official,逐字段校年台账,failed,,2026-10-09,https://www.gs.tyut.edu.cn/info/1261/15529.htm,[S0682] 太原理工大学. 太原理工大学 2026 cutoff/复试线文本；cutoff/多学院/方向明细；cutoff/线证据等级；等 4 项[EB/OL]. (2026-10-09)[2026-10-09]. https://www.gs.tyut.edu.cn/info/1261/15529.htm
S0683,www.kyzs.com,上海交通大学 专业课；官方指定教材；官方教材状态；等 9 项,scope_description_not_original_page_title,上海交通大学,,专业课；官方指定教材；官方教材状态；官方范围说明；政治；数学/经综；最新官方大纲题型；真题证据等级；英语,web_page,unclassified_web,院校静态字段台账,not_checked,,2026-10-09,https://www.kyzs.com/article/16823.html,[S0683] www.kyzs.com. 上海交通大学 专业课；官方指定教材；官方教材状态；等 9 项[EB/OL]. (2026-10-09)[2026-10-09]. https://www.kyzs.com/article/16823.html
S0684,路灯考研分数线库,路灯考研分数线库,retained_structured_title,东北农业大学；华东理工大学；南京理工大学；南京航空航天大学；同济大学；宁夏大学；西南交通大学,2024,2024-2026分数线补齐；cutoff/复试线文本；cutoff/线证据等级,web_page,unclassified_web,来源总台账；逐字段校年台账,failed,404.0,2026-10-09,https://www.ludengkaoyan.com/major3/fsx/,[S0684] 路灯考研分数线库. 路灯考研分数线库[EB/OL]. (2026-10-09)[2026-10-09]. https://www.ludengkaoyan.com/major3/fsx/
S0685,www.ludengkaoyan.com,西南财经大学 2024 cutoff/复试线文本；cutoff/多学院/方向明细；cutoff/线证据等级；等 4 项,scope_description_not_original_page_title,西南财经大学,2024,cutoff/复试线文本；cutoff/多学院/方向明细；cutoff/线证据等级；cutoff/选择数值,web_page,unclassified_web,逐字段校年台账,failed,404.0,2026-10-09,https://www.ludengkaoyan.com/school100/qrz/zsml/16754.html,[S0685] www.ludengkaoyan.com. 西南财经大学 2024 cutoff/复试线文本；cutoff/多学院/方向明细；cutoff/线证据等级；等 4 项[EB/OL]. (2026-10-09)[2026-10-09]. https://www.ludengkaoyan.com/school100/qrz/zsml/16754.html
S0686,www.ludengkaoyan.com,西南财经大学 2025 cutoff/复试线文本；cutoff/多学院/方向明细；cutoff/线证据等级；等 4 项,scope_description_not_original_page_title,西南财经大学,2025,cutoff/复试线文本；cutoff/多学院/方向明细；cutoff/线证据等级；cutoff/选择数值,web_page,unclassified_web,逐字段校年台账,failed,404.0,2026-10-09,https://www.ludengkaoyan.com/school100/qrz/zsml/244472.html,[S0686] www.ludengkaoyan.com. 西南财经大学 2025 cutoff/复试线文本；cutoff/多学院/方向明细；cutoff/线证据等级；等 4 项[EB/OL]. (2026-10-09)[2026-10-09]. https://www.ludengkaoyan.com/school100/qrz/zsml/244472.html
S0687,www.ludengkaoyan.com,西南财经大学 2026 cutoff/复试线文本；cutoff/多学院/方向明细；cutoff/线证据等级；等 4 项,scope_description_not_original_page_title,西南财经大学,2026,cutoff/复试线文本；cutoff/多学院/方向明细；cutoff/线证据等级；cutoff/选择数值,web_page,unclassified_web,逐字段校年台账,failed,404.0,2026-10-09,https://www.ludengkaoyan.com/school100/qrz/zsml/371933.html,[S0687] www.ludengkaoyan.com. 西南财经大学 2026 cutoff/复试线文本；cutoff/多学院/方向明细；cutoff/线证据等级；等 4 项[EB/OL]. (2026-10-09)[2026-10-09]. https://www.ludengkaoyan.com/school100/qrz/zsml/371933.html
S0688,www.ludengkaoyan.com,贵州大学 2024 cutoff/复试线文本；cutoff/多学院/方向明细；cutoff/线证据等级；等 4 项,scope_description_not_original_page_title,贵州大学,2024,cutoff/复试线文本；cutoff/多学院/方向明细；cutoff/线证据等级；cutoff/选择数值,web_page,unclassified_web,逐字段校年台账,failed,404.0,2026-10-09,https://www.ludengkaoyan.com/school101/qrz/zsml/16758.html,[S0688] www.ludengkaoyan.com. 贵州大学 2024 cutoff/复试线文本；cutoff/多学院/方向明细；cutoff/线证据等级；等 4 项[EB/OL]. (2026-10-09)[2026-10-09]. https://www.ludengkaoyan.com/school101/qrz/zsml/16758.html
S0689,www.ludengkaoyan.com,贵州大学 2025 cutoff/复试线文本；cutoff/多学院/方向明细；cutoff/线证据等级；等 4 项,scope_description_not_original_page_title,贵州大学,2025,cutoff/复试线文本；cutoff/多学院/方向明细；cutoff/线证据等级；cutoff/选择数值,web_page,unclassified_web,逐字段校年台账,failed,404.0,2026-10-09,https://www.ludengkaoyan.com/school101/qrz/zsml/257361.html,[S0689] www.ludengkaoyan.com. 贵州大学 2025 cutoff/复试线文本；cutoff/多学院/方向明细；cutoff/线证据等级；等 4 项[EB/OL]. (2026-10-09)[2026-10-09]. https://www.ludengkaoyan.com/school101/qrz/zsml/257361.html
S0690,www.ludengkaoyan.com,贵州大学 2026 cutoff/复试线文本；cutoff/多学院/方向明细；cutoff/线证据等级；等 4 项,scope_description_not_original_page_title,贵州大学,2026,cutoff/复试线文本；cutoff/多学院/方向明细；cutoff/线证据等级；cutoff/选择数值,web_page,unclassified_web,逐字段校年台账,failed,404.0,2026-10-09,https://www.ludengkaoyan.com/school101/qrz/zsml/384160.html,[S0690] www.ludengkaoyan.com. 贵州大学 2026 cutoff/复试线文本；cutoff/多学院/方向明细；cutoff/线证据等级；等 4 项[EB/OL]. (2026-10-09)[2026-10-09]. https://www.ludengkaoyan.com/school101/qrz/zsml/384160.html
S0691,www.ludengkaoyan.com,云南大学 2024 cutoff/复试线文本；cutoff/多学院/方向明细；cutoff/线证据等级；等 4 项,scope_description_not_original_page_title,云南大学,2024,cutoff/复试线文本；cutoff/多学院/方向明细；cutoff/线证据等级；cutoff/选择数值,web_page,unclassified_web,逐字段校年台账,failed,404.0,2026-10-09,https://www.ludengkaoyan.com/school102/qrz/zsml/16759.html,[S0691] www.ludengkaoyan.com. 云南大学 2024 cutoff/复试线文本；cutoff/多学院/方向明细；cutoff/线证据等级；等 4 项[EB/OL]. (2026-10-09)[2026-10-09]. https://www.ludengkaoyan.com/school102/qrz/zsml/16759.html
S0692,www.ludengkaoyan.com,云南大学 2025 cutoff/复试线文本；cutoff/多学院/方向明细；cutoff/线证据等级；等 4 项,scope_description_not_original_page_title,云南大学,2025,cutoff/复试线文本；cutoff/多学院/方向明细；cutoff/线证据等级；cutoff/选择数值,web_page,unclassified_web,逐字段校年台账,failed,404.0,2026-10-09,https://www.ludengkaoyan.com/school102/qrz/zsml/258789.html,[S0692] www.ludengkaoyan.com. 云南大学 2025 cutoff/复试线文本；cutoff/多学院/方向明细；cutoff/线证据等级；等 4 项[EB/OL]. (2026-10-09)[2026-10-09]. https://www.ludengkaoyan.com/school102/qrz/zsml/258789.html
S0693,www.ludengkaoyan.com,云南大学 2026 cutoff/复试线文本；cutoff/多学院/方向明细；cutoff/线证据等级；等 4 项,scope_description_not_original_page_title,云南大学,2026,cutoff/复试线文本；cutoff/多学院/方向明细；cutoff/线证据等级；cutoff/选择数值,web_page,unclassified_web,逐字段校年台账,failed,,2026-10-09,https://www.ludengkaoyan.com/school102/qrz/zsml/385441.html,[S0693] www.ludengkaoyan.com. 云南大学 2026 cutoff/复试线文本；cutoff/多学院/方向明细；cutoff/线证据等级；等 4 项[EB/OL]. (2026-10-09)[2026-10-09]. https://www.ludengkaoyan.com/school102/qrz/zsml/385441.html
S0694,www.ludengkaoyan.com,西北大学 2024 cutoff/复试线文本；cutoff/多学院/方向明细；cutoff/线证据等级；等 4 项,scope_description_not_original_page_title,西北大学,2024,cutoff/复试线文本；cutoff/多学院/方向明细；cutoff/线证据等级；cutoff/选择数值,web_page,unclassified_web,逐字段校年台账,failed,404.0,2026-10-09,https://www.ludengkaoyan.com/school104/qrz/zsml/16766.html,[S0694] www.ludengkaoyan.com. 西北大学 2024 cutoff/复试线文本；cutoff/多学院/方向明细；cutoff/线证据等级；等 4 项[EB/OL]. (2026-10-09)[2026-10-09]. https://www.ludengkaoyan.com/school104/qrz/zsml/16766.html
S0695,www.ludengkaoyan.com,西北大学 2025 cutoff/复试线文本；cutoff/多学院/方向明细；cutoff/线证据等级；等 4 项,scope_description_not_original_page_title,西北大学,2025,cutoff/复试线文本；cutoff/多学院/方向明细；cutoff/线证据等级；cutoff/选择数值,web_page,unclassified_web,逐字段校年台账,failed,404.0,2026-10-09,https://www.ludengkaoyan.com/school104/qrz/zsml/245614.html,[S0695] www.ludengkaoyan.com. 西北大学 2025 cutoff/复试线文本；cutoff/多学院/方向明细；cutoff/线证据等级；等 4 项[EB/OL]. (2026-10-09)[2026-10-09]. https://www.ludengkaoyan.com/school104/qrz/zsml/245614.html
S0696,www.ludengkaoyan.com,西北大学 2026 cutoff/复试线文本；cutoff/多学院/方向明细；cutoff/线证据等级；等 4 项,scope_description_not_original_page_title,西北大学,2026,cutoff/复试线文本；cutoff/多学院/方向明细；cutoff/线证据等级；cutoff/选择数值,web_page,unclassified_web,逐字段校年台账,failed,404.0,2026-10-09,https://www.ludengkaoyan.com/school104/qrz/zsml/372824.html,[S0696] www.ludengkaoyan.com. 西北大学 2026 cutoff/复试线文本；cutoff/多学院/方向明细；cutoff/线证据等级；等 4 项[EB/OL]. (2026-10-09)[2026-10-09]. https://www.ludengkaoyan.com/school104/qrz/zsml/372824.html
S0697,www.ludengkaoyan.com,西安电子科技大学 2024 cutoff/复试线文本；cutoff/多学院/方向明细；cutoff/线证据等级；等 4 项,scope_description_not_original_page_title,西安电子科技大学,2024,cutoff/复试线文本；cutoff/多学院/方向明细；cutoff/线证据等级；cutoff/选择数值,web_page,unclassified_web,逐字段校年台账,failed,404.0,2026-10-09,https://www.ludengkaoyan.com/school105/qrz/zsml/16773.html,[S0697] www.ludengkaoyan.com. 西安电子科技大学 2024 cutoff/复试线文本；cutoff/多学院/方向明细；cutoff/线证据等级；等 4 项[EB/OL]. (2026-10-09)[2026-10-09]. https://www.ludengkaoyan.com/school105/qrz/zsml/16773.html
S0698,www.ludengkaoyan.com,西安电子科技大学 2025 cutoff/复试线文本；cutoff/多学院/方向明细；cutoff/线证据等级；等 4 项,scope_description_not_original_page_title,西安电子科技大学,2025,cutoff/复试线文本；cutoff/多学院/方向明细；cutoff/线证据等级；cutoff/选择数值,web_page,unclassified_web,逐字段校年台账,failed,404.0,2026-10-09,https://www.ludengkaoyan.com/school105/qrz/zsml/246199.html,[S0698] www.ludengkaoyan.com. 西安电子科技大学 2025 cutoff/复试线文本；cutoff/多学院/方向明细；cutoff/线证据等级；等 4 项[EB/OL]. (2026-10-09)[2026-10-09]. https://www.ludengkaoyan.com/school105/qrz/zsml/246199.html
S0699,www.ludengkaoyan.com,西安电子科技大学 2026 cutoff/复试线文本；cutoff/多学院/方向明细；cutoff/线证据等级；等 4 项,scope_description_not_original_page_title,西安电子科技大学,2026,cutoff/复试线文本；cutoff/多学院/方向明细；cutoff/线证据等级；cutoff/选择数值,web_page,unclassified_web,逐字段校年台账,failed,404.0,2026-10-09,https://www.ludengkaoyan.com/school105/qrz/zsml/373999.html,[S0699] www.ludengkaoyan.com. 西安电子科技大学 2026 cutoff/复试线文本；cutoff/多学院/方向明细；cutoff/线证据等级；等 4 项[EB/OL]. (2026-10-09)[2026-10-09]. https://www.ludengkaoyan.com/school105/qrz/zsml/373999.html
S0700,www.ludengkaoyan.com,陕西师范大学 2024 cutoff/复试线文本；cutoff/多学院/方向明细；cutoff/线证据等级；等 4 项,scope_description_not_original_page_title,陕西师范大学,2024,cutoff/复试线文本；cutoff/多学院/方向明细；cutoff/线证据等级；cutoff/选择数值,web_page,unclassified_web,逐字段校年台账,failed,404.0,2026-10-09,https://www.ludengkaoyan.com/school107/qrz/zsml/16784.html,[S0700] www.ludengkaoyan.com. 陕西师范大学 2024 cutoff/复试线文本；cutoff/多学院/方向明细；cutoff/线证据等级；等 4 项[EB/OL]. (2026-10-09)[2026-10-09]. https://www.ludengkaoyan.com/school107/qrz/zsml/16784.html
S0701,www.ludengkaoyan.com,陕西师范大学 2026 cutoff/复试线文本；cutoff/多学院/方向明细；cutoff/线证据等级；等 4 项,scope_description_not_original_page_title,陕西师范大学,2026,cutoff/复试线文本；cutoff/多学院/方向明细；cutoff/线证据等级；cutoff/选择数值,web_page,unclassified_web,逐字段校年台账,failed,404.0,2026-10-09,https://www.ludengkaoyan.com/school107/qrz/zsml/376466.html,[S0701] www.ludengkaoyan.com. 陕西师范大学 2026 cutoff/复试线文本；cutoff/多学院/方向明细；cutoff/线证据等级；等 4 项[EB/OL]. (2026-10-09)[2026-10-09]. https://www.ludengkaoyan.com/school107/qrz/zsml/376466.html
S0702,www.ludengkaoyan.com,宁夏大学 2025 cutoff/复试线文本；cutoff/多学院/方向明细；cutoff/线证据等级；等 4 项,scope_description_not_original_page_title,宁夏大学,2025,cutoff/复试线文本；cutoff/多学院/方向明细；cutoff/线证据等级；cutoff/选择数值,web_page,unclassified_web,逐字段校年台账,failed,404.0,2026-10-09,https://www.ludengkaoyan.com/school109/qrz/zsml/264803.html,[S0702] www.ludengkaoyan.com. 宁夏大学 2025 cutoff/复试线文本；cutoff/多学院/方向明细；cutoff/线证据等级；等 4 项[EB/OL]. (2026-10-09)[2026-10-09]. https://www.ludengkaoyan.com/school109/qrz/zsml/264803.html
S0703,www.ludengkaoyan.com,宁夏大学 2026 cutoff/复试线文本；cutoff/多学院/方向明细；cutoff/线证据等级；等 4 项,scope_description_not_original_page_title,宁夏大学,2026,cutoff/复试线文本；cutoff/多学院/方向明细；cutoff/线证据等级；cutoff/选择数值,web_page,unclassified_web,逐字段校年台账,failed,404.0,2026-10-09,https://www.ludengkaoyan.com/school109/qrz/zsml/391452.html,[S0703] www.ludengkaoyan.com. 宁夏大学 2026 cutoff/复试线文本；cutoff/多学院/方向明细；cutoff/线证据等级；等 4 项[EB/OL]. (2026-10-09)[2026-10-09]. https://www.ludengkaoyan.com/school109/qrz/zsml/391452.html
S0704,www.ludengkaoyan.com,大连理工大学 2025 cutoff/复试线文本；cutoff/多学院/方向明细；cutoff/线证据等级；等 4 项,scope_description_not_original_page_title,大连理工大学,2025,cutoff/复试线文本；cutoff/多学院/方向明细；cutoff/线证据等级；cutoff/选择数值,web_page,unclassified_web,逐字段校年台账,failed,404.0,2026-10-09,https://www.ludengkaoyan.com/school11/qrz/zsml/162236.html,[S0704] www.ludengkaoyan.com. 大连理工大学 2025 cutoff/复试线文本；cutoff/多学院/方向明细；cutoff/线证据等级；等 4 项[EB/OL]. (2026-10-09)[2026-10-09]. https://www.ludengkaoyan.com/school11/qrz/zsml/162236.html
S0705,www.ludengkaoyan.com,大连理工大学 2024 cutoff/复试线文本；cutoff/多学院/方向明细；cutoff/线证据等级；等 4 项,scope_description_not_original_page_title,大连理工大学,2024,cutoff/复试线文本；cutoff/多学院/方向明细；cutoff/线证据等级；cutoff/选择数值,web_page,unclassified_web,逐字段校年台账,failed,404.0,2026-10-09,https://www.ludengkaoyan.com/school11/qrz/zsml/16416.html,[S0705] www.ludengkaoyan.com. 大连理工大学 2024 cutoff/复试线文本；cutoff/多学院/方向明细；cutoff/线证据等级；等 4 项[EB/OL]. (2026-10-09)[2026-10-09]. https://www.ludengkaoyan.com/school11/qrz/zsml/16416.html
S0706,www.ludengkaoyan.com,大连理工大学 2026 cutoff/复试线文本；cutoff/多学院/方向明细；cutoff/线证据等级；等 4 项,scope_description_not_original_page_title,大连理工大学,2026,cutoff/复试线文本；cutoff/多学院/方向明细；cutoff/线证据等级；cutoff/选择数值,web_page,unclassified_web,逐字段校年台账,failed,404.0,2026-10-09,https://www.ludengkaoyan.com/school11/qrz/zsml/291787.html,[S0706] www.ludengkaoyan.com. 大连理工大学 2026 cutoff/复试线文本；cutoff/多学院/方向明细；cutoff/线证据等级；等 4 项[EB/OL]. (2026-10-09)[2026-10-09]. https://www.ludengkaoyan.com/school11/qrz/zsml/291787.html
S0707,www.ludengkaoyan.com,新疆大学 2024 cutoff/复试线文本；cutoff/多学院/方向明细；cutoff/线证据等级；等 4 项,scope_description_not_original_page_title,新疆大学,2024,cutoff/复试线文本；cutoff/多学院/方向明细；cutoff/线证据等级；cutoff/选择数值,web_page,unclassified_web,逐字段校年台账,failed,404.0,2026-10-09,https://www.ludengkaoyan.com/school110/qrz/zsml/16803.html,[S0707] www.ludengkaoyan.com. 新疆大学 2024 cutoff/复试线文本；cutoff/多学院/方向明细；cutoff/线证据等级；等 4 项[EB/OL]. (2026-10-09)[2026-10-09]. https://www.ludengkaoyan.com/school110/qrz/zsml/16803.html
S0708,www.ludengkaoyan.com,新疆大学 2025 cutoff/复试线文本；cutoff/多学院/方向明细；cutoff/线证据等级；等 4 项,scope_description_not_original_page_title,新疆大学,2025,cutoff/复试线文本；cutoff/多学院/方向明细；cutoff/线证据等级；cutoff/选择数值,web_page,unclassified_web,逐字段校年台账,failed,404.0,2026-10-09,https://www.ludengkaoyan.com/school110/qrz/zsml/265479.html,[S0708] www.ludengkaoyan.com. 新疆大学 2025 cutoff/复试线文本；cutoff/多学院/方向明细；cutoff/线证据等级；等 4 项[EB/OL]. (2026-10-09)[2026-10-09]. https://www.ludengkaoyan.com/school110/qrz/zsml/265479.html
S0709,www.ludengkaoyan.com,新疆大学 2026 cutoff/复试线文本；cutoff/多学院/方向明细；cutoff/线证据等级；等 4 项,scope_description_not_original_page_title,新疆大学,2026,cutoff/复试线文本；cutoff/多学院/方向明细；cutoff/线证据等级；cutoff/选择数值,web_page,unclassified_web,逐字段校年台账,failed,404.0,2026-10-09,https://www.ludengkaoyan.com/school110/qrz/zsml/391996.html,[S0709] www.ludengkaoyan.com. 新疆大学 2026 cutoff/复试线文本；cutoff/多学院/方向明细；cutoff/线证据等级；等 4 项[EB/OL]. (2026-10-09)[2026-10-09]. https://www.ludengkaoyan.com/school110/qrz/zsml/391996.html
S0710,www.ludengkaoyan.com,石河子大学 2024 cutoff/复试线文本；cutoff/多学院/方向明细；cutoff/线证据等级；等 4 项,scope_description_not_original_page_title,石河子大学,2024,cutoff/复试线文本；cutoff/多学院/方向明细；cutoff/线证据等级；cutoff/选择数值,web_page,unclassified_web,逐字段校年台账,failed,404.0,2026-10-09,https://www.ludengkaoyan.com/school111/qrz/zsml/16806.html,[S0710] www.ludengkaoyan.com. 石河子大学 2024 cutoff/复试线文本；cutoff/多学院/方向明细；cutoff/线证据等级；等 4 项[EB/OL]. (2026-10-09)[2026-10-09]. https://www.ludengkaoyan.com/school111/qrz/zsml/16806.html
S0711,www.ludengkaoyan.com,石河子大学 2025 cutoff/复试线文本；cutoff/多学院/方向明细；cutoff/线证据等级；等 4 项,scope_description_not_original_page_title,石河子大学,2025,cutoff/复试线文本；cutoff/多学院/方向明细；cutoff/线证据等级；cutoff/选择数值,web_page,unclassified_web,逐字段校年台账,failed,404.0,2026-10-09,https://www.ludengkaoyan.com/school111/qrz/zsml/266216.html,[S0711] www.ludengkaoyan.com. 石河子大学 2025 cutoff/复试线文本；cutoff/多学院/方向明细；cutoff/线证据等级；等 4 项[EB/OL]. (2026-10-09)[2026-10-09]. https://www.ludengkaoyan.com/school111/qrz/zsml/266216.html
S0712,www.ludengkaoyan.com,石河子大学 2026 cutoff/复试线文本；cutoff/多学院/方向明细；cutoff/线证据等级；等 4 项,scope_description_not_original_page_title,石河子大学,2026,cutoff/复试线文本；cutoff/多学院/方向明细；cutoff/线证据等级；cutoff/选择数值,web_page,unclassified_web,逐字段校年台账,failed,404.0,2026-10-09,https://www.ludengkaoyan.com/school111/qrz/zsml/392408.html,[S0712] www.ludengkaoyan.com. 石河子大学 2026 cutoff/复试线文本；cutoff/多学院/方向明细；cutoff/线证据等级；等 4 项[EB/OL]. (2026-10-09)[2026-10-09]. https://www.ludengkaoyan.com/school111/qrz/zsml/392408.html
S0713,www.ludengkaoyan.com,中国石油大学（北京） 2025 cutoff/复试线文本；cutoff/多学院/方向明细；cutoff/线证据等级；等 4 项,scope_description_not_original_page_title,中国石油大学（北京）,2025,cutoff/复试线文本；cutoff/多学院/方向明细；cutoff/线证据等级；cutoff/选择数值,web_page,unclassified_web,逐字段校年台账,failed,404.0,2026-10-09,https://www.ludengkaoyan.com/school113/qrz/zsml/147347.html,[S0713] www.ludengkaoyan.com. 中国石油大学（北京） 2025 cutoff/复试线文本；cutoff/多学院/方向明细；cutoff/线证据等级；等 4 项[EB/OL]. (2026-10-09)[2026-10-09]. https://www.ludengkaoyan.com/school113/qrz/zsml/147347.html
S0714,www.ludengkaoyan.com,中国石油大学（北京） 2024 cutoff/复试线文本；cutoff/多学院/方向明细；cutoff/线证据等级；等 4 项,scope_description_not_original_page_title,中国石油大学（北京）,2024,cutoff/复试线文本；cutoff/多学院/方向明细；cutoff/线证据等级；cutoff/选择数值,web_page,unclassified_web,逐字段校年台账,failed,404.0,2026-10-09,https://www.ludengkaoyan.com/school113/qrz/zsml/155.html,[S0714] www.ludengkaoyan.com. 中国石油大学（北京） 2024 cutoff/复试线文本；cutoff/多学院/方向明细；cutoff/线证据等级；等 4 项[EB/OL]. (2026-10-09)[2026-10-09]. https://www.ludengkaoyan.com/school113/qrz/zsml/155.html
S0715,www.ludengkaoyan.com,中国石油大学（北京） 2026 cutoff/复试线文本；cutoff/多学院/方向明细；cutoff/线证据等级；等 4 项,scope_description_not_original_page_title,中国石油大学（北京）,2026,cutoff/复试线文本；cutoff/多学院/方向明细；cutoff/线证据等级；cutoff/选择数值,web_page,unclassified_web,逐字段校年台账,failed,404.0,2026-10-09,https://www.ludengkaoyan.com/school113/qrz/zsml/277513.html,[S0715] www.ludengkaoyan.com. 中国石油大学（北京） 2026 cutoff/复试线文本；cutoff/多学院/方向明细；cutoff/线证据等级；等 4 项[EB/OL]. (2026-10-09)[2026-10-09]. https://www.ludengkaoyan.com/school113/qrz/zsml/277513.html
S0716,www.ludengkaoyan.com,中国地质大学（北京） 2025 cutoff/复试线文本；cutoff/多学院/方向明细；cutoff/线证据等级；等 4 项,scope_description_not_original_page_title,中国地质大学（北京）,2025,cutoff/复试线文本；cutoff/多学院/方向明细；cutoff/线证据等级；cutoff/选择数值,web_page,unclassified_web,逐字段校年台账,failed,404.0,2026-10-09,https://www.ludengkaoyan.com/school114/qrz/zsml/147593.html,[S0716] www.ludengkaoyan.com. 中国地质大学（北京） 2025 cutoff/复试线文本；cutoff/多学院/方向明细；cutoff/线证据等级；等 4 项[EB/OL]. (2026-10-09)[2026-10-09]. https://www.ludengkaoyan.com/school114/qrz/zsml/147593.html
S0717,www.ludengkaoyan.com,中国地质大学（北京） 2024 cutoff/复试线文本；cutoff/多学院/方向明细；cutoff/线证据等级；等 4 项,scope_description_not_original_page_title,中国地质大学（北京）,2024,cutoff/复试线文本；cutoff/多学院/方向明细；cutoff/线证据等级；cutoff/选择数值,web_page,unclassified_web,逐字段校年台账,failed,404.0,2026-10-09,https://www.ludengkaoyan.com/school114/qrz/zsml/158.html,[S0717] www.ludengkaoyan.com. 中国地质大学（北京） 2024 cutoff/复试线文本；cutoff/多学院/方向明细；cutoff/线证据等级；等 4 项[EB/OL]. (2026-10-09)[2026-10-09]. https://www.ludengkaoyan.com/school114/qrz/zsml/158.html
S0718,www.ludengkaoyan.com,中国地质大学（北京） 2026 cutoff/复试线文本；cutoff/多学院/方向明细；cutoff/线证据等级；等 4 项,scope_description_not_original_page_title,中国地质大学（北京）,2026,cutoff/复试线文本；cutoff/多学院/方向明细；cutoff/线证据等级；cutoff/选择数值,web_page,unclassified_web,逐字段校年台账,failed,404.0,2026-10-09,https://www.ludengkaoyan.com/school114/qrz/zsml/277842.html,[S0718] www.ludengkaoyan.com. 中国地质大学（北京） 2026 cutoff/复试线文本；cutoff/多学院/方向明细；cutoff/线证据等级；等 4 项[EB/OL]. (2026-10-09)[2026-10-09]. https://www.ludengkaoyan.com/school114/qrz/zsml/277842.html
S0719,www.ludengkaoyan.com,东北大学 2025 cutoff/复试线文本；cutoff/多学院/方向明细；cutoff/线证据等级；等 4 项,scope_description_not_original_page_title,东北大学,2025,cutoff/复试线文本；cutoff/多学院/方向明细；cutoff/线证据等级；cutoff/选择数值,web_page,unclassified_web,逐字段校年台账,failed,404.0,2026-10-09,https://www.ludengkaoyan.com/school12/qrz/zsml/163137.html,[S0719] www.ludengkaoyan.com. 东北大学 2025 cutoff/复试线文本；cutoff/多学院/方向明细；cutoff/线证据等级；等 4 项[EB/OL]. (2026-10-09)[2026-10-09]. https://www.ludengkaoyan.com/school12/qrz/zsml/163137.html
S0720,www.ludengkaoyan.com,东北大学 2024 cutoff/复试线文本；cutoff/多学院/方向明细；cutoff/线证据等级；等 4 项,scope_description_not_original_page_title,东北大学,2024,cutoff/复试线文本；cutoff/多学院/方向明细；cutoff/线证据等级；cutoff/选择数值,web_page,unclassified_web,逐字段校年台账,failed,404.0,2026-10-09,https://www.ludengkaoyan.com/school12/qrz/zsml/16419.html,[S0720] www.ludengkaoyan.com. 东北大学 2024 cutoff/复试线文本；cutoff/多学院/方向明细；cutoff/线证据等级；等 4 项[EB/OL]. (2026-10-09)[2026-10-09]. https://www.ludengkaoyan.com/school12/qrz/zsml/16419.html
S0721,www.ludengkaoyan.com,东北大学 2026 cutoff/复试线文本；cutoff/多学院/方向明细；cutoff/线证据等级；等 4 项,scope_description_not_original_page_title,东北大学,2026,cutoff/复试线文本；cutoff/多学院/方向明细；cutoff/线证据等级；cutoff/选择数值,web_page,unclassified_web,逐字段校年台账,failed,404.0,2026-10-09,https://www.ludengkaoyan.com/school12/qrz/zsml/292719.html,[S0721] www.ludengkaoyan.com. 东北大学 2026 cutoff/复试线文本；cutoff/多学院/方向明细；cutoff/线证据等级；等 4 项[EB/OL]. (2026-10-09)[2026-10-09]. https://www.ludengkaoyan.com/school12/qrz/zsml/292719.html
S0722,www.ludengkaoyan.com,吉林大学 2024 cutoff/复试线文本；cutoff/多学院/方向明细；cutoff/线证据等级；等 4 项,scope_description_not_original_page_title,吉林大学,2024,cutoff/复试线文本；cutoff/多学院/方向明细；cutoff/线证据等级；cutoff/选择数值,web_page,unclassified_web,逐字段校年台账,failed,404.0,2026-10-09,https://www.ludengkaoyan.com/school13/qrz/zsml/16427.html,[S0722] www.ludengkaoyan.com. 吉林大学 2024 cutoff/复试线文本；cutoff/多学院/方向明细；cutoff/线证据等级；等 4 项[EB/OL]. (2026-10-09)[2026-10-09]. https://www.ludengkaoyan.com/school13/qrz/zsml/16427.html
S0723,www.ludengkaoyan.com,吉林大学 2025 cutoff/复试线文本；cutoff/多学院/方向明细；cutoff/线证据等级；等 4 项,scope_description_not_original_page_title,吉林大学,2025,cutoff/复试线文本；cutoff/多学院/方向明细；cutoff/线证据等级；cutoff/选择数值,web_page,unclassified_web,逐字段校年台账,failed,404.0,2026-10-09,https://www.ludengkaoyan.com/school13/qrz/zsml/167762.html,[S0723] www.ludengkaoyan.com. 吉林大学 2025 cutoff/复试线文本；cutoff/多学院/方向明细；cutoff/线证据等级；等 4 项[EB/OL]. (2026-10-09)[2026-10-09]. https://www.ludengkaoyan.com/school13/qrz/zsml/167762.html
S0724,www.ludengkaoyan.com,吉林大学 2026 cutoff/复试线文本；cutoff/多学院/方向明细；cutoff/线证据等级；等 4 项,scope_description_not_original_page_title,吉林大学,2026,cutoff/复试线文本；cutoff/多学院/方向明细；cutoff/线证据等级；cutoff/选择数值,web_page,unclassified_web,逐字段校年台账,failed,404.0,2026-10-09,https://www.ludengkaoyan.com/school13/qrz/zsml/298549.html,[S0724] www.ludengkaoyan.com. 吉林大学 2026 cutoff/复试线文本；cutoff/多学院/方向明细；cutoff/线证据等级；等 4 项[EB/OL]. (2026-10-09)[2026-10-09]. https://www.ludengkaoyan.com/school13/qrz/zsml/298549.html
S0725,www.ludengkaoyan.com,哈尔滨工业大学 2024 cutoff/复试线文本；cutoff/多学院/方向明细；cutoff/线证据等级；等 4 项,scope_description_not_original_page_title,哈尔滨工业大学,2024,cutoff/复试线文本；cutoff/多学院/方向明细；cutoff/线证据等级；cutoff/选择数值,web_page,unclassified_web,逐字段校年台账,failed,404.0,2026-10-09,https://www.ludengkaoyan.com/school14/qrz/zsml/16440.html,[S0725] www.ludengkaoyan.com. 哈尔滨工业大学 2024 cutoff/复试线文本；cutoff/多学院/方向明细；cutoff/线证据等级；等 4 项[EB/OL]. (2026-10-09)[2026-10-09]. https://www.ludengkaoyan.com/school14/qrz/zsml/16440.html
S0726,www.ludengkaoyan.com,哈尔滨工业大学 2025 cutoff/复试线文本；cutoff/多学院/方向明细；cutoff/线证据等级；等 4 项,scope_description_not_original_page_title,哈尔滨工业大学,2025,cutoff/复试线文本；cutoff/多学院/方向明细；cutoff/线证据等级；cutoff/选择数值,web_page,unclassified_web,逐字段校年台账,failed,404.0,2026-10-09,https://www.ludengkaoyan.com/school14/qrz/zsml/171103.html,[S0726] www.ludengkaoyan.com. 哈尔滨工业大学 2025 cutoff/复试线文本；cutoff/多学院/方向明细；cutoff/线证据等级；等 4 项[EB/OL]. (2026-10-09)[2026-10-09]. https://www.ludengkaoyan.com/school14/qrz/zsml/171103.html
S0727,www.ludengkaoyan.com,哈尔滨工业大学 2026 cutoff/复试线文本；cutoff/多学院/方向明细；cutoff/线证据等级；等 4 项,scope_description_not_original_page_title,哈尔滨工业大学,2026,cutoff/复试线文本；cutoff/多学院/方向明细；cutoff/线证据等级；cutoff/选择数值,web_page,unclassified_web,逐字段校年台账,failed,404.0,2026-10-09,https://www.ludengkaoyan.com/school14/qrz/zsml/301597.html,[S0727] www.ludengkaoyan.com. 哈尔滨工业大学 2026 cutoff/复试线文本；cutoff/多学院/方向明细；cutoff/线证据等级；等 4 项[EB/OL]. (2026-10-09)[2026-10-09]. https://www.ludengkaoyan.com/school14/qrz/zsml/301597.html
S0728,www.ludengkaoyan.com,复旦大学 2024 cutoff/复试线文本；cutoff/多学院/方向明细；cutoff/线证据等级；等 4 项,scope_description_not_original_page_title,复旦大学,2024,cutoff/复试线文本；cutoff/多学院/方向明细；cutoff/线证据等级；cutoff/选择数值,web_page,unclassified_web,逐字段校年台账,failed,404.0,2026-10-09,https://www.ludengkaoyan.com/school15/qrz/zsml/16448.html,[S0728] www.ludengkaoyan.com. 复旦大学 2024 cutoff/复试线文本；cutoff/多学院/方向明细；cutoff/线证据等级；等 4 项[EB/OL]. (2026-10-09)[2026-10-09]. https://www.ludengkaoyan.com/school15/qrz/zsml/16448.html
S0729,www.ludengkaoyan.com,复旦大学 2025 cutoff/复试线文本；cutoff/多学院/方向明细；cutoff/线证据等级；等 4 项,scope_description_not_original_page_title,复旦大学,2025,cutoff/复试线文本；cutoff/多学院/方向明细；cutoff/线证据等级；cutoff/选择数值,web_page,unclassified_web,逐字段校年台账,failed,404.0,2026-10-09,https://www.ludengkaoyan.com/school15/qrz/zsml/173760.html,[S0729] www.ludengkaoyan.com. 复旦大学 2025 cutoff/复试线文本；cutoff/多学院/方向明细；cutoff/线证据等级；等 4 项[EB/OL]. (2026-10-09)[2026-10-09]. https://www.ludengkaoyan.com/school15/qrz/zsml/173760.html
S0730,www.ludengkaoyan.com,同济大学 2025 cutoff/复试线文本；cutoff/多学院/方向明细；cutoff/线证据等级；等 4 项,scope_description_not_original_page_title,同济大学,2025,cutoff/复试线文本；cutoff/多学院/方向明细；cutoff/线证据等级；cutoff/选择数值,web_page,unclassified_web,逐字段校年台账,failed,404.0,2026-10-09,https://www.ludengkaoyan.com/school16/qrz/zsml/174728.html,[S0730] www.ludengkaoyan.com. 同济大学 2025 cutoff/复试线文本；cutoff/多学院/方向明细；cutoff/线证据等级；等 4 项[EB/OL]. (2026-10-09)[2026-10-09]. https://www.ludengkaoyan.com/school16/qrz/zsml/174728.html
S0731,www.ludengkaoyan.com,同济大学 2026 cutoff/复试线文本；cutoff/多学院/方向明细；cutoff/线证据等级；等 4 项,scope_description_not_original_page_title,同济大学,2026,cutoff/复试线文本；cutoff/多学院/方向明细；cutoff/线证据等级；cutoff/选择数值,web_page,unclassified_web,逐字段校年台账,failed,404.0,2026-10-09,https://www.ludengkaoyan.com/school16/qrz/zsml/304213.html,[S0731] www.ludengkaoyan.com. 同济大学 2026 cutoff/复试线文本；cutoff/多学院/方向明细；cutoff/线证据等级；等 4 项[EB/OL]. (2026-10-09)[2026-10-09]. https://www.ludengkaoyan.com/school16/qrz/zsml/304213.html
S0732,www.ludengkaoyan.com,上海交通大学 2024 cutoff/复试线文本；cutoff/多学院/方向明细；cutoff/线证据等级；等 4 项,scope_description_not_original_page_title,上海交通大学,2024,cutoff/复试线文本；cutoff/多学院/方向明细；cutoff/线证据等级；cutoff/选择数值,web_page,unclassified_web,逐字段校年台账,failed,404.0,2026-10-09,https://www.ludengkaoyan.com/school17/qrz/zsml/16458.html,[S0732] www.ludengkaoyan.com. 上海交通大学 2024 cutoff/复试线文本；cutoff/多学院/方向明细；cutoff/线证据等级；等 4 项[EB/OL]. (2026-10-09)[2026-10-09]. https://www.ludengkaoyan.com/school17/qrz/zsml/16458.html
S0733,www.ludengkaoyan.com,上海交通大学 2025 cutoff/复试线文本；cutoff/多学院/方向明细；cutoff/线证据等级；等 4 项,scope_description_not_original_page_title,上海交通大学,2025,cutoff/复试线文本；cutoff/多学院/方向明细；cutoff/线证据等级；cutoff/选择数值,web_page,unclassified_web,逐字段校年台账,failed,404.0,2026-10-09,https://www.ludengkaoyan.com/school17/qrz/zsml/175438.html,[S0733] www.ludengkaoyan.com. 上海交通大学 2025 cutoff/复试线文本；cutoff/多学院/方向明细；cutoff/线证据等级；等 4 项[EB/OL]. (2026-10-09)[2026-10-09]. https://www.ludengkaoyan.com/school17/qrz/zsml/175438.html
S0734,www.ludengkaoyan.com,华东师范大学 2024 cutoff/复试线文本；cutoff/多学院/方向明细；cutoff/线证据等级；等 4 项,scope_description_not_original_page_title,华东师范大学,2024,cutoff/复试线文本；cutoff/多学院/方向明细；cutoff/线证据等级；cutoff/选择数值,web_page,unclassified_web,逐字段校年台账,failed,404.0,2026-10-09,https://www.ludengkaoyan.com/school18/qrz/zsml/16470.html,[S0734] www.ludengkaoyan.com. 华东师范大学 2024 cutoff/复试线文本；cutoff/多学院/方向明细；cutoff/线证据等级；等 4 项[EB/OL]. (2026-10-09)[2026-10-09]. https://www.ludengkaoyan.com/school18/qrz/zsml/16470.html
S0735,www.ludengkaoyan.com,华东师范大学 2025 cutoff/复试线文本；cutoff/多学院/方向明细；cutoff/线证据等级；等 4 项,scope_description_not_original_page_title,华东师范大学,2025,cutoff/复试线文本；cutoff/多学院/方向明细；cutoff/线证据等级；cutoff/选择数值,web_page,unclassified_web,逐字段校年台账,failed,404.0,2026-10-09,https://www.ludengkaoyan.com/school18/qrz/zsml/178262.html,[S0735] www.ludengkaoyan.com. 华东师范大学 2025 cutoff/复试线文本；cutoff/多学院/方向明细；cutoff/线证据等级；等 4 项[EB/OL]. (2026-10-09)[2026-10-09]. https://www.ludengkaoyan.com/school18/qrz/zsml/178262.html
S0736,www.ludengkaoyan.com,南京大学 2024 cutoff/复试线文本；cutoff/多学院/方向明细；cutoff/线证据等级；等 4 项,scope_description_not_original_page_title,南京大学,2024,cutoff/复试线文本；cutoff/多学院/方向明细；cutoff/线证据等级；cutoff/选择数值,web_page,unclassified_web,逐字段校年台账,failed,404.0,2026-10-09,https://www.ludengkaoyan.com/school19/qrz/zsml/16495.html,[S0736] www.ludengkaoyan.com. 南京大学 2024 cutoff/复试线文本；cutoff/多学院/方向明细；cutoff/线证据等级；等 4 项[EB/OL]. (2026-10-09)[2026-10-09]. https://www.ludengkaoyan.com/school19/qrz/zsml/16495.html
S0737,www.ludengkaoyan.com,南京大学 2025 cutoff/复试线文本；cutoff/多学院/方向明细；cutoff/线证据等级；等 4 项,scope_description_not_original_page_title,南京大学,2025,cutoff/复试线文本；cutoff/多学院/方向明细；cutoff/线证据等级；cutoff/选择数值,web_page,unclassified_web,逐字段校年台账,failed,404.0,2026-10-09,https://www.ludengkaoyan.com/school19/qrz/zsml/182179.html,[S0737] www.ludengkaoyan.com. 南京大学 2025 cutoff/复试线文本；cutoff/多学院/方向明细；cutoff/线证据等级；等 4 项[EB/OL]. (2026-10-09)[2026-10-09]. https://www.ludengkaoyan.com/school19/qrz/zsml/182179.html
S0738,www.ludengkaoyan.com,中国人民大学 2024 cutoff/复试线文本；cutoff/多学院/方向明细；cutoff/线证据等级；等 4 项,scope_description_not_original_page_title,中国人民大学,2024,cutoff/复试线文本；cutoff/多学院/方向明细；cutoff/线证据等级；cutoff/选择数值,web_page,unclassified_web,逐字段校年台账,failed,404.0,2026-10-09,https://www.ludengkaoyan.com/school2/qrz/zsml/108.html,[S0738] www.ludengkaoyan.com. 中国人民大学 2024 cutoff/复试线文本；cutoff/多学院/方向明细；cutoff/线证据等级；等 4 项[EB/OL]. (2026-10-09)[2026-10-09]. https://www.ludengkaoyan.com/school2/qrz/zsml/108.html
S0739,www.ludengkaoyan.com,中国人民大学 2026 cutoff/复试线文本；cutoff/多学院/方向明细；cutoff/线证据等级；等 4 项,scope_description_not_original_page_title,中国人民大学,2026,cutoff/复试线文本；cutoff/多学院/方向明细；cutoff/线证据等级；cutoff/选择数值,web_page,unclassified_web,逐字段校年台账,failed,404.0,2026-10-09,https://www.ludengkaoyan.com/school2/qrz/zsml/268413.html,[S0739] www.ludengkaoyan.com. 中国人民大学 2026 cutoff/复试线文本；cutoff/多学院/方向明细；cutoff/线证据等级；等 4 项[EB/OL]. (2026-10-09)[2026-10-09]. https://www.ludengkaoyan.com/school2/qrz/zsml/268413.html
S0740,www.ludengkaoyan.com,东南大学 2024 cutoff/复试线文本；cutoff/多学院/方向明细；cutoff/线证据等级；等 4 项,scope_description_not_original_page_title,东南大学,2024,cutoff/复试线文本；cutoff/多学院/方向明细；cutoff/线证据等级；cutoff/选择数值,web_page,unclassified_web,逐字段校年台账,failed,404.0,2026-10-09,https://www.ludengkaoyan.com/school20/qrz/zsml/16497.html,[S0740] www.ludengkaoyan.com. 东南大学 2024 cutoff/复试线文本；cutoff/多学院/方向明细；cutoff/线证据等级；等 4 项[EB/OL]. (2026-10-09)[2026-10-09]. https://www.ludengkaoyan.com/school20/qrz/zsml/16497.html
S0741,www.ludengkaoyan.com,东南大学 2025 cutoff/复试线文本；cutoff/多学院/方向明细；cutoff/线证据等级；等 4 项,scope_description_not_original_page_title,东南大学,2025,cutoff/复试线文本；cutoff/多学院/方向明细；cutoff/线证据等级；cutoff/选择数值,web_page,unclassified_web,逐字段校年台账,failed,404.0,2026-10-09,https://www.ludengkaoyan.com/school20/qrz/zsml/183941.html,[S0741] www.ludengkaoyan.com. 东南大学 2025 cutoff/复试线文本；cutoff/多学院/方向明细；cutoff/线证据等级；等 4 项[EB/OL]. (2026-10-09)[2026-10-09]. https://www.ludengkaoyan.com/school20/qrz/zsml/183941.html
S0742,www.ludengkaoyan.com,东南大学 2026 cutoff/复试线文本；cutoff/多学院/方向明细；cutoff/线证据等级；等 4 项,scope_description_not_original_page_title,东南大学,2026,cutoff/复试线文本；cutoff/多学院/方向明细；cutoff/线证据等级；cutoff/选择数值,web_page,unclassified_web,逐字段校年台账,failed,404.0,2026-10-09,https://www.ludengkaoyan.com/school20/qrz/zsml/312432.html,[S0742] www.ludengkaoyan.com. 东南大学 2026 cutoff/复试线文本；cutoff/多学院/方向明细；cutoff/线证据等级；等 4 项[EB/OL]. (2026-10-09)[2026-10-09]. https://www.ludengkaoyan.com/school20/qrz/zsml/312432.html
S0743,www.ludengkaoyan.com,中国科学技术大学 2024 cutoff/复试线文本；cutoff/多学院/方向明细；cutoff/线证据等级；等 4 项,scope_description_not_original_page_title,中国科学技术大学,2024,cutoff/复试线文本；cutoff/多学院/方向明细；cutoff/线证据等级；cutoff/选择数值,web_page,unclassified_web,逐字段校年台账,failed,404.0,2026-10-09,https://www.ludengkaoyan.com/school22/qrz/zsml/16560.html,[S0743] www.ludengkaoyan.com. 中国科学技术大学 2024 cutoff/复试线文本；cutoff/多学院/方向明细；cutoff/线证据等级；等 4 项[EB/OL]. (2026-10-09)[2026-10-09]. https://www.ludengkaoyan.com/school22/qrz/zsml/16560.html
S0744,www.ludengkaoyan.com,中国科学技术大学 2025 cutoff/复试线文本；cutoff/多学院/方向明细；cutoff/线证据等级；等 4 项,scope_description_not_original_page_title,中国科学技术大学,2025,cutoff/复试线文本；cutoff/多学院/方向明细；cutoff/线证据等级；cutoff/选择数值,web_page,unclassified_web,逐字段校年台账,failed,404.0,2026-10-09,https://www.ludengkaoyan.com/school22/qrz/zsml/197487.html,[S0744] www.ludengkaoyan.com. 中国科学技术大学 2025 cutoff/复试线文本；cutoff/多学院/方向明细；cutoff/线证据等级；等 4 项[EB/OL]. (2026-10-09)[2026-10-09]. https://www.ludengkaoyan.com/school22/qrz/zsml/197487.html
S0745,www.ludengkaoyan.com,厦门大学 2024 cutoff/复试线文本；cutoff/多学院/方向明细；cutoff/线证据等级；等 4 项,scope_description_not_original_page_title,厦门大学,2024,cutoff/复试线文本；cutoff/多学院/方向明细；cutoff/线证据等级；cutoff/选择数值,web_page,unclassified_web,逐字段校年台账,failed,404.0,2026-10-09,https://www.ludengkaoyan.com/school23/qrz/zsml/16576.html,[S0745] www.ludengkaoyan.com. 厦门大学 2024 cutoff/复试线文本；cutoff/多学院/方向明细；cutoff/线证据等级；等 4 项[EB/OL]. (2026-10-09)[2026-10-09]. https://www.ludengkaoyan.com/school23/qrz/zsml/16576.html
S0746,www.ludengkaoyan.com,厦门大学 2025 cutoff/复试线文本；cutoff/多学院/方向明细；cutoff/线证据等级；等 4 项,scope_description_not_original_page_title,厦门大学,2025,cutoff/复试线文本；cutoff/多学院/方向明细；cutoff/线证据等级；cutoff/选择数值,web_page,unclassified_web,逐字段校年台账,failed,404.0,2026-10-09,https://www.ludengkaoyan.com/school23/qrz/zsml/201560.html,[S0746] www.ludengkaoyan.com. 厦门大学 2025 cutoff/复试线文本；cutoff/多学院/方向明细；cutoff/线证据等级；等 4 项[EB/OL]. (2026-10-09)[2026-10-09]. https://www.ludengkaoyan.com/school23/qrz/zsml/201560.html
S0747,www.ludengkaoyan.com,厦门大学 2026 cutoff/复试线文本；cutoff/多学院/方向明细；cutoff/线证据等级；等 4 项,scope_description_not_original_page_title,厦门大学,2026,cutoff/复试线文本；cutoff/多学院/方向明细；cutoff/线证据等级；cutoff/选择数值,web_page,unclassified_web,逐字段校年台账,failed,404.0,2026-10-09,https://www.ludengkaoyan.com/school23/qrz/zsml/329826.html,[S0747] www.ludengkaoyan.com. 厦门大学 2026 cutoff/复试线文本；cutoff/多学院/方向明细；cutoff/线证据等级；等 4 项[EB/OL]. (2026-10-09)[2026-10-09]. https://www.ludengkaoyan.com/school23/qrz/zsml/329826.html
S0748,www.ludengkaoyan.com,山东大学 2024 cutoff/复试线文本；cutoff/多学院/方向明细；cutoff/线证据等级；等 4 项,scope_description_not_original_page_title,山东大学,2024,cutoff/复试线文本；cutoff/多学院/方向明细；cutoff/线证据等级；cutoff/选择数值,web_page,unclassified_web,逐字段校年台账,failed,404.0,2026-10-09,https://www.ludengkaoyan.com/school24/qrz/zsml/16601.html,[S0748] www.ludengkaoyan.com. 山东大学 2024 cutoff/复试线文本；cutoff/多学院/方向明细；cutoff/线证据等级；等 4 项[EB/OL]. (2026-10-09)[2026-10-09]. https://www.ludengkaoyan.com/school24/qrz/zsml/16601.html
S0749,www.ludengkaoyan.com,山东大学 2025 cutoff/复试线文本；cutoff/多学院/方向明细；cutoff/线证据等级；等 4 项,scope_description_not_original_page_title,山东大学,2025,cutoff/复试线文本；cutoff/多学院/方向明细；cutoff/线证据等级；cutoff/选择数值,web_page,unclassified_web,逐字段校年台账,failed,404.0,2026-10-09,https://www.ludengkaoyan.com/school24/qrz/zsml/208715.html,[S0749] www.ludengkaoyan.com. 山东大学 2025 cutoff/复试线文本；cutoff/多学院/方向明细；cutoff/线证据等级；等 4 项[EB/OL]. (2026-10-09)[2026-10-09]. https://www.ludengkaoyan.com/school24/qrz/zsml/208715.html
S0750,www.ludengkaoyan.com,山东大学 2026 cutoff/复试线文本；cutoff/多学院/方向明细；cutoff/线证据等级；等 4 项,scope_description_not_original_page_title,山东大学,2026,cutoff/复试线文本；cutoff/多学院/方向明细；cutoff/线证据等级；cutoff/选择数值,web_page,unclassified_web,逐字段校年台账,failed,404.0,2026-10-09,https://www.ludengkaoyan.com/school24/qrz/zsml/336406.html,[S0750] www.ludengkaoyan.com. 山东大学 2026 cutoff/复试线文本；cutoff/多学院/方向明细；cutoff/线证据等级；等 4 项[EB/OL]. (2026-10-09)[2026-10-09]. https://www.ludengkaoyan.com/school24/qrz/zsml/336406.html
S0751,www.ludengkaoyan.com,中国海洋大学 2024 cutoff/复试线文本；cutoff/多学院/方向明细；cutoff/线证据等级；等 4 项,scope_description_not_original_page_title,中国海洋大学,2024,cutoff/复试线文本；cutoff/多学院/方向明细；cutoff/线证据等级；cutoff/选择数值,web_page,unclassified_web,逐字段校年台账,failed,404.0,2026-10-09,https://www.ludengkaoyan.com/school25/qrz/zsml/16608.html,[S0751] www.ludengkaoyan.com. 中国海洋大学 2024 cutoff/复试线文本；cutoff/多学院/方向明细；cutoff/线证据等级；等 4 项[EB/OL]. (2026-10-09)[2026-10-09]. https://www.ludengkaoyan.com/school25/qrz/zsml/16608.html
S0752,www.ludengkaoyan.com,中国海洋大学 2025 cutoff/复试线文本；cutoff/多学院/方向明细；cutoff/线证据等级；等 4 项,scope_description_not_original_page_title,中国海洋大学,2025,cutoff/复试线文本；cutoff/多学院/方向明细；cutoff/线证据等级；cutoff/选择数值,web_page,unclassified_web,逐字段校年台账,failed,404.0,2026-10-09,https://www.ludengkaoyan.com/school25/qrz/zsml/208527.html,[S0752] www.ludengkaoyan.com. 中国海洋大学 2025 cutoff/复试线文本；cutoff/多学院/方向明细；cutoff/线证据等级；等 4 项[EB/OL]. (2026-10-09)[2026-10-09]. https://www.ludengkaoyan.com/school25/qrz/zsml/208527.html
S0753,www.ludengkaoyan.com,中国海洋大学 2026 cutoff/复试线文本；cutoff/多学院/方向明细；cutoff/线证据等级；等 4 项,scope_description_not_original_page_title,中国海洋大学,2026,cutoff/复试线文本；cutoff/多学院/方向明细；cutoff/线证据等级；cutoff/选择数值,web_page,unclassified_web,逐字段校年台账,failed,404.0,2026-10-09,https://www.ludengkaoyan.com/school25/qrz/zsml/336396.html,[S0753] www.ludengkaoyan.com. 中国海洋大学 2026 cutoff/复试线文本；cutoff/多学院/方向明细；cutoff/线证据等级；等 4 项[EB/OL]. (2026-10-09)[2026-10-09]. https://www.ludengkaoyan.com/school25/qrz/zsml/336396.html
S0754,www.ludengkaoyan.com,武汉大学 2024 cutoff/复试线文本；cutoff/多学院/方向明细；cutoff/线证据等级；等 4 项,scope_description_not_original_page_title,武汉大学,2024,cutoff/复试线文本；cutoff/多学院/方向明细；cutoff/线证据等级；cutoff/选择数值,web_page,unclassified_web,逐字段校年台账,failed,404.0,2026-10-09,https://www.ludengkaoyan.com/school26/qrz/zsml/16652.html,[S0754] www.ludengkaoyan.com. 武汉大学 2024 cutoff/复试线文本；cutoff/多学院/方向明细；cutoff/线证据等级；等 4 项[EB/OL]. (2026-10-09)[2026-10-09]. https://www.ludengkaoyan.com/school26/qrz/zsml/16652.html
S0755,www.ludengkaoyan.com,武汉大学 2025 cutoff/复试线文本；cutoff/多学院/方向明细；cutoff/线证据等级；等 4 项,scope_description_not_original_page_title,武汉大学,2025,cutoff/复试线文本；cutoff/多学院/方向明细；cutoff/线证据等级；cutoff/选择数值,web_page,unclassified_web,逐字段校年台账,failed,404.0,2026-10-09,https://www.ludengkaoyan.com/school26/qrz/zsml/219963.html,[S0755] www.ludengkaoyan.com. 武汉大学 2025 cutoff/复试线文本；cutoff/多学院/方向明细；cutoff/线证据等级；等 4 项[EB/OL]. (2026-10-09)[2026-10-09]. https://www.ludengkaoyan.com/school26/qrz/zsml/219963.html
S0756,www.ludengkaoyan.com,武汉大学 2026 cutoff/复试线文本；cutoff/多学院/方向明细；cutoff/线证据等级；等 4 项,scope_description_not_original_page_title,武汉大学,2026,cutoff/复试线文本；cutoff/多学院/方向明细；cutoff/线证据等级；cutoff/选择数值,web_page,unclassified_web,逐字段校年台账,failed,404.0,2026-10-09,https://www.ludengkaoyan.com/school26/qrz/zsml/347629.html,[S0756] www.ludengkaoyan.com. 武汉大学 2026 cutoff/复试线文本；cutoff/多学院/方向明细；cutoff/线证据等级；等 4 项[EB/OL]. (2026-10-09)[2026-10-09]. https://www.ludengkaoyan.com/school26/qrz/zsml/347629.html
S0757,www.ludengkaoyan.com,华中科技大学 2024 cutoff/复试线文本；cutoff/多学院/方向明细；cutoff/线证据等级；等 4 项,scope_description_not_original_page_title,华中科技大学,2024,cutoff/复试线文本；cutoff/多学院/方向明细；cutoff/线证据等级；cutoff/选择数值,web_page,unclassified_web,逐字段校年台账,failed,404.0,2026-10-09,https://www.ludengkaoyan.com/school27/qrz/zsml/16653.html,[S0757] www.ludengkaoyan.com. 华中科技大学 2024 cutoff/复试线文本；cutoff/多学院/方向明细；cutoff/线证据等级；等 4 项[EB/OL]. (2026-10-09)[2026-10-09]. https://www.ludengkaoyan.com/school27/qrz/zsml/16653.html
S0758,www.ludengkaoyan.com,华中科技大学 2025 cutoff/复试线文本；cutoff/多学院/方向明细；cutoff/线证据等级；等 4 项,scope_description_not_original_page_title,华中科技大学,2025,cutoff/复试线文本；cutoff/多学院/方向明细；cutoff/线证据等级；cutoff/选择数值,web_page,unclassified_web,逐字段校年台账,failed,404.0,2026-10-09,https://www.ludengkaoyan.com/school27/qrz/zsml/219709.html,[S0758] www.ludengkaoyan.com. 华中科技大学 2025 cutoff/复试线文本；cutoff/多学院/方向明细；cutoff/线证据等级；等 4 项[EB/OL]. (2026-10-09)[2026-10-09]. https://www.ludengkaoyan.com/school27/qrz/zsml/219709.html
S0759,www.ludengkaoyan.com,华中科技大学 2026 cutoff/复试线文本；cutoff/多学院/方向明细；cutoff/线证据等级；等 4 项,scope_description_not_original_page_title,华中科技大学,2026,cutoff/复试线文本；cutoff/多学院/方向明细；cutoff/线证据等级；cutoff/选择数值,web_page,unclassified_web,逐字段校年台账,failed,404.0,2026-10-09,https://www.ludengkaoyan.com/school27/qrz/zsml/347696.html,[S0759] www.ludengkaoyan.com. 华中科技大学 2026 cutoff/复试线文本；cutoff/多学院/方向明细；cutoff/线证据等级；等 4 项[EB/OL]. (2026-10-09)[2026-10-09]. https://www.ludengkaoyan.com/school27/qrz/zsml/347696.html
S0760,www.ludengkaoyan.com,湖南大学 2024 cutoff/复试线文本；cutoff/多学院/方向明细；cutoff/线证据等级；等 4 项,scope_description_not_original_page_title,湖南大学,2024,cutoff/复试线文本；cutoff/多学院/方向明细；cutoff/线证据等级；cutoff/选择数值,web_page,unclassified_web,逐字段校年台账,failed,404.0,2026-10-09,https://www.ludengkaoyan.com/school28/qrz/zsml/16690.html,[S0760] www.ludengkaoyan.com. 湖南大学 2024 cutoff/复试线文本；cutoff/多学院/方向明细；cutoff/线证据等级；等 4 项[EB/OL]. (2026-10-09)[2026-10-09]. https://www.ludengkaoyan.com/school28/qrz/zsml/16690.html
S0761,www.ludengkaoyan.com,湖南大学 2025 cutoff/复试线文本；cutoff/多学院/方向明细；cutoff/线证据等级；等 4 项,scope_description_not_original_page_title,湖南大学,2025,cutoff/复试线文本；cutoff/多学院/方向明细；cutoff/线证据等级；cutoff/选择数值,web_page,unclassified_web,逐字段校年台账,failed,404.0,2026-10-09,https://www.ludengkaoyan.com/school28/qrz/zsml/226954.html,[S0761] www.ludengkaoyan.com. 湖南大学 2025 cutoff/复试线文本；cutoff/多学院/方向明细；cutoff/线证据等级；等 4 项[EB/OL]. (2026-10-09)[2026-10-09]. https://www.ludengkaoyan.com/school28/qrz/zsml/226954.html
S0762,www.ludengkaoyan.com,中南大学 2024 cutoff/复试线文本；cutoff/多学院/方向明细；cutoff/线证据等级；等 4 项,scope_description_not_original_page_title,中南大学,2024,cutoff/复试线文本；cutoff/多学院/方向明细；cutoff/线证据等级；cutoff/选择数值,web_page,unclassified_web,逐字段校年台账,failed,404.0,2026-10-09,https://www.ludengkaoyan.com/school29/qrz/zsml/16691.html,[S0762] www.ludengkaoyan.com. 中南大学 2024 cutoff/复试线文本；cutoff/多学院/方向明细；cutoff/线证据等级；等 4 项[EB/OL]. (2026-10-09)[2026-10-09]. https://www.ludengkaoyan.com/school29/qrz/zsml/16691.html
S0763,www.ludengkaoyan.com,中南大学 2025 cutoff/复试线文本；cutoff/多学院/方向明细；cutoff/线证据等级；等 4 项,scope_description_not_original_page_title,中南大学,2025,cutoff/复试线文本；cutoff/多学院/方向明细；cutoff/线证据等级；cutoff/选择数值,web_page,unclassified_web,逐字段校年台账,failed,404.0,2026-10-09,https://www.ludengkaoyan.com/school29/qrz/zsml/226965.html,[S0763] www.ludengkaoyan.com. 中南大学 2025 cutoff/复试线文本；cutoff/多学院/方向明细；cutoff/线证据等级；等 4 项[EB/OL]. (2026-10-09)[2026-10-09]. https://www.ludengkaoyan.com/school29/qrz/zsml/226965.html
S0764,www.ludengkaoyan.com,中南大学 2026 cutoff/复试线文本；cutoff/多学院/方向明细；cutoff/线证据等级；等 4 项,scope_description_not_original_page_title,中南大学,2026,cutoff/复试线文本；cutoff/多学院/方向明细；cutoff/线证据等级；cutoff/选择数值,web_page,unclassified_web,逐字段校年台账,failed,404.0,2026-10-09,https://www.ludengkaoyan.com/school29/qrz/zsml/355190.html,[S0764] www.ludengkaoyan.com. 中南大学 2026 cutoff/复试线文本；cutoff/多学院/方向明细；cutoff/线证据等级；等 4 项[EB/OL]. (2026-10-09)[2026-10-09]. https://www.ludengkaoyan.com/school29/qrz/zsml/355190.html
S0765,www.ludengkaoyan.com,清华大学 2024 cutoff/复试线文本；cutoff/多学院/方向明细；cutoff/线证据等级；等 4 项,scope_description_not_original_page_title,清华大学,2024,cutoff/复试线文本；cutoff/多学院/方向明细；cutoff/线证据等级；cutoff/选择数值,web_page,unclassified_web,逐字段校年台账,failed,404.0,2026-10-09,https://www.ludengkaoyan.com/school3/qrz/zsml/111.html,[S0765] www.ludengkaoyan.com. 清华大学 2024 cutoff/复试线文本；cutoff/多学院/方向明细；cutoff/线证据等级；等 4 项[EB/OL]. (2026-10-09)[2026-10-09]. https://www.ludengkaoyan.com/school3/qrz/zsml/111.html
S0766,www.ludengkaoyan.com,清华大学 2025 cutoff/复试线文本；cutoff/多学院/方向明细；cutoff/线证据等级；等 4 项,scope_description_not_original_page_title,清华大学,2025,cutoff/复试线文本；cutoff/多学院/方向明细；cutoff/线证据等级；cutoff/选择数值,web_page,unclassified_web,逐字段校年台账,failed,404.0,2026-10-09,https://www.ludengkaoyan.com/school3/qrz/zsml/138436.html,[S0766] www.ludengkaoyan.com. 清华大学 2025 cutoff/复试线文本；cutoff/多学院/方向明细；cutoff/线证据等级；等 4 项[EB/OL]. (2026-10-09)[2026-10-09]. https://www.ludengkaoyan.com/school3/qrz/zsml/138436.html
S0767,www.ludengkaoyan.com,中山大学 2024 cutoff/复试线文本；cutoff/多学院/方向明细；cutoff/线证据等级；等 4 项,scope_description_not_original_page_title,中山大学,2024,cutoff/复试线文本；cutoff/多学院/方向明细；cutoff/线证据等级；cutoff/选择数值,web_page,unclassified_web,逐字段校年台账,failed,404.0,2026-10-09,https://www.ludengkaoyan.com/school30/qrz/zsml/16706.html,[S0767] www.ludengkaoyan.com. 中山大学 2024 cutoff/复试线文本；cutoff/多学院/方向明细；cutoff/线证据等级；等 4 项[EB/OL]. (2026-10-09)[2026-10-09]. https://www.ludengkaoyan.com/school30/qrz/zsml/16706.html
S0768,www.ludengkaoyan.com,中山大学 2025 cutoff/复试线文本；cutoff/多学院/方向明细；cutoff/线证据等级；等 4 项,scope_description_not_original_page_title,中山大学,2025,cutoff/复试线文本；cutoff/多学院/方向明细；cutoff/线证据等级；cutoff/选择数值,web_page,unclassified_web,逐字段校年台账,failed,404.0,2026-10-09,https://www.ludengkaoyan.com/school30/qrz/zsml/230708.html,[S0768] www.ludengkaoyan.com. 中山大学 2025 cutoff/复试线文本；cutoff/多学院/方向明细；cutoff/线证据等级；等 4 项[EB/OL]. (2026-10-09)[2026-10-09]. https://www.ludengkaoyan.com/school30/qrz/zsml/230708.html
S0769,www.ludengkaoyan.com,中山大学 2026 cutoff/复试线文本；cutoff/多学院/方向明细；cutoff/线证据等级；等 4 项,scope_description_not_original_page_title,中山大学,2026,cutoff/复试线文本；cutoff/多学院/方向明细；cutoff/线证据等级；cutoff/选择数值,web_page,unclassified_web,逐字段校年台账,failed,404.0,2026-10-09,https://www.ludengkaoyan.com/school30/qrz/zsml/358542.html,[S0769] www.ludengkaoyan.com. 中山大学 2026 cutoff/复试线文本；cutoff/多学院/方向明细；cutoff/线证据等级；等 4 项[EB/OL]. (2026-10-09)[2026-10-09]. https://www.ludengkaoyan.com/school30/qrz/zsml/358542.html
S0770,www.ludengkaoyan.com,四川大学 2024 cutoff/复试线文本；cutoff/多学院/方向明细；cutoff/线证据等级；等 4 项,scope_description_not_original_page_title,四川大学,2024,cutoff/复试线文本；cutoff/多学院/方向明细；cutoff/线证据等级；cutoff/选择数值,web_page,unclassified_web,逐字段校年台账,failed,404.0,2026-10-09,https://www.ludengkaoyan.com/school32/qrz/zsml/16742.html,[S0770] www.ludengkaoyan.com. 四川大学 2024 cutoff/复试线文本；cutoff/多学院/方向明细；cutoff/线证据等级；等 4 项[EB/OL]. (2026-10-09)[2026-10-09]. https://www.ludengkaoyan.com/school32/qrz/zsml/16742.html
S0771,www.ludengkaoyan.com,四川大学 2025 cutoff/复试线文本；cutoff/多学院/方向明细；cutoff/线证据等级；等 4 项,scope_description_not_original_page_title,四川大学,2025,cutoff/复试线文本；cutoff/多学院/方向明细；cutoff/线证据等级；cutoff/选择数值,web_page,unclassified_web,逐字段校年台账,failed,404.0,2026-10-09,https://www.ludengkaoyan.com/school32/qrz/zsml/239465.html,[S0771] www.ludengkaoyan.com. 四川大学 2025 cutoff/复试线文本；cutoff/多学院/方向明细；cutoff/线证据等级；等 4 项[EB/OL]. (2026-10-09)[2026-10-09]. https://www.ludengkaoyan.com/school32/qrz/zsml/239465.html
S0772,www.ludengkaoyan.com,四川大学 2026 cutoff/复试线文本；cutoff/多学院/方向明细；cutoff/线证据等级；等 4 项,scope_description_not_original_page_title,四川大学,2026,cutoff/复试线文本；cutoff/多学院/方向明细；cutoff/线证据等级；cutoff/选择数值,web_page,unclassified_web,逐字段校年台账,failed,404.0,2026-10-09,https://www.ludengkaoyan.com/school32/qrz/zsml/367220.html,[S0772] www.ludengkaoyan.com. 四川大学 2026 cutoff/复试线文本；cutoff/多学院/方向明细；cutoff/线证据等级；等 4 项[EB/OL]. (2026-10-09)[2026-10-09]. https://www.ludengkaoyan.com/school32/qrz/zsml/367220.html
S0773,www.ludengkaoyan.com,重庆大学 2024 cutoff/复试线文本；cutoff/多学院/方向明细；cutoff/线证据等级；等 4 项,scope_description_not_original_page_title,重庆大学,2024,cutoff/复试线文本；cutoff/多学院/方向明细；cutoff/线证据等级；cutoff/选择数值,web_page,unclassified_web,逐字段校年台账,failed,404.0,2026-10-09,https://www.ludengkaoyan.com/school33/qrz/zsml/16731.html,[S0773] www.ludengkaoyan.com. 重庆大学 2024 cutoff/复试线文本；cutoff/多学院/方向明细；cutoff/线证据等级；等 4 项[EB/OL]. (2026-10-09)[2026-10-09]. https://www.ludengkaoyan.com/school33/qrz/zsml/16731.html
S0774,www.ludengkaoyan.com,重庆大学 2025 cutoff/复试线文本；cutoff/多学院/方向明细；cutoff/线证据等级；等 4 项,scope_description_not_original_page_title,重庆大学,2025,cutoff/复试线文本；cutoff/多学院/方向明细；cutoff/线证据等级；cutoff/选择数值,web_page,unclassified_web,逐字段校年台账,failed,404.0,2026-10-09,https://www.ludengkaoyan.com/school33/qrz/zsml/236638.html,[S0774] www.ludengkaoyan.com. 重庆大学 2025 cutoff/复试线文本；cutoff/多学院/方向明细；cutoff/线证据等级；等 4 项[EB/OL]. (2026-10-09)[2026-10-09]. https://www.ludengkaoyan.com/school33/qrz/zsml/236638.html
S0775,www.ludengkaoyan.com,重庆大学 2026 cutoff/复试线文本；cutoff/多学院/方向明细；cutoff/线证据等级；等 4 项,scope_description_not_original_page_title,重庆大学,2026,cutoff/复试线文本；cutoff/多学院/方向明细；cutoff/线证据等级；cutoff/选择数值,web_page,unclassified_web,逐字段校年台账,failed,404.0,2026-10-09,https://www.ludengkaoyan.com/school33/qrz/zsml/364400.html,[S0775] www.ludengkaoyan.com. 重庆大学 2026 cutoff/复试线文本；cutoff/多学院/方向明细；cutoff/线证据等级；等 4 项[EB/OL]. (2026-10-09)[2026-10-09]. https://www.ludengkaoyan.com/school33/qrz/zsml/364400.html
S0776,www.ludengkaoyan.com,西安交通大学 2024 cutoff/复试线文本；cutoff/多学院/方向明细；cutoff/线证据等级；等 4 项,scope_description_not_original_page_title,西安交通大学,2024,cutoff/复试线文本；cutoff/多学院/方向明细；cutoff/线证据等级；cutoff/选择数值,web_page,unclassified_web,逐字段校年台账,failed,404.0,2026-10-09,https://www.ludengkaoyan.com/school35/qrz/zsml/16767.html,[S0776] www.ludengkaoyan.com. 西安交通大学 2024 cutoff/复试线文本；cutoff/多学院/方向明细；cutoff/线证据等级；等 4 项[EB/OL]. (2026-10-09)[2026-10-09]. https://www.ludengkaoyan.com/school35/qrz/zsml/16767.html
S0777,www.ludengkaoyan.com,西安交通大学 2025 cutoff/复试线文本；cutoff/多学院/方向明细；cutoff/线证据等级；等 4 项,scope_description_not_original_page_title,西安交通大学,2025,cutoff/复试线文本；cutoff/多学院/方向明细；cutoff/线证据等级；cutoff/选择数值,web_page,unclassified_web,逐字段校年台账,failed,404.0,2026-10-09,https://www.ludengkaoyan.com/school35/qrz/zsml/245460.html,[S0777] www.ludengkaoyan.com. 西安交通大学 2025 cutoff/复试线文本；cutoff/多学院/方向明细；cutoff/线证据等级；等 4 项[EB/OL]. (2026-10-09)[2026-10-09]. https://www.ludengkaoyan.com/school35/qrz/zsml/245460.html
S0778,www.ludengkaoyan.com,西安交通大学 2026 cutoff/复试线文本；cutoff/多学院/方向明细；cutoff/线证据等级；等 4 项,scope_description_not_original_page_title,西安交通大学,2026,cutoff/复试线文本；cutoff/多学院/方向明细；cutoff/线证据等级；cutoff/选择数值,web_page,unclassified_web,逐字段校年台账,failed,404.0,2026-10-09,https://www.ludengkaoyan.com/school35/qrz/zsml/372889.html,[S0778] www.ludengkaoyan.com. 西安交通大学 2026 cutoff/复试线文本；cutoff/多学院/方向明细；cutoff/线证据等级；等 4 项[EB/OL]. (2026-10-09)[2026-10-09]. https://www.ludengkaoyan.com/school35/qrz/zsml/372889.html
S0779,www.ludengkaoyan.com,西北工业大学 2024 cutoff/复试线文本；cutoff/多学院/方向明细；cutoff/线证据等级；等 4 项,scope_description_not_original_page_title,西北工业大学,2024,cutoff/复试线文本；cutoff/多学院/方向明细；cutoff/线证据等级；cutoff/选择数值,web_page,unclassified_web,逐字段校年台账,failed,404.0,2026-10-09,https://www.ludengkaoyan.com/school36/qrz/zsml/16769.html,[S0779] www.ludengkaoyan.com. 西北工业大学 2024 cutoff/复试线文本；cutoff/多学院/方向明细；cutoff/线证据等级；等 4 项[EB/OL]. (2026-10-09)[2026-10-09]. https://www.ludengkaoyan.com/school36/qrz/zsml/16769.html
S0780,www.ludengkaoyan.com,西北工业大学 2025 cutoff/复试线文本；cutoff/多学院/方向明细；cutoff/线证据等级；等 4 项,scope_description_not_original_page_title,西北工业大学,2025,cutoff/复试线文本；cutoff/多学院/方向明细；cutoff/线证据等级；cutoff/选择数值,web_page,unclassified_web,逐字段校年台账,failed,404.0,2026-10-09,https://www.ludengkaoyan.com/school36/qrz/zsml/245834.html,[S0780] www.ludengkaoyan.com. 西北工业大学 2025 cutoff/复试线文本；cutoff/多学院/方向明细；cutoff/线证据等级；等 4 项[EB/OL]. (2026-10-09)[2026-10-09]. https://www.ludengkaoyan.com/school36/qrz/zsml/245834.html
S0781,www.ludengkaoyan.com,西北工业大学 2026 cutoff/复试线文本；cutoff/多学院/方向明细；cutoff/线证据等级；等 4 项,scope_description_not_original_page_title,西北工业大学,2026,cutoff/复试线文本；cutoff/多学院/方向明细；cutoff/线证据等级；cutoff/选择数值,web_page,unclassified_web,逐字段校年台账,failed,404.0,2026-10-09,https://www.ludengkaoyan.com/school36/qrz/zsml/373305.html,[S0781] www.ludengkaoyan.com. 西北工业大学 2026 cutoff/复试线文本；cutoff/多学院/方向明细；cutoff/线证据等级；等 4 项[EB/OL]. (2026-10-09)[2026-10-09]. https://www.ludengkaoyan.com/school36/qrz/zsml/373305.html
S0782,www.ludengkaoyan.com,兰州大学 2024 cutoff/复试线文本；cutoff/多学院/方向明细；cutoff/线证据等级；等 4 项,scope_description_not_original_page_title,兰州大学,2024,cutoff/复试线文本；cutoff/多学院/方向明细；cutoff/线证据等级；cutoff/选择数值,web_page,unclassified_web,逐字段校年台账,failed,404.0,2026-10-09,https://www.ludengkaoyan.com/school38/qrz/zsml/16789.html,[S0782] www.ludengkaoyan.com. 兰州大学 2024 cutoff/复试线文本；cutoff/多学院/方向明细；cutoff/线证据等级；等 4 项[EB/OL]. (2026-10-09)[2026-10-09]. https://www.ludengkaoyan.com/school38/qrz/zsml/16789.html
S0783,www.ludengkaoyan.com,兰州大学 2025 cutoff/复试线文本；cutoff/多学院/方向明细；cutoff/线证据等级；等 4 项,scope_description_not_original_page_title,兰州大学,2025,cutoff/复试线文本；cutoff/多学院/方向明细；cutoff/线证据等级；cutoff/选择数值,web_page,unclassified_web,逐字段校年台账,failed,404.0,2026-10-09,https://www.ludengkaoyan.com/school38/qrz/zsml/261950.html,[S0783] www.ludengkaoyan.com. 兰州大学 2025 cutoff/复试线文本；cutoff/多学院/方向明细；cutoff/线证据等级；等 4 项[EB/OL]. (2026-10-09)[2026-10-09]. https://www.ludengkaoyan.com/school38/qrz/zsml/261950.html
S0784,www.ludengkaoyan.com,兰州大学 2026 cutoff/复试线文本；cutoff/多学院/方向明细；cutoff/线证据等级；等 4 项,scope_description_not_original_page_title,兰州大学,2026,cutoff/复试线文本；cutoff/多学院/方向明细；cutoff/线证据等级；cutoff/选择数值,web_page,unclassified_web,逐字段校年台账,failed,404.0,2026-10-09,https://www.ludengkaoyan.com/school38/qrz/zsml/388484.html,[S0784] www.ludengkaoyan.com. 兰州大学 2026 cutoff/复试线文本；cutoff/多学院/方向明细；cutoff/线证据等级；等 4 项[EB/OL]. (2026-10-09)[2026-10-09]. https://www.ludengkaoyan.com/school38/qrz/zsml/388484.html
S0785,www.ludengkaoyan.com,国防科技大学 2024 cutoff/复试线文本；cutoff/多学院/方向明细；cutoff/线证据等级；等 4 项,scope_description_not_original_page_title,国防科技大学,2024,cutoff/复试线文本；cutoff/多学院/方向明细；cutoff/线证据等级；cutoff/选择数值,web_page,unclassified_web,逐字段校年台账,failed,404.0,2026-10-09,https://www.ludengkaoyan.com/school39/qrz/zsml/16704.html,[S0785] www.ludengkaoyan.com. 国防科技大学 2024 cutoff/复试线文本；cutoff/多学院/方向明细；cutoff/线证据等级；等 4 项[EB/OL]. (2026-10-09)[2026-10-09]. https://www.ludengkaoyan.com/school39/qrz/zsml/16704.html
S0786,www.ludengkaoyan.com,国防科技大学 2025 cutoff/复试线文本；cutoff/多学院/方向明细；cutoff/线证据等级；等 4 项,scope_description_not_original_page_title,国防科技大学,2025,cutoff/复试线文本；cutoff/多学院/方向明细；cutoff/线证据等级；cutoff/选择数值,web_page,unclassified_web,逐字段校年台账,failed,404.0,2026-10-09,https://www.ludengkaoyan.com/school39/qrz/zsml/230622.html,[S0786] www.ludengkaoyan.com. 国防科技大学 2025 cutoff/复试线文本；cutoff/多学院/方向明细；cutoff/线证据等级；等 4 项[EB/OL]. (2026-10-09)[2026-10-09]. https://www.ludengkaoyan.com/school39/qrz/zsml/230622.html
S0787,www.ludengkaoyan.com,国防科技大学 2026 cutoff/复试线文本；cutoff/多学院/方向明细；cutoff/线证据等级；等 4 项,scope_description_not_original_page_title,国防科技大学,2026,cutoff/复试线文本；cutoff/多学院/方向明细；cutoff/线证据等级；cutoff/选择数值,web_page,unclassified_web,逐字段校年台账,failed,404.0,2026-10-09,https://www.ludengkaoyan.com/school39/qrz/zsml/358477.html,[S0787] www.ludengkaoyan.com. 国防科技大学 2026 cutoff/复试线文本；cutoff/多学院/方向明细；cutoff/线证据等级；等 4 项[EB/OL]. (2026-10-09)[2026-10-09]. https://www.ludengkaoyan.com/school39/qrz/zsml/358477.html
S0788,www.ludengkaoyan.com,北京交通大学 2024 cutoff/复试线文本；cutoff/多学院/方向明细；cutoff/线证据等级；等 4 项,scope_description_not_original_page_title,北京交通大学,2024,cutoff/复试线文本；cutoff/多学院/方向明细；cutoff/线证据等级；cutoff/选择数值,web_page,unclassified_web,逐字段校年台账,failed,404.0,2026-10-09,https://www.ludengkaoyan.com/school40/qrz/zsml/112.html,[S0788] www.ludengkaoyan.com. 北京交通大学 2024 cutoff/复试线文本；cutoff/多学院/方向明细；cutoff/线证据等级；等 4 项[EB/OL]. (2026-10-09)[2026-10-09]. https://www.ludengkaoyan.com/school40/qrz/zsml/112.html
S0789,www.ludengkaoyan.com,北京交通大学 2025 cutoff/复试线文本；cutoff/多学院/方向明细；cutoff/线证据等级；等 4 项,scope_description_not_original_page_title,北京交通大学,2025,cutoff/复试线文本；cutoff/多学院/方向明细；cutoff/线证据等级；cutoff/选择数值,web_page,unclassified_web,逐字段校年台账,failed,404.0,2026-10-09,https://www.ludengkaoyan.com/school40/qrz/zsml/138731.html,[S0789] www.ludengkaoyan.com. 北京交通大学 2025 cutoff/复试线文本；cutoff/多学院/方向明细；cutoff/线证据等级；等 4 项[EB/OL]. (2026-10-09)[2026-10-09]. https://www.ludengkaoyan.com/school40/qrz/zsml/138731.html
S0790,www.ludengkaoyan.com,北京工业大学 2024 cutoff/复试线文本；cutoff/多学院/方向明细；cutoff/线证据等级；等 4 项,scope_description_not_original_page_title,北京工业大学,2024,cutoff/复试线文本；cutoff/多学院/方向明细；cutoff/线证据等级；cutoff/选择数值,web_page,unclassified_web,逐字段校年台账,failed,404.0,2026-10-09,https://www.ludengkaoyan.com/school41/qrz/zsml/121.html,[S0790] www.ludengkaoyan.com. 北京工业大学 2024 cutoff/复试线文本；cutoff/多学院/方向明细；cutoff/线证据等级；等 4 项[EB/OL]. (2026-10-09)[2026-10-09]. https://www.ludengkaoyan.com/school41/qrz/zsml/121.html
S0791,www.ludengkaoyan.com,北京工业大学 2026 cutoff/复试线文本；cutoff/多学院/方向明细；cutoff/线证据等级；等 4 项,scope_description_not_original_page_title,北京工业大学,2026,cutoff/复试线文本；cutoff/多学院/方向明细；cutoff/线证据等级；cutoff/选择数值,web_page,unclassified_web,逐字段校年台账,failed,404.0,2026-10-09,https://www.ludengkaoyan.com/school41/qrz/zsml/269235.html,[S0791] www.ludengkaoyan.com. 北京工业大学 2026 cutoff/复试线文本；cutoff/多学院/方向明细；cutoff/线证据等级；等 4 项[EB/OL]. (2026-10-09)[2026-10-09]. https://www.ludengkaoyan.com/school41/qrz/zsml/269235.html
S0792,www.ludengkaoyan.com,北京林业大学 2024 cutoff/复试线文本；cutoff/多学院/方向明细；cutoff/线证据等级；等 4 项,scope_description_not_original_page_title,北京林业大学,2024,cutoff/复试线文本；cutoff/多学院/方向明细；cutoff/线证据等级；cutoff/选择数值,web_page,unclassified_web,逐字段校年台账,failed,404.0,2026-10-09,https://www.ludengkaoyan.com/school45/qrz/zsml/132.html,[S0792] www.ludengkaoyan.com. 北京林业大学 2024 cutoff/复试线文本；cutoff/多学院/方向明细；cutoff/线证据等级；等 4 项[EB/OL]. (2026-10-09)[2026-10-09]. https://www.ludengkaoyan.com/school45/qrz/zsml/132.html
S0793,www.ludengkaoyan.com,北京林业大学 2025 cutoff/复试线文本；cutoff/多学院/方向明细；cutoff/线证据等级；等 4 项,scope_description_not_original_page_title,北京林业大学,2025,cutoff/复试线文本；cutoff/多学院/方向明细；cutoff/线证据等级；cutoff/选择数值,web_page,unclassified_web,逐字段校年台账,failed,404.0,2026-10-09,https://www.ludengkaoyan.com/school45/qrz/zsml/141982.html,[S0793] www.ludengkaoyan.com. 北京林业大学 2025 cutoff/复试线文本；cutoff/多学院/方向明细；cutoff/线证据等级；等 4 项[EB/OL]. (2026-10-09)[2026-10-09]. https://www.ludengkaoyan.com/school45/qrz/zsml/141982.html
S0794,www.ludengkaoyan.com,北京林业大学 2026 cutoff/复试线文本；cutoff/多学院/方向明细；cutoff/线证据等级；等 4 项,scope_description_not_original_page_title,北京林业大学,2026,cutoff/复试线文本；cutoff/多学院/方向明细；cutoff/线证据等级；cutoff/选择数值,web_page,unclassified_web,逐字段校年台账,failed,404.0,2026-10-09,https://www.ludengkaoyan.com/school45/qrz/zsml/272230.html,[S0794] www.ludengkaoyan.com. 北京林业大学 2026 cutoff/复试线文本；cutoff/多学院/方向明细；cutoff/线证据等级；等 4 项[EB/OL]. (2026-10-09)[2026-10-09]. https://www.ludengkaoyan.com/school45/qrz/zsml/272230.html
S0795,www.ludengkaoyan.com,中央财经大学 2024 cutoff/复试线文本；cutoff/多学院/方向明细；cutoff/线证据等级；等 4 项,scope_description_not_original_page_title,中央财经大学,2024,cutoff/复试线文本；cutoff/多学院/方向明细；cutoff/线证据等级；cutoff/选择数值,web_page,unclassified_web,逐字段校年台账,failed,404.0,2026-10-09,https://www.ludengkaoyan.com/school49/qrz/zsml/140.html,[S0795] www.ludengkaoyan.com. 中央财经大学 2024 cutoff/复试线文本；cutoff/多学院/方向明细；cutoff/线证据等级；等 4 项[EB/OL]. (2026-10-09)[2026-10-09]. https://www.ludengkaoyan.com/school49/qrz/zsml/140.html
S0796,www.ludengkaoyan.com,中央财经大学 2025 cutoff/复试线文本；cutoff/多学院/方向明细；cutoff/线证据等级；等 4 项,scope_description_not_original_page_title,中央财经大学,2025,cutoff/复试线文本；cutoff/多学院/方向明细；cutoff/线证据等级；cutoff/选择数值,web_page,unclassified_web,逐字段校年台账,failed,404.0,2026-10-09,https://www.ludengkaoyan.com/school49/qrz/zsml/144909.html,[S0796] www.ludengkaoyan.com. 中央财经大学 2025 cutoff/复试线文本；cutoff/多学院/方向明细；cutoff/线证据等级；等 4 项[EB/OL]. (2026-10-09)[2026-10-09]. https://www.ludengkaoyan.com/school49/qrz/zsml/144909.html
S0797,www.ludengkaoyan.com,中央财经大学 2026 cutoff/复试线文本；cutoff/多学院/方向明细；cutoff/线证据等级；等 4 项,scope_description_not_original_page_title,中央财经大学,2026,cutoff/复试线文本；cutoff/多学院/方向明细；cutoff/线证据等级；cutoff/选择数值,web_page,unclassified_web,逐字段校年台账,failed,404.0,2026-10-09,https://www.ludengkaoyan.com/school49/qrz/zsml/275141.html,[S0797] www.ludengkaoyan.com. 中央财经大学 2026 cutoff/复试线文本；cutoff/多学院/方向明细；cutoff/线证据等级；等 4 项[EB/OL]. (2026-10-09)[2026-10-09]. https://www.ludengkaoyan.com/school49/qrz/zsml/275141.html
S0798,www.ludengkaoyan.com,对外经济贸易大学 2024 cutoff/复试线文本；cutoff/多学院/方向明细；cutoff/线证据等级；等 4 项,scope_description_not_original_page_title,对外经济贸易大学,2024,cutoff/复试线文本；cutoff/多学院/方向明细；cutoff/线证据等级；cutoff/选择数值,web_page,unclassified_web,逐字段校年台账,failed,404.0,2026-10-09,https://www.ludengkaoyan.com/school50/qrz/zsml/143.html,[S0798] www.ludengkaoyan.com. 对外经济贸易大学 2024 cutoff/复试线文本；cutoff/多学院/方向明细；cutoff/线证据等级；等 4 项[EB/OL]. (2026-10-09)[2026-10-09]. https://www.ludengkaoyan.com/school50/qrz/zsml/143.html
S0799,www.ludengkaoyan.com,对外经济贸易大学 2025 cutoff/复试线文本；cutoff/多学院/方向明细；cutoff/线证据等级；等 4 项,scope_description_not_original_page_title,对外经济贸易大学,2025,cutoff/复试线文本；cutoff/多学院/方向明细；cutoff/线证据等级；cutoff/选择数值,web_page,unclassified_web,逐字段校年台账,failed,404.0,2026-10-09,https://www.ludengkaoyan.com/school50/qrz/zsml/145161.html,[S0799] www.ludengkaoyan.com. 对外经济贸易大学 2025 cutoff/复试线文本；cutoff/多学院/方向明细；cutoff/线证据等级；等 4 项[EB/OL]. (2026-10-09)[2026-10-09]. https://www.ludengkaoyan.com/school50/qrz/zsml/145161.html
S0800,www.ludengkaoyan.com,对外经济贸易大学 2026 cutoff/复试线文本；cutoff/多学院/方向明细；cutoff/线证据等级；等 4 项,scope_description_not_original_page_title,对外经济贸易大学,2026,cutoff/复试线文本；cutoff/多学院/方向明细；cutoff/线证据等级；cutoff/选择数值,web_page,unclassified_web,逐字段校年台账,failed,404.0,2026-10-09,https://www.ludengkaoyan.com/school50/qrz/zsml/275348.html,[S0800] www.ludengkaoyan.com. 对外经济贸易大学 2026 cutoff/复试线文本；cutoff/多学院/方向明细；cutoff/线证据等级；等 4 项[EB/OL]. (2026-10-09)[2026-10-09]. https://www.ludengkaoyan.com/school50/qrz/zsml/275348.html
S0801,www.ludengkaoyan.com,华北电力大学 2025 cutoff/复试线文本；cutoff/多学院/方向明细；cutoff/线证据等级；等 4 项,scope_description_not_original_page_title,华北电力大学,2025,cutoff/复试线文本；cutoff/多学院/方向明细；cutoff/线证据等级；cutoff/选择数值,web_page,unclassified_web,逐字段校年台账,failed,404.0,2026-10-09,https://www.ludengkaoyan.com/school56/qrz/zsml/157596.html,[S0801] www.ludengkaoyan.com. 华北电力大学 2025 cutoff/复试线文本；cutoff/多学院/方向明细；cutoff/线证据等级；等 4 项[EB/OL]. (2026-10-09)[2026-10-09]. https://www.ludengkaoyan.com/school56/qrz/zsml/157596.html
S0802,www.ludengkaoyan.com,华北电力大学 2024 cutoff/复试线文本；cutoff/多学院/方向明细；cutoff/线证据等级；等 4 项,scope_description_not_original_page_title,华北电力大学,2024,cutoff/复试线文本；cutoff/多学院/方向明细；cutoff/线证据等级；cutoff/选择数值,web_page,unclassified_web,逐字段校年台账,failed,404.0,2026-10-09,https://www.ludengkaoyan.com/school56/qrz/zsml/181.html,[S0802] www.ludengkaoyan.com. 华北电力大学 2024 cutoff/复试线文本；cutoff/多学院/方向明细；cutoff/线证据等级；等 4 项[EB/OL]. (2026-10-09)[2026-10-09]. https://www.ludengkaoyan.com/school56/qrz/zsml/181.html
S0803,www.ludengkaoyan.com,华北电力大学 2026 cutoff/复试线文本；cutoff/多学院/方向明细；cutoff/线证据等级；等 4 项,scope_description_not_original_page_title,华北电力大学,2026,cutoff/复试线文本；cutoff/多学院/方向明细；cutoff/线证据等级；cutoff/选择数值,web_page,unclassified_web,逐字段校年台账,failed,404.0,2026-10-09,https://www.ludengkaoyan.com/school56/qrz/zsml/393670.html,[S0803] www.ludengkaoyan.com. 华北电力大学 2026 cutoff/复试线文本；cutoff/多学院/方向明细；cutoff/线证据等级；等 4 项[EB/OL]. (2026-10-09)[2026-10-09]. https://www.ludengkaoyan.com/school56/qrz/zsml/393670.html
S0804,www.ludengkaoyan.com,河北工业大学 2025 cutoff/复试线文本；cutoff/多学院/方向明细；cutoff/线证据等级；等 4 项,scope_description_not_original_page_title,河北工业大学,2025,cutoff/复试线文本；cutoff/多学院/方向明细；cutoff/线证据等级；cutoff/选择数值,web_page,unclassified_web,逐字段校年台账,failed,404.0,2026-10-09,https://www.ludengkaoyan.com/school57/qrz/zsml/157953.html,[S0804] www.ludengkaoyan.com. 河北工业大学 2025 cutoff/复试线文本；cutoff/多学院/方向明细；cutoff/线证据等级；等 4 项[EB/OL]. (2026-10-09)[2026-10-09]. https://www.ludengkaoyan.com/school57/qrz/zsml/157953.html
S0805,www.ludengkaoyan.com,河北工业大学 2024 cutoff/复试线文本；cutoff/多学院/方向明细；cutoff/线证据等级；等 4 项,scope_description_not_original_page_title,河北工业大学,2024,cutoff/复试线文本；cutoff/多学院/方向明细；cutoff/线证据等级；cutoff/选择数值,web_page,unclassified_web,逐字段校年台账,failed,404.0,2026-10-09,https://www.ludengkaoyan.com/school57/qrz/zsml/195.html,[S0805] www.ludengkaoyan.com. 河北工业大学 2024 cutoff/复试线文本；cutoff/多学院/方向明细；cutoff/线证据等级；等 4 项[EB/OL]. (2026-10-09)[2026-10-09]. https://www.ludengkaoyan.com/school57/qrz/zsml/195.html
S0806,www.ludengkaoyan.com,河北工业大学 2026 cutoff/复试线文本；cutoff/多学院/方向明细；cutoff/线证据等级；等 4 项,scope_description_not_original_page_title,河北工业大学,2026,cutoff/复试线文本；cutoff/多学院/方向明细；cutoff/线证据等级；cutoff/选择数值,web_page,unclassified_web,逐字段校年台账,failed,404.0,2026-10-09,https://www.ludengkaoyan.com/school57/qrz/zsml/288816.html,[S0806] www.ludengkaoyan.com. 河北工业大学 2026 cutoff/复试线文本；cutoff/多学院/方向明细；cutoff/线证据等级；等 4 项[EB/OL]. (2026-10-09)[2026-10-09]. https://www.ludengkaoyan.com/school57/qrz/zsml/288816.html
S0807,www.ludengkaoyan.com,太原理工大学 2025 cutoff/复试线文本；cutoff/多学院/方向明细；cutoff/线证据等级；等 4 项,scope_description_not_original_page_title,太原理工大学,2025,cutoff/复试线文本；cutoff/多学院/方向明细；cutoff/线证据等级；cutoff/选择数值,web_page,unclassified_web,逐字段校年台账,failed,404.0,2026-10-09,https://www.ludengkaoyan.com/school58/qrz/zsml/160822.html,[S0807] www.ludengkaoyan.com. 太原理工大学 2025 cutoff/复试线文本；cutoff/多学院/方向明细；cutoff/线证据等级；等 4 项[EB/OL]. (2026-10-09)[2026-10-09]. https://www.ludengkaoyan.com/school58/qrz/zsml/160822.html
S0808,www.ludengkaoyan.com,太原理工大学 2024 cutoff/复试线文本；cutoff/多学院/方向明细；cutoff/线证据等级；等 4 项,scope_description_not_original_page_title,太原理工大学,2024,cutoff/复试线文本；cutoff/多学院/方向明细；cutoff/线证据等级；cutoff/选择数值,web_page,unclassified_web,逐字段校年台账,failed,404.0,2026-10-09,https://www.ludengkaoyan.com/school58/qrz/zsml/16402.html,[S0808] www.ludengkaoyan.com. 太原理工大学 2024 cutoff/复试线文本；cutoff/多学院/方向明细；cutoff/线证据等级；等 4 项[EB/OL]. (2026-10-09)[2026-10-09]. https://www.ludengkaoyan.com/school58/qrz/zsml/16402.html
S0809,www.ludengkaoyan.com,内蒙古大学 2024 cutoff/复试线文本；cutoff/多学院/方向明细；cutoff/线证据等级；等 4 项,scope_description_not_original_page_title,内蒙古大学,2024,cutoff/复试线文本；cutoff/多学院/方向明细；cutoff/线证据等级；cutoff/选择数值,web_page,unclassified_web,逐字段校年台账,failed,404.0,2026-10-09,https://www.ludengkaoyan.com/school59/qrz/zsml/16408.html,[S0809] www.ludengkaoyan.com. 内蒙古大学 2024 cutoff/复试线文本；cutoff/多学院/方向明细；cutoff/线证据等级；等 4 项[EB/OL]. (2026-10-09)[2026-10-09]. https://www.ludengkaoyan.com/school59/qrz/zsml/16408.html
S0810,www.ludengkaoyan.com,内蒙古大学 2025 cutoff/复试线文本；cutoff/多学院/方向明细；cutoff/线证据等级；等 4 项,scope_description_not_original_page_title,内蒙古大学,2025,cutoff/复试线文本；cutoff/多学院/方向明细；cutoff/线证据等级；cutoff/选择数值,web_page,unclassified_web,逐字段校年台账,failed,404.0,2026-10-09,https://www.ludengkaoyan.com/school59/qrz/zsml/251700.html,[S0810] www.ludengkaoyan.com. 内蒙古大学 2025 cutoff/复试线文本；cutoff/多学院/方向明细；cutoff/线证据等级；等 4 项[EB/OL]. (2026-10-09)[2026-10-09]. https://www.ludengkaoyan.com/school59/qrz/zsml/251700.html
S0811,www.ludengkaoyan.com,内蒙古大学 2026 cutoff/复试线文本；cutoff/多学院/方向明细；cutoff/线证据等级；等 4 项,scope_description_not_original_page_title,内蒙古大学,2026,cutoff/复试线文本；cutoff/多学院/方向明细；cutoff/线证据等级；cutoff/选择数值,web_page,unclassified_web,逐字段校年台账,failed,404.0,2026-10-09,https://www.ludengkaoyan.com/school59/qrz/zsml/378828.html,[S0811] www.ludengkaoyan.com. 内蒙古大学 2026 cutoff/复试线文本；cutoff/多学院/方向明细；cutoff/线证据等级；等 4 项[EB/OL]. (2026-10-09)[2026-10-09]. https://www.ludengkaoyan.com/school59/qrz/zsml/378828.html
S0812,www.ludengkaoyan.com,辽宁大学 2025 cutoff/复试线文本；cutoff/多学院/方向明细；cutoff/线证据等级；等 4 项,scope_description_not_original_page_title,辽宁大学,2025,cutoff/复试线文本；cutoff/多学院/方向明细；cutoff/线证据等级；cutoff/选择数值,web_page,unclassified_web,逐字段校年台账,failed,404.0,2026-10-09,https://www.ludengkaoyan.com/school60/qrz/zsml/162085.html,[S0812] www.ludengkaoyan.com. 辽宁大学 2025 cutoff/复试线文本；cutoff/多学院/方向明细；cutoff/线证据等级；等 4 项[EB/OL]. (2026-10-09)[2026-10-09]. https://www.ludengkaoyan.com/school60/qrz/zsml/162085.html
S0813,www.ludengkaoyan.com,辽宁大学 2024 cutoff/复试线文本；cutoff/多学院/方向明细；cutoff/线证据等级；等 4 项,scope_description_not_original_page_title,辽宁大学,2024,cutoff/复试线文本；cutoff/多学院/方向明细；cutoff/线证据等级；cutoff/选择数值,web_page,unclassified_web,逐字段校年台账,failed,404.0,2026-10-09,https://www.ludengkaoyan.com/school60/qrz/zsml/16414.html,[S0813] www.ludengkaoyan.com. 辽宁大学 2024 cutoff/复试线文本；cutoff/多学院/方向明细；cutoff/线证据等级；等 4 项[EB/OL]. (2026-10-09)[2026-10-09]. https://www.ludengkaoyan.com/school60/qrz/zsml/16414.html
S0814,www.ludengkaoyan.com,辽宁大学 2026 cutoff/复试线文本；cutoff/多学院/方向明细；cutoff/线证据等级；等 4 项,scope_description_not_original_page_title,辽宁大学,2026,cutoff/复试线文本；cutoff/多学院/方向明细；cutoff/线证据等级；cutoff/选择数值,web_page,unclassified_web,逐字段校年台账,failed,404.0,2026-10-09,https://www.ludengkaoyan.com/school60/qrz/zsml/291880.html,[S0814] www.ludengkaoyan.com. 辽宁大学 2026 cutoff/复试线文本；cutoff/多学院/方向明细；cutoff/线证据等级；等 4 项[EB/OL]. (2026-10-09)[2026-10-09]. https://www.ludengkaoyan.com/school60/qrz/zsml/291880.html
S0815,www.ludengkaoyan.com,延边大学 2024 cutoff/复试线文本；cutoff/多学院/方向明细；cutoff/线证据等级；等 4 项,scope_description_not_original_page_title,延边大学,2024,cutoff/复试线文本；cutoff/多学院/方向明细；cutoff/线证据等级；cutoff/选择数值,web_page,unclassified_web,逐字段校年台账,failed,404.0,2026-10-09,https://www.ludengkaoyan.com/school62/qrz/zsml/16428.html,[S0815] www.ludengkaoyan.com. 延边大学 2024 cutoff/复试线文本；cutoff/多学院/方向明细；cutoff/线证据等级；等 4 项[EB/OL]. (2026-10-09)[2026-10-09]. https://www.ludengkaoyan.com/school62/qrz/zsml/16428.html
S0816,www.ludengkaoyan.com,延边大学 2025 cutoff/复试线文本；cutoff/多学院/方向明细；cutoff/线证据等级；等 4 项,scope_description_not_original_page_title,延边大学,2025,cutoff/复试线文本；cutoff/多学院/方向明细；cutoff/线证据等级；cutoff/选择数值,web_page,unclassified_web,逐字段校年台账,failed,404.0,2026-10-09,https://www.ludengkaoyan.com/school62/qrz/zsml/168310.html,[S0816] www.ludengkaoyan.com. 延边大学 2025 cutoff/复试线文本；cutoff/多学院/方向明细；cutoff/线证据等级；等 4 项[EB/OL]. (2026-10-09)[2026-10-09]. https://www.ludengkaoyan.com/school62/qrz/zsml/168310.html
S0817,www.ludengkaoyan.com,延边大学 2026 cutoff/复试线文本；cutoff/多学院/方向明细；cutoff/线证据等级；等 4 项,scope_description_not_original_page_title,延边大学,2026,cutoff/复试线文本；cutoff/多学院/方向明细；cutoff/线证据等级；cutoff/选择数值,web_page,unclassified_web,逐字段校年台账,failed,404.0,2026-10-09,https://www.ludengkaoyan.com/school62/qrz/zsml/298560.html,[S0817] www.ludengkaoyan.com. 延边大学 2026 cutoff/复试线文本；cutoff/多学院/方向明细；cutoff/线证据等级；等 4 项[EB/OL]. (2026-10-09)[2026-10-09]. https://www.ludengkaoyan.com/school62/qrz/zsml/298560.html
S0818,www.ludengkaoyan.com,东北师范大学 2024 cutoff/复试线文本；cutoff/多学院/方向明细；cutoff/线证据等级；等 4 项,scope_description_not_original_page_title,东北师范大学,2024,cutoff/复试线文本；cutoff/多学院/方向明细；cutoff/线证据等级；cutoff/选择数值,web_page,unclassified_web,逐字段校年台账,failed,404.0,2026-10-09,https://www.ludengkaoyan.com/school63/qrz/zsml/16436.html,[S0818] www.ludengkaoyan.com. 东北师范大学 2024 cutoff/复试线文本；cutoff/多学院/方向明细；cutoff/线证据等级；等 4 项[EB/OL]. (2026-10-09)[2026-10-09]. https://www.ludengkaoyan.com/school63/qrz/zsml/16436.html
S0819,www.ludengkaoyan.com,东北师范大学 2025 cutoff/复试线文本；cutoff/多学院/方向明细；cutoff/线证据等级；等 4 项,scope_description_not_original_page_title,东北师范大学,2025,cutoff/复试线文本；cutoff/多学院/方向明细；cutoff/线证据等级；cutoff/选择数值,web_page,unclassified_web,逐字段校年台账,failed,404.0,2026-10-09,https://www.ludengkaoyan.com/school63/qrz/zsml/169778.html,[S0819] www.ludengkaoyan.com. 东北师范大学 2025 cutoff/复试线文本；cutoff/多学院/方向明细；cutoff/线证据等级；等 4 项[EB/OL]. (2026-10-09)[2026-10-09]. https://www.ludengkaoyan.com/school63/qrz/zsml/169778.html
S0820,www.ludengkaoyan.com,东北师范大学 2026 cutoff/复试线文本；cutoff/多学院/方向明细；cutoff/线证据等级；等 4 项,scope_description_not_original_page_title,东北师范大学,2026,cutoff/复试线文本；cutoff/多学院/方向明细；cutoff/线证据等级；cutoff/选择数值,web_page,unclassified_web,逐字段校年台账,failed,404.0,2026-10-09,https://www.ludengkaoyan.com/school63/qrz/zsml/300551.html,[S0820] www.ludengkaoyan.com. 东北师范大学 2026 cutoff/复试线文本；cutoff/多学院/方向明细；cutoff/线证据等级；等 4 项[EB/OL]. (2026-10-09)[2026-10-09]. https://www.ludengkaoyan.com/school63/qrz/zsml/300551.html
S0821,www.ludengkaoyan.com,东北农业大学 2025 cutoff/复试线文本；cutoff/多学院/方向明细；cutoff/线证据等级；等 4 项,scope_description_not_original_page_title,东北农业大学,2025,cutoff/复试线文本；cutoff/多学院/方向明细；cutoff/线证据等级；cutoff/选择数值,web_page,unclassified_web,逐字段校年台账,failed,404.0,2026-10-09,https://www.ludengkaoyan.com/school65/qrz/zsml/172218.html,[S0821] www.ludengkaoyan.com. 东北农业大学 2025 cutoff/复试线文本；cutoff/多学院/方向明细；cutoff/线证据等级；等 4 项[EB/OL]. (2026-10-09)[2026-10-09]. https://www.ludengkaoyan.com/school65/qrz/zsml/172218.html
S0822,www.ludengkaoyan.com,东北农业大学 2026 cutoff/复试线文本；cutoff/多学院/方向明细；cutoff/线证据等级；等 4 项,scope_description_not_original_page_title,东北农业大学,2026,cutoff/复试线文本；cutoff/多学院/方向明细；cutoff/线证据等级；cutoff/选择数值,web_page,unclassified_web,逐字段校年台账,failed,404.0,2026-10-09,https://www.ludengkaoyan.com/school65/qrz/zsml/302625.html,[S0822] www.ludengkaoyan.com. 东北农业大学 2026 cutoff/复试线文本；cutoff/多学院/方向明细；cutoff/线证据等级；等 4 项[EB/OL]. (2026-10-09)[2026-10-09]. https://www.ludengkaoyan.com/school65/qrz/zsml/302625.html
S0823,www.ludengkaoyan.com,东北林业大学 2024 cutoff/复试线文本；cutoff/多学院/方向明细；cutoff/线证据等级；等 4 项,scope_description_not_original_page_title,东北林业大学,2024,cutoff/复试线文本；cutoff/多学院/方向明细；cutoff/线证据等级；cutoff/选择数值,web_page,unclassified_web,逐字段校年台账,failed,404.0,2026-10-09,https://www.ludengkaoyan.com/school66/qrz/zsml/16441.html,[S0823] www.ludengkaoyan.com. 东北林业大学 2024 cutoff/复试线文本；cutoff/多学院/方向明细；cutoff/线证据等级；等 4 项[EB/OL]. (2026-10-09)[2026-10-09]. https://www.ludengkaoyan.com/school66/qrz/zsml/16441.html
S0824,www.ludengkaoyan.com,东北林业大学 2025 cutoff/复试线文本；cutoff/多学院/方向明细；cutoff/线证据等级；等 4 项,scope_description_not_original_page_title,东北林业大学,2025,cutoff/复试线文本；cutoff/多学院/方向明细；cutoff/线证据等级；cutoff/选择数值,web_page,unclassified_web,逐字段校年台账,failed,404.0,2026-10-09,https://www.ludengkaoyan.com/school66/qrz/zsml/172198.html,[S0824] www.ludengkaoyan.com. 东北林业大学 2025 cutoff/复试线文本；cutoff/多学院/方向明细；cutoff/线证据等级；等 4 项[EB/OL]. (2026-10-09)[2026-10-09]. https://www.ludengkaoyan.com/school66/qrz/zsml/172198.html
S0825,www.ludengkaoyan.com,东北林业大学 2026 cutoff/复试线文本；cutoff/多学院/方向明细；cutoff/线证据等级；等 4 项,scope_description_not_original_page_title,东北林业大学,2026,cutoff/复试线文本；cutoff/多学院/方向明细；cutoff/线证据等级；cutoff/选择数值,web_page,unclassified_web,逐字段校年台账,failed,404.0,2026-10-09,https://www.ludengkaoyan.com/school66/qrz/zsml/302749.html,[S0825] www.ludengkaoyan.com. 东北林业大学 2026 cutoff/复试线文本；cutoff/多学院/方向明细；cutoff/线证据等级；等 4 项[EB/OL]. (2026-10-09)[2026-10-09]. https://www.ludengkaoyan.com/school66/qrz/zsml/302749.html
S0826,www.ludengkaoyan.com,华东理工大学 2025 cutoff/复试线文本；cutoff/多学院/方向明细；cutoff/线证据等级；等 4 项,scope_description_not_original_page_title,华东理工大学,2025,cutoff/复试线文本；cutoff/多学院/方向明细；cutoff/线证据等级；cutoff/选择数值,web_page,unclassified_web,逐字段校年台账,failed,404.0,2026-10-09,https://www.ludengkaoyan.com/school67/qrz/zsml/176066.html,[S0826] www.ludengkaoyan.com. 华东理工大学 2025 cutoff/复试线文本；cutoff/多学院/方向明细；cutoff/线证据等级；等 4 项[EB/OL]. (2026-10-09)[2026-10-09]. https://www.ludengkaoyan.com/school67/qrz/zsml/176066.html
S0827,www.ludengkaoyan.com,华东理工大学 2026 cutoff/复试线文本；cutoff/多学院/方向明细；cutoff/线证据等级；等 4 项,scope_description_not_original_page_title,华东理工大学,2026,cutoff/复试线文本；cutoff/多学院/方向明细；cutoff/线证据等级；cutoff/选择数值,web_page,unclassified_web,逐字段校年台账,failed,404.0,2026-10-09,https://www.ludengkaoyan.com/school67/qrz/zsml/306114.html,[S0827] www.ludengkaoyan.com. 华东理工大学 2026 cutoff/复试线文本；cutoff/多学院/方向明细；cutoff/线证据等级；等 4 项[EB/OL]. (2026-10-09)[2026-10-09]. https://www.ludengkaoyan.com/school67/qrz/zsml/306114.html
S0828,www.ludengkaoyan.com,东华大学 2024 cutoff/复试线文本；cutoff/多学院/方向明细；cutoff/线证据等级；等 4 项,scope_description_not_original_page_title,东华大学,2024,cutoff/复试线文本；cutoff/多学院/方向明细；cutoff/线证据等级；cutoff/选择数值,web_page,unclassified_web,逐字段校年台账,failed,404.0,2026-10-09,https://www.ludengkaoyan.com/school68/qrz/zsml/16467.html,[S0828] www.ludengkaoyan.com. 东华大学 2024 cutoff/复试线文本；cutoff/多学院/方向明细；cutoff/线证据等级；等 4 项[EB/OL]. (2026-10-09)[2026-10-09]. https://www.ludengkaoyan.com/school68/qrz/zsml/16467.html
S0829,www.ludengkaoyan.com,东华大学 2025 cutoff/复试线文本；cutoff/多学院/方向明细；cutoff/线证据等级；等 4 项,scope_description_not_original_page_title,东华大学,2025,cutoff/复试线文本；cutoff/多学院/方向明细；cutoff/线证据等级；cutoff/选择数值,web_page,unclassified_web,逐字段校年台账,failed,404.0,2026-10-09,https://www.ludengkaoyan.com/school68/qrz/zsml/176851.html,[S0829] www.ludengkaoyan.com. 东华大学 2025 cutoff/复试线文本；cutoff/多学院/方向明细；cutoff/线证据等级；等 4 项[EB/OL]. (2026-10-09)[2026-10-09]. https://www.ludengkaoyan.com/school68/qrz/zsml/176851.html
S0830,www.ludengkaoyan.com,东华大学 2026 cutoff/复试线文本；cutoff/多学院/方向明细；cutoff/线证据等级；等 4 项,scope_description_not_original_page_title,东华大学,2026,cutoff/复试线文本；cutoff/多学院/方向明细；cutoff/线证据等级；cutoff/选择数值,web_page,unclassified_web,逐字段校年台账,failed,404.0,2026-10-09,https://www.ludengkaoyan.com/school68/qrz/zsml/307127.html,[S0830] www.ludengkaoyan.com. 东华大学 2026 cutoff/复试线文本；cutoff/多学院/方向明细；cutoff/线证据等级；等 4 项[EB/OL]. (2026-10-09)[2026-10-09]. https://www.ludengkaoyan.com/school68/qrz/zsml/307127.html
S0831,www.ludengkaoyan.com,北京师范大学 2024 cutoff/复试线文本；cutoff/多学院/方向明细；cutoff/线证据等级；等 4 项,scope_description_not_original_page_title,北京师范大学,2024,cutoff/复试线文本；cutoff/多学院/方向明细；cutoff/线证据等级；cutoff/选择数值,web_page,unclassified_web,逐字段校年台账,failed,404.0,2026-10-09,https://www.ludengkaoyan.com/school7/qrz/zsml/133.html,[S0831] www.ludengkaoyan.com. 北京师范大学 2024 cutoff/复试线文本；cutoff/多学院/方向明细；cutoff/线证据等级；等 4 项[EB/OL]. (2026-10-09)[2026-10-09]. https://www.ludengkaoyan.com/school7/qrz/zsml/133.html
S0832,www.ludengkaoyan.com,上海财经大学 2025 cutoff/复试线文本；cutoff/多学院/方向明细；cutoff/线证据等级；等 4 项,scope_description_not_original_page_title,上海财经大学,2025,cutoff/复试线文本；cutoff/多学院/方向明细；cutoff/线证据等级；cutoff/选择数值,web_page,unclassified_web,逐字段校年台账,failed,404.0,2026-10-09,https://www.ludengkaoyan.com/school70/qrz/zsml/179389.html,[S0832] www.ludengkaoyan.com. 上海财经大学 2025 cutoff/复试线文本；cutoff/多学院/方向明细；cutoff/线证据等级；等 4 项[EB/OL]. (2026-10-09)[2026-10-09]. https://www.ludengkaoyan.com/school70/qrz/zsml/179389.html
S0833,www.ludengkaoyan.com,上海财经大学 2026 cutoff/复试线文本；cutoff/多学院/方向明细；cutoff/线证据等级；等 4 项,scope_description_not_original_page_title,上海财经大学,2026,cutoff/复试线文本；cutoff/多学院/方向明细；cutoff/线证据等级；cutoff/选择数值,web_page,unclassified_web,逐字段校年台账,failed,404.0,2026-10-09,https://www.ludengkaoyan.com/school70/qrz/zsml/308856.html,[S0833] www.ludengkaoyan.com. 上海财经大学 2026 cutoff/复试线文本；cutoff/多学院/方向明细；cutoff/线证据等级；等 4 项[EB/OL]. (2026-10-09)[2026-10-09]. https://www.ludengkaoyan.com/school70/qrz/zsml/308856.html
S0834,www.ludengkaoyan.com,上海大学 2024 cutoff/复试线文本；cutoff/多学院/方向明细；cutoff/线证据等级；等 4 项,scope_description_not_original_page_title,上海大学,2024,cutoff/复试线文本；cutoff/多学院/方向明细；cutoff/线证据等级；cutoff/选择数值,web_page,unclassified_web,逐字段校年台账,failed,404.0,2026-10-09,https://www.ludengkaoyan.com/school71/qrz/zsml/16489.html,[S0834] www.ludengkaoyan.com. 上海大学 2024 cutoff/复试线文本；cutoff/多学院/方向明细；cutoff/线证据等级；等 4 项[EB/OL]. (2026-10-09)[2026-10-09]. https://www.ludengkaoyan.com/school71/qrz/zsml/16489.html
S0835,www.ludengkaoyan.com,上海大学 2025 cutoff/复试线文本；cutoff/多学院/方向明细；cutoff/线证据等级；等 4 项,scope_description_not_original_page_title,上海大学,2025,cutoff/复试线文本；cutoff/多学院/方向明细；cutoff/线证据等级；cutoff/选择数值,web_page,unclassified_web,逐字段校年台账,failed,404.0,2026-10-09,https://www.ludengkaoyan.com/school71/qrz/zsml/180809.html,[S0835] www.ludengkaoyan.com. 上海大学 2025 cutoff/复试线文本；cutoff/多学院/方向明细；cutoff/线证据等级；等 4 项[EB/OL]. (2026-10-09)[2026-10-09]. https://www.ludengkaoyan.com/school71/qrz/zsml/180809.html
S0836,www.ludengkaoyan.com,上海大学 2026 cutoff/复试线文本；cutoff/多学院/方向明细；cutoff/线证据等级；等 4 项,scope_description_not_original_page_title,上海大学,2026,cutoff/复试线文本；cutoff/多学院/方向明细；cutoff/线证据等级；cutoff/选择数值,web_page,unclassified_web,逐字段校年台账,failed,404.0,2026-10-09,https://www.ludengkaoyan.com/school71/qrz/zsml/309546.html,[S0836] www.ludengkaoyan.com. 上海大学 2026 cutoff/复试线文本；cutoff/多学院/方向明细；cutoff/线证据等级；等 4 项[EB/OL]. (2026-10-09)[2026-10-09]. https://www.ludengkaoyan.com/school71/qrz/zsml/309546.html
S0837,www.ludengkaoyan.com,苏州大学 2024 cutoff/复试线文本；cutoff/多学院/方向明细；cutoff/线证据等级；等 4 项,scope_description_not_original_page_title,苏州大学,2024,cutoff/复试线文本；cutoff/多学院/方向明细；cutoff/线证据等级；cutoff/选择数值,web_page,unclassified_web,逐字段校年台账,failed,404.0,2026-10-09,https://www.ludengkaoyan.com/school72/qrz/zsml/16496.html,[S0837] www.ludengkaoyan.com. 苏州大学 2024 cutoff/复试线文本；cutoff/多学院/方向明细；cutoff/线证据等级；等 4 项[EB/OL]. (2026-10-09)[2026-10-09]. https://www.ludengkaoyan.com/school72/qrz/zsml/16496.html
S0838,www.ludengkaoyan.com,苏州大学 2025 cutoff/复试线文本；cutoff/多学院/方向明细；cutoff/线证据等级；等 4 项,scope_description_not_original_page_title,苏州大学,2025,cutoff/复试线文本；cutoff/多学院/方向明细；cutoff/线证据等级；cutoff/选择数值,web_page,unclassified_web,逐字段校年台账,failed,404.0,2026-10-09,https://www.ludengkaoyan.com/school72/qrz/zsml/182105.html,[S0838] www.ludengkaoyan.com. 苏州大学 2025 cutoff/复试线文本；cutoff/多学院/方向明细；cutoff/线证据等级；等 4 项[EB/OL]. (2026-10-09)[2026-10-09]. https://www.ludengkaoyan.com/school72/qrz/zsml/182105.html
S0839,www.ludengkaoyan.com,苏州大学 2026 cutoff/复试线文本；cutoff/多学院/方向明细；cutoff/线证据等级；等 4 项,scope_description_not_original_page_title,苏州大学,2026,cutoff/复试线文本；cutoff/多学院/方向明细；cutoff/线证据等级；cutoff/选择数值,web_page,unclassified_web,逐字段校年台账,failed,404.0,2026-10-09,https://www.ludengkaoyan.com/school72/qrz/zsml/311391.html,[S0839] www.ludengkaoyan.com. 苏州大学 2026 cutoff/复试线文本；cutoff/多学院/方向明细；cutoff/线证据等级；等 4 项[EB/OL]. (2026-10-09)[2026-10-09]. https://www.ludengkaoyan.com/school72/qrz/zsml/311391.html
S0840,www.ludengkaoyan.com,南京航空航天大学 2025 cutoff/复试线文本；cutoff/多学院/方向明细；cutoff/线证据等级；等 4 项,scope_description_not_original_page_title,南京航空航天大学,2025,cutoff/复试线文本；cutoff/多学院/方向明细；cutoff/线证据等级；cutoff/选择数值,web_page,unclassified_web,逐字段校年台账,failed,404.0,2026-10-09,https://www.ludengkaoyan.com/school73/qrz/zsml/184361.html,[S0840] www.ludengkaoyan.com. 南京航空航天大学 2025 cutoff/复试线文本；cutoff/多学院/方向明细；cutoff/线证据等级；等 4 项[EB/OL]. (2026-10-09)[2026-10-09]. https://www.ludengkaoyan.com/school73/qrz/zsml/184361.html
S0841,www.ludengkaoyan.com,南京航空航天大学 2026 cutoff/复试线文本；cutoff/多学院/方向明细；cutoff/线证据等级；等 4 项,scope_description_not_original_page_title,南京航空航天大学,2026,cutoff/复试线文本；cutoff/多学院/方向明细；cutoff/线证据等级；cutoff/选择数值,web_page,unclassified_web,逐字段校年台账,failed,404.0,2026-10-09,https://www.ludengkaoyan.com/school73/qrz/zsml/312532.html,[S0841] www.ludengkaoyan.com. 南京航空航天大学 2026 cutoff/复试线文本；cutoff/多学院/方向明细；cutoff/线证据等级；等 4 项[EB/OL]. (2026-10-09)[2026-10-09]. https://www.ludengkaoyan.com/school73/qrz/zsml/312532.html
S0842,www.ludengkaoyan.com,南京理工大学 2025 cutoff/复试线文本；cutoff/多学院/方向明细；cutoff/线证据等级；等 4 项,scope_description_not_original_page_title,南京理工大学,2025,cutoff/复试线文本；cutoff/多学院/方向明细；cutoff/线证据等级；cutoff/选择数值,web_page,unclassified_web,逐字段校年台账,failed,404.0,2026-10-09,https://www.ludengkaoyan.com/school74/qrz/zsml/184654.html,[S0842] www.ludengkaoyan.com. 南京理工大学 2025 cutoff/复试线文本；cutoff/多学院/方向明细；cutoff/线证据等级；等 4 项[EB/OL]. (2026-10-09)[2026-10-09]. https://www.ludengkaoyan.com/school74/qrz/zsml/184654.html
S0843,www.ludengkaoyan.com,南京理工大学 2026 cutoff/复试线文本；cutoff/多学院/方向明细；cutoff/线证据等级；等 4 项,scope_description_not_original_page_title,南京理工大学,2026,cutoff/复试线文本；cutoff/多学院/方向明细；cutoff/线证据等级；cutoff/选择数值,web_page,unclassified_web,逐字段校年台账,failed,404.0,2026-10-09,https://www.ludengkaoyan.com/school74/qrz/zsml/313453.html,[S0843] www.ludengkaoyan.com. 南京理工大学 2026 cutoff/复试线文本；cutoff/多学院/方向明细；cutoff/线证据等级；等 4 项[EB/OL]. (2026-10-09)[2026-10-09]. https://www.ludengkaoyan.com/school74/qrz/zsml/313453.html
S0844,www.ludengkaoyan.com,河海大学 2024 cutoff/复试线文本；cutoff/多学院/方向明细；cutoff/线证据等级；等 4 项,scope_description_not_original_page_title,河海大学,2024,cutoff/复试线文本；cutoff/多学院/方向明细；cutoff/线证据等级；cutoff/选择数值,web_page,unclassified_web,逐字段校年台账,failed,404.0,2026-10-09,https://www.ludengkaoyan.com/school76/qrz/zsml/16516.html,[S0844] www.ludengkaoyan.com. 河海大学 2024 cutoff/复试线文本；cutoff/多学院/方向明细；cutoff/线证据等级；等 4 项[EB/OL]. (2026-10-09)[2026-10-09]. https://www.ludengkaoyan.com/school76/qrz/zsml/16516.html
S0845,www.ludengkaoyan.com,河海大学 2025 cutoff/复试线文本；cutoff/多学院/方向明细；cutoff/线证据等级；等 4 项,scope_description_not_original_page_title,河海大学,2025,cutoff/复试线文本；cutoff/多学院/方向明细；cutoff/线证据等级；cutoff/选择数值,web_page,unclassified_web,逐字段校年台账,failed,404.0,2026-10-09,https://www.ludengkaoyan.com/school76/qrz/zsml/186664.html,[S0845] www.ludengkaoyan.com. 河海大学 2025 cutoff/复试线文本；cutoff/多学院/方向明细；cutoff/线证据等级；等 4 项[EB/OL]. (2026-10-09)[2026-10-09]. https://www.ludengkaoyan.com/school76/qrz/zsml/186664.html
S0846,www.ludengkaoyan.com,河海大学 2026 cutoff/复试线文本；cutoff/多学院/方向明细；cutoff/线证据等级；等 4 项,scope_description_not_original_page_title,河海大学,2026,cutoff/复试线文本；cutoff/多学院/方向明细；cutoff/线证据等级；cutoff/选择数值,web_page,unclassified_web,逐字段校年台账,failed,404.0,2026-10-09,https://www.ludengkaoyan.com/school76/qrz/zsml/315105.html,[S0846] www.ludengkaoyan.com. 河海大学 2026 cutoff/复试线文本；cutoff/多学院/方向明细；cutoff/线证据等级；等 4 项[EB/OL]. (2026-10-09)[2026-10-09]. https://www.ludengkaoyan.com/school76/qrz/zsml/315105.html
S0847,www.ludengkaoyan.com,南京农业大学 2024 cutoff/复试线文本；cutoff/多学院/方向明细；cutoff/线证据等级；等 4 项,scope_description_not_original_page_title,南京农业大学,2024,cutoff/复试线文本；cutoff/多学院/方向明细；cutoff/线证据等级；cutoff/选择数值,web_page,unclassified_web,逐字段校年台账,failed,404.0,2026-10-09,https://www.ludengkaoyan.com/school78/qrz/zsml/16522.html,[S0847] www.ludengkaoyan.com. 南京农业大学 2024 cutoff/复试线文本；cutoff/多学院/方向明细；cutoff/线证据等级；等 4 项[EB/OL]. (2026-10-09)[2026-10-09]. https://www.ludengkaoyan.com/school78/qrz/zsml/16522.html
S0848,www.ludengkaoyan.com,南京农业大学 2025 cutoff/复试线文本；cutoff/多学院/方向明细；cutoff/线证据等级；等 4 项,scope_description_not_original_page_title,南京农业大学,2025,cutoff/复试线文本；cutoff/多学院/方向明细；cutoff/线证据等级；cutoff/选择数值,web_page,unclassified_web,逐字段校年台账,failed,404.0,2026-10-09,https://www.ludengkaoyan.com/school78/qrz/zsml/189036.html,[S0848] www.ludengkaoyan.com. 南京农业大学 2025 cutoff/复试线文本；cutoff/多学院/方向明细；cutoff/线证据等级；等 4 项[EB/OL]. (2026-10-09)[2026-10-09]. https://www.ludengkaoyan.com/school78/qrz/zsml/189036.html
S0849,www.ludengkaoyan.com,南京农业大学 2026 cutoff/复试线文本；cutoff/多学院/方向明细；cutoff/线证据等级；等 4 项,scope_description_not_original_page_title,南京农业大学,2026,cutoff/复试线文本；cutoff/多学院/方向明细；cutoff/线证据等级；cutoff/选择数值,web_page,unclassified_web,逐字段校年台账,failed,404.0,2026-10-09,https://www.ludengkaoyan.com/school78/qrz/zsml/317394.html,[S0849] www.ludengkaoyan.com. 南京农业大学 2026 cutoff/复试线文本；cutoff/多学院/方向明细；cutoff/线证据等级；等 4 项[EB/OL]. (2026-10-09)[2026-10-09]. https://www.ludengkaoyan.com/school78/qrz/zsml/317394.html
S0850,www.ludengkaoyan.com,中国药科大学 2024 cutoff/复试线文本；cutoff/多学院/方向明细；cutoff/线证据等级；等 4 项,scope_description_not_original_page_title,中国药科大学,2024,cutoff/复试线文本；cutoff/多学院/方向明细；cutoff/线证据等级；cutoff/选择数值,web_page,unclassified_web,逐字段校年台账,failed,404.0,2026-10-09,https://www.ludengkaoyan.com/school79/qrz/zsml/16525.html,[S0850] www.ludengkaoyan.com. 中国药科大学 2024 cutoff/复试线文本；cutoff/多学院/方向明细；cutoff/线证据等级；等 4 项[EB/OL]. (2026-10-09)[2026-10-09]. https://www.ludengkaoyan.com/school79/qrz/zsml/16525.html
S0851,www.ludengkaoyan.com,中国药科大学 2025 cutoff/复试线文本；cutoff/多学院/方向明细；cutoff/线证据等级；等 4 项,scope_description_not_original_page_title,中国药科大学,2025,cutoff/复试线文本；cutoff/多学院/方向明细；cutoff/线证据等级；cutoff/选择数值,web_page,unclassified_web,逐字段校年台账,failed,404.0,2026-10-09,https://www.ludengkaoyan.com/school79/qrz/zsml/190758.html,[S0851] www.ludengkaoyan.com. 中国药科大学 2025 cutoff/复试线文本；cutoff/多学院/方向明细；cutoff/线证据等级；等 4 项[EB/OL]. (2026-10-09)[2026-10-09]. https://www.ludengkaoyan.com/school79/qrz/zsml/190758.html
S0852,www.ludengkaoyan.com,中国药科大学 2026 cutoff/复试线文本；cutoff/多学院/方向明细；cutoff/线证据等级；等 4 项,scope_description_not_original_page_title,中国药科大学,2026,cutoff/复试线文本；cutoff/多学院/方向明细；cutoff/线证据等级；cutoff/选择数值,web_page,unclassified_web,逐字段校年台账,failed,404.0,2026-10-09,https://www.ludengkaoyan.com/school79/qrz/zsml/319256.html,[S0852] www.ludengkaoyan.com. 中国药科大学 2026 cutoff/复试线文本；cutoff/多学院/方向明细；cutoff/线证据等级；等 4 项[EB/OL]. (2026-10-09)[2026-10-09]. https://www.ludengkaoyan.com/school79/qrz/zsml/319256.html
S0853,www.ludengkaoyan.com,中央民族大学 2025 cutoff/复试线文本；cutoff/多学院/方向明细；cutoff/线证据等级；等 4 项,scope_description_not_original_page_title,中央民族大学,2025,cutoff/复试线文本；cutoff/多学院/方向明细；cutoff/线证据等级；cutoff/选择数值,web_page,unclassified_web,逐字段校年台账,failed,404.0,2026-10-09,https://www.ludengkaoyan.com/school8/qrz/zsml/146286.html,[S0853] www.ludengkaoyan.com. 中央民族大学 2025 cutoff/复试线文本；cutoff/多学院/方向明细；cutoff/线证据等级；等 4 项[EB/OL]. (2026-10-09)[2026-10-09]. https://www.ludengkaoyan.com/school8/qrz/zsml/146286.html
S0854,www.ludengkaoyan.com,中央民族大学 2024 cutoff/复试线文本；cutoff/多学院/方向明细；cutoff/线证据等级；等 4 项,scope_description_not_original_page_title,中央民族大学,2024,cutoff/复试线文本；cutoff/多学院/方向明细；cutoff/线证据等级；cutoff/选择数值,web_page,unclassified_web,逐字段校年台账,failed,404.0,2026-10-09,https://www.ludengkaoyan.com/school8/qrz/zsml/148.html,[S0854] www.ludengkaoyan.com. 中央民族大学 2024 cutoff/复试线文本；cutoff/多学院/方向明细；cutoff/线证据等级；等 4 项[EB/OL]. (2026-10-09)[2026-10-09]. https://www.ludengkaoyan.com/school8/qrz/zsml/148.html
S0855,www.ludengkaoyan.com,中央民族大学 2026 cutoff/复试线文本；cutoff/多学院/方向明细；cutoff/线证据等级；等 4 项,scope_description_not_original_page_title,中央民族大学,2026,cutoff/复试线文本；cutoff/多学院/方向明细；cutoff/线证据等级；cutoff/选择数值,web_page,unclassified_web,逐字段校年台账,failed,404.0,2026-10-09,https://www.ludengkaoyan.com/school8/qrz/zsml/276473.html,[S0855] www.ludengkaoyan.com. 中央民族大学 2026 cutoff/复试线文本；cutoff/多学院/方向明细；cutoff/线证据等级；等 4 项[EB/OL]. (2026-10-09)[2026-10-09]. https://www.ludengkaoyan.com/school8/qrz/zsml/276473.html
S0856,www.ludengkaoyan.com,南京师范大学 2024 cutoff/复试线文本；cutoff/多学院/方向明细；cutoff/线证据等级；等 4 项,scope_description_not_original_page_title,南京师范大学,2024,cutoff/复试线文本；cutoff/多学院/方向明细；cutoff/线证据等级；cutoff/选择数值,web_page,unclassified_web,逐字段校年台账,failed,404.0,2026-10-09,https://www.ludengkaoyan.com/school80/qrz/zsml/16529.html,[S0856] www.ludengkaoyan.com. 南京师范大学 2024 cutoff/复试线文本；cutoff/多学院/方向明细；cutoff/线证据等级；等 4 项[EB/OL]. (2026-10-09)[2026-10-09]. https://www.ludengkaoyan.com/school80/qrz/zsml/16529.html
S0857,www.ludengkaoyan.com,南京师范大学 2025 cutoff/复试线文本；cutoff/多学院/方向明细；cutoff/线证据等级；等 4 项,scope_description_not_original_page_title,南京师范大学,2025,cutoff/复试线文本；cutoff/多学院/方向明细；cutoff/线证据等级；cutoff/选择数值,web_page,unclassified_web,逐字段校年台账,failed,404.0,2026-10-09,https://www.ludengkaoyan.com/school80/qrz/zsml/191227.html,[S0857] www.ludengkaoyan.com. 南京师范大学 2025 cutoff/复试线文本；cutoff/多学院/方向明细；cutoff/线证据等级；等 4 项[EB/OL]. (2026-10-09)[2026-10-09]. https://www.ludengkaoyan.com/school80/qrz/zsml/191227.html
S0858,www.ludengkaoyan.com,南京师范大学 2026 cutoff/复试线文本；cutoff/多学院/方向明细；cutoff/线证据等级；等 4 项,scope_description_not_original_page_title,南京师范大学,2026,cutoff/复试线文本；cutoff/多学院/方向明细；cutoff/线证据等级；cutoff/选择数值,web_page,unclassified_web,逐字段校年台账,failed,404.0,2026-10-09,https://www.ludengkaoyan.com/school80/qrz/zsml/319656.html,[S0858] www.ludengkaoyan.com. 南京师范大学 2026 cutoff/复试线文本；cutoff/多学院/方向明细；cutoff/线证据等级；等 4 项[EB/OL]. (2026-10-09)[2026-10-09]. https://www.ludengkaoyan.com/school80/qrz/zsml/319656.html
S0859,www.ludengkaoyan.com,安徽大学 2024 cutoff/复试线文本；cutoff/多学院/方向明细；cutoff/线证据等级；等 4 项,scope_description_not_original_page_title,安徽大学,2024,cutoff/复试线文本；cutoff/多学院/方向明细；cutoff/线证据等级；cutoff/选择数值,web_page,unclassified_web,逐字段校年台账,failed,404.0,2026-10-09,https://www.ludengkaoyan.com/school81/qrz/zsml/16555.html,[S0859] www.ludengkaoyan.com. 安徽大学 2024 cutoff/复试线文本；cutoff/多学院/方向明细；cutoff/线证据等级；等 4 项[EB/OL]. (2026-10-09)[2026-10-09]. https://www.ludengkaoyan.com/school81/qrz/zsml/16555.html
S0860,www.ludengkaoyan.com,安徽大学 2025 cutoff/复试线文本；cutoff/多学院/方向明细；cutoff/线证据等级；等 4 项,scope_description_not_original_page_title,安徽大学,2025,cutoff/复试线文本；cutoff/多学院/方向明细；cutoff/线证据等级；cutoff/选择数值,web_page,unclassified_web,逐字段校年台账,failed,404.0,2026-10-09,https://www.ludengkaoyan.com/school81/qrz/zsml/197493.html,[S0860] www.ludengkaoyan.com. 安徽大学 2025 cutoff/复试线文本；cutoff/多学院/方向明细；cutoff/线证据等级；等 4 项[EB/OL]. (2026-10-09)[2026-10-09]. https://www.ludengkaoyan.com/school81/qrz/zsml/197493.html
S0861,www.ludengkaoyan.com,安徽大学 2026 cutoff/复试线文本；cutoff/多学院/方向明细；cutoff/线证据等级；等 4 项,scope_description_not_original_page_title,安徽大学,2026,cutoff/复试线文本；cutoff/多学院/方向明细；cutoff/线证据等级；cutoff/选择数值,web_page,unclassified_web,逐字段校年台账,failed,404.0,2026-10-09,https://www.ludengkaoyan.com/school81/qrz/zsml/326305.html,[S0861] www.ludengkaoyan.com. 安徽大学 2026 cutoff/复试线文本；cutoff/多学院/方向明细；cutoff/线证据等级；等 4 项[EB/OL]. (2026-10-09)[2026-10-09]. https://www.ludengkaoyan.com/school81/qrz/zsml/326305.html
S0862,www.ludengkaoyan.com,福州大学 2024 cutoff/复试线文本；cutoff/多学院/方向明细；cutoff/线证据等级；等 4 项,scope_description_not_original_page_title,福州大学,2024,cutoff/复试线文本；cutoff/多学院/方向明细；cutoff/线证据等级；cutoff/选择数值,web_page,unclassified_web,逐字段校年台账,failed,404.0,2026-10-09,https://www.ludengkaoyan.com/school83/qrz/zsml/16579.html,[S0862] www.ludengkaoyan.com. 福州大学 2024 cutoff/复试线文本；cutoff/多学院/方向明细；cutoff/线证据等级；等 4 项[EB/OL]. (2026-10-09)[2026-10-09]. https://www.ludengkaoyan.com/school83/qrz/zsml/16579.html
S0863,www.ludengkaoyan.com,福州大学 2025 cutoff/复试线文本；cutoff/多学院/方向明细；cutoff/线证据等级；等 4 项,scope_description_not_original_page_title,福州大学,2025,cutoff/复试线文本；cutoff/多学院/方向明细；cutoff/线证据等级；cutoff/选择数值,web_page,unclassified_web,逐字段校年台账,failed,404.0,2026-10-09,https://www.ludengkaoyan.com/school83/qrz/zsml/201635.html,[S0863] www.ludengkaoyan.com. 福州大学 2025 cutoff/复试线文本；cutoff/多学院/方向明细；cutoff/线证据等级；等 4 项[EB/OL]. (2026-10-09)[2026-10-09]. https://www.ludengkaoyan.com/school83/qrz/zsml/201635.html
S0864,www.ludengkaoyan.com,福州大学 2026 cutoff/复试线文本；cutoff/多学院/方向明细；cutoff/线证据等级；等 4 项,scope_description_not_original_page_title,福州大学,2026,cutoff/复试线文本；cutoff/多学院/方向明细；cutoff/线证据等级；cutoff/选择数值,web_page,unclassified_web,逐字段校年台账,failed,404.0,2026-10-09,https://www.ludengkaoyan.com/school83/qrz/zsml/330217.html,[S0864] www.ludengkaoyan.com. 福州大学 2026 cutoff/复试线文本；cutoff/多学院/方向明细；cutoff/线证据等级；等 4 项[EB/OL]. (2026-10-09)[2026-10-09]. https://www.ludengkaoyan.com/school83/qrz/zsml/330217.html
S0865,www.ludengkaoyan.com,南昌大学 2024 cutoff/复试线文本；cutoff/多学院/方向明细；cutoff/线证据等级；等 4 项,scope_description_not_original_page_title,南昌大学,2024,cutoff/复试线文本；cutoff/多学院/方向明细；cutoff/线证据等级；cutoff/选择数值,web_page,unclassified_web,逐字段校年台账,failed,404.0,2026-10-09,https://www.ludengkaoyan.com/school84/qrz/zsml/16589.html,[S0865] www.ludengkaoyan.com. 南昌大学 2024 cutoff/复试线文本；cutoff/多学院/方向明细；cutoff/线证据等级；等 4 项[EB/OL]. (2026-10-09)[2026-10-09]. https://www.ludengkaoyan.com/school84/qrz/zsml/16589.html
S0866,www.ludengkaoyan.com,南昌大学 2025 cutoff/复试线文本；cutoff/多学院/方向明细；cutoff/线证据等级；等 4 项,scope_description_not_original_page_title,南昌大学,2025,cutoff/复试线文本；cutoff/多学院/方向明细；cutoff/线证据等级；cutoff/选择数值,web_page,unclassified_web,逐字段校年台账,failed,404.0,2026-10-09,https://www.ludengkaoyan.com/school84/qrz/zsml/205341.html,[S0866] www.ludengkaoyan.com. 南昌大学 2025 cutoff/复试线文本；cutoff/多学院/方向明细；cutoff/线证据等级；等 4 项[EB/OL]. (2026-10-09)[2026-10-09]. https://www.ludengkaoyan.com/school84/qrz/zsml/205341.html
S0867,www.ludengkaoyan.com,南昌大学 2026 cutoff/复试线文本；cutoff/多学院/方向明细；cutoff/线证据等级；等 4 项,scope_description_not_original_page_title,南昌大学,2026,cutoff/复试线文本；cutoff/多学院/方向明细；cutoff/线证据等级；cutoff/选择数值,web_page,unclassified_web,逐字段校年台账,failed,404.0,2026-10-09,https://www.ludengkaoyan.com/school84/qrz/zsml/333334.html,[S0867] www.ludengkaoyan.com. 南昌大学 2026 cutoff/复试线文本；cutoff/多学院/方向明细；cutoff/线证据等级；等 4 项[EB/OL]. (2026-10-09)[2026-10-09]. https://www.ludengkaoyan.com/school84/qrz/zsml/333334.html
S0868,www.ludengkaoyan.com,中国石油大学（华东） 2024 cutoff/复试线文本；cutoff/多学院/方向明细；cutoff/线证据等级；等 4 项,scope_description_not_original_page_title,中国石油大学（华东）,2024,cutoff/复试线文本；cutoff/多学院/方向明细；cutoff/线证据等级；cutoff/选择数值,web_page,unclassified_web,逐字段校年台账,failed,404.0,2026-10-09,https://www.ludengkaoyan.com/school85/qrz/zsml/16609.html,[S0868] www.ludengkaoyan.com. 中国石油大学（华东） 2024 cutoff/复试线文本；cutoff/多学院/方向明细；cutoff/线证据等级；等 4 项[EB/OL]. (2026-10-09)[2026-10-09]. https://www.ludengkaoyan.com/school85/qrz/zsml/16609.html
S0869,www.ludengkaoyan.com,中国石油大学（华东） 2025 cutoff/复试线文本；cutoff/多学院/方向明细；cutoff/线证据等级；等 4 项,scope_description_not_original_page_title,中国石油大学（华东）,2025,cutoff/复试线文本；cutoff/多学院/方向明细；cutoff/线证据等级；cutoff/选择数值,web_page,unclassified_web,逐字段校年台账,failed,404.0,2026-10-09,https://www.ludengkaoyan.com/school85/qrz/zsml/208637.html,[S0869] www.ludengkaoyan.com. 中国石油大学（华东） 2025 cutoff/复试线文本；cutoff/多学院/方向明细；cutoff/线证据等级；等 4 项[EB/OL]. (2026-10-09)[2026-10-09]. https://www.ludengkaoyan.com/school85/qrz/zsml/208637.html
S0870,www.ludengkaoyan.com,中国石油大学（华东） 2026 cutoff/复试线文本；cutoff/多学院/方向明细；cutoff/线证据等级；等 4 项,scope_description_not_original_page_title,中国石油大学（华东）,2026,cutoff/复试线文本；cutoff/多学院/方向明细；cutoff/线证据等级；cutoff/选择数值,web_page,unclassified_web,逐字段校年台账,failed,404.0,2026-10-09,https://www.ludengkaoyan.com/school85/qrz/zsml/337719.html,[S0870] www.ludengkaoyan.com. 中国石油大学（华东） 2026 cutoff/复试线文本；cutoff/多学院/方向明细；cutoff/线证据等级；等 4 项[EB/OL]. (2026-10-09)[2026-10-09]. https://www.ludengkaoyan.com/school85/qrz/zsml/337719.html
S0871,www.ludengkaoyan.com,郑州大学 2024 cutoff/复试线文本；cutoff/多学院/方向明细；cutoff/线证据等级；等 4 项,scope_description_not_original_page_title,郑州大学,2024,cutoff/复试线文本；cutoff/多学院/方向明细；cutoff/线证据等级；cutoff/选择数值,web_page,unclassified_web,逐字段校年台账,failed,404.0,2026-10-09,https://www.ludengkaoyan.com/school86/qrz/zsml/16631.html,[S0871] www.ludengkaoyan.com. 郑州大学 2024 cutoff/复试线文本；cutoff/多学院/方向明细；cutoff/线证据等级；等 4 项[EB/OL]. (2026-10-09)[2026-10-09]. https://www.ludengkaoyan.com/school86/qrz/zsml/16631.html
S0872,www.ludengkaoyan.com,郑州大学 2025 cutoff/复试线文本；cutoff/多学院/方向明细；cutoff/线证据等级；等 4 项,scope_description_not_original_page_title,郑州大学,2025,cutoff/复试线文本；cutoff/多学院/方向明细；cutoff/线证据等级；cutoff/选择数值,web_page,unclassified_web,逐字段校年台账,failed,404.0,2026-10-09,https://www.ludengkaoyan.com/school86/qrz/zsml/214515.html,[S0872] www.ludengkaoyan.com. 郑州大学 2025 cutoff/复试线文本；cutoff/多学院/方向明细；cutoff/线证据等级；等 4 项[EB/OL]. (2026-10-09)[2026-10-09]. https://www.ludengkaoyan.com/school86/qrz/zsml/214515.html
S0873,www.ludengkaoyan.com,郑州大学 2026 cutoff/复试线文本；cutoff/多学院/方向明细；cutoff/线证据等级；等 4 项,scope_description_not_original_page_title,郑州大学,2026,cutoff/复试线文本；cutoff/多学院/方向明细；cutoff/线证据等级；cutoff/选择数值,web_page,unclassified_web,逐字段校年台账,failed,404.0,2026-10-09,https://www.ludengkaoyan.com/school86/qrz/zsml/342836.html,[S0873] www.ludengkaoyan.com. 郑州大学 2026 cutoff/复试线文本；cutoff/多学院/方向明细；cutoff/线证据等级；等 4 项[EB/OL]. (2026-10-09)[2026-10-09]. https://www.ludengkaoyan.com/school86/qrz/zsml/342836.html
S0874,www.ludengkaoyan.com,中国地质大学（武汉） 2024 cutoff/复试线文本；cutoff/多学院/方向明细；cutoff/线证据等级；等 4 项,scope_description_not_original_page_title,中国地质大学（武汉）,2024,cutoff/复试线文本；cutoff/多学院/方向明细；cutoff/线证据等级；cutoff/选择数值,web_page,unclassified_web,逐字段校年台账,failed,404.0,2026-10-09,https://www.ludengkaoyan.com/school87/qrz/zsml/16663.html,[S0874] www.ludengkaoyan.com. 中国地质大学（武汉） 2024 cutoff/复试线文本；cutoff/多学院/方向明细；cutoff/线证据等级；等 4 项[EB/OL]. (2026-10-09)[2026-10-09]. https://www.ludengkaoyan.com/school87/qrz/zsml/16663.html
S0875,www.ludengkaoyan.com,中国地质大学（武汉） 2025 cutoff/复试线文本；cutoff/多学院/方向明细；cutoff/线证据等级；等 4 项,scope_description_not_original_page_title,中国地质大学（武汉）,2025,cutoff/复试线文本；cutoff/多学院/方向明细；cutoff/线证据等级；cutoff/选择数值,web_page,unclassified_web,逐字段校年台账,failed,404.0,2026-10-09,https://www.ludengkaoyan.com/school87/qrz/zsml/221594.html,[S0875] www.ludengkaoyan.com. 中国地质大学（武汉） 2025 cutoff/复试线文本；cutoff/多学院/方向明细；cutoff/线证据等级；等 4 项[EB/OL]. (2026-10-09)[2026-10-09]. https://www.ludengkaoyan.com/school87/qrz/zsml/221594.html
S0876,www.ludengkaoyan.com,中国地质大学（武汉） 2026 cutoff/复试线文本；cutoff/多学院/方向明细；cutoff/线证据等级；等 4 项,scope_description_not_original_page_title,中国地质大学（武汉）,2026,cutoff/复试线文本；cutoff/多学院/方向明细；cutoff/线证据等级；cutoff/选择数值,web_page,unclassified_web,逐字段校年台账,failed,404.0,2026-10-09,https://www.ludengkaoyan.com/school87/qrz/zsml/349992.html,[S0876] www.ludengkaoyan.com. 中国地质大学（武汉） 2026 cutoff/复试线文本；cutoff/多学院/方向明细；cutoff/线证据等级；等 4 项[EB/OL]. (2026-10-09)[2026-10-09]. https://www.ludengkaoyan.com/school87/qrz/zsml/349992.html
S0877,www.ludengkaoyan.com,武汉理工大学 2024 cutoff/复试线文本；cutoff/多学院/方向明细；cutoff/线证据等级；等 4 项,scope_description_not_original_page_title,武汉理工大学,2024,cutoff/复试线文本；cutoff/多学院/方向明细；cutoff/线证据等级；cutoff/选择数值,web_page,unclassified_web,逐字段校年台账,failed,404.0,2026-10-09,https://www.ludengkaoyan.com/school88/qrz/zsml/16671.html,[S0877] www.ludengkaoyan.com. 武汉理工大学 2024 cutoff/复试线文本；cutoff/多学院/方向明细；cutoff/线证据等级；等 4 项[EB/OL]. (2026-10-09)[2026-10-09]. https://www.ludengkaoyan.com/school88/qrz/zsml/16671.html
S0878,www.ludengkaoyan.com,武汉理工大学 2025 cutoff/复试线文本；cutoff/多学院/方向明细；cutoff/线证据等级；等 4 项,scope_description_not_original_page_title,武汉理工大学,2025,cutoff/复试线文本；cutoff/多学院/方向明细；cutoff/线证据等级；cutoff/选择数值,web_page,unclassified_web,逐字段校年台账,failed,404.0,2026-10-09,https://www.ludengkaoyan.com/school88/qrz/zsml/221945.html,[S0878] www.ludengkaoyan.com. 武汉理工大学 2025 cutoff/复试线文本；cutoff/多学院/方向明细；cutoff/线证据等级；等 4 项[EB/OL]. (2026-10-09)[2026-10-09]. https://www.ludengkaoyan.com/school88/qrz/zsml/221945.html
S0879,www.ludengkaoyan.com,武汉理工大学 2026 cutoff/复试线文本；cutoff/多学院/方向明细；cutoff/线证据等级；等 4 项,scope_description_not_original_page_title,武汉理工大学,2026,cutoff/复试线文本；cutoff/多学院/方向明细；cutoff/线证据等级；cutoff/选择数值,web_page,unclassified_web,逐字段校年台账,failed,404.0,2026-10-09,https://www.ludengkaoyan.com/school88/qrz/zsml/350896.html,[S0879] www.ludengkaoyan.com. 武汉理工大学 2026 cutoff/复试线文本；cutoff/多学院/方向明细；cutoff/线证据等级；等 4 项[EB/OL]. (2026-10-09)[2026-10-09]. https://www.ludengkaoyan.com/school88/qrz/zsml/350896.html
S0880,www.ludengkaoyan.com,华中农业大学 2024 cutoff/复试线文本；cutoff/多学院/方向明细；cutoff/线证据等级；等 4 项,scope_description_not_original_page_title,华中农业大学,2024,cutoff/复试线文本；cutoff/多学院/方向明细；cutoff/线证据等级；cutoff/选择数值,web_page,unclassified_web,逐字段校年台账,failed,404.0,2026-10-09,https://www.ludengkaoyan.com/school89/qrz/zsml/16677.html,[S0880] www.ludengkaoyan.com. 华中农业大学 2024 cutoff/复试线文本；cutoff/多学院/方向明细；cutoff/线证据等级；等 4 项[EB/OL]. (2026-10-09)[2026-10-09]. https://www.ludengkaoyan.com/school89/qrz/zsml/16677.html
S0881,www.ludengkaoyan.com,华中农业大学 2025 cutoff/复试线文本；cutoff/多学院/方向明细；cutoff/线证据等级；等 4 项,scope_description_not_original_page_title,华中农业大学,2025,cutoff/复试线文本；cutoff/多学院/方向明细；cutoff/线证据等级；cutoff/选择数值,web_page,unclassified_web,逐字段校年台账,failed,404.0,2026-10-09,https://www.ludengkaoyan.com/school89/qrz/zsml/223152.html,[S0881] www.ludengkaoyan.com. 华中农业大学 2025 cutoff/复试线文本；cutoff/多学院/方向明细；cutoff/线证据等级；等 4 项[EB/OL]. (2026-10-09)[2026-10-09]. https://www.ludengkaoyan.com/school89/qrz/zsml/223152.html
S0882,www.ludengkaoyan.com,华中农业大学 2026 cutoff/复试线文本；cutoff/多学院/方向明细；cutoff/线证据等级；等 4 项,scope_description_not_original_page_title,华中农业大学,2026,cutoff/复试线文本；cutoff/多学院/方向明细；cutoff/线证据等级；cutoff/选择数值,web_page,unclassified_web,逐字段校年台账,failed,404.0,2026-10-09,https://www.ludengkaoyan.com/school89/qrz/zsml/351548.html,[S0882] www.ludengkaoyan.com. 华中农业大学 2026 cutoff/复试线文本；cutoff/多学院/方向明细；cutoff/线证据等级；等 4 项[EB/OL]. (2026-10-09)[2026-10-09]. https://www.ludengkaoyan.com/school89/qrz/zsml/351548.html
S0883,www.ludengkaoyan.com,华中师范大学 2024 cutoff/复试线文本；cutoff/多学院/方向明细；cutoff/线证据等级；等 4 项,scope_description_not_original_page_title,华中师范大学,2024,cutoff/复试线文本；cutoff/多学院/方向明细；cutoff/线证据等级；cutoff/选择数值,web_page,unclassified_web,逐字段校年台账,failed,404.0,2026-10-09,https://www.ludengkaoyan.com/school90/qrz/zsml/16683.html,[S0883] www.ludengkaoyan.com. 华中师范大学 2024 cutoff/复试线文本；cutoff/多学院/方向明细；cutoff/线证据等级；等 4 项[EB/OL]. (2026-10-09)[2026-10-09]. https://www.ludengkaoyan.com/school90/qrz/zsml/16683.html
S0884,www.ludengkaoyan.com,华中师范大学 2025 cutoff/复试线文本；cutoff/多学院/方向明细；cutoff/线证据等级；等 4 项,scope_description_not_original_page_title,华中师范大学,2025,cutoff/复试线文本；cutoff/多学院/方向明细；cutoff/线证据等级；cutoff/选择数值,web_page,unclassified_web,逐字段校年台账,failed,404.0,2026-10-09,https://www.ludengkaoyan.com/school90/qrz/zsml/223850.html,[S0884] www.ludengkaoyan.com. 华中师范大学 2025 cutoff/复试线文本；cutoff/多学院/方向明细；cutoff/线证据等级；等 4 项[EB/OL]. (2026-10-09)[2026-10-09]. https://www.ludengkaoyan.com/school90/qrz/zsml/223850.html
S0885,www.ludengkaoyan.com,华中师范大学 2026 cutoff/复试线文本；cutoff/多学院/方向明细；cutoff/线证据等级；等 4 项,scope_description_not_original_page_title,华中师范大学,2026,cutoff/复试线文本；cutoff/多学院/方向明细；cutoff/线证据等级；cutoff/选择数值,web_page,unclassified_web,逐字段校年台账,failed,404.0,2026-10-09,https://www.ludengkaoyan.com/school90/qrz/zsml/352029.html,[S0885] www.ludengkaoyan.com. 华中师范大学 2026 cutoff/复试线文本；cutoff/多学院/方向明细；cutoff/线证据等级；等 4 项[EB/OL]. (2026-10-09)[2026-10-09]. https://www.ludengkaoyan.com/school90/qrz/zsml/352029.html
S0886,www.ludengkaoyan.com,中南财经政法大学 2024 cutoff/复试线文本；cutoff/多学院/方向明细；cutoff/线证据等级；等 4 项,scope_description_not_original_page_title,中南财经政法大学,2024,cutoff/复试线文本；cutoff/多学院/方向明细；cutoff/线证据等级；cutoff/选择数值,web_page,unclassified_web,逐字段校年台账,failed,404.0,2026-10-09,https://www.ludengkaoyan.com/school91/qrz/zsml/16686.html,[S0886] www.ludengkaoyan.com. 中南财经政法大学 2024 cutoff/复试线文本；cutoff/多学院/方向明细；cutoff/线证据等级；等 4 项[EB/OL]. (2026-10-09)[2026-10-09]. https://www.ludengkaoyan.com/school91/qrz/zsml/16686.html
S0887,www.ludengkaoyan.com,中南财经政法大学 2025 cutoff/复试线文本；cutoff/多学院/方向明细；cutoff/线证据等级；等 4 项,scope_description_not_original_page_title,中南财经政法大学,2025,cutoff/复试线文本；cutoff/多学院/方向明细；cutoff/线证据等级；cutoff/选择数值,web_page,unclassified_web,逐字段校年台账,failed,404.0,2026-10-09,https://www.ludengkaoyan.com/school91/qrz/zsml/225498.html,[S0887] www.ludengkaoyan.com. 中南财经政法大学 2025 cutoff/复试线文本；cutoff/多学院/方向明细；cutoff/线证据等级；等 4 项[EB/OL]. (2026-10-09)[2026-10-09]. https://www.ludengkaoyan.com/school91/qrz/zsml/225498.html
S0888,www.ludengkaoyan.com,中南财经政法大学 2026 cutoff/复试线文本；cutoff/多学院/方向明细；cutoff/线证据等级；等 4 项,scope_description_not_original_page_title,中南财经政法大学,2026,cutoff/复试线文本；cutoff/多学院/方向明细；cutoff/线证据等级；cutoff/选择数值,web_page,unclassified_web,逐字段校年台账,failed,404.0,2026-10-09,https://www.ludengkaoyan.com/school91/qrz/zsml/352902.html,[S0888] www.ludengkaoyan.com. 中南财经政法大学 2026 cutoff/复试线文本；cutoff/多学院/方向明细；cutoff/线证据等级；等 4 项[EB/OL]. (2026-10-09)[2026-10-09]. https://www.ludengkaoyan.com/school91/qrz/zsml/352902.html
S0889,www.ludengkaoyan.com,湖南师范大学 2024 cutoff/复试线文本；cutoff/多学院/方向明细；cutoff/线证据等级；等 4 项,scope_description_not_original_page_title,湖南师范大学,2024,cutoff/复试线文本；cutoff/多学院/方向明细；cutoff/线证据等级；cutoff/选择数值,web_page,unclassified_web,逐字段校年台账,failed,404.0,2026-10-09,https://www.ludengkaoyan.com/school92/qrz/zsml/16698.html,[S0889] www.ludengkaoyan.com. 湖南师范大学 2024 cutoff/复试线文本；cutoff/多学院/方向明细；cutoff/线证据等级；等 4 项[EB/OL]. (2026-10-09)[2026-10-09]. https://www.ludengkaoyan.com/school92/qrz/zsml/16698.html
S0890,www.ludengkaoyan.com,湖南师范大学 2025 cutoff/复试线文本；cutoff/多学院/方向明细；cutoff/线证据等级；等 4 项,scope_description_not_original_page_title,湖南师范大学,2025,cutoff/复试线文本；cutoff/多学院/方向明细；cutoff/线证据等级；cutoff/选择数值,web_page,unclassified_web,逐字段校年台账,failed,404.0,2026-10-09,https://www.ludengkaoyan.com/school92/qrz/zsml/228568.html,[S0890] www.ludengkaoyan.com. 湖南师范大学 2025 cutoff/复试线文本；cutoff/多学院/方向明细；cutoff/线证据等级；等 4 项[EB/OL]. (2026-10-09)[2026-10-09]. https://www.ludengkaoyan.com/school92/qrz/zsml/228568.html
S0891,www.ludengkaoyan.com,湖南师范大学 2026 cutoff/复试线文本；cutoff/多学院/方向明细；cutoff/线证据等级；等 4 项,scope_description_not_original_page_title,湖南师范大学,2026,cutoff/复试线文本；cutoff/多学院/方向明细；cutoff/线证据等级；cutoff/选择数值,web_page,unclassified_web,逐字段校年台账,failed,404.0,2026-10-09,https://www.ludengkaoyan.com/school92/qrz/zsml/356990.html,[S0891] www.ludengkaoyan.com. 湖南师范大学 2026 cutoff/复试线文本；cutoff/多学院/方向明细；cutoff/线证据等级；等 4 项[EB/OL]. (2026-10-09)[2026-10-09]. https://www.ludengkaoyan.com/school92/qrz/zsml/356990.html
S0892,www.ludengkaoyan.com,暨南大学 2024 cutoff/复试线文本；cutoff/多学院/方向明细；cutoff/线证据等级；等 4 项,scope_description_not_original_page_title,暨南大学,2024,cutoff/复试线文本；cutoff/多学院/方向明细；cutoff/线证据等级；cutoff/选择数值,web_page,unclassified_web,逐字段校年台账,failed,404.0,2026-10-09,https://www.ludengkaoyan.com/school93/qrz/zsml/16708.html,[S0892] www.ludengkaoyan.com. 暨南大学 2024 cutoff/复试线文本；cutoff/多学院/方向明细；cutoff/线证据等级；等 4 项[EB/OL]. (2026-10-09)[2026-10-09]. https://www.ludengkaoyan.com/school93/qrz/zsml/16708.html
S0893,www.ludengkaoyan.com,暨南大学 2025 cutoff/复试线文本；cutoff/多学院/方向明细；cutoff/线证据等级；等 4 项,scope_description_not_original_page_title,暨南大学,2025,cutoff/复试线文本；cutoff/多学院/方向明细；cutoff/线证据等级；cutoff/选择数值,web_page,unclassified_web,逐字段校年台账,failed,404.0,2026-10-09,https://www.ludengkaoyan.com/school93/qrz/zsml/230894.html,[S0893] www.ludengkaoyan.com. 暨南大学 2025 cutoff/复试线文本；cutoff/多学院/方向明细；cutoff/线证据等级；等 4 项[EB/OL]. (2026-10-09)[2026-10-09]. https://www.ludengkaoyan.com/school93/qrz/zsml/230894.html
S0894,www.ludengkaoyan.com,暨南大学 2026 cutoff/复试线文本；cutoff/多学院/方向明细；cutoff/线证据等级；等 4 项,scope_description_not_original_page_title,暨南大学,2026,cutoff/复试线文本；cutoff/多学院/方向明细；cutoff/线证据等级；cutoff/选择数值,web_page,unclassified_web,逐字段校年台账,failed,404.0,2026-10-09,https://www.ludengkaoyan.com/school93/qrz/zsml/358793.html,[S0894] www.ludengkaoyan.com. 暨南大学 2026 cutoff/复试线文本；cutoff/多学院/方向明细；cutoff/线证据等级；等 4 项[EB/OL]. (2026-10-09)[2026-10-09]. https://www.ludengkaoyan.com/school93/qrz/zsml/358793.html
S0895,www.ludengkaoyan.com,华南师范大学 2024 cutoff/复试线文本；cutoff/多学院/方向明细；cutoff/线证据等级；等 4 项,scope_description_not_original_page_title,华南师范大学,2024,cutoff/复试线文本；cutoff/多学院/方向明细；cutoff/线证据等级；cutoff/选择数值,web_page,unclassified_web,逐字段校年台账,failed,404.0,2026-10-09,https://www.ludengkaoyan.com/school94/qrz/zsml/16712.html,[S0895] www.ludengkaoyan.com. 华南师范大学 2024 cutoff/复试线文本；cutoff/多学院/方向明细；cutoff/线证据等级；等 4 项[EB/OL]. (2026-10-09)[2026-10-09]. https://www.ludengkaoyan.com/school94/qrz/zsml/16712.html
S0896,www.ludengkaoyan.com,华南师范大学 2025 cutoff/复试线文本；cutoff/多学院/方向明细；cutoff/线证据等级；等 4 项,scope_description_not_original_page_title,华南师范大学,2025,cutoff/复试线文本；cutoff/多学院/方向明细；cutoff/线证据等级；cutoff/选择数值,web_page,unclassified_web,逐字段校年台账,failed,404.0,2026-10-09,https://www.ludengkaoyan.com/school94/qrz/zsml/233862.html,[S0896] www.ludengkaoyan.com. 华南师范大学 2025 cutoff/复试线文本；cutoff/多学院/方向明细；cutoff/线证据等级；等 4 项[EB/OL]. (2026-10-09)[2026-10-09]. https://www.ludengkaoyan.com/school94/qrz/zsml/233862.html
S0897,www.ludengkaoyan.com,华南师范大学 2026 cutoff/复试线文本；cutoff/多学院/方向明细；cutoff/线证据等级；等 4 项,scope_description_not_original_page_title,华南师范大学,2026,cutoff/复试线文本；cutoff/多学院/方向明细；cutoff/线证据等级；cutoff/选择数值,web_page,unclassified_web,逐字段校年台账,failed,404.0,2026-10-09,https://www.ludengkaoyan.com/school94/qrz/zsml/361560.html,[S0897] www.ludengkaoyan.com. 华南师范大学 2026 cutoff/复试线文本；cutoff/多学院/方向明细；cutoff/线证据等级；等 4 项[EB/OL]. (2026-10-09)[2026-10-09]. https://www.ludengkaoyan.com/school94/qrz/zsml/361560.html
S0898,www.ludengkaoyan.com,西南交通大学 2025 cutoff/复试线文本；cutoff/多学院/方向明细；cutoff/线证据等级；等 4 项,scope_description_not_original_page_title,西南交通大学,2025,cutoff/复试线文本；cutoff/多学院/方向明细；cutoff/线证据等级；cutoff/选择数值,web_page,unclassified_web,逐字段校年台账,failed,404.0,2026-10-09,https://www.ludengkaoyan.com/school97/qrz/zsml/239381.html,[S0898] www.ludengkaoyan.com. 西南交通大学 2025 cutoff/复试线文本；cutoff/多学院/方向明细；cutoff/线证据等级；等 4 项[EB/OL]. (2026-10-09)[2026-10-09]. https://www.ludengkaoyan.com/school97/qrz/zsml/239381.html
S0899,www.ludengkaoyan.com,西南交通大学 2026 cutoff/复试线文本；cutoff/多学院/方向明细；cutoff/线证据等级；等 4 项,scope_description_not_original_page_title,西南交通大学,2026,cutoff/复试线文本；cutoff/多学院/方向明细；cutoff/线证据等级；cutoff/选择数值,web_page,unclassified_web,逐字段校年台账,failed,404.0,2026-10-09,https://www.ludengkaoyan.com/school97/qrz/zsml/368755.html,[S0899] www.ludengkaoyan.com. 西南交通大学 2026 cutoff/复试线文本；cutoff/多学院/方向明细；cutoff/线证据等级；等 4 项[EB/OL]. (2026-10-09)[2026-10-09]. https://www.ludengkaoyan.com/school97/qrz/zsml/368755.html
S0900,www.ludengkaoyan.com,西南大学 2024 cutoff/复试线文本；cutoff/多学院/方向明细；cutoff/线证据等级；等 4 项,scope_description_not_original_page_title,西南大学,2024,cutoff/复试线文本；cutoff/多学院/方向明细；cutoff/线证据等级；cutoff/选择数值,web_page,unclassified_web,逐字段校年台账,failed,404.0,2026-10-09,https://www.ludengkaoyan.com/school99/qrz/zsml/16736.html,[S0900] www.ludengkaoyan.com. 西南大学 2024 cutoff/复试线文本；cutoff/多学院/方向明细；cutoff/线证据等级；等 4 项[EB/OL]. (2026-10-09)[2026-10-09]. https://www.ludengkaoyan.com/school99/qrz/zsml/16736.html
S0901,www.ludengkaoyan.com,西南大学 2025 cutoff/复试线文本；cutoff/多学院/方向明细；cutoff/线证据等级；等 4 项,scope_description_not_original_page_title,西南大学,2025,cutoff/复试线文本；cutoff/多学院/方向明细；cutoff/线证据等级；cutoff/选择数值,web_page,unclassified_web,逐字段校年台账,failed,404.0,2026-10-09,https://www.ludengkaoyan.com/school99/qrz/zsml/237683.html,[S0901] www.ludengkaoyan.com. 西南大学 2025 cutoff/复试线文本；cutoff/多学院/方向明细；cutoff/线证据等级；等 4 项[EB/OL]. (2026-10-09)[2026-10-09]. https://www.ludengkaoyan.com/school99/qrz/zsml/237683.html
S0902,www.ludengkaoyan.com,西南大学 2026 cutoff/复试线文本；cutoff/多学院/方向明细；cutoff/线证据等级；等 4 项,scope_description_not_original_page_title,西南大学,2026,cutoff/复试线文本；cutoff/多学院/方向明细；cutoff/线证据等级；cutoff/选择数值,web_page,unclassified_web,逐字段校年台账,failed,404.0,2026-10-09,https://www.ludengkaoyan.com/school99/qrz/zsml/365427.html,[S0902] www.ludengkaoyan.com. 西南大学 2026 cutoff/复试线文本；cutoff/多学院/方向明细；cutoff/线证据等级；等 4 项[EB/OL]. (2026-10-09)[2026-10-09]. https://www.ludengkaoyan.com/school99/qrz/zsml/365427.html
S0903,清华大学,清华大学 2022 admission/复录比；admission/复试人数；admission/拟录取中位；等 7 项,scope_description_not_original_page_title,清华大学,2022,admission/复录比；admission/复试人数；admission/拟录取中位；admission/拟录取人数；admission/拟录取最低；admission/拟录取最高；admission/本科背景状态,university_official,primary_official,逐字段校年台账,reachable,200.0,2026-10-09,https://www.math.tsinghua.edu.cn/2022nianyingyongtongjizhuanyeshuoshixiangmugongkaizhaokaoniluqumingdangongshi.pdf,[S0903] 清华大学. 清华大学 2022 admission/复录比；admission/复试人数；admission/拟录取中位；等 7 项[EB/OL]. (2026-10-09)[2026-10-09]. https://www.math.tsinghua.edu.cn/2022nianyingyongtongjizhuanyeshuoshixiangmugongkaizhaokaoniluqumingdangongshi.pdf
S0904,清华大学,清华大学 2023 admission/复录比；admission/复试人数；admission/拟录取中位；等 7 项,scope_description_not_original_page_title,清华大学,2023,admission/复录比；admission/复试人数；admission/拟录取中位；admission/拟录取人数；admission/拟录取最低；admission/拟录取最高；admission/本科背景状态,university_official,primary_official,逐字段校年台账,reachable,200.0,2026-10-09,https://www.math.tsinghua.edu.cn/2023nianyingyongtongjizhuanyeshuoshiluqumingdangongshi.pdf,[S0904] 清华大学. 清华大学 2023 admission/复录比；admission/复试人数；admission/拟录取中位；等 7 项[EB/OL]. (2026-10-09)[2026-10-09]. https://www.math.tsinghua.edu.cn/2023nianyingyongtongjizhuanyeshuoshiluqumingdangongshi.pdf
S0905,清华大学,清华大学 2024 admission/复录比；admission/复试人数；admission/拟录取中位；等 7 项,scope_description_not_original_page_title,清华大学,2024,admission/复录比；admission/复试人数；admission/拟录取中位；admission/拟录取人数；admission/拟录取最低；admission/拟录取最高；admission/本科背景状态,university_official,primary_official,逐字段校年台账,reachable,200.0,2026-10-09,https://www.math.tsinghua.edu.cn/qinghuadaxue2024nianshuxuekexuexishuoshiyanjiushengyingyongtongjizhuanyeluqugongshimingdan.pdf,[S0905] 清华大学. 清华大学 2024 admission/复录比；admission/复试人数；admission/拟录取中位；等 7 项[EB/OL]. (2026-10-09)[2026-10-09]. https://www.math.tsinghua.edu.cn/qinghuadaxue2024nianshuxuekexuexishuoshiyanjiushengyingyongtongjizhuanyeluqugongshimingdan.pdf
S0906,清华大学,清华大学 2025 admission/复录比；admission/复试人数；admission/拟录取中位；等 7 项,scope_description_not_original_page_title,清华大学,2025,admission/复录比；admission/复试人数；admission/拟录取中位；admission/拟录取人数；admission/拟录取最低；admission/拟录取最高；admission/本科背景状态,university_official,primary_official,逐字段校年台账,reachable,200.0,2026-10-09,https://www.math.tsinghua.edu.cn/qinghuadaxue2025nianshuxuekexuexishuoshiyanjiushengyingyongtongjizhuanyeniluqumingdangongshi.pdf,[S0906] 清华大学. 清华大学 2025 admission/复录比；admission/复试人数；admission/拟录取中位；等 7 项[EB/OL]. (2026-10-09)[2026-10-09]. https://www.math.tsinghua.edu.cn/qinghuadaxue2025nianshuxuekexuexishuoshiyanjiushengyingyongtongjizhuanyeniluqumingdangongshi.pdf
S0907,清华2026复试细则,清华2026复试细则,retained_structured_title,清华大学,2026,2026线、复试形式；cutoff/复试线文本；cutoff/多学院/方向明细；cutoff/线证据等级；cutoff/选择数值,university_official,primary_official,来源总台账；逐字段校年台账,failed,404.0,2026-10-09,https://www.math.tsinghua.edu.cn/qinghuadaxue2026nianshuxuekexuexi2026nianshuoshitongzhaoshengfushiluqushishixize.pdf,[S0907] 清华2026复试细则. 清华2026复试细则[EB/OL]. (2026-10-09)[2026-10-09]. https://www.math.tsinghua.edu.cn/qinghuadaxue2026nianshuxuekexuexi2026nianshuoshitongzhaoshengfushiluqushishixize.pdf
S0908,清华大学,清华大学 2026 admission/复录比；admission/复试人数；admission/拟录取中位；等 7 项,scope_description_not_original_page_title,清华大学,2026,admission/复录比；admission/复试人数；admission/拟录取中位；admission/拟录取人数；admission/拟录取最低；admission/拟录取最高；admission/本科背景状态,university_official,primary_official,逐字段校年台账,failed,404.0,2026-10-09,https://www.math.tsinghua.edu.cn/qinghuadaxue2026nianshuxuekexuexishuoshiyanjiushengyingyongtongjizhuanyeniluqumingdangongshi.pdf,[S0908] 清华大学. 清华大学 2026 admission/复录比；admission/复试人数；admission/拟录取中位；等 7 项[EB/OL]. (2026-10-09)[2026-10-09]. https://www.math.tsinghua.edu.cn/qinghuadaxue2026nianshuxuekexuexishuoshiyanjiushengyingyongtongjizhuanyeniluqumingdangongshi.pdf
S0909,清华2022-2026拟录取名单,清华2022-2026拟录取名单,retained_structured_title,,,五年拟录取初试分布,university_official,primary_official,来源总台账,reachable,200.0,2026-10-09,https://www.math.tsinghua.edu.cn/zsjy.htm,[S0909] 清华2022-2026拟录取名单. 清华2022-2026拟录取名单[EB/OL]. (2026-10-09)[2026-10-09]. https://www.math.tsinghua.edu.cn/zsjy.htm
S0910,教育部2026国家线,教育部2026国家线,retained_structured_title,,,国家线底线,government_official,primary_official,来源总台账,reachable,200.0,2026-10-09,https://www.moe.gov.cn/jyb_xwfb/gzdt_gzdt/s5987/202602/W020260228373276320816.pdf,[S0910] 教育部2026国家线. 教育部2026国家线[EB/OL]. (2026-10-09)[2026-10-09]. https://www.moe.gov.cn/jyb_xwfb/gzdt_gzdt/s5987/202602/W020260228373276320816.pdf
S0911,教育部211名单,教育部211名单,retained_structured_title,,,院校范围,government_official,primary_official,来源总台账,reachable,200.0,2026-10-09,https://www.moe.gov.cn/srcsite/A22/s7065/200512/t20051223_82762.html,[S0911] 教育部211名单. 教育部211名单[EB/OL]. (2026-10-09)[2026-10-09]. https://www.moe.gov.cn/srcsite/A22/s7065/200512/t20051223_82762.html
S0912,复旦上海数学与交叉学科研究院2026复试,复旦上海数学与交叉学科研究院2026复试,retained_structured_title,复旦大学,2026,admission/复录比；admission/复试人数；admission/拟录取中位；admission/拟录取人数；admission/拟录取最低；admission/拟录取最高；admission/本科背景状态；复试形式、复试人数,web_page,unclassified_web,来源总台账；逐字段校年台账,reachable,200.0,2026-10-09,https://www.simis.cn/2026%E5%B9%B4%E7%A1%95%E5%A3%AB%E7%A0%94%E7%A9%B6%E5%A4%8D%E8%AF%95%E5%90%8D%E5%8D%95/,[S0912] 复旦上海数学与交叉学科研究院2026复试. 复旦上海数学与交叉学科研究院2026复试[EB/OL]. (2026-10-09)[2026-10-09]. https://www.simis.cn/2026%E5%B9%B4%E7%A1%95%E5%A3%AB%E7%A0%94%E7%A9%B6%E5%A4%8D%E8%AF%95%E5%90%8D%E5%8D%95/
S0913,复旦上海数学与交叉学科研究院2026复试,复旦上海数学与交叉学科研究院2026复试,retained_structured_title,,,复试形式、复试人数,web_page,unclassified_web,来源总台账,reachable,200.0,2026-10-09,https://www.simis.cn/2026%E5%B9%B4%E7%A1%95%E5%A3%AB%E7%A0%94%E7%A9%B6%E7%94%9F%E5%A4%8D%E8%AF%95%E7%BB%86%E5%88%99/,[S0913] 复旦上海数学与交叉学科研究院2026复试. 复旦上海数学与交叉学科研究院2026复试[EB/OL]. (2026-10-09)[2026-10-09]. https://www.simis.cn/2026%E5%B9%B4%E7%A1%95%E5%A3%AB%E7%A0%94%E7%A9%B6%E7%94%9F%E5%A4%8D%E8%AF%95%E7%BB%86%E5%88%99/
S0914,就现在考研-厦门大学,就现在考研-厦门大学,retained_structured_title,厦门大学,2025,admission/复录比；admission/复试人数；admission/拟录取人数；admission/拟录取最低；admission/本科背景状态；参考书与复试形式交叉验证,web_page,unclassified_web,来源总台账；逐字段校年台账,failed,404.0,2026-10-09,https://www.sjds.net/a/461938.html,[S0914] 就现在考研-厦门大学. 就现在考研-厦门大学[EB/OL]. (2026-10-09)[2026-10-09]. https://www.sjds.net/a/461938.html
S0915,就现在考研-上海财经,就现在考研-上海财经,retained_structured_title,上海财经大学,2025,admission/复录比；admission/复试人数；admission/拟录取人数；admission/拟录取最低；admission/本科背景状态；参考书与复试形式交叉验证,web_page,unclassified_web,来源总台账；逐字段校年台账,failed,404.0,2026-10-09,https://www.sjds.net/a/462113.html,[S0915] 就现在考研-上海财经. 就现在考研-上海财经[EB/OL]. (2026-10-09)[2026-10-09]. https://www.sjds.net/a/462113.html
S0916,就现在考研-华中科技,就现在考研-华中科技,retained_structured_title,华中科技大学,2025,admission/复录比；admission/复试人数；admission/拟录取中位；admission/拟录取人数；admission/拟录取最低；admission/拟录取最高；admission/本科背景状态；参考书与复试形式交叉验证,web_page,unclassified_web,来源总台账；逐字段校年台账,failed,404.0,2026-10-09,https://www.sjds.net/a/462173.html,[S0916] 就现在考研-华中科技. 就现在考研-华中科技[EB/OL]. (2026-10-09)[2026-10-09]. https://www.sjds.net/a/462173.html
S0917,就现在考研432历年真题索引,就现在考研432历年真题索引,retained_structured_title,,,逐校可检索年份线索,web_page,unclassified_web,来源总台账,failed,404.0,2026-10-09,https://www.sjds.net/a/462580.html,[S0917] 就现在考研432历年真题索引. 就现在考研432历年真题索引[EB/OL]. (2026-10-09)[2026-10-09]. https://www.sjds.net/a/462580.html
S0918,www.yanzhaowang.com.cn,中国科学技术大学 2023 cutoff/复试线文本；cutoff/多学院/方向明细；cutoff/线证据等级；等 4 项,scope_description_not_original_page_title,中国科学技术大学,2023,cutoff/复试线文本；cutoff/多学院/方向明细；cutoff/线证据等级；cutoff/选择数值,web_page,unclassified_web,逐字段校年台账,reachable,200.0,2026-10-09,https://www.yanzhaowang.com.cn/fushi/fenshuxian/202303/2052884.html,[S0918] www.yanzhaowang.com.cn. 中国科学技术大学 2023 cutoff/复试线文本；cutoff/多学院/方向明细；cutoff/线证据等级；等 4 项[EB/OL]. (2026-10-09)[2026-10-09]. https://www.yanzhaowang.com.cn/fushi/fenshuxian/202303/2052884.html
S0919,北京工业大学,北京工业大学 2025 cutoff/复试线文本；cutoff/多学院/方向明细；cutoff/线证据等级；等 4 项,scope_description_not_original_page_title,北京工业大学,2025,cutoff/复试线文本；cutoff/多学院/方向明细；cutoff/线证据等级；cutoff/选择数值,university_official,primary_official,逐字段校年台账,reachable,200.0,2026-10-09,https://yanzhao.bjut.edu.cn/info/1019/17506.htm,[S0919] 北京工业大学. 北京工业大学 2025 cutoff/复试线文本；cutoff/多学院/方向明细；cutoff/线证据等级；等 4 项[EB/OL]. (2026-10-09)[2026-10-09]. https://yanzhao.bjut.edu.cn/info/1019/17506.htm
S0920,河北工大2026年432考试大纲,河北工大2026年432考试大纲,retained_structured_title,河北工业大学,,专业课；官方指定教材；官方教材状态；官方范围说明；政治；数学/经综；最新官方大纲题型；最新范围、题型、参考书；真题证据等级；英语,university_official,primary_official,来源总台账；院校静态字段台账,failed,404.0,2026-10-09,https://yjs.hebut.edu.cn/docs/2025-09/1b4436ded93548a48e17c73f389b0301.pdf,[S0920] 河北工大2026年432考试大纲. 河北工大2026年432考试大纲[EB/OL]. (2026-10-09)[2026-10-09]. https://yjs.hebut.edu.cn/docs/2025-09/1b4436ded93548a48e17c73f389b0301.pdf
S0921,华东师范大学,华东师范大学 2026 cutoff/复试线文本；cutoff/多学院/方向明细；cutoff/线证据等级；等 4 项,scope_description_not_original_page_title,华东师范大学,2026,cutoff/复试线文本；cutoff/多学院/方向明细；cutoff/线证据等级；cutoff/选择数值,university_official,primary_official,逐字段校年台账,reachable,206.0,2026-10-09,https://yjszs.ecnu.edu.cn/_upload/article/files/0a/0b/623bd1cf46ef96998a7b42a8b6c0/399e6790-cafb-4e1a-9b32-e3f13aee36b8.pdf,[S0921] 华东师范大学. 华东师范大学 2026 cutoff/复试线文本；cutoff/多学院/方向明细；cutoff/线证据等级；等 4 项[EB/OL]. (2026-10-09)[2026-10-09]. https://yjszs.ecnu.edu.cn/_upload/article/files/0a/0b/623bd1cf46ef96998a7b42a8b6c0/399e6790-cafb-4e1a-9b32-e3f13aee36b8.pdf
S0922,合肥工业大学,合肥工业大学 2022 cutoff/复试线文本；cutoff/线证据等级,scope_description_not_original_page_title,合肥工业大学,2022,cutoff/复试线文本；cutoff/线证据等级,university_official,primary_official,逐字段校年台账,reachable,200.0,2026-10-09,https://yjszs.hfut.edu.cn/2022/0319/c13533a280872/page.htm,[S0922] 合肥工业大学. 合肥工业大学 2022 cutoff/复试线文本；cutoff/线证据等级[EB/OL]. (2026-10-09)[2026-10-09]. https://yjszs.hfut.edu.cn/2022/0319/c13533a280872/page.htm
S0923,合肥工业大学,合肥工业大学 2023 cutoff/复试线文本；cutoff/线证据等级；cutoff/选择数值,scope_description_not_original_page_title,合肥工业大学,2023,cutoff/复试线文本；cutoff/线证据等级；cutoff/选择数值,university_official,primary_official,逐字段校年台账,reachable,200.0,2026-10-09,https://yjszs.hfut.edu.cn/2023/0318/c13524a289822/page.htm,[S0923] 合肥工业大学. 合肥工业大学 2023 cutoff/复试线文本；cutoff/线证据等级；cutoff/选择数值[EB/OL]. (2026-10-09)[2026-10-09]. https://yjszs.hfut.edu.cn/2023/0318/c13524a289822/page.htm
S0924,合肥工业大学,合肥工业大学 2024 cutoff/复试线文本；cutoff/线证据等级；cutoff/选择数值,scope_description_not_original_page_title,合肥工业大学,2024,cutoff/复试线文本；cutoff/线证据等级；cutoff/选择数值,university_official,primary_official,逐字段校年台账,reachable,200.0,2026-10-09,https://yjszs.hfut.edu.cn/2024/0322/c13533a301654/page.htm,[S0924] 合肥工业大学. 合肥工业大学 2024 cutoff/复试线文本；cutoff/线证据等级；cutoff/选择数值[EB/OL]. (2026-10-09)[2026-10-09]. https://yjszs.hfut.edu.cn/2024/0322/c13533a301654/page.htm
S0925,合肥工业大学,合肥工业大学 2025 cutoff/复试线文本；cutoff/线证据等级；cutoff/选择数值,scope_description_not_original_page_title,合肥工业大学,2025,cutoff/复试线文本；cutoff/线证据等级；cutoff/选择数值,university_official,primary_official,逐字段校年台账,reachable,200.0,2026-10-09,https://yjszs.hfut.edu.cn/2025/0319/c13524a310804/page.htm,[S0925] 合肥工业大学. 合肥工业大学 2025 cutoff/复试线文本；cutoff/线证据等级；cutoff/选择数值[EB/OL]. (2026-10-09)[2026-10-09]. https://yjszs.hfut.edu.cn/2025/0319/c13524a310804/page.htm
S0926,合肥工业大学2026招生简章,合肥工业大学2026招生简章,retained_structured_title,,,学费,university_official,primary_official,来源总台账,reachable,200.0,2026-10-09,https://yjszs.hfut.edu.cn/2025/0928/c13526a315413/pagem.htm,[S0926] 合肥工业大学2026招生简章. 合肥工业大学2026招生简章[EB/OL]. (2026-10-09)[2026-10-09]. https://yjszs.hfut.edu.cn/2025/0928/c13526a315413/pagem.htm
S0927,合肥工业大学2026复试线,合肥工业大学2026复试线,retained_structured_title,合肥工业大学,2026,cutoff/复试线文本；cutoff/多学院/方向明细；cutoff/线证据等级；cutoff/选择数值；复试线、学习方式,university_official,primary_official,来源总台账；逐字段校年台账,reachable,200.0,2026-10-09,https://yjszs.hfut.edu.cn/2026/0320/c13533a317912/pagem.htm,[S0927] 合肥工业大学2026复试线. 合肥工业大学2026复试线[EB/OL]. (2026-10-09)[2026-10-09]. https://yjszs.hfut.edu.cn/2026/0320/c13533a317912/pagem.htm
S0928,合肥工业大学,合肥工业大学 专业课；官方指定教材；官方教材状态；等 9 项,scope_description_not_original_page_title,合肥工业大学,,专业课；官方指定教材；官方教材状态；官方范围说明；政治；数学/经综；最新官方大纲题型；真题证据等级；英语,university_official,primary_official,院校静态字段台账,not_checked,,2026-10-09,https://yjszs.hfut.edu.cn/_upload/article/files/d1/5a/4a20a87c4642b45c6285759ffd2c/6032ae67-848f-4f1f-a844-ee66b66bebfb.pdf,[S0928] 合肥工业大学. 合肥工业大学 专业课；官方指定教材；官方教材状态；等 9 项[EB/OL]. (2026-10-09)[2026-10-09]. https://yjszs.hfut.edu.cn/_upload/article/files/d1/5a/4a20a87c4642b45c6285759ffd2c/6032ae67-848f-4f1f-a844-ee66b66bebfb.pdf
S0929,北京师范大学,北京师范大学 2026 cutoff/复试线文本；cutoff/多学院/方向明细；cutoff/线证据等级；等 4 项,scope_description_not_original_page_title,北京师范大学,2026,cutoff/复试线文本；cutoff/多学院/方向明细；cutoff/线证据等级；cutoff/选择数值,university_official,primary_official,逐字段校年台账,reachable,200.0,2026-10-09,https://yz.bnu.edu.cn/content/ss_fsfsx/2026/fsfsx_yxsm__034___zy__1.html,[S0929] 北京师范大学. 北京师范大学 2026 cutoff/复试线文本；cutoff/多学院/方向明细；cutoff/线证据等级；等 4 项[EB/OL]. (2026-10-09)[2026-10-09]. https://yz.bnu.edu.cn/content/ss_fsfsx/2026/fsfsx_yxsm__034___zy__1.html
S0930,北京师范大学,北京师范大学 2025 cutoff/复试线文本；cutoff/多学院/方向明细；cutoff/线证据等级；等 4 项,scope_description_not_original_page_title,北京师范大学,2025,cutoff/复试线文本；cutoff/多学院/方向明细；cutoff/线证据等级；cutoff/选择数值,university_official,primary_official,逐字段校年台账,reachable,200.0,2026-10-09,https://yz.bnu.edu.cn/detail/77810013-b3d0-46fa-bbd6-9615a8561a52,[S0930] 北京师范大学. 北京师范大学 2025 cutoff/复试线文本；cutoff/多学院/方向明细；cutoff/线证据等级；等 4 项[EB/OL]. (2026-10-09)[2026-10-09]. https://yz.bnu.edu.cn/detail/77810013-b3d0-46fa-bbd6-9615a8561a52
S0931,研招网2023复试线专题,研招网2023复试线专题,retained_structured_title,上海交通大学；上海大学；上海财经大学；东北农业大学；东北大学；东北师范大学；东北林业大学；东华大学；东南大学；中南大学；中南财经政法大学；中国人民大学；中国地质大学（北京）；中国地质大学（武汉）；中国海洋大学；中国石油大学（北京）；中国石油大学（华东）；中国药科大学；中央民族大学；中央财经大学；云南大学；兰州大学；内蒙古大学；北京交通大学；北京工业大学；北京师范大学；北京林业大学；华东师范大学；华东理工大学；华中农业大学；华中师范大学；华中科技大学；华北电力大学；华南师范大学；南京农业大学；南京师范大学；南京理工大学；南京航空航天大学；南昌大学；厦门大学；吉林大学；同济大学；四川大学；国防科技大学；复旦大学；大连理工大学；太原理工大学；宁夏大学；安徽大学；对外经济贸易大学；山东大学；延边大学；新疆大学；暨南大学；武汉大学；武汉理工大学；河北工业大学；河海大学；清华大学；湖南大学；湖南师范大学；石河子大学；福州大学；苏州大学；西北大学；西北工业大学；西南交通大学；西南大学；西安交通大学；西安电子科技大学；贵州大学；辽宁大学；郑州大学；重庆大学；陕西师范大学,2023,2023自主划线学校；cutoff/复试线文本；cutoff/多学院/方向明细；cutoff/线证据等级；cutoff/选择数值,government_official,primary_official,来源总台账；逐字段校年台账,failed,404.0,2026-10-09,https://yz.chsi.com.cn/kyzx/zt/lnfsx2023.shtml,[S0931] 研招网2023复试线专题. 研招网2023复试线专题[EB/OL]. (2026-10-09)[2026-10-09]. https://yz.chsi.com.cn/kyzx/zt/lnfsx2023.shtml
S0932,重庆大学2025拟录取名单,重庆大学2025拟录取名单,retained_structured_title,重庆大学,2025,admission/复录比；admission/复试人数；admission/拟录取中位；admission/拟录取人数；admission/拟录取最低；admission/拟录取最高；admission/本科背景状态；拟录取分布,university_official,primary_official,来源总台账；逐字段校年台账,reachable,200.0,2026-10-09,https://yz.cqu.edu.cn/upload/202505/9adafabf.pdf,[S0932] 重庆大学2025拟录取名单. 重庆大学2025拟录取名单[EB/OL]. (2026-10-09)[2026-10-09]. https://yz.cqu.edu.cn/upload/202505/9adafabf.pdf
S0933,暨南大学2026年432考试大纲,暨南大学2026年432考试大纲,retained_structured_title,暨南大学,,专业课；官方指定教材；官方教材状态；官方范围说明；政治；数学/经综；最新官方大纲题型；最新范围、题型、参考书；真题证据等级；英语,university_official,primary_official,来源总台账；院校静态字段台账,reachable,200.0,2026-10-09,https://yz.jnu.edu.cn/2025/0728/c36355a841104/page.htm,[S0933] 暨南大学2026年432考试大纲. 暨南大学2026年432考试大纲[EB/OL]. (2026-10-09)[2026-10-09]. https://yz.jnu.edu.cn/2025/0728/c36355a841104/page.htm
S0934,中国海洋大学往年试题库,中国海洋大学往年试题库,retained_structured_title,中国海洋大学,,2018/2019/2021年432原卷；专业课；官方指定教材；官方教材状态；官方范围说明；政治；数学/经综；最新官方大纲题型；真题证据等级；英语,university_official,primary_official,来源总台账；院校静态字段台账,reachable,200.0,2026-10-09,https://yz.ouc.edu.cn/5924/list.htm,[S0934] 中国海洋大学往年试题库. 中国海洋大学往年试题库[EB/OL]. (2026-10-09)[2026-10-09]. https://yz.ouc.edu.cn/5924/list.htm
S0935,陕西师范大学,陕西师范大学 2025 cutoff/复试线文本；cutoff/多学院/方向明细；cutoff/线证据等级；等 4 项,scope_description_not_original_page_title,陕西师范大学,2025,cutoff/复试线文本；cutoff/多学院/方向明细；cutoff/线证据等级；cutoff/选择数值,university_official,primary_official,逐字段校年台账,reachable,200.0,2026-10-09,https://yz.snnu.edu.cn/2025ss-014.pdf,[S0935] 陕西师范大学. 陕西师范大学 2025 cutoff/复试线文本；cutoff/多学院/方向明细；cutoff/线证据等级；等 4 项[EB/OL]. (2026-10-09)[2026-10-09]. https://yz.snnu.edu.cn/2025ss-014.pdf
S0936,中国科大2026年432考试大纲,中国科大2026年432考试大纲,retained_structured_title,中国科学技术大学,,专业课；官方指定教材；官方教材状态；官方范围说明；政治；数学/经综；最新官方大纲题型；最新范围、题型、参考书；真题证据等级；英语,university_official,primary_official,来源总台账；院校静态字段台账,reachable,200.0,2026-10-09,https://yz.ustc.edu.cn/static/upload/article/ueditor/e46ee8c77b754548b9f1eadaa3278b21.pdf,[S0936] 中国科大2026年432考试大纲. 中国科大2026年432考试大纲[EB/OL]. (2026-10-09)[2026-10-09]. https://yz.ustc.edu.cn/static/upload/article/ueditor/e46ee8c77b754548b9f1eadaa3278b21.pdf
S0937,哈尔滨工业大学,哈尔滨工业大学 2023 cutoff/复试线文本；cutoff/多学院/方向明细；cutoff/线证据等级；等 4 项,scope_description_not_original_page_title,哈尔滨工业大学,2023,cutoff/复试线文本；cutoff/多学院/方向明细；cutoff/线证据等级；cutoff/选择数值,university_official,primary_official,逐字段校年台账,reachable,200.0,2026-10-09,https://yzb.hit.edu.cn/_t1161/2023/0314/c22276a292420/page.htm,[S0937] 哈尔滨工业大学. 哈尔滨工业大学 2023 cutoff/复试线文本；cutoff/多学院/方向明细；cutoff/线证据等级；等 4 项[EB/OL]. (2026-10-09)[2026-10-09]. https://yzb.hit.edu.cn/_t1161/2023/0314/c22276a292420/page.htm
S0938,上海交通大学,上海交通大学 2026 cutoff/复试线文本；cutoff/多学院/方向明细；cutoff/线证据等级；等 4 项,scope_description_not_original_page_title,上海交通大学,2026,cutoff/复试线文本；cutoff/多学院/方向明细；cutoff/线证据等级；cutoff/选择数值,university_official,primary_official,逐字段校年台账,reachable,200.0,2026-10-09,https://yzb.sjtu.edu.cn/post/3503,[S0938] 上海交通大学. 上海交通大学 2026 cutoff/复试线文本；cutoff/多学院/方向明细；cutoff/线证据等级；等 4 项[EB/OL]. (2026-10-09)[2026-10-09]. https://yzb.sjtu.edu.cn/post/3503
S0939,西南财经大学,西南财经大学 2023 cutoff/复试线文本；cutoff/多学院/方向明细；cutoff/线证据等级；等 4 项,scope_description_not_original_page_title,西南财经大学,2023,cutoff/复试线文本；cutoff/多学院/方向明细；cutoff/线证据等级；cutoff/选择数值,university_official,primary_official,逐字段校年台账,reachable,200.0,2026-10-09,https://yzcx.swufe.edu.cn/chaxun/yzb/ss/2023/06_fs/01_fsx/2023fsx.htm,[S0939] 西南财经大学. 西南财经大学 2023 cutoff/复试线文本；cutoff/多学院/方向明细；cutoff/线证据等级；等 4 项[EB/OL]. (2026-10-09)[2026-10-09]. https://yzcx.swufe.edu.cn/chaxun/yzb/ss/2023/06_fs/01_fsx/2023fsx.htm
S0940,研招网2026硕士目录,研招网2026硕士目录,retained_structured_title,,,2026开设状态、学院、初试科目,government_official,primary_official,来源总台账,reachable,200.0,2026-10-09,https://yzst.chsi.com.cn/zsml/,[S0940] 研招网2026硕士目录. 研招网2026硕士目录[EB/OL]. (2026-10-09)[2026-10-09]. https://yzst.chsi.com.cn/zsml/
