school,field_name,compiled_value,independent_value,reconciliation_status,api_field_path,api_url,detail_id,source_type,authority_grade,retrieved_at
上海交通大学,unit_2026,数学科学学院,数学科学学院,exact_match,schoolMajorVO.college,https://admin.jiuxianzai.cn/api/applet/home/index/schoolDetail/61ab8bb59fd94ad71f849af6ceac6c8f,61ab8bb59fd94ad71f849af6ceac6c8f,mini_program_api_value_reconciled,secondary_structured,2026-10-09T10:49:41.436853+00:00
上海交通大学,study_mode,全日制,全日制,exact_match,schoolMajorVO.train,https://admin.jiuxianzai.cn/api/applet/home/index/schoolDetail/61ab8bb59fd94ad71f849af6ceac6c8f,61ab8bb59fd94ad71f849af6ceac6c8f,mini_program_api_value_reconciled,secondary_structured,2026-10-09T10:49:41.436853+00:00
上海交通大学,duration,2年,2年,exact_match,schoolMajorVO.year,https://admin.jiuxianzai.cn/api/applet/home/index/schoolDetail/61ab8bb59fd94ad71f849af6ceac6c8f,61ab8bb59fd94ad71f849af6ceac6c8f,mini_program_api_value_reconciled,secondary_structured,2026-10-09T10:49:41.436853+00:00
上海交通大学,politics_subject,101思想政治理论,政治,semantic_equivalent,schoolMajorVO.startSubjects[0],https://admin.jiuxianzai.cn/api/applet/home/index/schoolDetail/61ab8bb59fd94ad71f849af6ceac6c8f,61ab8bb59fd94ad71f849af6ceac6c8f,mini_program_api_value_reconciled,secondary_structured,2026-10-09T10:49:41.436853+00:00
上海交通大学,english_subject,英语一,英语一,exact_match,schoolMajorVO.startSubjects[1],https://admin.jiuxianzai.cn/api/applet/home/index/schoolDetail/61ab8bb59fd94ad71f849af6ceac6c8f,61ab8bb59fd94ad71f849af6ceac6c8f,mini_program_api_value_reconciled,secondary_structured,2026-10-09T10:49:41.436853+00:00
上海交通大学,math_subject,数学三,数三,semantic_equivalent,schoolMajorVO.startSubjects[2],https://admin.jiuxianzai.cn/api/applet/home/index/schoolDetail/61ab8bb59fd94ad71f849af6ceac6c8f,61ab8bb59fd94ad71f849af6ceac6c8f,mini_program_api_value_reconciled,secondary_structured,2026-10-09T10:49:41.436853+00:00
上海交通大学,major_subject,432统计学,432统计学,exact_match,schoolMajorVO.startSubjects[3],https://admin.jiuxianzai.cn/api/applet/home/index/schoolDetail/61ab8bb59fd94ad71f849af6ceac6c8f,61ab8bb59fd94ad71f849af6ceac6c8f,mini_program_api_value_reconciled,secondary_structured,2026-10-09T10:49:41.437851+00:00
上海大学,study_mode,全日制,全日制,exact_match,schoolMajorVO.train,https://admin.jiuxianzai.cn/api/applet/home/index/schoolDetail/b169b986c5cf0c1b64358396395ed2da,b169b986c5cf0c1b64358396395ed2da,mini_program_api_value_reconciled,secondary_structured,2026-10-09T10:49:41.771242+00:00
上海大学,duration,2年,2年,exact_match,schoolMajorVO.year,https://admin.jiuxianzai.cn/api/applet/home/index/schoolDetail/b169b986c5cf0c1b64358396395ed2da,b169b986c5cf0c1b64358396395ed2da,mini_program_api_value_reconciled,secondary_structured,2026-10-09T10:49:41.771242+00:00
上海大学,politics_subject,101思想政治理论,政治,semantic_equivalent,schoolMajorVO.startSubjects[0],https://admin.jiuxianzai.cn/api/applet/home/index/schoolDetail/b169b986c5cf0c1b64358396395ed2da,b169b986c5cf0c1b64358396395ed2da,mini_program_api_value_reconciled,secondary_structured,2026-10-09T10:49:41.771242+00:00
上海大学,english_subject,英语二,英语二,exact_match,schoolMajorVO.startSubjects[1],https://admin.jiuxianzai.cn/api/applet/home/index/schoolDetail/b169b986c5cf0c1b64358396395ed2da,b169b986c5cf0c1b64358396395ed2da,mini_program_api_value_reconciled,secondary_structured,2026-10-09T10:49:41.771242+00:00
上海大学,math_subject,数学三,数三,semantic_equivalent,schoolMajorVO.startSubjects[2],https://admin.jiuxianzai.cn/api/applet/home/index/schoolDetail/b169b986c5cf0c1b64358396395ed2da,b169b986c5cf0c1b64358396395ed2da,mini_program_api_value_reconciled,secondary_structured,2026-10-09T10:49:41.771242+00:00
上海大学,major_subject,432统计学,432统计学,exact_match,schoolMajorVO.startSubjects[3],https://admin.jiuxianzai.cn/api/applet/home/index/schoolDetail/b169b986c5cf0c1b64358396395ed2da,b169b986c5cf0c1b64358396395ed2da,mini_program_api_value_reconciled,secondary_structured,2026-10-09T10:49:41.771242+00:00
上海大学,study_mode,全日制,全日制,exact_match,schoolMajorVO.train,https://admin.jiuxianzai.cn/api/applet/home/index/schoolDetail/279ec5f38ebc13befec919b109d88090,279ec5f38ebc13befec919b109d88090,mini_program_api_value_reconciled,secondary_structured,2026-10-09T10:49:42.132687+00:00
上海大学,duration,2年,2年,exact_match,schoolMajorVO.year,https://admin.jiuxianzai.cn/api/applet/home/index/schoolDetail/279ec5f38ebc13befec919b109d88090,279ec5f38ebc13befec919b109d88090,mini_program_api_value_reconciled,secondary_structured,2026-10-09T10:49:42.132687+00:00
上海大学,politics_subject,101思想政治理论,政治,semantic_equivalent,schoolMajorVO.startSubjects[0],https://admin.jiuxianzai.cn/api/applet/home/index/schoolDetail/279ec5f38ebc13befec919b109d88090,279ec5f38ebc13befec919b109d88090,mini_program_api_value_reconciled,secondary_structured,2026-10-09T10:49:42.132687+00:00
上海大学,english_subject,英语二,英语二,exact_match,schoolMajorVO.startSubjects[1],https://admin.jiuxianzai.cn/api/applet/home/index/schoolDetail/279ec5f38ebc13befec919b109d88090,279ec5f38ebc13befec919b109d88090,mini_program_api_value_reconciled,secondary_structured,2026-10-09T10:49:42.132687+00:00
上海大学,math_subject,数学三,数三,semantic_equivalent,schoolMajorVO.startSubjects[2],https://admin.jiuxianzai.cn/api/applet/home/index/schoolDetail/279ec5f38ebc13befec919b109d88090,279ec5f38ebc13befec919b109d88090,mini_program_api_value_reconciled,secondary_structured,2026-10-09T10:49:42.132687+00:00
上海大学,major_subject,432统计学,432统计学,exact_match,schoolMajorVO.startSubjects[3],https://admin.jiuxianzai.cn/api/applet/home/index/schoolDetail/279ec5f38ebc13befec919b109d88090,279ec5f38ebc13befec919b109d88090,mini_program_api_value_reconciled,secondary_structured,2026-10-09T10:49:42.132687+00:00
上海财经大学,study_mode,全日制,全日制,exact_match,schoolMajorVO.train,https://admin.jiuxianzai.cn/api/applet/home/index/schoolDetail/ab3b483738ca750788aaef4042e1b656,ab3b483738ca750788aaef4042e1b656,mini_program_api_value_reconciled,secondary_structured,2026-10-09T10:49:42.451453+00:00
上海财经大学,politics_subject,101思想政治理论,政治,semantic_equivalent,schoolMajorVO.startSubjects[0],https://admin.jiuxianzai.cn/api/applet/home/index/schoolDetail/ab3b483738ca750788aaef4042e1b656,ab3b483738ca750788aaef4042e1b656,mini_program_api_value_reconciled,secondary_structured,2026-10-09T10:49:42.451453+00:00
上海财经大学,english_subject,英语二,英语二,exact_match,schoolMajorVO.startSubjects[1],https://admin.jiuxianzai.cn/api/applet/home/index/schoolDetail/ab3b483738ca750788aaef4042e1b656,ab3b483738ca750788aaef4042e1b656,mini_program_api_value_reconciled,secondary_structured,2026-10-09T10:49:42.452453+00:00
上海财经大学,math_subject,数学三,数三,semantic_equivalent,schoolMajorVO.startSubjects[2],https://admin.jiuxianzai.cn/api/applet/home/index/schoolDetail/ab3b483738ca750788aaef4042e1b656,ab3b483738ca750788aaef4042e1b656,mini_program_api_value_reconciled,secondary_structured,2026-10-09T10:49:42.452453+00:00
上海财经大学,major_subject,432统计学,432统计学,exact_match,schoolMajorVO.startSubjects[3],https://admin.jiuxianzai.cn/api/applet/home/index/schoolDetail/ab3b483738ca750788aaef4042e1b656,ab3b483738ca750788aaef4042e1b656,mini_program_api_value_reconciled,secondary_structured,2026-10-09T10:49:42.452453+00:00
上海财经大学,study_mode,全日制,全日制,exact_match,schoolMajorVO.train,https://admin.jiuxianzai.cn/api/applet/home/index/schoolDetail/7d3e0fe1601b71a518a0bd16b951f135,7d3e0fe1601b71a518a0bd16b951f135,mini_program_api_value_reconciled,secondary_structured,2026-10-09T10:49:42.824842+00:00
上海财经大学,politics_subject,101思想政治理论,政治,semantic_equivalent,schoolMajorVO.startSubjects[0],https://admin.jiuxianzai.cn/api/applet/home/index/schoolDetail/7d3e0fe1601b71a518a0bd16b951f135,7d3e0fe1601b71a518a0bd16b951f135,mini_program_api_value_reconciled,secondary_structured,2026-10-09T10:49:42.824842+00:00
上海财经大学,english_subject,英语二,英语二,exact_match,schoolMajorVO.startSubjects[1],https://admin.jiuxianzai.cn/api/applet/home/index/schoolDetail/7d3e0fe1601b71a518a0bd16b951f135,7d3e0fe1601b71a518a0bd16b951f135,mini_program_api_value_reconciled,secondary_structured,2026-10-09T10:49:42.824842+00:00
上海财经大学,math_subject,数学三,数三,semantic_equivalent,schoolMajorVO.startSubjects[2],https://admin.jiuxianzai.cn/api/applet/home/index/schoolDetail/7d3e0fe1601b71a518a0bd16b951f135,7d3e0fe1601b71a518a0bd16b951f135,mini_program_api_value_reconciled,secondary_structured,2026-10-09T10:49:42.824842+00:00
上海财经大学,major_subject,432统计学,432统计学,exact_match,schoolMajorVO.startSubjects[3],https://admin.jiuxianzai.cn/api/applet/home/index/schoolDetail/7d3e0fe1601b71a518a0bd16b951f135,7d3e0fe1601b71a518a0bd16b951f135,mini_program_api_value_reconciled,secondary_structured,2026-10-09T10:49:42.824842+00:00
上海财经大学,study_mode,全日制,全日制,exact_match,schoolMajorVO.train,https://admin.jiuxianzai.cn/api/applet/home/index/schoolDetail/015e45aa720f0d941241bec22327ed9d,015e45aa720f0d941241bec22327ed9d,mini_program_api_value_reconciled,secondary_structured,2026-10-09T10:49:43.119920+00:00
上海财经大学,politics_subject,101思想政治理论,政治,semantic_equivalent,schoolMajorVO.startSubjects[0],https://admin.jiuxianzai.cn/api/applet/home/index/schoolDetail/015e45aa720f0d941241bec22327ed9d,015e45aa720f0d941241bec22327ed9d,mini_program_api_value_reconciled,secondary_structured,2026-10-09T10:49:43.119920+00:00
上海财经大学,english_subject,英语二,英语二,exact_match,schoolMajorVO.startSubjects[1],https://admin.jiuxianzai.cn/api/applet/home/index/schoolDetail/015e45aa720f0d941241bec22327ed9d,015e45aa720f0d941241bec22327ed9d,mini_program_api_value_reconciled,secondary_structured,2026-10-09T10:49:43.119920+00:00
上海财经大学,math_subject,数学三,数三,semantic_equivalent,schoolMajorVO.startSubjects[2],https://admin.jiuxianzai.cn/api/applet/home/index/schoolDetail/015e45aa720f0d941241bec22327ed9d,015e45aa720f0d941241bec22327ed9d,mini_program_api_value_reconciled,secondary_structured,2026-10-09T10:49:43.119920+00:00
上海财经大学,major_subject,432统计学,432统计学,exact_match,schoolMajorVO.startSubjects[3],https://admin.jiuxianzai.cn/api/applet/home/index/schoolDetail/015e45aa720f0d941241bec22327ed9d,015e45aa720f0d941241bec22327ed9d,mini_program_api_value_reconciled,secondary_structured,2026-10-09T10:49:43.119920+00:00
东北农业大学,unit_2026,文理学院,文理学院,exact_match,schoolMajorVO.college,https://admin.jiuxianzai.cn/api/applet/home/index/schoolDetail/181e45a7493304a18ae20dff6881a87c,181e45a7493304a18ae20dff6881a87c,mini_program_api_value_reconciled,secondary_structured,2026-10-09T10:49:43.435843+00:00
东北农业大学,study_mode,全日制,全日制,exact_match,schoolMajorVO.train,https://admin.jiuxianzai.cn/api/applet/home/index/schoolDetail/181e45a7493304a18ae20dff6881a87c,181e45a7493304a18ae20dff6881a87c,mini_program_api_value_reconciled,secondary_structured,2026-10-09T10:49:43.435843+00:00
东北农业大学,politics_subject,101思想政治理论,政治,semantic_equivalent,schoolMajorVO.startSubjects[0],https://admin.jiuxianzai.cn/api/applet/home/index/schoolDetail/181e45a7493304a18ae20dff6881a87c,181e45a7493304a18ae20dff6881a87c,mini_program_api_value_reconciled,secondary_structured,2026-10-09T10:49:43.435843+00:00
东北农业大学,english_subject,英语二,英语二,exact_match,schoolMajorVO.startSubjects[1],https://admin.jiuxianzai.cn/api/applet/home/index/schoolDetail/181e45a7493304a18ae20dff6881a87c,181e45a7493304a18ae20dff6881a87c,mini_program_api_value_reconciled,secondary_structured,2026-10-09T10:49:43.435843+00:00
东北农业大学,math_subject,数学三,数三,semantic_equivalent,schoolMajorVO.startSubjects[2],https://admin.jiuxianzai.cn/api/applet/home/index/schoolDetail/181e45a7493304a18ae20dff6881a87c,181e45a7493304a18ae20dff6881a87c,mini_program_api_value_reconciled,secondary_structured,2026-10-09T10:49:43.435843+00:00
东北农业大学,major_subject,432统计学,432统计学,exact_match,schoolMajorVO.startSubjects[3],https://admin.jiuxianzai.cn/api/applet/home/index/schoolDetail/181e45a7493304a18ae20dff6881a87c,181e45a7493304a18ae20dff6881a87c,mini_program_api_value_reconciled,secondary_structured,2026-10-09T10:49:43.435843+00:00
东北大学,study_mode,全日制,全日制,exact_match,schoolMajorVO.train,https://admin.jiuxianzai.cn/api/applet/home/index/schoolDetail/57be15d871bf0ffdcc70961ecb6569bb,57be15d871bf0ffdcc70961ecb6569bb,mini_program_api_value_reconciled,secondary_structured,2026-10-09T10:49:43.852472+00:00
东北大学,duration,3年,3年,exact_match,schoolMajorVO.year,https://admin.jiuxianzai.cn/api/applet/home/index/schoolDetail/57be15d871bf0ffdcc70961ecb6569bb,57be15d871bf0ffdcc70961ecb6569bb,mini_program_api_value_reconciled,secondary_structured,2026-10-09T10:49:43.852472+00:00
东北大学,politics_subject,101思想政治理论,政治,semantic_equivalent,schoolMajorVO.startSubjects[0],https://admin.jiuxianzai.cn/api/applet/home/index/schoolDetail/57be15d871bf0ffdcc70961ecb6569bb,57be15d871bf0ffdcc70961ecb6569bb,mini_program_api_value_reconciled,secondary_structured,2026-10-09T10:49:43.852472+00:00
东北大学,english_subject,英语二,英语二,exact_match,schoolMajorVO.startSubjects[1],https://admin.jiuxianzai.cn/api/applet/home/index/schoolDetail/57be15d871bf0ffdcc70961ecb6569bb,57be15d871bf0ffdcc70961ecb6569bb,mini_program_api_value_reconciled,secondary_structured,2026-10-09T10:49:43.852472+00:00
东北大学,math_subject,数学三,数三,semantic_equivalent,schoolMajorVO.startSubjects[2],https://admin.jiuxianzai.cn/api/applet/home/index/schoolDetail/57be15d871bf0ffdcc70961ecb6569bb,57be15d871bf0ffdcc70961ecb6569bb,mini_program_api_value_reconciled,secondary_structured,2026-10-09T10:49:43.852472+00:00
东北大学,major_subject,432统计学,432统计学,exact_match,schoolMajorVO.startSubjects[3],https://admin.jiuxianzai.cn/api/applet/home/index/schoolDetail/57be15d871bf0ffdcc70961ecb6569bb,57be15d871bf0ffdcc70961ecb6569bb,mini_program_api_value_reconciled,secondary_structured,2026-10-09T10:49:43.852472+00:00
东北大学,study_mode,全日制,全日制,exact_match,schoolMajorVO.train,https://admin.jiuxianzai.cn/api/applet/home/index/schoolDetail/eb00c0513fdc83882bb18aafb5570cf6,eb00c0513fdc83882bb18aafb5570cf6,mini_program_api_value_reconciled,secondary_structured,2026-10-09T10:49:44.232096+00:00
东北大学,duration,3年,3年,exact_match,schoolMajorVO.year,https://admin.jiuxianzai.cn/api/applet/home/index/schoolDetail/eb00c0513fdc83882bb18aafb5570cf6,eb00c0513fdc83882bb18aafb5570cf6,mini_program_api_value_reconciled,secondary_structured,2026-10-09T10:49:44.232096+00:00
东北大学,politics_subject,101思想政治理论,政治,semantic_equivalent,schoolMajorVO.startSubjects[0],https://admin.jiuxianzai.cn/api/applet/home/index/schoolDetail/eb00c0513fdc83882bb18aafb5570cf6,eb00c0513fdc83882bb18aafb5570cf6,mini_program_api_value_reconciled,secondary_structured,2026-10-09T10:49:44.232096+00:00
东北大学,english_subject,英语二,英语二,exact_match,schoolMajorVO.startSubjects[1],https://admin.jiuxianzai.cn/api/applet/home/index/schoolDetail/eb00c0513fdc83882bb18aafb5570cf6,eb00c0513fdc83882bb18aafb5570cf6,mini_program_api_value_reconciled,secondary_structured,2026-10-09T10:49:44.232096+00:00
东北大学,math_subject,数学三,数三,semantic_equivalent,schoolMajorVO.startSubjects[2],https://admin.jiuxianzai.cn/api/applet/home/index/schoolDetail/eb00c0513fdc83882bb18aafb5570cf6,eb00c0513fdc83882bb18aafb5570cf6,mini_program_api_value_reconciled,secondary_structured,2026-10-09T10:49:44.232096+00:00
东北大学,major_subject,432统计学,432统计学,exact_match,schoolMajorVO.startSubjects[3],https://admin.jiuxianzai.cn/api/applet/home/index/schoolDetail/eb00c0513fdc83882bb18aafb5570cf6,eb00c0513fdc83882bb18aafb5570cf6,mini_program_api_value_reconciled,secondary_structured,2026-10-09T10:49:44.232096+00:00
东北大学,study_mode,全日制,全日制,exact_match,schoolMajorVO.train,https://admin.jiuxianzai.cn/api/applet/home/index/schoolDetail/a56214dee150a9b44e99b84060a46aab,a56214dee150a9b44e99b84060a46aab,mini_program_api_value_reconciled,secondary_structured,2026-10-09T10:49:44.633724+00:00
东北大学,duration,3年,3年,exact_match,schoolMajorVO.year,https://admin.jiuxianzai.cn/api/applet/home/index/schoolDetail/a56214dee150a9b44e99b84060a46aab,a56214dee150a9b44e99b84060a46aab,mini_program_api_value_reconciled,secondary_structured,2026-10-09T10:49:44.633724+00:00
东北大学,politics_subject,101思想政治理论,政治,semantic_equivalent,schoolMajorVO.startSubjects[0],https://admin.jiuxianzai.cn/api/applet/home/index/schoolDetail/a56214dee150a9b44e99b84060a46aab,a56214dee150a9b44e99b84060a46aab,mini_program_api_value_reconciled,secondary_structured,2026-10-09T10:49:44.633724+00:00
东北大学,english_subject,英语二,英语二,exact_match,schoolMajorVO.startSubjects[1],https://admin.jiuxianzai.cn/api/applet/home/index/schoolDetail/a56214dee150a9b44e99b84060a46aab,a56214dee150a9b44e99b84060a46aab,mini_program_api_value_reconciled,secondary_structured,2026-10-09T10:49:44.633724+00:00
东北大学,math_subject,数学三,数三,semantic_equivalent,schoolMajorVO.startSubjects[2],https://admin.jiuxianzai.cn/api/applet/home/index/schoolDetail/a56214dee150a9b44e99b84060a46aab,a56214dee150a9b44e99b84060a46aab,mini_program_api_value_reconciled,secondary_structured,2026-10-09T10:49:44.633724+00:00
东北大学,major_subject,432统计学,432统计学,exact_match,schoolMajorVO.startSubjects[3],https://admin.jiuxianzai.cn/api/applet/home/index/schoolDetail/a56214dee150a9b44e99b84060a46aab,a56214dee150a9b44e99b84060a46aab,mini_program_api_value_reconciled,secondary_structured,2026-10-09T10:49:44.633724+00:00
东北师范大学,unit_2026,数学与统计学院,数学与统计学院,exact_match,schoolMajorVO.college,https://admin.jiuxianzai.cn/api/applet/home/index/schoolDetail/2212e87b996ebd666f9b3f7545fd1e44,2212e87b996ebd666f9b3f7545fd1e44,mini_program_api_value_reconciled,secondary_structured,2026-10-09T10:49:45.080687+00:00
东北师范大学,study_mode,全日制,全日制,exact_match,schoolMajorVO.train,https://admin.jiuxianzai.cn/api/applet/home/index/schoolDetail/2212e87b996ebd666f9b3f7545fd1e44,2212e87b996ebd666f9b3f7545fd1e44,mini_program_api_value_reconciled,secondary_structured,2026-10-09T10:49:45.080687+00:00
东北师范大学,politics_subject,101思想政治理论,政治,semantic_equivalent,schoolMajorVO.startSubjects[0],https://admin.jiuxianzai.cn/api/applet/home/index/schoolDetail/2212e87b996ebd666f9b3f7545fd1e44,2212e87b996ebd666f9b3f7545fd1e44,mini_program_api_value_reconciled,secondary_structured,2026-10-09T10:49:45.080687+00:00
东北师范大学,math_subject,数学三,数三,semantic_equivalent,schoolMajorVO.startSubjects[2],https://admin.jiuxianzai.cn/api/applet/home/index/schoolDetail/2212e87b996ebd666f9b3f7545fd1e44,2212e87b996ebd666f9b3f7545fd1e44,mini_program_api_value_reconciled,secondary_structured,2026-10-09T10:49:45.080687+00:00
东北师范大学,major_subject,432统计学,432统计学,exact_match,schoolMajorVO.startSubjects[3],https://admin.jiuxianzai.cn/api/applet/home/index/schoolDetail/2212e87b996ebd666f9b3f7545fd1e44,2212e87b996ebd666f9b3f7545fd1e44,mini_program_api_value_reconciled,secondary_structured,2026-10-09T10:49:45.080687+00:00
东北林业大学,unit_2026,理学院,理学院,exact_match,schoolMajorVO.college,https://admin.jiuxianzai.cn/api/applet/home/index/schoolDetail/76c645e37f82e3b5a60079064582f4d4,76c645e37f82e3b5a60079064582f4d4,mini_program_api_value_reconciled,secondary_structured,2026-10-09T10:49:45.490658+00:00
东北林业大学,study_mode,全日制,全日制,exact_match,schoolMajorVO.train,https://admin.jiuxianzai.cn/api/applet/home/index/schoolDetail/76c645e37f82e3b5a60079064582f4d4,76c645e37f82e3b5a60079064582f4d4,mini_program_api_value_reconciled,secondary_structured,2026-10-09T10:49:45.490658+00:00
东北林业大学,politics_subject,101思想政治理论,政治,semantic_equivalent,schoolMajorVO.startSubjects[0],https://admin.jiuxianzai.cn/api/applet/home/index/schoolDetail/76c645e37f82e3b5a60079064582f4d4,76c645e37f82e3b5a60079064582f4d4,mini_program_api_value_reconciled,secondary_structured,2026-10-09T10:49:45.490658+00:00
东北林业大学,english_subject,英语二,英语二,exact_match,schoolMajorVO.startSubjects[1],https://admin.jiuxianzai.cn/api/applet/home/index/schoolDetail/76c645e37f82e3b5a60079064582f4d4,76c645e37f82e3b5a60079064582f4d4,mini_program_api_value_reconciled,secondary_structured,2026-10-09T10:49:45.490658+00:00
东北林业大学,math_subject,数学三,数三,semantic_equivalent,schoolMajorVO.startSubjects[2],https://admin.jiuxianzai.cn/api/applet/home/index/schoolDetail/76c645e37f82e3b5a60079064582f4d4,76c645e37f82e3b5a60079064582f4d4,mini_program_api_value_reconciled,secondary_structured,2026-10-09T10:49:45.490658+00:00
东北林业大学,major_subject,432统计学,432统计学,exact_match,schoolMajorVO.startSubjects[3],https://admin.jiuxianzai.cn/api/applet/home/index/schoolDetail/76c645e37f82e3b5a60079064582f4d4,76c645e37f82e3b5a60079064582f4d4,mini_program_api_value_reconciled,secondary_structured,2026-10-09T10:49:45.490658+00:00
东华大学,politics_subject,101思想政治理论,政治,semantic_equivalent,schoolMajorVO.startSubjects[0],https://admin.jiuxianzai.cn/api/applet/home/index/schoolDetail/9981192188eeeb2aaaf0106e534631cc,9981192188eeeb2aaaf0106e534631cc,mini_program_api_value_reconciled,secondary_structured,2026-10-09T10:49:45.830083+00:00
东华大学,english_subject,英语二,英语二,exact_match,schoolMajorVO.startSubjects[1],https://admin.jiuxianzai.cn/api/applet/home/index/schoolDetail/9981192188eeeb2aaaf0106e534631cc,9981192188eeeb2aaaf0106e534631cc,mini_program_api_value_reconciled,secondary_structured,2026-10-09T10:49:45.830083+00:00
东华大学,math_subject,数学三,数三,semantic_equivalent,schoolMajorVO.startSubjects[2],https://admin.jiuxianzai.cn/api/applet/home/index/schoolDetail/9981192188eeeb2aaaf0106e534631cc,9981192188eeeb2aaaf0106e534631cc,mini_program_api_value_reconciled,secondary_structured,2026-10-09T10:49:45.830083+00:00
东华大学,major_subject,432统计学,432统计学,exact_match,schoolMajorVO.startSubjects[3],https://admin.jiuxianzai.cn/api/applet/home/index/schoolDetail/9981192188eeeb2aaaf0106e534631cc,9981192188eeeb2aaaf0106e534631cc,mini_program_api_value_reconciled,secondary_structured,2026-10-09T10:49:45.830083+00:00
东南大学,unit_2026,统计与数据科学学院,统计与数据科学学院,exact_match,schoolMajorVO.college,https://admin.jiuxianzai.cn/api/applet/home/index/schoolDetail/39a1066661cc5563f00076704d954811,39a1066661cc5563f00076704d954811,mini_program_api_value_reconciled,secondary_structured,2026-10-09T10:49:46.217844+00:00
东南大学,study_mode,全日制,全日制,exact_match,schoolMajorVO.train,https://admin.jiuxianzai.cn/api/applet/home/index/schoolDetail/39a1066661cc5563f00076704d954811,39a1066661cc5563f00076704d954811,mini_program_api_value_reconciled,secondary_structured,2026-10-09T10:49:46.217844+00:00
东南大学,duration,3年,3年,exact_match,schoolMajorVO.year,https://admin.jiuxianzai.cn/api/applet/home/index/schoolDetail/39a1066661cc5563f00076704d954811,39a1066661cc5563f00076704d954811,mini_program_api_value_reconciled,secondary_structured,2026-10-09T10:49:46.217844+00:00
东南大学,politics_subject,101思想政治理论,政治,semantic_equivalent,schoolMajorVO.startSubjects[0],https://admin.jiuxianzai.cn/api/applet/home/index/schoolDetail/39a1066661cc5563f00076704d954811,39a1066661cc5563f00076704d954811,mini_program_api_value_reconciled,secondary_structured,2026-10-09T10:49:46.217844+00:00
东南大学,english_subject,英语一,英语一,exact_match,schoolMajorVO.startSubjects[1],https://admin.jiuxianzai.cn/api/applet/home/index/schoolDetail/39a1066661cc5563f00076704d954811,39a1066661cc5563f00076704d954811,mini_program_api_value_reconciled,secondary_structured,2026-10-09T10:49:46.217844+00:00
东南大学,math_subject,数学三,数三,semantic_equivalent,schoolMajorVO.startSubjects[2],https://admin.jiuxianzai.cn/api/applet/home/index/schoolDetail/39a1066661cc5563f00076704d954811,39a1066661cc5563f00076704d954811,mini_program_api_value_reconciled,secondary_structured,2026-10-09T10:49:46.217844+00:00
东南大学,major_subject,432统计学,432统计学,exact_match,schoolMajorVO.startSubjects[3],https://admin.jiuxianzai.cn/api/applet/home/index/schoolDetail/39a1066661cc5563f00076704d954811,39a1066661cc5563f00076704d954811,mini_program_api_value_reconciled,secondary_structured,2026-10-09T10:49:46.217844+00:00
中南大学,unit_2026,数学与统计学院,数学与统计学院,exact_match,schoolMajorVO.college,https://admin.jiuxianzai.cn/api/applet/home/index/schoolDetail/9992ea5cc0f3be699aa80b38b6171e7c,9992ea5cc0f3be699aa80b38b6171e7c,mini_program_api_value_reconciled,secondary_structured,2026-10-09T10:49:46.576929+00:00
中南大学,study_mode,全日制,全日制,exact_match,schoolMajorVO.train,https://admin.jiuxianzai.cn/api/applet/home/index/schoolDetail/9992ea5cc0f3be699aa80b38b6171e7c,9992ea5cc0f3be699aa80b38b6171e7c,mini_program_api_value_reconciled,secondary_structured,2026-10-09T10:49:46.576929+00:00
中南大学,duration,3年,3年,exact_match,schoolMajorVO.year,https://admin.jiuxianzai.cn/api/applet/home/index/schoolDetail/9992ea5cc0f3be699aa80b38b6171e7c,9992ea5cc0f3be699aa80b38b6171e7c,mini_program_api_value_reconciled,secondary_structured,2026-10-09T10:49:46.576929+00:00
中南大学,politics_subject,101思想政治理论,政治,semantic_equivalent,schoolMajorVO.startSubjects[0],https://admin.jiuxianzai.cn/api/applet/home/index/schoolDetail/9992ea5cc0f3be699aa80b38b6171e7c,9992ea5cc0f3be699aa80b38b6171e7c,mini_program_api_value_reconciled,secondary_structured,2026-10-09T10:49:46.576929+00:00
中南大学,english_subject,英语二,英语二,exact_match,schoolMajorVO.startSubjects[1],https://admin.jiuxianzai.cn/api/applet/home/index/schoolDetail/9992ea5cc0f3be699aa80b38b6171e7c,9992ea5cc0f3be699aa80b38b6171e7c,mini_program_api_value_reconciled,secondary_structured,2026-10-09T10:49:46.576929+00:00
中南大学,math_subject,数学三,数三,semantic_equivalent,schoolMajorVO.startSubjects[2],https://admin.jiuxianzai.cn/api/applet/home/index/schoolDetail/9992ea5cc0f3be699aa80b38b6171e7c,9992ea5cc0f3be699aa80b38b6171e7c,mini_program_api_value_reconciled,secondary_structured,2026-10-09T10:49:46.576929+00:00
中南大学,major_subject,432统计学,432统计学,exact_match,schoolMajorVO.startSubjects[3],https://admin.jiuxianzai.cn/api/applet/home/index/schoolDetail/9992ea5cc0f3be699aa80b38b6171e7c,9992ea5cc0f3be699aa80b38b6171e7c,mini_program_api_value_reconciled,secondary_structured,2026-10-09T10:49:46.576929+00:00
中南财经政法大学,unit_2026,统计与数学学院,统计与数学学院,exact_match,schoolMajorVO.college,https://admin.jiuxianzai.cn/api/applet/home/index/schoolDetail/15dc051e0442d52a5bea9583661c8e9a,15dc051e0442d52a5bea9583661c8e9a,mini_program_api_value_reconciled,secondary_structured,2026-10-09T10:49:46.983935+00:00
中南财经政法大学,study_mode,全日制,全日制,exact_match,schoolMajorVO.train,https://admin.jiuxianzai.cn/api/applet/home/index/schoolDetail/15dc051e0442d52a5bea9583661c8e9a,15dc051e0442d52a5bea9583661c8e9a,mini_program_api_value_reconciled,secondary_structured,2026-10-09T10:49:46.983935+00:00
中南财经政法大学,duration,2年,2年,exact_match,schoolMajorVO.year,https://admin.jiuxianzai.cn/api/applet/home/index/schoolDetail/15dc051e0442d52a5bea9583661c8e9a,15dc051e0442d52a5bea9583661c8e9a,mini_program_api_value_reconciled,secondary_structured,2026-10-09T10:49:46.983935+00:00
中南财经政法大学,politics_subject,101思想政治理论,政治,semantic_equivalent,schoolMajorVO.startSubjects[0],https://admin.jiuxianzai.cn/api/applet/home/index/schoolDetail/15dc051e0442d52a5bea9583661c8e9a,15dc051e0442d52a5bea9583661c8e9a,mini_program_api_value_reconciled,secondary_structured,2026-10-09T10:49:46.983935+00:00
中南财经政法大学,english_subject,英语二,英语二,exact_match,schoolMajorVO.startSubjects[1],https://admin.jiuxianzai.cn/api/applet/home/index/schoolDetail/15dc051e0442d52a5bea9583661c8e9a,15dc051e0442d52a5bea9583661c8e9a,mini_program_api_value_reconciled,secondary_structured,2026-10-09T10:49:46.983935+00:00
中南财经政法大学,math_subject,数学三,数三,semantic_equivalent,schoolMajorVO.startSubjects[2],https://admin.jiuxianzai.cn/api/applet/home/index/schoolDetail/15dc051e0442d52a5bea9583661c8e9a,15dc051e0442d52a5bea9583661c8e9a,mini_program_api_value_reconciled,secondary_structured,2026-10-09T10:49:46.983935+00:00
中南财经政法大学,major_subject,432统计学,432统计学,exact_match,schoolMajorVO.startSubjects[3],https://admin.jiuxianzai.cn/api/applet/home/index/schoolDetail/15dc051e0442d52a5bea9583661c8e9a,15dc051e0442d52a5bea9583661c8e9a,mini_program_api_value_reconciled,secondary_structured,2026-10-09T10:49:46.983935+00:00
中国人民大学,study_mode,全日制,全日制,exact_match,schoolMajorVO.train,https://admin.jiuxianzai.cn/api/applet/home/index/schoolDetail/ab43bf74efe98dc996b878a32bd695d8,ab43bf74efe98dc996b878a32bd695d8,mini_program_api_value_reconciled,secondary_structured,2026-10-09T10:49:47.319100+00:00
中国人民大学,duration,2年,2年,exact_match,schoolMajorVO.year,https://admin.jiuxianzai.cn/api/applet/home/index/schoolDetail/ab43bf74efe98dc996b878a32bd695d8,ab43bf74efe98dc996b878a32bd695d8,mini_program_api_value_reconciled,secondary_structured,2026-10-09T10:49:47.319100+00:00
中国人民大学,politics_subject,101思想政治理论,政治,semantic_equivalent,schoolMajorVO.startSubjects[0],https://admin.jiuxianzai.cn/api/applet/home/index/schoolDetail/ab43bf74efe98dc996b878a32bd695d8,ab43bf74efe98dc996b878a32bd695d8,mini_program_api_value_reconciled,secondary_structured,2026-10-09T10:49:47.319100+00:00
中国人民大学,english_subject,英语一,英语一,exact_match,schoolMajorVO.startSubjects[1],https://admin.jiuxianzai.cn/api/applet/home/index/schoolDetail/ab43bf74efe98dc996b878a32bd695d8,ab43bf74efe98dc996b878a32bd695d8,mini_program_api_value_reconciled,secondary_structured,2026-10-09T10:49:47.320109+00:00
中国人民大学,math_subject,数学三,数三,semantic_equivalent,schoolMajorVO.startSubjects[2],https://admin.jiuxianzai.cn/api/applet/home/index/schoolDetail/ab43bf74efe98dc996b878a32bd695d8,ab43bf74efe98dc996b878a32bd695d8,mini_program_api_value_reconciled,secondary_structured,2026-10-09T10:49:47.320109+00:00
中国人民大学,major_subject,432统计学,432统计学,exact_match,schoolMajorVO.startSubjects[3],https://admin.jiuxianzai.cn/api/applet/home/index/schoolDetail/ab43bf74efe98dc996b878a32bd695d8,ab43bf74efe98dc996b878a32bd695d8,mini_program_api_value_reconciled,secondary_structured,2026-10-09T10:49:47.320109+00:00
中国人民大学,study_mode,全日制,全日制,exact_match,schoolMajorVO.train,https://admin.jiuxianzai.cn/api/applet/home/index/schoolDetail/5cc9312943c90cba85bb2d324933e5cf,5cc9312943c90cba85bb2d324933e5cf,mini_program_api_value_reconciled,secondary_structured,2026-10-09T10:49:47.718239+00:00
中国人民大学,duration,2年,2年,exact_match,schoolMajorVO.year,https://admin.jiuxianzai.cn/api/applet/home/index/schoolDetail/5cc9312943c90cba85bb2d324933e5cf,5cc9312943c90cba85bb2d324933e5cf,mini_program_api_value_reconciled,secondary_structured,2026-10-09T10:49:47.718239+00:00
中国人民大学,politics_subject,101思想政治理论,政治,semantic_equivalent,schoolMajorVO.startSubjects[0],https://admin.jiuxianzai.cn/api/applet/home/index/schoolDetail/5cc9312943c90cba85bb2d324933e5cf,5cc9312943c90cba85bb2d324933e5cf,mini_program_api_value_reconciled,secondary_structured,2026-10-09T10:49:47.718239+00:00
中国人民大学,english_subject,英语一,英语一,exact_match,schoolMajorVO.startSubjects[1],https://admin.jiuxianzai.cn/api/applet/home/index/schoolDetail/5cc9312943c90cba85bb2d324933e5cf,5cc9312943c90cba85bb2d324933e5cf,mini_program_api_value_reconciled,secondary_structured,2026-10-09T10:49:47.718239+00:00
中国人民大学,math_subject,数学三,数三,semantic_equivalent,schoolMajorVO.startSubjects[2],https://admin.jiuxianzai.cn/api/applet/home/index/schoolDetail/5cc9312943c90cba85bb2d324933e5cf,5cc9312943c90cba85bb2d324933e5cf,mini_program_api_value_reconciled,secondary_structured,2026-10-09T10:49:47.718239+00:00
中国人民大学,major_subject,432统计学,432统计学,exact_match,schoolMajorVO.startSubjects[3],https://admin.jiuxianzai.cn/api/applet/home/index/schoolDetail/5cc9312943c90cba85bb2d324933e5cf,5cc9312943c90cba85bb2d324933e5cf,mini_program_api_value_reconciled,secondary_structured,2026-10-09T10:49:47.718239+00:00
中国地质大学（北京）,unit_2026,数理学院,数理学院,exact_match,schoolMajorVO.college,https://admin.jiuxianzai.cn/api/applet/home/index/schoolDetail/8a4a3de5e4d11f28df46f1455b74f57d,8a4a3de5e4d11f28df46f1455b74f57d,mini_program_api_value_reconciled,secondary_structured,2026-10-09T10:49:48.161711+00:00
中国地质大学（北京）,duration,3年,3年,exact_match,schoolMajorVO.year,https://admin.jiuxianzai.cn/api/applet/home/index/schoolDetail/8a4a3de5e4d11f28df46f1455b74f57d,8a4a3de5e4d11f28df46f1455b74f57d,mini_program_api_value_reconciled,secondary_structured,2026-10-09T10:49:48.161711+00:00
中国地质大学（北京）,politics_subject,101思想政治理论,政治,semantic_equivalent,schoolMajorVO.startSubjects[0],https://admin.jiuxianzai.cn/api/applet/home/index/schoolDetail/8a4a3de5e4d11f28df46f1455b74f57d,8a4a3de5e4d11f28df46f1455b74f57d,mini_program_api_value_reconciled,secondary_structured,2026-10-09T10:49:48.161711+00:00
中国地质大学（北京）,major_subject,432统计学,432统计学,exact_match,schoolMajorVO.startSubjects[3],https://admin.jiuxianzai.cn/api/applet/home/index/schoolDetail/8a4a3de5e4d11f28df46f1455b74f57d,8a4a3de5e4d11f28df46f1455b74f57d,mini_program_api_value_reconciled,secondary_structured,2026-10-09T10:49:48.161711+00:00
中国地质大学（武汉）,study_mode,全日制,全日制,exact_match,schoolMajorVO.train,https://admin.jiuxianzai.cn/api/applet/home/index/schoolDetail/54741a8400d2d1c10c484e82e516f707,54741a8400d2d1c10c484e82e516f707,mini_program_api_value_reconciled,secondary_structured,2026-10-09T10:49:48.562536+00:00
中国地质大学（武汉）,duration,3年,3年,exact_match,schoolMajorVO.year,https://admin.jiuxianzai.cn/api/applet/home/index/schoolDetail/54741a8400d2d1c10c484e82e516f707,54741a8400d2d1c10c484e82e516f707,mini_program_api_value_reconciled,secondary_structured,2026-10-09T10:49:48.562536+00:00
中国地质大学（武汉）,politics_subject,101思想政治理论,政治,semantic_equivalent,schoolMajorVO.startSubjects[0],https://admin.jiuxianzai.cn/api/applet/home/index/schoolDetail/54741a8400d2d1c10c484e82e516f707,54741a8400d2d1c10c484e82e516f707,mini_program_api_value_reconciled,secondary_structured,2026-10-09T10:49:48.562536+00:00
中国地质大学（武汉）,english_subject,英语二,英语二,exact_match,schoolMajorVO.startSubjects[1],https://admin.jiuxianzai.cn/api/applet/home/index/schoolDetail/54741a8400d2d1c10c484e82e516f707,54741a8400d2d1c10c484e82e516f707,mini_program_api_value_reconciled,secondary_structured,2026-10-09T10:49:48.562536+00:00
中国地质大学（武汉）,math_subject,数学三,数三,semantic_equivalent,schoolMajorVO.startSubjects[2],https://admin.jiuxianzai.cn/api/applet/home/index/schoolDetail/54741a8400d2d1c10c484e82e516f707,54741a8400d2d1c10c484e82e516f707,mini_program_api_value_reconciled,secondary_structured,2026-10-09T10:49:48.562536+00:00
中国地质大学（武汉）,major_subject,432统计学,432统计学,exact_match,schoolMajorVO.startSubjects[3],https://admin.jiuxianzai.cn/api/applet/home/index/schoolDetail/54741a8400d2d1c10c484e82e516f707,54741a8400d2d1c10c484e82e516f707,mini_program_api_value_reconciled,secondary_structured,2026-10-09T10:49:48.562536+00:00
中国地质大学（武汉）,study_mode,全日制,全日制,exact_match,schoolMajorVO.train,https://admin.jiuxianzai.cn/api/applet/home/index/schoolDetail/f5abef8326596648ba1d980ba12e0ecf,f5abef8326596648ba1d980ba12e0ecf,mini_program_api_value_reconciled,secondary_structured,2026-10-09T10:49:48.983052+00:00
中国地质大学（武汉）,duration,3年,3年,exact_match,schoolMajorVO.year,https://admin.jiuxianzai.cn/api/applet/home/index/schoolDetail/f5abef8326596648ba1d980ba12e0ecf,f5abef8326596648ba1d980ba12e0ecf,mini_program_api_value_reconciled,secondary_structured,2026-10-09T10:49:48.983052+00:00
中国地质大学（武汉）,politics_subject,101思想政治理论,政治,semantic_equivalent,schoolMajorVO.startSubjects[0],https://admin.jiuxianzai.cn/api/applet/home/index/schoolDetail/f5abef8326596648ba1d980ba12e0ecf,f5abef8326596648ba1d980ba12e0ecf,mini_program_api_value_reconciled,secondary_structured,2026-10-09T10:49:48.983052+00:00
中国地质大学（武汉）,english_subject,英语二,英语二,exact_match,schoolMajorVO.startSubjects[1],https://admin.jiuxianzai.cn/api/applet/home/index/schoolDetail/f5abef8326596648ba1d980ba12e0ecf,f5abef8326596648ba1d980ba12e0ecf,mini_program_api_value_reconciled,secondary_structured,2026-10-09T10:49:48.983052+00:00
中国地质大学（武汉）,math_subject,数学三,数三,semantic_equivalent,schoolMajorVO.startSubjects[2],https://admin.jiuxianzai.cn/api/applet/home/index/schoolDetail/f5abef8326596648ba1d980ba12e0ecf,f5abef8326596648ba1d980ba12e0ecf,mini_program_api_value_reconciled,secondary_structured,2026-10-09T10:49:48.983052+00:00
中国地质大学（武汉）,major_subject,432统计学,432统计学,exact_match,schoolMajorVO.startSubjects[3],https://admin.jiuxianzai.cn/api/applet/home/index/schoolDetail/f5abef8326596648ba1d980ba12e0ecf,f5abef8326596648ba1d980ba12e0ecf,mini_program_api_value_reconciled,secondary_structured,2026-10-09T10:49:48.983052+00:00
中国海洋大学,unit_2026,数学科学学院,数学科学学院,exact_match,schoolMajorVO.college,https://admin.jiuxianzai.cn/api/applet/home/index/schoolDetail/85d797959ef51e37f8b19e0d8c60d4a2,85d797959ef51e37f8b19e0d8c60d4a2,mini_program_api_value_reconciled,secondary_structured,2026-10-09T10:49:49.391360+00:00
中国海洋大学,study_mode,全日制,全日制,exact_match,schoolMajorVO.train,https://admin.jiuxianzai.cn/api/applet/home/index/schoolDetail/85d797959ef51e37f8b19e0d8c60d4a2,85d797959ef51e37f8b19e0d8c60d4a2,mini_program_api_value_reconciled,secondary_structured,2026-10-09T10:49:49.391360+00:00
中国海洋大学,duration,3年,3年,exact_match,schoolMajorVO.year,https://admin.jiuxianzai.cn/api/applet/home/index/schoolDetail/85d797959ef51e37f8b19e0d8c60d4a2,85d797959ef51e37f8b19e0d8c60d4a2,mini_program_api_value_reconciled,secondary_structured,2026-10-09T10:49:49.391360+00:00
中国海洋大学,politics_subject,101思想政治理论,政治,semantic_equivalent,schoolMajorVO.startSubjects[0],https://admin.jiuxianzai.cn/api/applet/home/index/schoolDetail/85d797959ef51e37f8b19e0d8c60d4a2,85d797959ef51e37f8b19e0d8c60d4a2,mini_program_api_value_reconciled,secondary_structured,2026-10-09T10:49:49.391360+00:00
中国海洋大学,english_subject,英语二,英语二,exact_match,schoolMajorVO.startSubjects[1],https://admin.jiuxianzai.cn/api/applet/home/index/schoolDetail/85d797959ef51e37f8b19e0d8c60d4a2,85d797959ef51e37f8b19e0d8c60d4a2,mini_program_api_value_reconciled,secondary_structured,2026-10-09T10:49:49.391360+00:00
中国海洋大学,math_subject,数学三,数三,semantic_equivalent,schoolMajorVO.startSubjects[2],https://admin.jiuxianzai.cn/api/applet/home/index/schoolDetail/85d797959ef51e37f8b19e0d8c60d4a2,85d797959ef51e37f8b19e0d8c60d4a2,mini_program_api_value_reconciled,secondary_structured,2026-10-09T10:49:49.391360+00:00
中国海洋大学,major_subject,432统计学,432统计学,exact_match,schoolMajorVO.startSubjects[3],https://admin.jiuxianzai.cn/api/applet/home/index/schoolDetail/85d797959ef51e37f8b19e0d8c60d4a2,85d797959ef51e37f8b19e0d8c60d4a2,mini_program_api_value_reconciled,secondary_structured,2026-10-09T10:49:49.391360+00:00
中国石油大学（北京）,study_mode,全日制,全日制,exact_match,schoolMajorVO.train,https://admin.jiuxianzai.cn/api/applet/home/index/schoolDetail/e41c6eec6386f172b952fece19a0f088,e41c6eec6386f172b952fece19a0f088,mini_program_api_value_reconciled,secondary_structured,2026-10-09T10:49:49.745045+00:00
中国石油大学（北京）,duration,3年,3年,exact_match,schoolMajorVO.year,https://admin.jiuxianzai.cn/api/applet/home/index/schoolDetail/e41c6eec6386f172b952fece19a0f088,e41c6eec6386f172b952fece19a0f088,mini_program_api_value_reconciled,secondary_structured,2026-10-09T10:49:49.745045+00:00
中国石油大学（北京）,politics_subject,101思想政治理论,政治,semantic_equivalent,schoolMajorVO.startSubjects[0],https://admin.jiuxianzai.cn/api/applet/home/index/schoolDetail/e41c6eec6386f172b952fece19a0f088,e41c6eec6386f172b952fece19a0f088,mini_program_api_value_reconciled,secondary_structured,2026-10-09T10:49:49.745045+00:00
中国石油大学（北京）,english_subject,英语二,英语二,exact_match,schoolMajorVO.startSubjects[1],https://admin.jiuxianzai.cn/api/applet/home/index/schoolDetail/e41c6eec6386f172b952fece19a0f088,e41c6eec6386f172b952fece19a0f088,mini_program_api_value_reconciled,secondary_structured,2026-10-09T10:49:49.745045+00:00
中国石油大学（北京）,math_subject,数学三,数三,semantic_equivalent,schoolMajorVO.startSubjects[2],https://admin.jiuxianzai.cn/api/applet/home/index/schoolDetail/e41c6eec6386f172b952fece19a0f088,e41c6eec6386f172b952fece19a0f088,mini_program_api_value_reconciled,secondary_structured,2026-10-09T10:49:49.745045+00:00
中国石油大学（北京）,major_subject,432统计学,432统计学,exact_match,schoolMajorVO.startSubjects[3],https://admin.jiuxianzai.cn/api/applet/home/index/schoolDetail/e41c6eec6386f172b952fece19a0f088,e41c6eec6386f172b952fece19a0f088,mini_program_api_value_reconciled,secondary_structured,2026-10-09T10:49:49.745045+00:00
中国石油大学（北京）,study_mode,全日制,全日制,exact_match,schoolMajorVO.train,https://admin.jiuxianzai.cn/api/applet/home/index/schoolDetail/d244bb654f35a3f1189323b88c5a7c04,d244bb654f35a3f1189323b88c5a7c04,mini_program_api_value_reconciled,secondary_structured,2026-10-09T10:49:50.180996+00:00
中国石油大学（北京）,duration,3年,3年,exact_match,schoolMajorVO.year,https://admin.jiuxianzai.cn/api/applet/home/index/schoolDetail/d244bb654f35a3f1189323b88c5a7c04,d244bb654f35a3f1189323b88c5a7c04,mini_program_api_value_reconciled,secondary_structured,2026-10-09T10:49:50.180996+00:00
中国石油大学（北京）,politics_subject,101思想政治理论,政治,semantic_equivalent,schoolMajorVO.startSubjects[0],https://admin.jiuxianzai.cn/api/applet/home/index/schoolDetail/d244bb654f35a3f1189323b88c5a7c04,d244bb654f35a3f1189323b88c5a7c04,mini_program_api_value_reconciled,secondary_structured,2026-10-09T10:49:50.180996+00:00
中国石油大学（北京）,english_subject,英语二,英语二,exact_match,schoolMajorVO.startSubjects[1],https://admin.jiuxianzai.cn/api/applet/home/index/schoolDetail/d244bb654f35a3f1189323b88c5a7c04,d244bb654f35a3f1189323b88c5a7c04,mini_program_api_value_reconciled,secondary_structured,2026-10-09T10:49:50.180996+00:00
中国石油大学（北京）,math_subject,数学三,数三,semantic_equivalent,schoolMajorVO.startSubjects[2],https://admin.jiuxianzai.cn/api/applet/home/index/schoolDetail/d244bb654f35a3f1189323b88c5a7c04,d244bb654f35a3f1189323b88c5a7c04,mini_program_api_value_reconciled,secondary_structured,2026-10-09T10:49:50.180996+00:00
中国石油大学（北京）,major_subject,432统计学,432统计学,exact_match,schoolMajorVO.startSubjects[3],https://admin.jiuxianzai.cn/api/applet/home/index/schoolDetail/d244bb654f35a3f1189323b88c5a7c04,d244bb654f35a3f1189323b88c5a7c04,mini_program_api_value_reconciled,secondary_structured,2026-10-09T10:49:50.180996+00:00
中国石油大学（华东）,unit_2026,理学院,理学院,exact_match,schoolMajorVO.college,https://admin.jiuxianzai.cn/api/applet/home/index/schoolDetail/6fa225f17053b8e47af81766c6c7ccc6,6fa225f17053b8e47af81766c6c7ccc6,mini_program_api_value_reconciled,secondary_structured,2026-10-09T10:49:50.502146+00:00
中国石油大学（华东）,study_mode,全日制,全日制,exact_match,schoolMajorVO.train,https://admin.jiuxianzai.cn/api/applet/home/index/schoolDetail/6fa225f17053b8e47af81766c6c7ccc6,6fa225f17053b8e47af81766c6c7ccc6,mini_program_api_value_reconciled,secondary_structured,2026-10-09T10:49:50.502146+00:00
中国石油大学（华东）,duration,3年,3年,exact_match,schoolMajorVO.year,https://admin.jiuxianzai.cn/api/applet/home/index/schoolDetail/6fa225f17053b8e47af81766c6c7ccc6,6fa225f17053b8e47af81766c6c7ccc6,mini_program_api_value_reconciled,secondary_structured,2026-10-09T10:49:50.502146+00:00
中国石油大学（华东）,politics_subject,101思想政治理论,政治,semantic_equivalent,schoolMajorVO.startSubjects[0],https://admin.jiuxianzai.cn/api/applet/home/index/schoolDetail/6fa225f17053b8e47af81766c6c7ccc6,6fa225f17053b8e47af81766c6c7ccc6,mini_program_api_value_reconciled,secondary_structured,2026-10-09T10:49:50.502146+00:00
中国石油大学（华东）,english_subject,英语二,英语二,exact_match,schoolMajorVO.startSubjects[1],https://admin.jiuxianzai.cn/api/applet/home/index/schoolDetail/6fa225f17053b8e47af81766c6c7ccc6,6fa225f17053b8e47af81766c6c7ccc6,mini_program_api_value_reconciled,secondary_structured,2026-10-09T10:49:50.502146+00:00
中国石油大学（华东）,math_subject,数学三,数三,semantic_equivalent,schoolMajorVO.startSubjects[2],https://admin.jiuxianzai.cn/api/applet/home/index/schoolDetail/6fa225f17053b8e47af81766c6c7ccc6,6fa225f17053b8e47af81766c6c7ccc6,mini_program_api_value_reconciled,secondary_structured,2026-10-09T10:49:50.502146+00:00
中国石油大学（华东）,major_subject,432统计学,432统计学,exact_match,schoolMajorVO.startSubjects[3],https://admin.jiuxianzai.cn/api/applet/home/index/schoolDetail/6fa225f17053b8e47af81766c6c7ccc6,6fa225f17053b8e47af81766c6c7ccc6,mini_program_api_value_reconciled,secondary_structured,2026-10-09T10:49:50.502146+00:00
中国科学技术大学,unit_2026,管理学院,管理学院,exact_match,schoolMajorVO.college,https://admin.jiuxianzai.cn/api/applet/home/index/schoolDetail/6df6138cb0a86a95e60cd2c1e2b91e5e,6df6138cb0a86a95e60cd2c1e2b91e5e,mini_program_api_value_reconciled,secondary_structured,2026-10-09T10:49:50.845462+00:00
中国科学技术大学,study_mode,全日制,全日制,exact_match,schoolMajorVO.train,https://admin.jiuxianzai.cn/api/applet/home/index/schoolDetail/6df6138cb0a86a95e60cd2c1e2b91e5e,6df6138cb0a86a95e60cd2c1e2b91e5e,mini_program_api_value_reconciled,secondary_structured,2026-10-09T10:49:50.845462+00:00
中国科学技术大学,duration,3年,3年,exact_match,schoolMajorVO.year,https://admin.jiuxianzai.cn/api/applet/home/index/schoolDetail/6df6138cb0a86a95e60cd2c1e2b91e5e,6df6138cb0a86a95e60cd2c1e2b91e5e,mini_program_api_value_reconciled,secondary_structured,2026-10-09T10:49:50.845462+00:00
中国科学技术大学,politics_subject,101思想政治理论,政治,semantic_equivalent,schoolMajorVO.startSubjects[0],https://admin.jiuxianzai.cn/api/applet/home/index/schoolDetail/6df6138cb0a86a95e60cd2c1e2b91e5e,6df6138cb0a86a95e60cd2c1e2b91e5e,mini_program_api_value_reconciled,secondary_structured,2026-10-09T10:49:50.845462+00:00
中国科学技术大学,english_subject,英语一,英语一,exact_match,schoolMajorVO.startSubjects[1],https://admin.jiuxianzai.cn/api/applet/home/index/schoolDetail/6df6138cb0a86a95e60cd2c1e2b91e5e,6df6138cb0a86a95e60cd2c1e2b91e5e,mini_program_api_value_reconciled,secondary_structured,2026-10-09T10:49:50.845462+00:00
中国科学技术大学,math_subject,数学三,数三,semantic_equivalent,schoolMajorVO.startSubjects[2],https://admin.jiuxianzai.cn/api/applet/home/index/schoolDetail/6df6138cb0a86a95e60cd2c1e2b91e5e,6df6138cb0a86a95e60cd2c1e2b91e5e,mini_program_api_value_reconciled,secondary_structured,2026-10-09T10:49:50.846470+00:00
中国科学技术大学,major_subject,432统计学,432统计学,exact_match,schoolMajorVO.startSubjects[3],https://admin.jiuxianzai.cn/api/applet/home/index/schoolDetail/6df6138cb0a86a95e60cd2c1e2b91e5e,6df6138cb0a86a95e60cd2c1e2b91e5e,mini_program_api_value_reconciled,secondary_structured,2026-10-09T10:49:50.846470+00:00
中国药科大学,unit_2026,理学院,理学院,exact_match,schoolMajorVO.college,https://admin.jiuxianzai.cn/api/applet/home/index/schoolDetail/d34c7f35ef107ae49663865d4d6ed3ab,d34c7f35ef107ae49663865d4d6ed3ab,mini_program_api_value_reconciled,secondary_structured,2026-10-09T10:49:51.121266+00:00
中国药科大学,study_mode,全日制,全日制,exact_match,schoolMajorVO.train,https://admin.jiuxianzai.cn/api/applet/home/index/schoolDetail/d34c7f35ef107ae49663865d4d6ed3ab,d34c7f35ef107ae49663865d4d6ed3ab,mini_program_api_value_reconciled,secondary_structured,2026-10-09T10:49:51.121266+00:00
中国药科大学,duration,3年,3年,exact_match,schoolMajorVO.year,https://admin.jiuxianzai.cn/api/applet/home/index/schoolDetail/d34c7f35ef107ae49663865d4d6ed3ab,d34c7f35ef107ae49663865d4d6ed3ab,mini_program_api_value_reconciled,secondary_structured,2026-10-09T10:49:51.121266+00:00
中国药科大学,politics_subject,101思想政治理论,政治,semantic_equivalent,schoolMajorVO.startSubjects[0],https://admin.jiuxianzai.cn/api/applet/home/index/schoolDetail/d34c7f35ef107ae49663865d4d6ed3ab,d34c7f35ef107ae49663865d4d6ed3ab,mini_program_api_value_reconciled,secondary_structured,2026-10-09T10:49:51.121266+00:00
中国药科大学,english_subject,英语一,英语一,exact_match,schoolMajorVO.startSubjects[1],https://admin.jiuxianzai.cn/api/applet/home/index/schoolDetail/d34c7f35ef107ae49663865d4d6ed3ab,d34c7f35ef107ae49663865d4d6ed3ab,mini_program_api_value_reconciled,secondary_structured,2026-10-09T10:49:51.121266+00:00
中国药科大学,math_subject,数学三,数三,semantic_equivalent,schoolMajorVO.startSubjects[2],https://admin.jiuxianzai.cn/api/applet/home/index/schoolDetail/d34c7f35ef107ae49663865d4d6ed3ab,d34c7f35ef107ae49663865d4d6ed3ab,mini_program_api_value_reconciled,secondary_structured,2026-10-09T10:49:51.121266+00:00
中国药科大学,major_subject,432统计学,432统计学,exact_match,schoolMajorVO.startSubjects[3],https://admin.jiuxianzai.cn/api/applet/home/index/schoolDetail/d34c7f35ef107ae49663865d4d6ed3ab,d34c7f35ef107ae49663865d4d6ed3ab,mini_program_api_value_reconciled,secondary_structured,2026-10-09T10:49:51.121266+00:00
中央民族大学,unit_2026,理学院,理学院,exact_match,schoolMajorVO.college,https://admin.jiuxianzai.cn/api/applet/home/index/schoolDetail/3c2c634c645c2ad3d9d98199834f8e73,3c2c634c645c2ad3d9d98199834f8e73,mini_program_api_value_reconciled,secondary_structured,2026-10-09T10:49:51.601684+00:00
中央民族大学,study_mode,全日制,全日制,exact_match,schoolMajorVO.train,https://admin.jiuxianzai.cn/api/applet/home/index/schoolDetail/3c2c634c645c2ad3d9d98199834f8e73,3c2c634c645c2ad3d9d98199834f8e73,mini_program_api_value_reconciled,secondary_structured,2026-10-09T10:49:51.601684+00:00
中央民族大学,duration,3年,3年,exact_match,schoolMajorVO.year,https://admin.jiuxianzai.cn/api/applet/home/index/schoolDetail/3c2c634c645c2ad3d9d98199834f8e73,3c2c634c645c2ad3d9d98199834f8e73,mini_program_api_value_reconciled,secondary_structured,2026-10-09T10:49:51.601684+00:00
中央民族大学,politics_subject,101思想政治理论,政治,semantic_equivalent,schoolMajorVO.startSubjects[0],https://admin.jiuxianzai.cn/api/applet/home/index/schoolDetail/3c2c634c645c2ad3d9d98199834f8e73,3c2c634c645c2ad3d9d98199834f8e73,mini_program_api_value_reconciled,secondary_structured,2026-10-09T10:49:51.601684+00:00
中央民族大学,english_subject,英语二,英语二,exact_match,schoolMajorVO.startSubjects[1],https://admin.jiuxianzai.cn/api/applet/home/index/schoolDetail/3c2c634c645c2ad3d9d98199834f8e73,3c2c634c645c2ad3d9d98199834f8e73,mini_program_api_value_reconciled,secondary_structured,2026-10-09T10:49:51.601684+00:00
中央民族大学,math_subject,数学三,数三,semantic_equivalent,schoolMajorVO.startSubjects[2],https://admin.jiuxianzai.cn/api/applet/home/index/schoolDetail/3c2c634c645c2ad3d9d98199834f8e73,3c2c634c645c2ad3d9d98199834f8e73,mini_program_api_value_reconciled,secondary_structured,2026-10-09T10:49:51.601684+00:00
中央民族大学,major_subject,432统计学,432统计学,exact_match,schoolMajorVO.startSubjects[3],https://admin.jiuxianzai.cn/api/applet/home/index/schoolDetail/3c2c634c645c2ad3d9d98199834f8e73,3c2c634c645c2ad3d9d98199834f8e73,mini_program_api_value_reconciled,secondary_structured,2026-10-09T10:49:51.601684+00:00
中央财经大学,unit_2026,统计与数学学院,统计与数学学院,exact_match,schoolMajorVO.college,https://admin.jiuxianzai.cn/api/applet/home/index/schoolDetail/fe36c96441cd999fad75f7403840a58a,fe36c96441cd999fad75f7403840a58a,mini_program_api_value_reconciled,secondary_structured,2026-10-09T10:49:52.000577+00:00
中央财经大学,study_mode,全日制,全日制,exact_match,schoolMajorVO.train,https://admin.jiuxianzai.cn/api/applet/home/index/schoolDetail/fe36c96441cd999fad75f7403840a58a,fe36c96441cd999fad75f7403840a58a,mini_program_api_value_reconciled,secondary_structured,2026-10-09T10:49:52.000577+00:00
中央财经大学,duration,2年,2年,exact_match,schoolMajorVO.year,https://admin.jiuxianzai.cn/api/applet/home/index/schoolDetail/fe36c96441cd999fad75f7403840a58a,fe36c96441cd999fad75f7403840a58a,mini_program_api_value_reconciled,secondary_structured,2026-10-09T10:49:52.000577+00:00
中央财经大学,politics_subject,101思想政治理论,政治,semantic_equivalent,schoolMajorVO.startSubjects[0],https://admin.jiuxianzai.cn/api/applet/home/index/schoolDetail/fe36c96441cd999fad75f7403840a58a,fe36c96441cd999fad75f7403840a58a,mini_program_api_value_reconciled,secondary_structured,2026-10-09T10:49:52.000577+00:00
中央财经大学,english_subject,英语一,英语一,exact_match,schoolMajorVO.startSubjects[1],https://admin.jiuxianzai.cn/api/applet/home/index/schoolDetail/fe36c96441cd999fad75f7403840a58a,fe36c96441cd999fad75f7403840a58a,mini_program_api_value_reconciled,secondary_structured,2026-10-09T10:49:52.000577+00:00
中央财经大学,math_subject,数学三,数三,semantic_equivalent,schoolMajorVO.startSubjects[2],https://admin.jiuxianzai.cn/api/applet/home/index/schoolDetail/fe36c96441cd999fad75f7403840a58a,fe36c96441cd999fad75f7403840a58a,mini_program_api_value_reconciled,secondary_structured,2026-10-09T10:49:52.000577+00:00
中央财经大学,major_subject,432统计学,432统计学,exact_match,schoolMajorVO.startSubjects[3],https://admin.jiuxianzai.cn/api/applet/home/index/schoolDetail/fe36c96441cd999fad75f7403840a58a,fe36c96441cd999fad75f7403840a58a,mini_program_api_value_reconciled,secondary_structured,2026-10-09T10:49:52.000577+00:00
中山大学,study_mode,全日制,全日制,exact_match,schoolMajorVO.train,https://admin.jiuxianzai.cn/api/applet/home/index/schoolDetail/d47a11518920b7bad3d5ed52d26c6685,d47a11518920b7bad3d5ed52d26c6685,mini_program_api_value_reconciled,secondary_structured,2026-10-09T10:49:52.327294+00:00
中山大学,politics_subject,101思想政治理论,政治,semantic_equivalent,schoolMajorVO.startSubjects[0],https://admin.jiuxianzai.cn/api/applet/home/index/schoolDetail/d47a11518920b7bad3d5ed52d26c6685,d47a11518920b7bad3d5ed52d26c6685,mini_program_api_value_reconciled,secondary_structured,2026-10-09T10:49:52.327294+00:00
中山大学,english_subject,英语二,英语二,exact_match,schoolMajorVO.startSubjects[1],https://admin.jiuxianzai.cn/api/applet/home/index/schoolDetail/d47a11518920b7bad3d5ed52d26c6685,d47a11518920b7bad3d5ed52d26c6685,mini_program_api_value_reconciled,secondary_structured,2026-10-09T10:49:52.327294+00:00
中山大学,math_subject,数学三,数三,semantic_equivalent,schoolMajorVO.startSubjects[2],https://admin.jiuxianzai.cn/api/applet/home/index/schoolDetail/d47a11518920b7bad3d5ed52d26c6685,d47a11518920b7bad3d5ed52d26c6685,mini_program_api_value_reconciled,secondary_structured,2026-10-09T10:49:52.327294+00:00
中山大学,major_subject,432统计学,432统计学,exact_match,schoolMajorVO.startSubjects[3],https://admin.jiuxianzai.cn/api/applet/home/index/schoolDetail/d47a11518920b7bad3d5ed52d26c6685,d47a11518920b7bad3d5ed52d26c6685,mini_program_api_value_reconciled,secondary_structured,2026-10-09T10:49:52.327294+00:00
中山大学,study_mode,全日制,全日制,exact_match,schoolMajorVO.train,https://admin.jiuxianzai.cn/api/applet/home/index/schoolDetail/66ed9f49b9b099637689a24514d230ca,66ed9f49b9b099637689a24514d230ca,mini_program_api_value_reconciled,secondary_structured,2026-10-09T10:49:52.725296+00:00
中山大学,politics_subject,101思想政治理论,政治,semantic_equivalent,schoolMajorVO.startSubjects[0],https://admin.jiuxianzai.cn/api/applet/home/index/schoolDetail/66ed9f49b9b099637689a24514d230ca,66ed9f49b9b099637689a24514d230ca,mini_program_api_value_reconciled,secondary_structured,2026-10-09T10:49:52.725296+00:00
中山大学,english_subject,英语二,英语二,exact_match,schoolMajorVO.startSubjects[1],https://admin.jiuxianzai.cn/api/applet/home/index/schoolDetail/66ed9f49b9b099637689a24514d230ca,66ed9f49b9b099637689a24514d230ca,mini_program_api_value_reconciled,secondary_structured,2026-10-09T10:49:52.725296+00:00
中山大学,math_subject,数学三,数三,semantic_equivalent,schoolMajorVO.startSubjects[2],https://admin.jiuxianzai.cn/api/applet/home/index/schoolDetail/66ed9f49b9b099637689a24514d230ca,66ed9f49b9b099637689a24514d230ca,mini_program_api_value_reconciled,secondary_structured,2026-10-09T10:49:52.725296+00:00
中山大学,major_subject,432统计学,432统计学,exact_match,schoolMajorVO.startSubjects[3],https://admin.jiuxianzai.cn/api/applet/home/index/schoolDetail/66ed9f49b9b099637689a24514d230ca,66ed9f49b9b099637689a24514d230ca,mini_program_api_value_reconciled,secondary_structured,2026-10-09T10:49:52.725296+00:00
云南大学,unit_2026,数学与统计学院,数学与统计学院,exact_match,schoolMajorVO.college,https://admin.jiuxianzai.cn/api/applet/home/index/schoolDetail/191ded25342ea6e5d4a475c2d76ce694,191ded25342ea6e5d4a475c2d76ce694,mini_program_api_value_reconciled,secondary_structured,2026-10-09T10:49:53.118034+00:00
云南大学,study_mode,全日制,全日制,exact_match,schoolMajorVO.train,https://admin.jiuxianzai.cn/api/applet/home/index/schoolDetail/191ded25342ea6e5d4a475c2d76ce694,191ded25342ea6e5d4a475c2d76ce694,mini_program_api_value_reconciled,secondary_structured,2026-10-09T10:49:53.118034+00:00
云南大学,duration,3年,3年,exact_match,schoolMajorVO.year,https://admin.jiuxianzai.cn/api/applet/home/index/schoolDetail/191ded25342ea6e5d4a475c2d76ce694,191ded25342ea6e5d4a475c2d76ce694,mini_program_api_value_reconciled,secondary_structured,2026-10-09T10:49:53.118034+00:00
云南大学,politics_subject,101思想政治理论,政治,semantic_equivalent,schoolMajorVO.startSubjects[0],https://admin.jiuxianzai.cn/api/applet/home/index/schoolDetail/191ded25342ea6e5d4a475c2d76ce694,191ded25342ea6e5d4a475c2d76ce694,mini_program_api_value_reconciled,secondary_structured,2026-10-09T10:49:53.118034+00:00
云南大学,english_subject,英语二,英语二,exact_match,schoolMajorVO.startSubjects[1],https://admin.jiuxianzai.cn/api/applet/home/index/schoolDetail/191ded25342ea6e5d4a475c2d76ce694,191ded25342ea6e5d4a475c2d76ce694,mini_program_api_value_reconciled,secondary_structured,2026-10-09T10:49:53.118034+00:00
云南大学,math_subject,数学三,数三,semantic_equivalent,schoolMajorVO.startSubjects[2],https://admin.jiuxianzai.cn/api/applet/home/index/schoolDetail/191ded25342ea6e5d4a475c2d76ce694,191ded25342ea6e5d4a475c2d76ce694,mini_program_api_value_reconciled,secondary_structured,2026-10-09T10:49:53.118034+00:00
云南大学,major_subject,432统计学,432统计学,exact_match,schoolMajorVO.startSubjects[3],https://admin.jiuxianzai.cn/api/applet/home/index/schoolDetail/191ded25342ea6e5d4a475c2d76ce694,191ded25342ea6e5d4a475c2d76ce694,mini_program_api_value_reconciled,secondary_structured,2026-10-09T10:49:53.118034+00:00
兰州大学,unit_2026,数学与统计学院,数学与统计学院,exact_match,schoolMajorVO.college,https://admin.jiuxianzai.cn/api/applet/home/index/schoolDetail/06c2e9363cf81254227f3c0cf9a8a3d8,06c2e9363cf81254227f3c0cf9a8a3d8,mini_program_api_value_reconciled,secondary_structured,2026-10-09T10:49:53.457269+00:00
兰州大学,study_mode,全日制,全日制,exact_match,schoolMajorVO.train,https://admin.jiuxianzai.cn/api/applet/home/index/schoolDetail/06c2e9363cf81254227f3c0cf9a8a3d8,06c2e9363cf81254227f3c0cf9a8a3d8,mini_program_api_value_reconciled,secondary_structured,2026-10-09T10:49:53.457269+00:00
兰州大学,duration,3年,3年,exact_match,schoolMajorVO.year,https://admin.jiuxianzai.cn/api/applet/home/index/schoolDetail/06c2e9363cf81254227f3c0cf9a8a3d8,06c2e9363cf81254227f3c0cf9a8a3d8,mini_program_api_value_reconciled,secondary_structured,2026-10-09T10:49:53.457269+00:00
兰州大学,politics_subject,101思想政治理论,政治,semantic_equivalent,schoolMajorVO.startSubjects[0],https://admin.jiuxianzai.cn/api/applet/home/index/schoolDetail/06c2e9363cf81254227f3c0cf9a8a3d8,06c2e9363cf81254227f3c0cf9a8a3d8,mini_program_api_value_reconciled,secondary_structured,2026-10-09T10:49:53.457269+00:00
兰州大学,english_subject,英语二,英语二,exact_match,schoolMajorVO.startSubjects[1],https://admin.jiuxianzai.cn/api/applet/home/index/schoolDetail/06c2e9363cf81254227f3c0cf9a8a3d8,06c2e9363cf81254227f3c0cf9a8a3d8,mini_program_api_value_reconciled,secondary_structured,2026-10-09T10:49:53.457269+00:00
兰州大学,math_subject,数学三,数三,semantic_equivalent,schoolMajorVO.startSubjects[2],https://admin.jiuxianzai.cn/api/applet/home/index/schoolDetail/06c2e9363cf81254227f3c0cf9a8a3d8,06c2e9363cf81254227f3c0cf9a8a3d8,mini_program_api_value_reconciled,secondary_structured,2026-10-09T10:49:53.457269+00:00
兰州大学,major_subject,432统计学,432统计学,exact_match,schoolMajorVO.startSubjects[3],https://admin.jiuxianzai.cn/api/applet/home/index/schoolDetail/06c2e9363cf81254227f3c0cf9a8a3d8,06c2e9363cf81254227f3c0cf9a8a3d8,mini_program_api_value_reconciled,secondary_structured,2026-10-09T10:49:53.457269+00:00
内蒙古大学,unit_2026,数学科学学院,数学科学学院,exact_match,schoolMajorVO.college,https://admin.jiuxianzai.cn/api/applet/home/index/schoolDetail/38d0d593bfb474f42e2658c50e3b0cee,38d0d593bfb474f42e2658c50e3b0cee,mini_program_api_value_reconciled,secondary_structured,2026-10-09T10:49:53.705281+00:00
内蒙古大学,study_mode,全日制,全日制,exact_match,schoolMajorVO.train,https://admin.jiuxianzai.cn/api/applet/home/index/schoolDetail/38d0d593bfb474f42e2658c50e3b0cee,38d0d593bfb474f42e2658c50e3b0cee,mini_program_api_value_reconciled,secondary_structured,2026-10-09T10:49:53.705281+00:00
内蒙古大学,duration,3年,3年,exact_match,schoolMajorVO.year,https://admin.jiuxianzai.cn/api/applet/home/index/schoolDetail/38d0d593bfb474f42e2658c50e3b0cee,38d0d593bfb474f42e2658c50e3b0cee,mini_program_api_value_reconciled,secondary_structured,2026-10-09T10:49:53.705281+00:00
内蒙古大学,politics_subject,101思想政治理论,政治,semantic_equivalent,schoolMajorVO.startSubjects[0],https://admin.jiuxianzai.cn/api/applet/home/index/schoolDetail/38d0d593bfb474f42e2658c50e3b0cee,38d0d593bfb474f42e2658c50e3b0cee,mini_program_api_value_reconciled,secondary_structured,2026-10-09T10:49:53.705281+00:00
内蒙古大学,english_subject,英语二,英语二,exact_match,schoolMajorVO.startSubjects[1],https://admin.jiuxianzai.cn/api/applet/home/index/schoolDetail/38d0d593bfb474f42e2658c50e3b0cee,38d0d593bfb474f42e2658c50e3b0cee,mini_program_api_value_reconciled,secondary_structured,2026-10-09T10:49:53.705281+00:00
内蒙古大学,math_subject,数学三,数三,semantic_equivalent,schoolMajorVO.startSubjects[2],https://admin.jiuxianzai.cn/api/applet/home/index/schoolDetail/38d0d593bfb474f42e2658c50e3b0cee,38d0d593bfb474f42e2658c50e3b0cee,mini_program_api_value_reconciled,secondary_structured,2026-10-09T10:49:53.705281+00:00
内蒙古大学,major_subject,432统计学,432统计学,exact_match,schoolMajorVO.startSubjects[3],https://admin.jiuxianzai.cn/api/applet/home/index/schoolDetail/38d0d593bfb474f42e2658c50e3b0cee,38d0d593bfb474f42e2658c50e3b0cee,mini_program_api_value_reconciled,secondary_structured,2026-10-09T10:49:53.705281+00:00
北京交通大学,duration,2年,2年,exact_match,schoolMajorVO.year,https://admin.jiuxianzai.cn/api/applet/home/index/schoolDetail/dbf27b8a0774351d1331669012b466b9,dbf27b8a0774351d1331669012b466b9,mini_program_api_value_reconciled,secondary_structured,2026-10-09T10:49:54.012686+00:00
北京交通大学,politics_subject,101思想政治理论,政治,semantic_equivalent,schoolMajorVO.startSubjects[0],https://admin.jiuxianzai.cn/api/applet/home/index/schoolDetail/dbf27b8a0774351d1331669012b466b9,dbf27b8a0774351d1331669012b466b9,mini_program_api_value_reconciled,secondary_structured,2026-10-09T10:49:54.012686+00:00
北京交通大学,english_subject,英语二,英语二,exact_match,schoolMajorVO.startSubjects[1],https://admin.jiuxianzai.cn/api/applet/home/index/schoolDetail/dbf27b8a0774351d1331669012b466b9,dbf27b8a0774351d1331669012b466b9,mini_program_api_value_reconciled,secondary_structured,2026-10-09T10:49:54.012686+00:00
北京交通大学,math_subject,数学三,数三,semantic_equivalent,schoolMajorVO.startSubjects[2],https://admin.jiuxianzai.cn/api/applet/home/index/schoolDetail/dbf27b8a0774351d1331669012b466b9,dbf27b8a0774351d1331669012b466b9,mini_program_api_value_reconciled,secondary_structured,2026-10-09T10:49:54.012686+00:00
北京交通大学,major_subject,432统计学,432统计学,exact_match,schoolMajorVO.startSubjects[3],https://admin.jiuxianzai.cn/api/applet/home/index/schoolDetail/dbf27b8a0774351d1331669012b466b9,dbf27b8a0774351d1331669012b466b9,mini_program_api_value_reconciled,secondary_structured,2026-10-09T10:49:54.012686+00:00
北京交通大学,duration,2年,2年,exact_match,schoolMajorVO.year,https://admin.jiuxianzai.cn/api/applet/home/index/schoolDetail/d1d6767608d408762929304f63c0733b,d1d6767608d408762929304f63c0733b,mini_program_api_value_reconciled,secondary_structured,2026-10-09T10:49:54.382341+00:00
北京交通大学,politics_subject,101思想政治理论,政治,semantic_equivalent,schoolMajorVO.startSubjects[0],https://admin.jiuxianzai.cn/api/applet/home/index/schoolDetail/d1d6767608d408762929304f63c0733b,d1d6767608d408762929304f63c0733b,mini_program_api_value_reconciled,secondary_structured,2026-10-09T10:49:54.382341+00:00
北京交通大学,english_subject,英语二,英语二,exact_match,schoolMajorVO.startSubjects[1],https://admin.jiuxianzai.cn/api/applet/home/index/schoolDetail/d1d6767608d408762929304f63c0733b,d1d6767608d408762929304f63c0733b,mini_program_api_value_reconciled,secondary_structured,2026-10-09T10:49:54.382341+00:00
北京交通大学,math_subject,数学三,数三,semantic_equivalent,schoolMajorVO.startSubjects[2],https://admin.jiuxianzai.cn/api/applet/home/index/schoolDetail/d1d6767608d408762929304f63c0733b,d1d6767608d408762929304f63c0733b,mini_program_api_value_reconciled,secondary_structured,2026-10-09T10:49:54.382341+00:00
北京交通大学,major_subject,432统计学,432统计学,exact_match,schoolMajorVO.startSubjects[3],https://admin.jiuxianzai.cn/api/applet/home/index/schoolDetail/d1d6767608d408762929304f63c0733b,d1d6767608d408762929304f63c0733b,mini_program_api_value_reconciled,secondary_structured,2026-10-09T10:49:54.382341+00:00
北京工业大学,unit_2026,数学统计学与力学学院,数学统计学与力学学院,exact_match,schoolMajorVO.college,https://admin.jiuxianzai.cn/api/applet/home/index/schoolDetail/08214894121ecd7fd615f4583fe662d1,08214894121ecd7fd615f4583fe662d1,mini_program_api_value_reconciled,secondary_structured,2026-10-09T10:49:54.817855+00:00
北京工业大学,study_mode,全日制,全日制,exact_match,schoolMajorVO.train,https://admin.jiuxianzai.cn/api/applet/home/index/schoolDetail/08214894121ecd7fd615f4583fe662d1,08214894121ecd7fd615f4583fe662d1,mini_program_api_value_reconciled,secondary_structured,2026-10-09T10:49:54.817855+00:00
北京工业大学,duration,2年,2年,exact_match,schoolMajorVO.year,https://admin.jiuxianzai.cn/api/applet/home/index/schoolDetail/08214894121ecd7fd615f4583fe662d1,08214894121ecd7fd615f4583fe662d1,mini_program_api_value_reconciled,secondary_structured,2026-10-09T10:49:54.817855+00:00
北京工业大学,politics_subject,101思想政治理论,政治,semantic_equivalent,schoolMajorVO.startSubjects[0],https://admin.jiuxianzai.cn/api/applet/home/index/schoolDetail/08214894121ecd7fd615f4583fe662d1,08214894121ecd7fd615f4583fe662d1,mini_program_api_value_reconciled,secondary_structured,2026-10-09T10:49:54.817855+00:00
北京工业大学,english_subject,英语二,英语二,exact_match,schoolMajorVO.startSubjects[1],https://admin.jiuxianzai.cn/api/applet/home/index/schoolDetail/08214894121ecd7fd615f4583fe662d1,08214894121ecd7fd615f4583fe662d1,mini_program_api_value_reconciled,secondary_structured,2026-10-09T10:49:54.817855+00:00
北京工业大学,math_subject,数学三,数三,semantic_equivalent,schoolMajorVO.startSubjects[2],https://admin.jiuxianzai.cn/api/applet/home/index/schoolDetail/08214894121ecd7fd615f4583fe662d1,08214894121ecd7fd615f4583fe662d1,mini_program_api_value_reconciled,secondary_structured,2026-10-09T10:49:54.817855+00:00
北京工业大学,major_subject,432统计学,432统计学,exact_match,schoolMajorVO.startSubjects[3],https://admin.jiuxianzai.cn/api/applet/home/index/schoolDetail/08214894121ecd7fd615f4583fe662d1,08214894121ecd7fd615f4583fe662d1,mini_program_api_value_reconciled,secondary_structured,2026-10-09T10:49:54.817855+00:00
北京师范大学,study_mode,全日制,全日制,exact_match,schoolMajorVO.train,https://admin.jiuxianzai.cn/api/applet/home/index/schoolDetail/300dbc29da0aeeb262577bf3a2f9c731,300dbc29da0aeeb262577bf3a2f9c731,mini_program_api_value_reconciled,secondary_structured,2026-10-09T10:49:55.168374+00:00
北京师范大学,duration,2年,2年,exact_match,schoolMajorVO.year,https://admin.jiuxianzai.cn/api/applet/home/index/schoolDetail/300dbc29da0aeeb262577bf3a2f9c731,300dbc29da0aeeb262577bf3a2f9c731,mini_program_api_value_reconciled,secondary_structured,2026-10-09T10:49:55.168374+00:00
北京师范大学,politics_subject,101思想政治理论,政治,semantic_equivalent,schoolMajorVO.startSubjects[0],https://admin.jiuxianzai.cn/api/applet/home/index/schoolDetail/300dbc29da0aeeb262577bf3a2f9c731,300dbc29da0aeeb262577bf3a2f9c731,mini_program_api_value_reconciled,secondary_structured,2026-10-09T10:49:55.168374+00:00
北京师范大学,english_subject,英语二,英语二,exact_match,schoolMajorVO.startSubjects[1],https://admin.jiuxianzai.cn/api/applet/home/index/schoolDetail/300dbc29da0aeeb262577bf3a2f9c731,300dbc29da0aeeb262577bf3a2f9c731,mini_program_api_value_reconciled,secondary_structured,2026-10-09T10:49:55.168374+00:00
北京师范大学,math_subject,数学三,数三,semantic_equivalent,schoolMajorVO.startSubjects[2],https://admin.jiuxianzai.cn/api/applet/home/index/schoolDetail/300dbc29da0aeeb262577bf3a2f9c731,300dbc29da0aeeb262577bf3a2f9c731,mini_program_api_value_reconciled,secondary_structured,2026-10-09T10:49:55.168374+00:00
北京师范大学,major_subject,432统计学,432统计学,exact_match,schoolMajorVO.startSubjects[3],https://admin.jiuxianzai.cn/api/applet/home/index/schoolDetail/300dbc29da0aeeb262577bf3a2f9c731,300dbc29da0aeeb262577bf3a2f9c731,mini_program_api_value_reconciled,secondary_structured,2026-10-09T10:49:55.168374+00:00
北京师范大学,study_mode,全日制,全日制,exact_match,schoolMajorVO.train,https://admin.jiuxianzai.cn/api/applet/home/index/schoolDetail/ea6250017d6f28cf5b2cdc731ace3e15,ea6250017d6f28cf5b2cdc731ace3e15,mini_program_api_value_reconciled,secondary_structured,2026-10-09T10:49:55.483533+00:00
北京师范大学,duration,2年,2年,exact_match,schoolMajorVO.year,https://admin.jiuxianzai.cn/api/applet/home/index/schoolDetail/ea6250017d6f28cf5b2cdc731ace3e15,ea6250017d6f28cf5b2cdc731ace3e15,mini_program_api_value_reconciled,secondary_structured,2026-10-09T10:49:55.483533+00:00
北京师范大学,politics_subject,101思想政治理论,政治,semantic_equivalent,schoolMajorVO.startSubjects[0],https://admin.jiuxianzai.cn/api/applet/home/index/schoolDetail/ea6250017d6f28cf5b2cdc731ace3e15,ea6250017d6f28cf5b2cdc731ace3e15,mini_program_api_value_reconciled,secondary_structured,2026-10-09T10:49:55.483533+00:00
北京师范大学,english_subject,英语二,英语二,exact_match,schoolMajorVO.startSubjects[1],https://admin.jiuxianzai.cn/api/applet/home/index/schoolDetail/ea6250017d6f28cf5b2cdc731ace3e15,ea6250017d6f28cf5b2cdc731ace3e15,mini_program_api_value_reconciled,secondary_structured,2026-10-09T10:49:55.483533+00:00
北京师范大学,math_subject,数学三,数三,semantic_equivalent,schoolMajorVO.startSubjects[2],https://admin.jiuxianzai.cn/api/applet/home/index/schoolDetail/ea6250017d6f28cf5b2cdc731ace3e15,ea6250017d6f28cf5b2cdc731ace3e15,mini_program_api_value_reconciled,secondary_structured,2026-10-09T10:49:55.483533+00:00
北京师范大学,major_subject,432统计学,432统计学,exact_match,schoolMajorVO.startSubjects[3],https://admin.jiuxianzai.cn/api/applet/home/index/schoolDetail/ea6250017d6f28cf5b2cdc731ace3e15,ea6250017d6f28cf5b2cdc731ace3e15,mini_program_api_value_reconciled,secondary_structured,2026-10-09T10:49:55.483533+00:00
北京师范大学,study_mode,全日制,全日制,exact_match,schoolMajorVO.train,https://admin.jiuxianzai.cn/api/applet/home/index/schoolDetail/4de5e4b6113e5803bba81a94daba700d,4de5e4b6113e5803bba81a94daba700d,mini_program_api_value_reconciled,secondary_structured,2026-10-09T10:49:55.829533+00:00
北京师范大学,duration,2年,2年,exact_match,schoolMajorVO.year,https://admin.jiuxianzai.cn/api/applet/home/index/schoolDetail/4de5e4b6113e5803bba81a94daba700d,4de5e4b6113e5803bba81a94daba700d,mini_program_api_value_reconciled,secondary_structured,2026-10-09T10:49:55.829533+00:00
北京师范大学,politics_subject,101思想政治理论,政治,semantic_equivalent,schoolMajorVO.startSubjects[0],https://admin.jiuxianzai.cn/api/applet/home/index/schoolDetail/4de5e4b6113e5803bba81a94daba700d,4de5e4b6113e5803bba81a94daba700d,mini_program_api_value_reconciled,secondary_structured,2026-10-09T10:49:55.829533+00:00
北京师范大学,english_subject,英语二,英语二,exact_match,schoolMajorVO.startSubjects[1],https://admin.jiuxianzai.cn/api/applet/home/index/schoolDetail/4de5e4b6113e5803bba81a94daba700d,4de5e4b6113e5803bba81a94daba700d,mini_program_api_value_reconciled,secondary_structured,2026-10-09T10:49:55.829533+00:00
北京师范大学,math_subject,数学三,数三,semantic_equivalent,schoolMajorVO.startSubjects[2],https://admin.jiuxianzai.cn/api/applet/home/index/schoolDetail/4de5e4b6113e5803bba81a94daba700d,4de5e4b6113e5803bba81a94daba700d,mini_program_api_value_reconciled,secondary_structured,2026-10-09T10:49:55.829533+00:00
北京师范大学,major_subject,432统计学,432统计学,exact_match,schoolMajorVO.startSubjects[3],https://admin.jiuxianzai.cn/api/applet/home/index/schoolDetail/4de5e4b6113e5803bba81a94daba700d,4de5e4b6113e5803bba81a94daba700d,mini_program_api_value_reconciled,secondary_structured,2026-10-09T10:49:55.829533+00:00
北京林业大学,unit_2026,经济管理学院,经济管理学院,exact_match,schoolMajorVO.college,https://admin.jiuxianzai.cn/api/applet/home/index/schoolDetail/50150d0aadfdaa3758db009ae69c3521,50150d0aadfdaa3758db009ae69c3521,mini_program_api_value_reconciled,secondary_structured,2026-10-09T10:49:56.226627+00:00
北京林业大学,study_mode,全日制,全日制,exact_match,schoolMajorVO.train,https://admin.jiuxianzai.cn/api/applet/home/index/schoolDetail/50150d0aadfdaa3758db009ae69c3521,50150d0aadfdaa3758db009ae69c3521,mini_program_api_value_reconciled,secondary_structured,2026-10-09T10:49:56.226627+00:00
北京林业大学,duration,2年,2年,exact_match,schoolMajorVO.year,https://admin.jiuxianzai.cn/api/applet/home/index/schoolDetail/50150d0aadfdaa3758db009ae69c3521,50150d0aadfdaa3758db009ae69c3521,mini_program_api_value_reconciled,secondary_structured,2026-10-09T10:49:56.226627+00:00
北京林业大学,politics_subject,101思想政治理论,政治,semantic_equivalent,schoolMajorVO.startSubjects[0],https://admin.jiuxianzai.cn/api/applet/home/index/schoolDetail/50150d0aadfdaa3758db009ae69c3521,50150d0aadfdaa3758db009ae69c3521,mini_program_api_value_reconciled,secondary_structured,2026-10-09T10:49:56.226627+00:00
北京林业大学,english_subject,英语二,英语二,exact_match,schoolMajorVO.startSubjects[1],https://admin.jiuxianzai.cn/api/applet/home/index/schoolDetail/50150d0aadfdaa3758db009ae69c3521,50150d0aadfdaa3758db009ae69c3521,mini_program_api_value_reconciled,secondary_structured,2026-10-09T10:49:56.226627+00:00
北京林业大学,math_subject,数学三,数三,semantic_equivalent,schoolMajorVO.startSubjects[2],https://admin.jiuxianzai.cn/api/applet/home/index/schoolDetail/50150d0aadfdaa3758db009ae69c3521,50150d0aadfdaa3758db009ae69c3521,mini_program_api_value_reconciled,secondary_structured,2026-10-09T10:49:56.226627+00:00
北京林业大学,major_subject,432统计学,432统计学,exact_match,schoolMajorVO.startSubjects[3],https://admin.jiuxianzai.cn/api/applet/home/index/schoolDetail/50150d0aadfdaa3758db009ae69c3521,50150d0aadfdaa3758db009ae69c3521,mini_program_api_value_reconciled,secondary_structured,2026-10-09T10:49:56.226627+00:00
华东师范大学,unit_2026,统计学院,统计学院,exact_match,schoolMajorVO.college,https://admin.jiuxianzai.cn/api/applet/home/index/schoolDetail/f11a1afe431281838693214490993dcf,f11a1afe431281838693214490993dcf,mini_program_api_value_reconciled,secondary_structured,2026-10-09T10:49:56.649733+00:00
华东师范大学,study_mode,全日制,全日制,exact_match,schoolMajorVO.train,https://admin.jiuxianzai.cn/api/applet/home/index/schoolDetail/f11a1afe431281838693214490993dcf,f11a1afe431281838693214490993dcf,mini_program_api_value_reconciled,secondary_structured,2026-10-09T10:49:56.649733+00:00
华东师范大学,duration,2年,2年,exact_match,schoolMajorVO.year,https://admin.jiuxianzai.cn/api/applet/home/index/schoolDetail/f11a1afe431281838693214490993dcf,f11a1afe431281838693214490993dcf,mini_program_api_value_reconciled,secondary_structured,2026-10-09T10:49:56.649733+00:00
华东师范大学,politics_subject,101思想政治理论,政治,semantic_equivalent,schoolMajorVO.startSubjects[0],https://admin.jiuxianzai.cn/api/applet/home/index/schoolDetail/f11a1afe431281838693214490993dcf,f11a1afe431281838693214490993dcf,mini_program_api_value_reconciled,secondary_structured,2026-10-09T10:49:56.649733+00:00
华东师范大学,english_subject,英语二,英语二,exact_match,schoolMajorVO.startSubjects[1],https://admin.jiuxianzai.cn/api/applet/home/index/schoolDetail/f11a1afe431281838693214490993dcf,f11a1afe431281838693214490993dcf,mini_program_api_value_reconciled,secondary_structured,2026-10-09T10:49:56.649733+00:00
华东师范大学,math_subject,数学三,数三,semantic_equivalent,schoolMajorVO.startSubjects[2],https://admin.jiuxianzai.cn/api/applet/home/index/schoolDetail/f11a1afe431281838693214490993dcf,f11a1afe431281838693214490993dcf,mini_program_api_value_reconciled,secondary_structured,2026-10-09T10:49:56.649733+00:00
华东师范大学,major_subject,432统计学,432统计学,exact_match,schoolMajorVO.startSubjects[3],https://admin.jiuxianzai.cn/api/applet/home/index/schoolDetail/f11a1afe431281838693214490993dcf,f11a1afe431281838693214490993dcf,mini_program_api_value_reconciled,secondary_structured,2026-10-09T10:49:56.649733+00:00
华东理工大学,unit_2026,数学学院,数学学院,exact_match,schoolMajorVO.college,https://admin.jiuxianzai.cn/api/applet/home/index/schoolDetail/cc2b50dd21eaca2ad3ccd55113c61f2d,cc2b50dd21eaca2ad3ccd55113c61f2d,mini_program_api_value_reconciled,secondary_structured,2026-10-09T10:49:57.007523+00:00
华东理工大学,study_mode,全日制,全日制,exact_match,schoolMajorVO.train,https://admin.jiuxianzai.cn/api/applet/home/index/schoolDetail/cc2b50dd21eaca2ad3ccd55113c61f2d,cc2b50dd21eaca2ad3ccd55113c61f2d,mini_program_api_value_reconciled,secondary_structured,2026-10-09T10:49:57.007523+00:00
华东理工大学,politics_subject,101思想政治理论,政治,semantic_equivalent,schoolMajorVO.startSubjects[0],https://admin.jiuxianzai.cn/api/applet/home/index/schoolDetail/cc2b50dd21eaca2ad3ccd55113c61f2d,cc2b50dd21eaca2ad3ccd55113c61f2d,mini_program_api_value_reconciled,secondary_structured,2026-10-09T10:49:57.007523+00:00
华东理工大学,english_subject,英语二,英语二,exact_match,schoolMajorVO.startSubjects[1],https://admin.jiuxianzai.cn/api/applet/home/index/schoolDetail/cc2b50dd21eaca2ad3ccd55113c61f2d,cc2b50dd21eaca2ad3ccd55113c61f2d,mini_program_api_value_reconciled,secondary_structured,2026-10-09T10:49:57.007523+00:00
华东理工大学,math_subject,数学三,数三,semantic_equivalent,schoolMajorVO.startSubjects[2],https://admin.jiuxianzai.cn/api/applet/home/index/schoolDetail/cc2b50dd21eaca2ad3ccd55113c61f2d,cc2b50dd21eaca2ad3ccd55113c61f2d,mini_program_api_value_reconciled,secondary_structured,2026-10-09T10:49:57.007523+00:00
华东理工大学,major_subject,432统计学,432统计学,exact_match,schoolMajorVO.startSubjects[3],https://admin.jiuxianzai.cn/api/applet/home/index/schoolDetail/cc2b50dd21eaca2ad3ccd55113c61f2d,cc2b50dd21eaca2ad3ccd55113c61f2d,mini_program_api_value_reconciled,secondary_structured,2026-10-09T10:49:57.007523+00:00
华中农业大学,unit_2026,信息学院,信息学院,exact_match,schoolMajorVO.college,https://admin.jiuxianzai.cn/api/applet/home/index/schoolDetail/88540866545179766343bb45cdac824b,88540866545179766343bb45cdac824b,mini_program_api_value_reconciled,secondary_structured,2026-10-09T10:49:57.394926+00:00
华中农业大学,politics_subject,101思想政治理论,政治,semantic_equivalent,schoolMajorVO.startSubjects[0],https://admin.jiuxianzai.cn/api/applet/home/index/schoolDetail/88540866545179766343bb45cdac824b,88540866545179766343bb45cdac824b,mini_program_api_value_reconciled,secondary_structured,2026-10-09T10:49:57.394926+00:00
华中农业大学,english_subject,英语二,英语二,exact_match,schoolMajorVO.startSubjects[1],https://admin.jiuxianzai.cn/api/applet/home/index/schoolDetail/88540866545179766343bb45cdac824b,88540866545179766343bb45cdac824b,mini_program_api_value_reconciled,secondary_structured,2026-10-09T10:49:57.394926+00:00
华中农业大学,math_subject,数学三,数三,semantic_equivalent,schoolMajorVO.startSubjects[2],https://admin.jiuxianzai.cn/api/applet/home/index/schoolDetail/88540866545179766343bb45cdac824b,88540866545179766343bb45cdac824b,mini_program_api_value_reconciled,secondary_structured,2026-10-09T10:49:57.394926+00:00
华中农业大学,major_subject,432统计学,432统计学,exact_match,schoolMajorVO.startSubjects[3],https://admin.jiuxianzai.cn/api/applet/home/index/schoolDetail/88540866545179766343bb45cdac824b,88540866545179766343bb45cdac824b,mini_program_api_value_reconciled,secondary_structured,2026-10-09T10:49:57.394926+00:00
华中师范大学,study_mode,全日制,全日制,exact_match,schoolMajorVO.train,https://admin.jiuxianzai.cn/api/applet/home/index/schoolDetail/b1f6e61e91fe5877912103300d1d4d81,b1f6e61e91fe5877912103300d1d4d81,mini_program_api_value_reconciled,secondary_structured,2026-10-09T10:49:57.826423+00:00
华中师范大学,duration,2年,2年,exact_match,schoolMajorVO.year,https://admin.jiuxianzai.cn/api/applet/home/index/schoolDetail/b1f6e61e91fe5877912103300d1d4d81,b1f6e61e91fe5877912103300d1d4d81,mini_program_api_value_reconciled,secondary_structured,2026-10-09T10:49:57.826423+00:00
华中师范大学,politics_subject,101思想政治理论,政治,semantic_equivalent,schoolMajorVO.startSubjects[0],https://admin.jiuxianzai.cn/api/applet/home/index/schoolDetail/b1f6e61e91fe5877912103300d1d4d81,b1f6e61e91fe5877912103300d1d4d81,mini_program_api_value_reconciled,secondary_structured,2026-10-09T10:49:57.826423+00:00
华中师范大学,english_subject,英语二,英语二,exact_match,schoolMajorVO.startSubjects[1],https://admin.jiuxianzai.cn/api/applet/home/index/schoolDetail/b1f6e61e91fe5877912103300d1d4d81,b1f6e61e91fe5877912103300d1d4d81,mini_program_api_value_reconciled,secondary_structured,2026-10-09T10:49:57.826423+00:00
华中师范大学,math_subject,数学三,数三,semantic_equivalent,schoolMajorVO.startSubjects[2],https://admin.jiuxianzai.cn/api/applet/home/index/schoolDetail/b1f6e61e91fe5877912103300d1d4d81,b1f6e61e91fe5877912103300d1d4d81,mini_program_api_value_reconciled,secondary_structured,2026-10-09T10:49:57.826423+00:00
华中师范大学,major_subject,432统计学,432统计学,exact_match,schoolMajorVO.startSubjects[3],https://admin.jiuxianzai.cn/api/applet/home/index/schoolDetail/b1f6e61e91fe5877912103300d1d4d81,b1f6e61e91fe5877912103300d1d4d81,mini_program_api_value_reconciled,secondary_structured,2026-10-09T10:49:57.826423+00:00
华中科技大学,unit_2026,数学与统计学院,数学与统计学院,exact_match,schoolMajorVO.college,https://admin.jiuxianzai.cn/api/applet/home/index/schoolDetail/c1e96541506f114e67db7328097dc137,c1e96541506f114e67db7328097dc137,mini_program_api_value_reconciled,secondary_structured,2026-10-09T10:49:58.247361+00:00
华中科技大学,study_mode,全日制,全日制,exact_match,schoolMajorVO.train,https://admin.jiuxianzai.cn/api/applet/home/index/schoolDetail/c1e96541506f114e67db7328097dc137,c1e96541506f114e67db7328097dc137,mini_program_api_value_reconciled,secondary_structured,2026-10-09T10:49:58.247361+00:00
华中科技大学,duration,2年,2年,exact_match,schoolMajorVO.year,https://admin.jiuxianzai.cn/api/applet/home/index/schoolDetail/c1e96541506f114e67db7328097dc137,c1e96541506f114e67db7328097dc137,mini_program_api_value_reconciled,secondary_structured,2026-10-09T10:49:58.247361+00:00
华中科技大学,politics_subject,101思想政治理论,政治,semantic_equivalent,schoolMajorVO.startSubjects[0],https://admin.jiuxianzai.cn/api/applet/home/index/schoolDetail/c1e96541506f114e67db7328097dc137,c1e96541506f114e67db7328097dc137,mini_program_api_value_reconciled,secondary_structured,2026-10-09T10:49:58.247361+00:00
华中科技大学,english_subject,英语二,英语二,exact_match,schoolMajorVO.startSubjects[1],https://admin.jiuxianzai.cn/api/applet/home/index/schoolDetail/c1e96541506f114e67db7328097dc137,c1e96541506f114e67db7328097dc137,mini_program_api_value_reconciled,secondary_structured,2026-10-09T10:49:58.247361+00:00
华中科技大学,math_subject,数学三,数三,semantic_equivalent,schoolMajorVO.startSubjects[2],https://admin.jiuxianzai.cn/api/applet/home/index/schoolDetail/c1e96541506f114e67db7328097dc137,c1e96541506f114e67db7328097dc137,mini_program_api_value_reconciled,secondary_structured,2026-10-09T10:49:58.247361+00:00
华中科技大学,major_subject,432统计学,432统计学,exact_match,schoolMajorVO.startSubjects[3],https://admin.jiuxianzai.cn/api/applet/home/index/schoolDetail/c1e96541506f114e67db7328097dc137,c1e96541506f114e67db7328097dc137,mini_program_api_value_reconciled,secondary_structured,2026-10-09T10:49:58.247361+00:00
华北电力大学,duration,3年,3年,exact_match,schoolMajorVO.year,https://admin.jiuxianzai.cn/api/applet/home/index/schoolDetail/13307756a9c5f293c189c4680e3b983e,13307756a9c5f293c189c4680e3b983e,mini_program_api_value_reconciled,secondary_structured,2026-10-09T10:49:58.599362+00:00
华北电力大学,politics_subject,101思想政治理论,政治,semantic_equivalent,schoolMajorVO.startSubjects[0],https://admin.jiuxianzai.cn/api/applet/home/index/schoolDetail/13307756a9c5f293c189c4680e3b983e,13307756a9c5f293c189c4680e3b983e,mini_program_api_value_reconciled,secondary_structured,2026-10-09T10:49:58.600385+00:00
华北电力大学,english_subject,英语二,英语二,exact_match,schoolMajorVO.startSubjects[1],https://admin.jiuxianzai.cn/api/applet/home/index/schoolDetail/13307756a9c5f293c189c4680e3b983e,13307756a9c5f293c189c4680e3b983e,mini_program_api_value_reconciled,secondary_structured,2026-10-09T10:49:58.600385+00:00
华北电力大学,math_subject,数学三,数三,semantic_equivalent,schoolMajorVO.startSubjects[2],https://admin.jiuxianzai.cn/api/applet/home/index/schoolDetail/13307756a9c5f293c189c4680e3b983e,13307756a9c5f293c189c4680e3b983e,mini_program_api_value_reconciled,secondary_structured,2026-10-09T10:49:58.600385+00:00
华北电力大学,major_subject,432统计学,432统计学,exact_match,schoolMajorVO.startSubjects[3],https://admin.jiuxianzai.cn/api/applet/home/index/schoolDetail/13307756a9c5f293c189c4680e3b983e,13307756a9c5f293c189c4680e3b983e,mini_program_api_value_reconciled,secondary_structured,2026-10-09T10:49:58.600385+00:00
华北电力大学,duration,3年,3年,exact_match,schoolMajorVO.year,https://admin.jiuxianzai.cn/api/applet/home/index/schoolDetail/30e69a8facb6798aa95c67a1c83900c2,30e69a8facb6798aa95c67a1c83900c2,mini_program_api_value_reconciled,secondary_structured,2026-10-09T10:49:58.983266+00:00
华北电力大学,politics_subject,101思想政治理论,政治,semantic_equivalent,schoolMajorVO.startSubjects[0],https://admin.jiuxianzai.cn/api/applet/home/index/schoolDetail/30e69a8facb6798aa95c67a1c83900c2,30e69a8facb6798aa95c67a1c83900c2,mini_program_api_value_reconciled,secondary_structured,2026-10-09T10:49:58.983266+00:00
华北电力大学,english_subject,英语二,英语二,exact_match,schoolMajorVO.startSubjects[1],https://admin.jiuxianzai.cn/api/applet/home/index/schoolDetail/30e69a8facb6798aa95c67a1c83900c2,30e69a8facb6798aa95c67a1c83900c2,mini_program_api_value_reconciled,secondary_structured,2026-10-09T10:49:58.983266+00:00
华北电力大学,math_subject,数学三,数三,semantic_equivalent,schoolMajorVO.startSubjects[2],https://admin.jiuxianzai.cn/api/applet/home/index/schoolDetail/30e69a8facb6798aa95c67a1c83900c2,30e69a8facb6798aa95c67a1c83900c2,mini_program_api_value_reconciled,secondary_structured,2026-10-09T10:49:58.983266+00:00
华北电力大学,major_subject,432统计学,432统计学,exact_match,schoolMajorVO.startSubjects[3],https://admin.jiuxianzai.cn/api/applet/home/index/schoolDetail/30e69a8facb6798aa95c67a1c83900c2,30e69a8facb6798aa95c67a1c83900c2,mini_program_api_value_reconciled,secondary_structured,2026-10-09T10:49:58.983266+00:00
华南师范大学,study_mode,全日制,全日制,exact_match,schoolMajorVO.train,https://admin.jiuxianzai.cn/api/applet/home/index/schoolDetail/a2febbe104a80460a28e6a3a4172b085,a2febbe104a80460a28e6a3a4172b085,mini_program_api_value_reconciled,secondary_structured,2026-10-09T10:49:59.384486+00:00
华南师范大学,duration,2年,2年,exact_match,schoolMajorVO.year,https://admin.jiuxianzai.cn/api/applet/home/index/schoolDetail/a2febbe104a80460a28e6a3a4172b085,a2febbe104a80460a28e6a3a4172b085,mini_program_api_value_reconciled,secondary_structured,2026-10-09T10:49:59.384486+00:00
华南师范大学,politics_subject,101思想政治理论,政治,semantic_equivalent,schoolMajorVO.startSubjects[0],https://admin.jiuxianzai.cn/api/applet/home/index/schoolDetail/a2febbe104a80460a28e6a3a4172b085,a2febbe104a80460a28e6a3a4172b085,mini_program_api_value_reconciled,secondary_structured,2026-10-09T10:49:59.384486+00:00
华南师范大学,english_subject,英语二,英语二,exact_match,schoolMajorVO.startSubjects[1],https://admin.jiuxianzai.cn/api/applet/home/index/schoolDetail/a2febbe104a80460a28e6a3a4172b085,a2febbe104a80460a28e6a3a4172b085,mini_program_api_value_reconciled,secondary_structured,2026-10-09T10:49:59.384486+00:00
华南师范大学,math_subject,数学三,数三,semantic_equivalent,schoolMajorVO.startSubjects[2],https://admin.jiuxianzai.cn/api/applet/home/index/schoolDetail/a2febbe104a80460a28e6a3a4172b085,a2febbe104a80460a28e6a3a4172b085,mini_program_api_value_reconciled,secondary_structured,2026-10-09T10:49:59.384486+00:00
华南师范大学,major_subject,432统计学,432统计学,exact_match,schoolMajorVO.startSubjects[3],https://admin.jiuxianzai.cn/api/applet/home/index/schoolDetail/a2febbe104a80460a28e6a3a4172b085,a2febbe104a80460a28e6a3a4172b085,mini_program_api_value_reconciled,secondary_structured,2026-10-09T10:49:59.384486+00:00
华南师范大学,study_mode,全日制,全日制,exact_match,schoolMajorVO.train,https://admin.jiuxianzai.cn/api/applet/home/index/schoolDetail/20a5e59472635a28a69ee08ec0a82cf5,20a5e59472635a28a69ee08ec0a82cf5,mini_program_api_value_reconciled,secondary_structured,2026-10-09T10:49:59.761150+00:00
华南师范大学,duration,2年,2年,exact_match,schoolMajorVO.year,https://admin.jiuxianzai.cn/api/applet/home/index/schoolDetail/20a5e59472635a28a69ee08ec0a82cf5,20a5e59472635a28a69ee08ec0a82cf5,mini_program_api_value_reconciled,secondary_structured,2026-10-09T10:49:59.761150+00:00
华南师范大学,politics_subject,101思想政治理论,政治,semantic_equivalent,schoolMajorVO.startSubjects[0],https://admin.jiuxianzai.cn/api/applet/home/index/schoolDetail/20a5e59472635a28a69ee08ec0a82cf5,20a5e59472635a28a69ee08ec0a82cf5,mini_program_api_value_reconciled,secondary_structured,2026-10-09T10:49:59.761150+00:00
华南师范大学,english_subject,英语二,英语二,exact_match,schoolMajorVO.startSubjects[1],https://admin.jiuxianzai.cn/api/applet/home/index/schoolDetail/20a5e59472635a28a69ee08ec0a82cf5,20a5e59472635a28a69ee08ec0a82cf5,mini_program_api_value_reconciled,secondary_structured,2026-10-09T10:49:59.761150+00:00
华南师范大学,math_subject,数学三,数三,semantic_equivalent,schoolMajorVO.startSubjects[2],https://admin.jiuxianzai.cn/api/applet/home/index/schoolDetail/20a5e59472635a28a69ee08ec0a82cf5,20a5e59472635a28a69ee08ec0a82cf5,mini_program_api_value_reconciled,secondary_structured,2026-10-09T10:49:59.761150+00:00
华南师范大学,major_subject,432统计学,432统计学,exact_match,schoolMajorVO.startSubjects[3],https://admin.jiuxianzai.cn/api/applet/home/index/schoolDetail/20a5e59472635a28a69ee08ec0a82cf5,20a5e59472635a28a69ee08ec0a82cf5,mini_program_api_value_reconciled,secondary_structured,2026-10-09T10:49:59.761150+00:00
南京农业大学,unit_2026,理学院,理学院,exact_match,schoolMajorVO.college,https://admin.jiuxianzai.cn/api/applet/home/index/schoolDetail/92409f535f3f0472316ebdcce9011b20,92409f535f3f0472316ebdcce9011b20,mini_program_api_value_reconciled,secondary_structured,2026-10-09T10:50:00.142745+00:00
南京农业大学,study_mode,全日制,全日制,exact_match,schoolMajorVO.train,https://admin.jiuxianzai.cn/api/applet/home/index/schoolDetail/92409f535f3f0472316ebdcce9011b20,92409f535f3f0472316ebdcce9011b20,mini_program_api_value_reconciled,secondary_structured,2026-10-09T10:50:00.142745+00:00
南京农业大学,politics_subject,101思想政治理论,政治,semantic_equivalent,schoolMajorVO.startSubjects[0],https://admin.jiuxianzai.cn/api/applet/home/index/schoolDetail/92409f535f3f0472316ebdcce9011b20,92409f535f3f0472316ebdcce9011b20,mini_program_api_value_reconciled,secondary_structured,2026-10-09T10:50:00.142745+00:00
南京农业大学,english_subject,英语二,英语二,exact_match,schoolMajorVO.startSubjects[1],https://admin.jiuxianzai.cn/api/applet/home/index/schoolDetail/92409f535f3f0472316ebdcce9011b20,92409f535f3f0472316ebdcce9011b20,mini_program_api_value_reconciled,secondary_structured,2026-10-09T10:50:00.142745+00:00
南京农业大学,math_subject,数学三,数三,semantic_equivalent,schoolMajorVO.startSubjects[2],https://admin.jiuxianzai.cn/api/applet/home/index/schoolDetail/92409f535f3f0472316ebdcce9011b20,92409f535f3f0472316ebdcce9011b20,mini_program_api_value_reconciled,secondary_structured,2026-10-09T10:50:00.142745+00:00
南京农业大学,major_subject,432统计学,432统计学,exact_match,schoolMajorVO.startSubjects[3],https://admin.jiuxianzai.cn/api/applet/home/index/schoolDetail/92409f535f3f0472316ebdcce9011b20,92409f535f3f0472316ebdcce9011b20,mini_program_api_value_reconciled,secondary_structured,2026-10-09T10:50:00.142745+00:00
南京大学,unit_2026,数学学院,数学学院,exact_match,schoolMajorVO.college,https://admin.jiuxianzai.cn/api/applet/home/index/schoolDetail/ee98dffe2eda32cac728d69d270870f9,ee98dffe2eda32cac728d69d270870f9,mini_program_api_value_reconciled,secondary_structured,2026-10-09T10:50:00.472922+00:00
南京大学,study_mode,全日制,全日制,exact_match,schoolMajorVO.train,https://admin.jiuxianzai.cn/api/applet/home/index/schoolDetail/ee98dffe2eda32cac728d69d270870f9,ee98dffe2eda32cac728d69d270870f9,mini_program_api_value_reconciled,secondary_structured,2026-10-09T10:50:00.472922+00:00
南京大学,duration,2年,2年,exact_match,schoolMajorVO.year,https://admin.jiuxianzai.cn/api/applet/home/index/schoolDetail/ee98dffe2eda32cac728d69d270870f9,ee98dffe2eda32cac728d69d270870f9,mini_program_api_value_reconciled,secondary_structured,2026-10-09T10:50:00.472922+00:00
南京大学,politics_subject,101思想政治理论,政治,semantic_equivalent,schoolMajorVO.startSubjects[0],https://admin.jiuxianzai.cn/api/applet/home/index/schoolDetail/ee98dffe2eda32cac728d69d270870f9,ee98dffe2eda32cac728d69d270870f9,mini_program_api_value_reconciled,secondary_structured,2026-10-09T10:50:00.472922+00:00
南京大学,english_subject,英语二,英语二,exact_match,schoolMajorVO.startSubjects[1],https://admin.jiuxianzai.cn/api/applet/home/index/schoolDetail/ee98dffe2eda32cac728d69d270870f9,ee98dffe2eda32cac728d69d270870f9,mini_program_api_value_reconciled,secondary_structured,2026-10-09T10:50:00.472922+00:00
南京大学,math_subject,数学三,数三,semantic_equivalent,schoolMajorVO.startSubjects[2],https://admin.jiuxianzai.cn/api/applet/home/index/schoolDetail/ee98dffe2eda32cac728d69d270870f9,ee98dffe2eda32cac728d69d270870f9,mini_program_api_value_reconciled,secondary_structured,2026-10-09T10:50:00.472922+00:00
南京大学,major_subject,432统计学,432统计学,exact_match,schoolMajorVO.startSubjects[3],https://admin.jiuxianzai.cn/api/applet/home/index/schoolDetail/ee98dffe2eda32cac728d69d270870f9,ee98dffe2eda32cac728d69d270870f9,mini_program_api_value_reconciled,secondary_structured,2026-10-09T10:50:00.472922+00:00
南京师范大学,unit_2026,数学科学学院,数学科学学院,exact_match,schoolMajorVO.college,https://admin.jiuxianzai.cn/api/applet/home/index/schoolDetail/25a4d513677af09de4daadfae0914e1b,25a4d513677af09de4daadfae0914e1b,mini_program_api_value_reconciled,secondary_structured,2026-10-09T10:50:00.816984+00:00
南京师范大学,study_mode,全日制,全日制,exact_match,schoolMajorVO.train,https://admin.jiuxianzai.cn/api/applet/home/index/schoolDetail/25a4d513677af09de4daadfae0914e1b,25a4d513677af09de4daadfae0914e1b,mini_program_api_value_reconciled,secondary_structured,2026-10-09T10:50:00.816984+00:00
南京师范大学,politics_subject,101思想政治理论,政治,semantic_equivalent,schoolMajorVO.startSubjects[0],https://admin.jiuxianzai.cn/api/applet/home/index/schoolDetail/25a4d513677af09de4daadfae0914e1b,25a4d513677af09de4daadfae0914e1b,mini_program_api_value_reconciled,secondary_structured,2026-10-09T10:50:00.816984+00:00
南京师范大学,english_subject,英语二,英语二,exact_match,schoolMajorVO.startSubjects[1],https://admin.jiuxianzai.cn/api/applet/home/index/schoolDetail/25a4d513677af09de4daadfae0914e1b,25a4d513677af09de4daadfae0914e1b,mini_program_api_value_reconciled,secondary_structured,2026-10-09T10:50:00.816984+00:00
南京师范大学,math_subject,数学三,数三,semantic_equivalent,schoolMajorVO.startSubjects[2],https://admin.jiuxianzai.cn/api/applet/home/index/schoolDetail/25a4d513677af09de4daadfae0914e1b,25a4d513677af09de4daadfae0914e1b,mini_program_api_value_reconciled,secondary_structured,2026-10-09T10:50:00.816984+00:00
南京师范大学,major_subject,432统计学,432统计学,exact_match,schoolMajorVO.startSubjects[3],https://admin.jiuxianzai.cn/api/applet/home/index/schoolDetail/25a4d513677af09de4daadfae0914e1b,25a4d513677af09de4daadfae0914e1b,mini_program_api_value_reconciled,secondary_structured,2026-10-09T10:50:00.816984+00:00
南京理工大学,unit_2026,数学与统计学院,数学与统计学院,exact_match,schoolMajorVO.college,https://admin.jiuxianzai.cn/api/applet/home/index/schoolDetail/ae931260258484511d053532c733784f,ae931260258484511d053532c733784f,mini_program_api_value_reconciled,secondary_structured,2026-10-09T10:50:01.233923+00:00
南京理工大学,study_mode,全日制,全日制,exact_match,schoolMajorVO.train,https://admin.jiuxianzai.cn/api/applet/home/index/schoolDetail/ae931260258484511d053532c733784f,ae931260258484511d053532c733784f,mini_program_api_value_reconciled,secondary_structured,2026-10-09T10:50:01.233923+00:00
南京理工大学,politics_subject,101思想政治理论,政治,semantic_equivalent,schoolMajorVO.startSubjects[0],https://admin.jiuxianzai.cn/api/applet/home/index/schoolDetail/ae931260258484511d053532c733784f,ae931260258484511d053532c733784f,mini_program_api_value_reconciled,secondary_structured,2026-10-09T10:50:01.233923+00:00
南京理工大学,english_subject,英语二,英语二,exact_match,schoolMajorVO.startSubjects[1],https://admin.jiuxianzai.cn/api/applet/home/index/schoolDetail/ae931260258484511d053532c733784f,ae931260258484511d053532c733784f,mini_program_api_value_reconciled,secondary_structured,2026-10-09T10:50:01.233923+00:00
南京理工大学,math_subject,数学三,数三,semantic_equivalent,schoolMajorVO.startSubjects[2],https://admin.jiuxianzai.cn/api/applet/home/index/schoolDetail/ae931260258484511d053532c733784f,ae931260258484511d053532c733784f,mini_program_api_value_reconciled,secondary_structured,2026-10-09T10:50:01.233923+00:00
南京理工大学,major_subject,432统计学,432统计学,exact_match,schoolMajorVO.startSubjects[3],https://admin.jiuxianzai.cn/api/applet/home/index/schoolDetail/ae931260258484511d053532c733784f,ae931260258484511d053532c733784f,mini_program_api_value_reconciled,secondary_structured,2026-10-09T10:50:01.233923+00:00
南京航空航天大学,unit_2026,数学学院,数学学院,exact_match,schoolMajorVO.college,https://admin.jiuxianzai.cn/api/applet/home/index/schoolDetail/2b58f55deece68282b844fa2fac2392c,2b58f55deece68282b844fa2fac2392c,mini_program_api_value_reconciled,secondary_structured,2026-10-09T10:50:01.632910+00:00
南京航空航天大学,study_mode,全日制,全日制,exact_match,schoolMajorVO.train,https://admin.jiuxianzai.cn/api/applet/home/index/schoolDetail/2b58f55deece68282b844fa2fac2392c,2b58f55deece68282b844fa2fac2392c,mini_program_api_value_reconciled,secondary_structured,2026-10-09T10:50:01.632910+00:00
南京航空航天大学,politics_subject,101思想政治理论,政治,semantic_equivalent,schoolMajorVO.startSubjects[0],https://admin.jiuxianzai.cn/api/applet/home/index/schoolDetail/2b58f55deece68282b844fa2fac2392c,2b58f55deece68282b844fa2fac2392c,mini_program_api_value_reconciled,secondary_structured,2026-10-09T10:50:01.632910+00:00
南京航空航天大学,english_subject,英语二,英语二,exact_match,schoolMajorVO.startSubjects[1],https://admin.jiuxianzai.cn/api/applet/home/index/schoolDetail/2b58f55deece68282b844fa2fac2392c,2b58f55deece68282b844fa2fac2392c,mini_program_api_value_reconciled,secondary_structured,2026-10-09T10:50:01.632910+00:00
南京航空航天大学,math_subject,数学三,数三,semantic_equivalent,schoolMajorVO.startSubjects[2],https://admin.jiuxianzai.cn/api/applet/home/index/schoolDetail/2b58f55deece68282b844fa2fac2392c,2b58f55deece68282b844fa2fac2392c,mini_program_api_value_reconciled,secondary_structured,2026-10-09T10:50:01.632910+00:00
南京航空航天大学,major_subject,432统计学,432统计学,exact_match,schoolMajorVO.startSubjects[3],https://admin.jiuxianzai.cn/api/applet/home/index/schoolDetail/2b58f55deece68282b844fa2fac2392c,2b58f55deece68282b844fa2fac2392c,mini_program_api_value_reconciled,secondary_structured,2026-10-09T10:50:01.632910+00:00
南昌大学,unit_2026,经济管理学院,经济管理学院,exact_match,schoolMajorVO.college,https://admin.jiuxianzai.cn/api/applet/home/index/schoolDetail/bb42e207bb8a2e53858470a27f5ad5da,bb42e207bb8a2e53858470a27f5ad5da,mini_program_api_value_reconciled,secondary_structured,2026-10-09T10:50:02.029403+00:00
南昌大学,study_mode,全日制,全日制,exact_match,schoolMajorVO.train,https://admin.jiuxianzai.cn/api/applet/home/index/schoolDetail/bb42e207bb8a2e53858470a27f5ad5da,bb42e207bb8a2e53858470a27f5ad5da,mini_program_api_value_reconciled,secondary_structured,2026-10-09T10:50:02.029403+00:00
南昌大学,duration,3年,3年,exact_match,schoolMajorVO.year,https://admin.jiuxianzai.cn/api/applet/home/index/schoolDetail/bb42e207bb8a2e53858470a27f5ad5da,bb42e207bb8a2e53858470a27f5ad5da,mini_program_api_value_reconciled,secondary_structured,2026-10-09T10:50:02.029403+00:00
南昌大学,politics_subject,101思想政治理论,政治,semantic_equivalent,schoolMajorVO.startSubjects[0],https://admin.jiuxianzai.cn/api/applet/home/index/schoolDetail/bb42e207bb8a2e53858470a27f5ad5da,bb42e207bb8a2e53858470a27f5ad5da,mini_program_api_value_reconciled,secondary_structured,2026-10-09T10:50:02.029403+00:00
南昌大学,english_subject,英语二,英语二,exact_match,schoolMajorVO.startSubjects[1],https://admin.jiuxianzai.cn/api/applet/home/index/schoolDetail/bb42e207bb8a2e53858470a27f5ad5da,bb42e207bb8a2e53858470a27f5ad5da,mini_program_api_value_reconciled,secondary_structured,2026-10-09T10:50:02.029403+00:00
南昌大学,math_subject,数学三,数三,semantic_equivalent,schoolMajorVO.startSubjects[2],https://admin.jiuxianzai.cn/api/applet/home/index/schoolDetail/bb42e207bb8a2e53858470a27f5ad5da,bb42e207bb8a2e53858470a27f5ad5da,mini_program_api_value_reconciled,secondary_structured,2026-10-09T10:50:02.029403+00:00
南昌大学,major_subject,432统计学,432统计学,exact_match,schoolMajorVO.startSubjects[3],https://admin.jiuxianzai.cn/api/applet/home/index/schoolDetail/bb42e207bb8a2e53858470a27f5ad5da,bb42e207bb8a2e53858470a27f5ad5da,mini_program_api_value_reconciled,secondary_structured,2026-10-09T10:50:02.029403+00:00
厦门大学,duration,3年,3年,exact_match,schoolMajorVO.year,https://admin.jiuxianzai.cn/api/applet/home/index/schoolDetail/331a930094fdde14ed239c3719efb92f,331a930094fdde14ed239c3719efb92f,mini_program_api_value_reconciled,secondary_structured,2026-10-09T10:50:02.397265+00:00
厦门大学,politics_subject,101思想政治理论,政治,semantic_equivalent,schoolMajorVO.startSubjects[0],https://admin.jiuxianzai.cn/api/applet/home/index/schoolDetail/331a930094fdde14ed239c3719efb92f,331a930094fdde14ed239c3719efb92f,mini_program_api_value_reconciled,secondary_structured,2026-10-09T10:50:02.397265+00:00
厦门大学,major_subject,432统计学,432统计学,exact_match,schoolMajorVO.startSubjects[3],https://admin.jiuxianzai.cn/api/applet/home/index/schoolDetail/331a930094fdde14ed239c3719efb92f,331a930094fdde14ed239c3719efb92f,mini_program_api_value_reconciled,secondary_structured,2026-10-09T10:50:02.397265+00:00
厦门大学,study_mode,全日制,全日制,exact_match,schoolMajorVO.train,https://admin.jiuxianzai.cn/api/applet/home/index/schoolDetail/dc429a8368db232074a6ecc990d24f28,dc429a8368db232074a6ecc990d24f28,mini_program_api_value_reconciled,secondary_structured,2026-10-09T10:50:02.767865+00:00
厦门大学,duration,3年,3年,exact_match,schoolMajorVO.year,https://admin.jiuxianzai.cn/api/applet/home/index/schoolDetail/dc429a8368db232074a6ecc990d24f28,dc429a8368db232074a6ecc990d24f28,mini_program_api_value_reconciled,secondary_structured,2026-10-09T10:50:02.767865+00:00
厦门大学,politics_subject,101思想政治理论,政治,semantic_equivalent,schoolMajorVO.startSubjects[0],https://admin.jiuxianzai.cn/api/applet/home/index/schoolDetail/dc429a8368db232074a6ecc990d24f28,dc429a8368db232074a6ecc990d24f28,mini_program_api_value_reconciled,secondary_structured,2026-10-09T10:50:02.767865+00:00
厦门大学,major_subject,432统计学,432统计学,exact_match,schoolMajorVO.startSubjects[3],https://admin.jiuxianzai.cn/api/applet/home/index/schoolDetail/dc429a8368db232074a6ecc990d24f28,dc429a8368db232074a6ecc990d24f28,mini_program_api_value_reconciled,secondary_structured,2026-10-09T10:50:02.767865+00:00
吉林大学,unit_2026,数学学院,数学学院,exact_match,schoolMajorVO.college,https://admin.jiuxianzai.cn/api/applet/home/index/schoolDetail/81d3842172005015b9d5a740cc5c7b5a,81d3842172005015b9d5a740cc5c7b5a,mini_program_api_value_reconciled,secondary_structured,2026-10-09T10:50:03.083716+00:00
吉林大学,study_mode,全日制,全日制,exact_match,schoolMajorVO.train,https://admin.jiuxianzai.cn/api/applet/home/index/schoolDetail/81d3842172005015b9d5a740cc5c7b5a,81d3842172005015b9d5a740cc5c7b5a,mini_program_api_value_reconciled,secondary_structured,2026-10-09T10:50:03.083716+00:00
吉林大学,politics_subject,101思想政治理论,政治,semantic_equivalent,schoolMajorVO.startSubjects[0],https://admin.jiuxianzai.cn/api/applet/home/index/schoolDetail/81d3842172005015b9d5a740cc5c7b5a,81d3842172005015b9d5a740cc5c7b5a,mini_program_api_value_reconciled,secondary_structured,2026-10-09T10:50:03.083716+00:00
吉林大学,english_subject,英语一,英语一,exact_match,schoolMajorVO.startSubjects[1],https://admin.jiuxianzai.cn/api/applet/home/index/schoolDetail/81d3842172005015b9d5a740cc5c7b5a,81d3842172005015b9d5a740cc5c7b5a,mini_program_api_value_reconciled,secondary_structured,2026-10-09T10:50:03.083716+00:00
吉林大学,math_subject,数学三,数三,semantic_equivalent,schoolMajorVO.startSubjects[2],https://admin.jiuxianzai.cn/api/applet/home/index/schoolDetail/81d3842172005015b9d5a740cc5c7b5a,81d3842172005015b9d5a740cc5c7b5a,mini_program_api_value_reconciled,secondary_structured,2026-10-09T10:50:03.083716+00:00
吉林大学,major_subject,432统计学,432统计学,exact_match,schoolMajorVO.startSubjects[3],https://admin.jiuxianzai.cn/api/applet/home/index/schoolDetail/81d3842172005015b9d5a740cc5c7b5a,81d3842172005015b9d5a740cc5c7b5a,mini_program_api_value_reconciled,secondary_structured,2026-10-09T10:50:03.083716+00:00
同济大学,unit_2026,数学科学学院,数学科学学院,exact_match,schoolMajorVO.college,https://admin.jiuxianzai.cn/api/applet/home/index/schoolDetail/9d0219b2df1e6de3dabed25b7cbbf267,9d0219b2df1e6de3dabed25b7cbbf267,mini_program_api_value_reconciled,secondary_structured,2026-10-09T10:50:03.400818+00:00
同济大学,study_mode,全日制,全日制,exact_match,schoolMajorVO.train,https://admin.jiuxianzai.cn/api/applet/home/index/schoolDetail/9d0219b2df1e6de3dabed25b7cbbf267,9d0219b2df1e6de3dabed25b7cbbf267,mini_program_api_value_reconciled,secondary_structured,2026-10-09T10:50:03.400818+00:00
同济大学,politics_subject,101思想政治理论,政治,semantic_equivalent,schoolMajorVO.startSubjects[0],https://admin.jiuxianzai.cn/api/applet/home/index/schoolDetail/9d0219b2df1e6de3dabed25b7cbbf267,9d0219b2df1e6de3dabed25b7cbbf267,mini_program_api_value_reconciled,secondary_structured,2026-10-09T10:50:03.400818+00:00
同济大学,english_subject,英语二,英语二,exact_match,schoolMajorVO.startSubjects[1],https://admin.jiuxianzai.cn/api/applet/home/index/schoolDetail/9d0219b2df1e6de3dabed25b7cbbf267,9d0219b2df1e6de3dabed25b7cbbf267,mini_program_api_value_reconciled,secondary_structured,2026-10-09T10:50:03.400818+00:00
同济大学,math_subject,数学三,数三,semantic_equivalent,schoolMajorVO.startSubjects[2],https://admin.jiuxianzai.cn/api/applet/home/index/schoolDetail/9d0219b2df1e6de3dabed25b7cbbf267,9d0219b2df1e6de3dabed25b7cbbf267,mini_program_api_value_reconciled,secondary_structured,2026-10-09T10:50:03.400818+00:00
同济大学,major_subject,432统计学,432统计学,exact_match,schoolMajorVO.startSubjects[3],https://admin.jiuxianzai.cn/api/applet/home/index/schoolDetail/9d0219b2df1e6de3dabed25b7cbbf267,9d0219b2df1e6de3dabed25b7cbbf267,mini_program_api_value_reconciled,secondary_structured,2026-10-09T10:50:03.400818+00:00
哈尔滨工业大学,study_mode,全日制,全日制,exact_match,schoolMajorVO.train,https://admin.jiuxianzai.cn/api/applet/home/index/schoolDetail/ac7907670ef7f7988197585cbbbe5f55,ac7907670ef7f7988197585cbbbe5f55,mini_program_api_value_reconciled,secondary_structured,2026-10-09T10:50:03.789627+00:00
哈尔滨工业大学,politics_subject,101思想政治理论,政治,semantic_equivalent,schoolMajorVO.startSubjects[0],https://admin.jiuxianzai.cn/api/applet/home/index/schoolDetail/ac7907670ef7f7988197585cbbbe5f55,ac7907670ef7f7988197585cbbbe5f55,mini_program_api_value_reconciled,secondary_structured,2026-10-09T10:50:03.789627+00:00
哈尔滨工业大学,english_subject,英语一,英语一,exact_match,schoolMajorVO.startSubjects[1],https://admin.jiuxianzai.cn/api/applet/home/index/schoolDetail/ac7907670ef7f7988197585cbbbe5f55,ac7907670ef7f7988197585cbbbe5f55,mini_program_api_value_reconciled,secondary_structured,2026-10-09T10:50:03.789627+00:00
哈尔滨工业大学,math_subject,数学三,数三,semantic_equivalent,schoolMajorVO.startSubjects[2],https://admin.jiuxianzai.cn/api/applet/home/index/schoolDetail/ac7907670ef7f7988197585cbbbe5f55,ac7907670ef7f7988197585cbbbe5f55,mini_program_api_value_reconciled,secondary_structured,2026-10-09T10:50:03.789627+00:00
哈尔滨工业大学,major_subject,432统计学,432统计学,exact_match,schoolMajorVO.startSubjects[3],https://admin.jiuxianzai.cn/api/applet/home/index/schoolDetail/ac7907670ef7f7988197585cbbbe5f55,ac7907670ef7f7988197585cbbbe5f55,mini_program_api_value_reconciled,secondary_structured,2026-10-09T10:50:03.789627+00:00
哈尔滨工业大学,study_mode,全日制,全日制,exact_match,schoolMajorVO.train,https://admin.jiuxianzai.cn/api/applet/home/index/schoolDetail/2abe7e3630536d13e6c24af313946f55,2abe7e3630536d13e6c24af313946f55,mini_program_api_value_reconciled,secondary_structured,2026-10-09T10:50:04.187151+00:00
哈尔滨工业大学,politics_subject,101思想政治理论,政治,semantic_equivalent,schoolMajorVO.startSubjects[0],https://admin.jiuxianzai.cn/api/applet/home/index/schoolDetail/2abe7e3630536d13e6c24af313946f55,2abe7e3630536d13e6c24af313946f55,mini_program_api_value_reconciled,secondary_structured,2026-10-09T10:50:04.187151+00:00
哈尔滨工业大学,english_subject,英语一,英语一,exact_match,schoolMajorVO.startSubjects[1],https://admin.jiuxianzai.cn/api/applet/home/index/schoolDetail/2abe7e3630536d13e6c24af313946f55,2abe7e3630536d13e6c24af313946f55,mini_program_api_value_reconciled,secondary_structured,2026-10-09T10:50:04.187151+00:00
哈尔滨工业大学,math_subject,数学三,数三,semantic_equivalent,schoolMajorVO.startSubjects[2],https://admin.jiuxianzai.cn/api/applet/home/index/schoolDetail/2abe7e3630536d13e6c24af313946f55,2abe7e3630536d13e6c24af313946f55,mini_program_api_value_reconciled,secondary_structured,2026-10-09T10:50:04.187151+00:00
哈尔滨工业大学,major_subject,432统计学,432统计学,exact_match,schoolMajorVO.startSubjects[3],https://admin.jiuxianzai.cn/api/applet/home/index/schoolDetail/2abe7e3630536d13e6c24af313946f55,2abe7e3630536d13e6c24af313946f55,mini_program_api_value_reconciled,secondary_structured,2026-10-09T10:50:04.187151+00:00
四川大学,study_mode,全日制,全日制,exact_match,schoolMajorVO.train,https://admin.jiuxianzai.cn/api/applet/home/index/schoolDetail/e514582d975cddc4bd28e18724093d46,e514582d975cddc4bd28e18724093d46,mini_program_api_value_reconciled,secondary_structured,2026-10-09T10:50:04.537497+00:00
四川大学,duration,2年,2年,exact_match,schoolMajorVO.year,https://admin.jiuxianzai.cn/api/applet/home/index/schoolDetail/e514582d975cddc4bd28e18724093d46,e514582d975cddc4bd28e18724093d46,mini_program_api_value_reconciled,secondary_structured,2026-10-09T10:50:04.537497+00:00
四川大学,politics_subject,101思想政治理论,政治,semantic_equivalent,schoolMajorVO.startSubjects[0],https://admin.jiuxianzai.cn/api/applet/home/index/schoolDetail/e514582d975cddc4bd28e18724093d46,e514582d975cddc4bd28e18724093d46,mini_program_api_value_reconciled,secondary_structured,2026-10-09T10:50:04.537497+00:00
四川大学,english_subject,英语二,英语二,exact_match,schoolMajorVO.startSubjects[1],https://admin.jiuxianzai.cn/api/applet/home/index/schoolDetail/e514582d975cddc4bd28e18724093d46,e514582d975cddc4bd28e18724093d46,mini_program_api_value_reconciled,secondary_structured,2026-10-09T10:50:04.537497+00:00
四川大学,math_subject,数学三,数三,semantic_equivalent,schoolMajorVO.startSubjects[2],https://admin.jiuxianzai.cn/api/applet/home/index/schoolDetail/e514582d975cddc4bd28e18724093d46,e514582d975cddc4bd28e18724093d46,mini_program_api_value_reconciled,secondary_structured,2026-10-09T10:50:04.537497+00:00
四川大学,major_subject,432统计学,432统计学,exact_match,schoolMajorVO.startSubjects[3],https://admin.jiuxianzai.cn/api/applet/home/index/schoolDetail/e514582d975cddc4bd28e18724093d46,e514582d975cddc4bd28e18724093d46,mini_program_api_value_reconciled,secondary_structured,2026-10-09T10:50:04.537497+00:00
四川大学,study_mode,全日制,全日制,exact_match,schoolMajorVO.train,https://admin.jiuxianzai.cn/api/applet/home/index/schoolDetail/8c6b6c55149992b9a76b94d7ce738ca1,8c6b6c55149992b9a76b94d7ce738ca1,mini_program_api_value_reconciled,secondary_structured,2026-10-09T10:50:04.895830+00:00
四川大学,duration,2年,2年,exact_match,schoolMajorVO.year,https://admin.jiuxianzai.cn/api/applet/home/index/schoolDetail/8c6b6c55149992b9a76b94d7ce738ca1,8c6b6c55149992b9a76b94d7ce738ca1,mini_program_api_value_reconciled,secondary_structured,2026-10-09T10:50:04.895830+00:00
四川大学,politics_subject,101思想政治理论,政治,semantic_equivalent,schoolMajorVO.startSubjects[0],https://admin.jiuxianzai.cn/api/applet/home/index/schoolDetail/8c6b6c55149992b9a76b94d7ce738ca1,8c6b6c55149992b9a76b94d7ce738ca1,mini_program_api_value_reconciled,secondary_structured,2026-10-09T10:50:04.895830+00:00
四川大学,english_subject,英语二,英语二,exact_match,schoolMajorVO.startSubjects[1],https://admin.jiuxianzai.cn/api/applet/home/index/schoolDetail/8c6b6c55149992b9a76b94d7ce738ca1,8c6b6c55149992b9a76b94d7ce738ca1,mini_program_api_value_reconciled,secondary_structured,2026-10-09T10:50:04.895830+00:00
四川大学,math_subject,数学三,数三,semantic_equivalent,schoolMajorVO.startSubjects[2],https://admin.jiuxianzai.cn/api/applet/home/index/schoolDetail/8c6b6c55149992b9a76b94d7ce738ca1,8c6b6c55149992b9a76b94d7ce738ca1,mini_program_api_value_reconciled,secondary_structured,2026-10-09T10:50:04.895830+00:00
四川大学,major_subject,432统计学,432统计学,exact_match,schoolMajorVO.startSubjects[3],https://admin.jiuxianzai.cn/api/applet/home/index/schoolDetail/8c6b6c55149992b9a76b94d7ce738ca1,8c6b6c55149992b9a76b94d7ce738ca1,mini_program_api_value_reconciled,secondary_structured,2026-10-09T10:50:04.895830+00:00
复旦大学,study_mode,全日制,全日制,exact_match,schoolMajorVO.train,https://admin.jiuxianzai.cn/api/applet/home/index/schoolDetail/a3965c86ea7c934487502710e04554ae,a3965c86ea7c934487502710e04554ae,mini_program_api_value_reconciled,secondary_structured,2026-10-09T10:50:05.236091+00:00
复旦大学,duration,2年,2年,exact_match,schoolMajorVO.year,https://admin.jiuxianzai.cn/api/applet/home/index/schoolDetail/a3965c86ea7c934487502710e04554ae,a3965c86ea7c934487502710e04554ae,mini_program_api_value_reconciled,secondary_structured,2026-10-09T10:50:05.236091+00:00
复旦大学,politics_subject,101思想政治理论,政治,semantic_equivalent,schoolMajorVO.startSubjects[0],https://admin.jiuxianzai.cn/api/applet/home/index/schoolDetail/a3965c86ea7c934487502710e04554ae,a3965c86ea7c934487502710e04554ae,mini_program_api_value_reconciled,secondary_structured,2026-10-09T10:50:05.237089+00:00
复旦大学,english_subject,英语二,英语二,exact_match,schoolMajorVO.startSubjects[1],https://admin.jiuxianzai.cn/api/applet/home/index/schoolDetail/a3965c86ea7c934487502710e04554ae,a3965c86ea7c934487502710e04554ae,mini_program_api_value_reconciled,secondary_structured,2026-10-09T10:50:05.237089+00:00
复旦大学,math_subject,数学三,数三,semantic_equivalent,schoolMajorVO.startSubjects[2],https://admin.jiuxianzai.cn/api/applet/home/index/schoolDetail/a3965c86ea7c934487502710e04554ae,a3965c86ea7c934487502710e04554ae,mini_program_api_value_reconciled,secondary_structured,2026-10-09T10:50:05.237089+00:00
复旦大学,major_subject,432统计学,432统计学,exact_match,schoolMajorVO.startSubjects[3],https://admin.jiuxianzai.cn/api/applet/home/index/schoolDetail/a3965c86ea7c934487502710e04554ae,a3965c86ea7c934487502710e04554ae,mini_program_api_value_reconciled,secondary_structured,2026-10-09T10:50:05.237089+00:00
复旦大学,study_mode,全日制,全日制,exact_match,schoolMajorVO.train,https://admin.jiuxianzai.cn/api/applet/home/index/schoolDetail/04666d5b128db218a90e39f747d03dfc,04666d5b128db218a90e39f747d03dfc,mini_program_api_value_reconciled,secondary_structured,2026-10-09T10:50:05.545852+00:00
复旦大学,duration,2年,2年,exact_match,schoolMajorVO.year,https://admin.jiuxianzai.cn/api/applet/home/index/schoolDetail/04666d5b128db218a90e39f747d03dfc,04666d5b128db218a90e39f747d03dfc,mini_program_api_value_reconciled,secondary_structured,2026-10-09T10:50:05.545852+00:00
复旦大学,politics_subject,101思想政治理论,政治,semantic_equivalent,schoolMajorVO.startSubjects[0],https://admin.jiuxianzai.cn/api/applet/home/index/schoolDetail/04666d5b128db218a90e39f747d03dfc,04666d5b128db218a90e39f747d03dfc,mini_program_api_value_reconciled,secondary_structured,2026-10-09T10:50:05.545852+00:00
复旦大学,english_subject,英语二,英语二,exact_match,schoolMajorVO.startSubjects[1],https://admin.jiuxianzai.cn/api/applet/home/index/schoolDetail/04666d5b128db218a90e39f747d03dfc,04666d5b128db218a90e39f747d03dfc,mini_program_api_value_reconciled,secondary_structured,2026-10-09T10:50:05.545852+00:00
复旦大学,math_subject,数学三,数三,semantic_equivalent,schoolMajorVO.startSubjects[2],https://admin.jiuxianzai.cn/api/applet/home/index/schoolDetail/04666d5b128db218a90e39f747d03dfc,04666d5b128db218a90e39f747d03dfc,mini_program_api_value_reconciled,secondary_structured,2026-10-09T10:50:05.545852+00:00
复旦大学,major_subject,432统计学,432统计学,exact_match,schoolMajorVO.startSubjects[3],https://admin.jiuxianzai.cn/api/applet/home/index/schoolDetail/04666d5b128db218a90e39f747d03dfc,04666d5b128db218a90e39f747d03dfc,mini_program_api_value_reconciled,secondary_structured,2026-10-09T10:50:05.545852+00:00
复旦大学,study_mode,全日制,全日制,exact_match,schoolMajorVO.train,https://admin.jiuxianzai.cn/api/applet/home/index/schoolDetail/20775c93b99cf5698397826887fa4815,20775c93b99cf5698397826887fa4815,mini_program_api_value_reconciled,secondary_structured,2026-10-09T10:50:05.883247+00:00
复旦大学,duration,2年,2年,exact_match,schoolMajorVO.year,https://admin.jiuxianzai.cn/api/applet/home/index/schoolDetail/20775c93b99cf5698397826887fa4815,20775c93b99cf5698397826887fa4815,mini_program_api_value_reconciled,secondary_structured,2026-10-09T10:50:05.883247+00:00
复旦大学,politics_subject,101思想政治理论,政治,semantic_equivalent,schoolMajorVO.startSubjects[0],https://admin.jiuxianzai.cn/api/applet/home/index/schoolDetail/20775c93b99cf5698397826887fa4815,20775c93b99cf5698397826887fa4815,mini_program_api_value_reconciled,secondary_structured,2026-10-09T10:50:05.883247+00:00
复旦大学,english_subject,英语二,英语二,exact_match,schoolMajorVO.startSubjects[1],https://admin.jiuxianzai.cn/api/applet/home/index/schoolDetail/20775c93b99cf5698397826887fa4815,20775c93b99cf5698397826887fa4815,mini_program_api_value_reconciled,secondary_structured,2026-10-09T10:50:05.883247+00:00
复旦大学,math_subject,数学三,数三,semantic_equivalent,schoolMajorVO.startSubjects[2],https://admin.jiuxianzai.cn/api/applet/home/index/schoolDetail/20775c93b99cf5698397826887fa4815,20775c93b99cf5698397826887fa4815,mini_program_api_value_reconciled,secondary_structured,2026-10-09T10:50:05.883247+00:00
复旦大学,major_subject,432统计学,432统计学,exact_match,schoolMajorVO.startSubjects[3],https://admin.jiuxianzai.cn/api/applet/home/index/schoolDetail/20775c93b99cf5698397826887fa4815,20775c93b99cf5698397826887fa4815,mini_program_api_value_reconciled,secondary_structured,2026-10-09T10:50:05.883247+00:00
复旦大学,study_mode,全日制,全日制,exact_match,schoolMajorVO.train,https://admin.jiuxianzai.cn/api/applet/home/index/schoolDetail/464adb1fb8a82fa2bb215950f412d827,464adb1fb8a82fa2bb215950f412d827,mini_program_api_value_reconciled,secondary_structured,2026-10-09T10:50:06.219854+00:00
复旦大学,duration,2年,2年,exact_match,schoolMajorVO.year,https://admin.jiuxianzai.cn/api/applet/home/index/schoolDetail/464adb1fb8a82fa2bb215950f412d827,464adb1fb8a82fa2bb215950f412d827,mini_program_api_value_reconciled,secondary_structured,2026-10-09T10:50:06.219854+00:00
复旦大学,politics_subject,101思想政治理论,政治,semantic_equivalent,schoolMajorVO.startSubjects[0],https://admin.jiuxianzai.cn/api/applet/home/index/schoolDetail/464adb1fb8a82fa2bb215950f412d827,464adb1fb8a82fa2bb215950f412d827,mini_program_api_value_reconciled,secondary_structured,2026-10-09T10:50:06.219854+00:00
复旦大学,english_subject,英语二,英语二,exact_match,schoolMajorVO.startSubjects[1],https://admin.jiuxianzai.cn/api/applet/home/index/schoolDetail/464adb1fb8a82fa2bb215950f412d827,464adb1fb8a82fa2bb215950f412d827,mini_program_api_value_reconciled,secondary_structured,2026-10-09T10:50:06.219854+00:00
复旦大学,math_subject,数学三,数三,semantic_equivalent,schoolMajorVO.startSubjects[2],https://admin.jiuxianzai.cn/api/applet/home/index/schoolDetail/464adb1fb8a82fa2bb215950f412d827,464adb1fb8a82fa2bb215950f412d827,mini_program_api_value_reconciled,secondary_structured,2026-10-09T10:50:06.219854+00:00
复旦大学,major_subject,432统计学,432统计学,exact_match,schoolMajorVO.startSubjects[3],https://admin.jiuxianzai.cn/api/applet/home/index/schoolDetail/464adb1fb8a82fa2bb215950f412d827,464adb1fb8a82fa2bb215950f412d827,mini_program_api_value_reconciled,secondary_structured,2026-10-09T10:50:06.219854+00:00
大连理工大学,study_mode,全日制,全日制,exact_match,schoolMajorVO.train,https://admin.jiuxianzai.cn/api/applet/home/index/schoolDetail/6735cd916411ef7217dd98b2b5c1dba3,6735cd916411ef7217dd98b2b5c1dba3,mini_program_api_value_reconciled,secondary_structured,2026-10-09T10:50:06.676115+00:00
大连理工大学,duration,3年,3年,exact_match,schoolMajorVO.year,https://admin.jiuxianzai.cn/api/applet/home/index/schoolDetail/6735cd916411ef7217dd98b2b5c1dba3,6735cd916411ef7217dd98b2b5c1dba3,mini_program_api_value_reconciled,secondary_structured,2026-10-09T10:50:06.676115+00:00
大连理工大学,politics_subject,101思想政治理论,政治,semantic_equivalent,schoolMajorVO.startSubjects[0],https://admin.jiuxianzai.cn/api/applet/home/index/schoolDetail/6735cd916411ef7217dd98b2b5c1dba3,6735cd916411ef7217dd98b2b5c1dba3,mini_program_api_value_reconciled,secondary_structured,2026-10-09T10:50:06.676115+00:00
大连理工大学,english_subject,英语二,英语二,exact_match,schoolMajorVO.startSubjects[1],https://admin.jiuxianzai.cn/api/applet/home/index/schoolDetail/6735cd916411ef7217dd98b2b5c1dba3,6735cd916411ef7217dd98b2b5c1dba3,mini_program_api_value_reconciled,secondary_structured,2026-10-09T10:50:06.676115+00:00
大连理工大学,math_subject,数学三,数三,semantic_equivalent,schoolMajorVO.startSubjects[2],https://admin.jiuxianzai.cn/api/applet/home/index/schoolDetail/6735cd916411ef7217dd98b2b5c1dba3,6735cd916411ef7217dd98b2b5c1dba3,mini_program_api_value_reconciled,secondary_structured,2026-10-09T10:50:06.676115+00:00
大连理工大学,major_subject,432统计学,432统计学,exact_match,schoolMajorVO.startSubjects[3],https://admin.jiuxianzai.cn/api/applet/home/index/schoolDetail/6735cd916411ef7217dd98b2b5c1dba3,6735cd916411ef7217dd98b2b5c1dba3,mini_program_api_value_reconciled,secondary_structured,2026-10-09T10:50:06.676115+00:00
太原理工大学,unit_2026,数学学院,数学学院,exact_match,schoolMajorVO.college,https://admin.jiuxianzai.cn/api/applet/home/index/schoolDetail/3948f82c1aa2c4e3379718fb0f208377,3948f82c1aa2c4e3379718fb0f208377,mini_program_api_value_reconciled,secondary_structured,2026-10-09T10:50:07.063702+00:00
太原理工大学,study_mode,全日制,全日制,exact_match,schoolMajorVO.train,https://admin.jiuxianzai.cn/api/applet/home/index/schoolDetail/3948f82c1aa2c4e3379718fb0f208377,3948f82c1aa2c4e3379718fb0f208377,mini_program_api_value_reconciled,secondary_structured,2026-10-09T10:50:07.063702+00:00
太原理工大学,duration,3年,3年,exact_match,schoolMajorVO.year,https://admin.jiuxianzai.cn/api/applet/home/index/schoolDetail/3948f82c1aa2c4e3379718fb0f208377,3948f82c1aa2c4e3379718fb0f208377,mini_program_api_value_reconciled,secondary_structured,2026-10-09T10:50:07.063702+00:00
太原理工大学,politics_subject,101思想政治理论,政治,semantic_equivalent,schoolMajorVO.startSubjects[0],https://admin.jiuxianzai.cn/api/applet/home/index/schoolDetail/3948f82c1aa2c4e3379718fb0f208377,3948f82c1aa2c4e3379718fb0f208377,mini_program_api_value_reconciled,secondary_structured,2026-10-09T10:50:07.063702+00:00
太原理工大学,english_subject,英语二,英语二,exact_match,schoolMajorVO.startSubjects[1],https://admin.jiuxianzai.cn/api/applet/home/index/schoolDetail/3948f82c1aa2c4e3379718fb0f208377,3948f82c1aa2c4e3379718fb0f208377,mini_program_api_value_reconciled,secondary_structured,2026-10-09T10:50:07.063702+00:00
太原理工大学,math_subject,数学三,数三,semantic_equivalent,schoolMajorVO.startSubjects[2],https://admin.jiuxianzai.cn/api/applet/home/index/schoolDetail/3948f82c1aa2c4e3379718fb0f208377,3948f82c1aa2c4e3379718fb0f208377,mini_program_api_value_reconciled,secondary_structured,2026-10-09T10:50:07.063702+00:00
太原理工大学,major_subject,432统计学,432统计学,exact_match,schoolMajorVO.startSubjects[3],https://admin.jiuxianzai.cn/api/applet/home/index/schoolDetail/3948f82c1aa2c4e3379718fb0f208377,3948f82c1aa2c4e3379718fb0f208377,mini_program_api_value_reconciled,secondary_structured,2026-10-09T10:50:07.063702+00:00
宁夏大学,unit_2026,数学统计学院,数学统计学院,exact_match,schoolMajorVO.college,https://admin.jiuxianzai.cn/api/applet/home/index/schoolDetail/4fbd4b8789c924e2451381c240420e77,4fbd4b8789c924e2451381c240420e77,mini_program_api_value_reconciled,secondary_structured,2026-10-09T10:50:07.371735+00:00
宁夏大学,study_mode,全日制,全日制,exact_match,schoolMajorVO.train,https://admin.jiuxianzai.cn/api/applet/home/index/schoolDetail/4fbd4b8789c924e2451381c240420e77,4fbd4b8789c924e2451381c240420e77,mini_program_api_value_reconciled,secondary_structured,2026-10-09T10:50:07.371735+00:00
宁夏大学,politics_subject,101思想政治理论,政治,semantic_equivalent,schoolMajorVO.startSubjects[0],https://admin.jiuxianzai.cn/api/applet/home/index/schoolDetail/4fbd4b8789c924e2451381c240420e77,4fbd4b8789c924e2451381c240420e77,mini_program_api_value_reconciled,secondary_structured,2026-10-09T10:50:07.371735+00:00
宁夏大学,english_subject,英语二,英语二,exact_match,schoolMajorVO.startSubjects[1],https://admin.jiuxianzai.cn/api/applet/home/index/schoolDetail/4fbd4b8789c924e2451381c240420e77,4fbd4b8789c924e2451381c240420e77,mini_program_api_value_reconciled,secondary_structured,2026-10-09T10:50:07.371735+00:00
宁夏大学,math_subject,数学三,数三,semantic_equivalent,schoolMajorVO.startSubjects[2],https://admin.jiuxianzai.cn/api/applet/home/index/schoolDetail/4fbd4b8789c924e2451381c240420e77,4fbd4b8789c924e2451381c240420e77,mini_program_api_value_reconciled,secondary_structured,2026-10-09T10:50:07.371735+00:00
宁夏大学,major_subject,432统计学,432统计学,exact_match,schoolMajorVO.startSubjects[3],https://admin.jiuxianzai.cn/api/applet/home/index/schoolDetail/4fbd4b8789c924e2451381c240420e77,4fbd4b8789c924e2451381c240420e77,mini_program_api_value_reconciled,secondary_structured,2026-10-09T10:50:07.371735+00:00
安徽大学,unit_2026,大数据与统计学院,大数据与统计学院,exact_match,schoolMajorVO.college,https://admin.jiuxianzai.cn/api/applet/home/index/schoolDetail/d6afc64ca7e548b14b98bd2d9c265bea,d6afc64ca7e548b14b98bd2d9c265bea,mini_program_api_value_reconciled,secondary_structured,2026-10-09T10:50:07.772742+00:00
安徽大学,study_mode,全日制,全日制,exact_match,schoolMajorVO.train,https://admin.jiuxianzai.cn/api/applet/home/index/schoolDetail/d6afc64ca7e548b14b98bd2d9c265bea,d6afc64ca7e548b14b98bd2d9c265bea,mini_program_api_value_reconciled,secondary_structured,2026-10-09T10:50:07.772742+00:00
安徽大学,duration,3年,3年,exact_match,schoolMajorVO.year,https://admin.jiuxianzai.cn/api/applet/home/index/schoolDetail/d6afc64ca7e548b14b98bd2d9c265bea,d6afc64ca7e548b14b98bd2d9c265bea,mini_program_api_value_reconciled,secondary_structured,2026-10-09T10:50:07.772742+00:00
安徽大学,politics_subject,101思想政治理论,政治,semantic_equivalent,schoolMajorVO.startSubjects[0],https://admin.jiuxianzai.cn/api/applet/home/index/schoolDetail/d6afc64ca7e548b14b98bd2d9c265bea,d6afc64ca7e548b14b98bd2d9c265bea,mini_program_api_value_reconciled,secondary_structured,2026-10-09T10:50:07.772742+00:00
安徽大学,english_subject,英语二,英语二,exact_match,schoolMajorVO.startSubjects[1],https://admin.jiuxianzai.cn/api/applet/home/index/schoolDetail/d6afc64ca7e548b14b98bd2d9c265bea,d6afc64ca7e548b14b98bd2d9c265bea,mini_program_api_value_reconciled,secondary_structured,2026-10-09T10:50:07.772742+00:00
安徽大学,math_subject,数学三,数三,semantic_equivalent,schoolMajorVO.startSubjects[2],https://admin.jiuxianzai.cn/api/applet/home/index/schoolDetail/d6afc64ca7e548b14b98bd2d9c265bea,d6afc64ca7e548b14b98bd2d9c265bea,mini_program_api_value_reconciled,secondary_structured,2026-10-09T10:50:07.772742+00:00
安徽大学,major_subject,432统计学,432统计学,exact_match,schoolMajorVO.startSubjects[3],https://admin.jiuxianzai.cn/api/applet/home/index/schoolDetail/d6afc64ca7e548b14b98bd2d9c265bea,d6afc64ca7e548b14b98bd2d9c265bea,mini_program_api_value_reconciled,secondary_structured,2026-10-09T10:50:07.772742+00:00
对外经济贸易大学,unit_2026,统计学院,统计学院,exact_match,schoolMajorVO.college,https://admin.jiuxianzai.cn/api/applet/home/index/schoolDetail/4f4327be5131d059f282fa1dc5bc439d,4f4327be5131d059f282fa1dc5bc439d,mini_program_api_value_reconciled,secondary_structured,2026-10-09T10:50:08.247602+00:00
对外经济贸易大学,study_mode,全日制,全日制,exact_match,schoolMajorVO.train,https://admin.jiuxianzai.cn/api/applet/home/index/schoolDetail/4f4327be5131d059f282fa1dc5bc439d,4f4327be5131d059f282fa1dc5bc439d,mini_program_api_value_reconciled,secondary_structured,2026-10-09T10:50:08.247602+00:00
对外经济贸易大学,duration,2年,2年,exact_match,schoolMajorVO.year,https://admin.jiuxianzai.cn/api/applet/home/index/schoolDetail/4f4327be5131d059f282fa1dc5bc439d,4f4327be5131d059f282fa1dc5bc439d,mini_program_api_value_reconciled,secondary_structured,2026-10-09T10:50:08.247602+00:00
对外经济贸易大学,politics_subject,101思想政治理论,政治,semantic_equivalent,schoolMajorVO.startSubjects[0],https://admin.jiuxianzai.cn/api/applet/home/index/schoolDetail/4f4327be5131d059f282fa1dc5bc439d,4f4327be5131d059f282fa1dc5bc439d,mini_program_api_value_reconciled,secondary_structured,2026-10-09T10:50:08.247602+00:00
对外经济贸易大学,english_subject,英语一,英语一,exact_match,schoolMajorVO.startSubjects[1],https://admin.jiuxianzai.cn/api/applet/home/index/schoolDetail/4f4327be5131d059f282fa1dc5bc439d,4f4327be5131d059f282fa1dc5bc439d,mini_program_api_value_reconciled,secondary_structured,2026-10-09T10:50:08.247602+00:00
对外经济贸易大学,math_subject,数学三,数三,semantic_equivalent,schoolMajorVO.startSubjects[2],https://admin.jiuxianzai.cn/api/applet/home/index/schoolDetail/4f4327be5131d059f282fa1dc5bc439d,4f4327be5131d059f282fa1dc5bc439d,mini_program_api_value_reconciled,secondary_structured,2026-10-09T10:50:08.247602+00:00
对外经济贸易大学,major_subject,432统计学,432统计学,exact_match,schoolMajorVO.startSubjects[3],https://admin.jiuxianzai.cn/api/applet/home/index/schoolDetail/4f4327be5131d059f282fa1dc5bc439d,4f4327be5131d059f282fa1dc5bc439d,mini_program_api_value_reconciled,secondary_structured,2026-10-09T10:50:08.247602+00:00
山东大学,study_mode,全日制,全日制,exact_match,schoolMajorVO.train,https://admin.jiuxianzai.cn/api/applet/home/index/schoolDetail/727607996751a2d9d928e322d0752dec,727607996751a2d9d928e322d0752dec,mini_program_api_value_reconciled,secondary_structured,2026-10-09T10:50:08.595535+00:00
山东大学,politics_subject,101思想政治理论,政治,semantic_equivalent,schoolMajorVO.startSubjects[0],https://admin.jiuxianzai.cn/api/applet/home/index/schoolDetail/727607996751a2d9d928e322d0752dec,727607996751a2d9d928e322d0752dec,mini_program_api_value_reconciled,secondary_structured,2026-10-09T10:50:08.595535+00:00
山东大学,english_subject,英语二,英语二,exact_match,schoolMajorVO.startSubjects[1],https://admin.jiuxianzai.cn/api/applet/home/index/schoolDetail/727607996751a2d9d928e322d0752dec,727607996751a2d9d928e322d0752dec,mini_program_api_value_reconciled,secondary_structured,2026-10-09T10:50:08.595535+00:00
山东大学,major_subject,432统计学,432统计学,exact_match,schoolMajorVO.startSubjects[3],https://admin.jiuxianzai.cn/api/applet/home/index/schoolDetail/727607996751a2d9d928e322d0752dec,727607996751a2d9d928e322d0752dec,mini_program_api_value_reconciled,secondary_structured,2026-10-09T10:50:08.595535+00:00
山东大学,study_mode,全日制,全日制,exact_match,schoolMajorVO.train,https://admin.jiuxianzai.cn/api/applet/home/index/schoolDetail/e8d69b8f2c3ea00a6c831e8267c87cbf,e8d69b8f2c3ea00a6c831e8267c87cbf,mini_program_api_value_reconciled,secondary_structured,2026-10-09T10:50:08.885889+00:00
山东大学,politics_subject,101思想政治理论,政治,semantic_equivalent,schoolMajorVO.startSubjects[0],https://admin.jiuxianzai.cn/api/applet/home/index/schoolDetail/e8d69b8f2c3ea00a6c831e8267c87cbf,e8d69b8f2c3ea00a6c831e8267c87cbf,mini_program_api_value_reconciled,secondary_structured,2026-10-09T10:50:08.886888+00:00
山东大学,english_subject,英语二,英语二,exact_match,schoolMajorVO.startSubjects[1],https://admin.jiuxianzai.cn/api/applet/home/index/schoolDetail/e8d69b8f2c3ea00a6c831e8267c87cbf,e8d69b8f2c3ea00a6c831e8267c87cbf,mini_program_api_value_reconciled,secondary_structured,2026-10-09T10:50:08.886888+00:00
山东大学,major_subject,432统计学,432统计学,exact_match,schoolMajorVO.startSubjects[3],https://admin.jiuxianzai.cn/api/applet/home/index/schoolDetail/e8d69b8f2c3ea00a6c831e8267c87cbf,e8d69b8f2c3ea00a6c831e8267c87cbf,mini_program_api_value_reconciled,secondary_structured,2026-10-09T10:50:08.886888+00:00
山东大学,study_mode,全日制,全日制,exact_match,schoolMajorVO.train,https://admin.jiuxianzai.cn/api/applet/home/index/schoolDetail/31b62e0d95454d48153d7796036ac476,31b62e0d95454d48153d7796036ac476,mini_program_api_value_reconciled,secondary_structured,2026-10-09T10:50:09.261149+00:00
山东大学,politics_subject,101思想政治理论,政治,semantic_equivalent,schoolMajorVO.startSubjects[0],https://admin.jiuxianzai.cn/api/applet/home/index/schoolDetail/31b62e0d95454d48153d7796036ac476,31b62e0d95454d48153d7796036ac476,mini_program_api_value_reconciled,secondary_structured,2026-10-09T10:50:09.261149+00:00
山东大学,english_subject,英语二,英语二,exact_match,schoolMajorVO.startSubjects[1],https://admin.jiuxianzai.cn/api/applet/home/index/schoolDetail/31b62e0d95454d48153d7796036ac476,31b62e0d95454d48153d7796036ac476,mini_program_api_value_reconciled,secondary_structured,2026-10-09T10:50:09.261149+00:00
山东大学,major_subject,432统计学,432统计学,exact_match,schoolMajorVO.startSubjects[3],https://admin.jiuxianzai.cn/api/applet/home/index/schoolDetail/31b62e0d95454d48153d7796036ac476,31b62e0d95454d48153d7796036ac476,mini_program_api_value_reconciled,secondary_structured,2026-10-09T10:50:09.261149+00:00
山东大学,study_mode,全日制,全日制,exact_match,schoolMajorVO.train,https://admin.jiuxianzai.cn/api/applet/home/index/schoolDetail/40fec209b0e48864d536ae90cb4f263e,40fec209b0e48864d536ae90cb4f263e,mini_program_api_value_reconciled,secondary_structured,2026-10-09T10:50:09.643069+00:00
山东大学,politics_subject,101思想政治理论,政治,semantic_equivalent,schoolMajorVO.startSubjects[0],https://admin.jiuxianzai.cn/api/applet/home/index/schoolDetail/40fec209b0e48864d536ae90cb4f263e,40fec209b0e48864d536ae90cb4f263e,mini_program_api_value_reconciled,secondary_structured,2026-10-09T10:50:09.643069+00:00
山东大学,english_subject,英语二,英语二,exact_match,schoolMajorVO.startSubjects[1],https://admin.jiuxianzai.cn/api/applet/home/index/schoolDetail/40fec209b0e48864d536ae90cb4f263e,40fec209b0e48864d536ae90cb4f263e,mini_program_api_value_reconciled,secondary_structured,2026-10-09T10:50:09.643069+00:00
山东大学,major_subject,432统计学,432统计学,exact_match,schoolMajorVO.startSubjects[3],https://admin.jiuxianzai.cn/api/applet/home/index/schoolDetail/40fec209b0e48864d536ae90cb4f263e,40fec209b0e48864d536ae90cb4f263e,mini_program_api_value_reconciled,secondary_structured,2026-10-09T10:50:09.643069+00:00
延边大学,unit_2026,理学院,理学院,exact_match,schoolMajorVO.college,https://admin.jiuxianzai.cn/api/applet/home/index/schoolDetail/153f02b8efd30492688680311b1468e8,153f02b8efd30492688680311b1468e8,mini_program_api_value_reconciled,secondary_structured,2026-10-09T10:50:10.011868+00:00
延边大学,study_mode,全日制,全日制,exact_match,schoolMajorVO.train,https://admin.jiuxianzai.cn/api/applet/home/index/schoolDetail/153f02b8efd30492688680311b1468e8,153f02b8efd30492688680311b1468e8,mini_program_api_value_reconciled,secondary_structured,2026-10-09T10:50:10.012866+00:00
延边大学,politics_subject,101思想政治理论,政治,semantic_equivalent,schoolMajorVO.startSubjects[0],https://admin.jiuxianzai.cn/api/applet/home/index/schoolDetail/153f02b8efd30492688680311b1468e8,153f02b8efd30492688680311b1468e8,mini_program_api_value_reconciled,secondary_structured,2026-10-09T10:50:10.012866+00:00
延边大学,english_subject,英语二,英语二,exact_match,schoolMajorVO.startSubjects[1],https://admin.jiuxianzai.cn/api/applet/home/index/schoolDetail/153f02b8efd30492688680311b1468e8,153f02b8efd30492688680311b1468e8,mini_program_api_value_reconciled,secondary_structured,2026-10-09T10:50:10.012866+00:00
延边大学,math_subject,数学三,数三,semantic_equivalent,schoolMajorVO.startSubjects[2],https://admin.jiuxianzai.cn/api/applet/home/index/schoolDetail/153f02b8efd30492688680311b1468e8,153f02b8efd30492688680311b1468e8,mini_program_api_value_reconciled,secondary_structured,2026-10-09T10:50:10.012866+00:00
延边大学,major_subject,432统计学,432统计学,exact_match,schoolMajorVO.startSubjects[3],https://admin.jiuxianzai.cn/api/applet/home/index/schoolDetail/153f02b8efd30492688680311b1468e8,153f02b8efd30492688680311b1468e8,mini_program_api_value_reconciled,secondary_structured,2026-10-09T10:50:10.012866+00:00
新疆大学,unit_2026,数学与系统科学学院,数学与系统科学学院,exact_match,schoolMajorVO.college,https://admin.jiuxianzai.cn/api/applet/home/index/schoolDetail/b315329ed2a27f19f095c3b25ce12c51,b315329ed2a27f19f095c3b25ce12c51,mini_program_api_value_reconciled,secondary_structured,2026-10-09T10:50:10.441522+00:00
新疆大学,study_mode,全日制,全日制,exact_match,schoolMajorVO.train,https://admin.jiuxianzai.cn/api/applet/home/index/schoolDetail/b315329ed2a27f19f095c3b25ce12c51,b315329ed2a27f19f095c3b25ce12c51,mini_program_api_value_reconciled,secondary_structured,2026-10-09T10:50:10.441522+00:00
新疆大学,duration,3年,3年,exact_match,schoolMajorVO.year,https://admin.jiuxianzai.cn/api/applet/home/index/schoolDetail/b315329ed2a27f19f095c3b25ce12c51,b315329ed2a27f19f095c3b25ce12c51,mini_program_api_value_reconciled,secondary_structured,2026-10-09T10:50:10.441522+00:00
新疆大学,politics_subject,101思想政治理论,政治,semantic_equivalent,schoolMajorVO.startSubjects[0],https://admin.jiuxianzai.cn/api/applet/home/index/schoolDetail/b315329ed2a27f19f095c3b25ce12c51,b315329ed2a27f19f095c3b25ce12c51,mini_program_api_value_reconciled,secondary_structured,2026-10-09T10:50:10.441522+00:00
新疆大学,english_subject,英语二,英语二,exact_match,schoolMajorVO.startSubjects[1],https://admin.jiuxianzai.cn/api/applet/home/index/schoolDetail/b315329ed2a27f19f095c3b25ce12c51,b315329ed2a27f19f095c3b25ce12c51,mini_program_api_value_reconciled,secondary_structured,2026-10-09T10:50:10.441522+00:00
新疆大学,math_subject,数学三,数三,semantic_equivalent,schoolMajorVO.startSubjects[2],https://admin.jiuxianzai.cn/api/applet/home/index/schoolDetail/b315329ed2a27f19f095c3b25ce12c51,b315329ed2a27f19f095c3b25ce12c51,mini_program_api_value_reconciled,secondary_structured,2026-10-09T10:50:10.441522+00:00
新疆大学,major_subject,432统计学,432统计学,exact_match,schoolMajorVO.startSubjects[3],https://admin.jiuxianzai.cn/api/applet/home/index/schoolDetail/b315329ed2a27f19f095c3b25ce12c51,b315329ed2a27f19f095c3b25ce12c51,mini_program_api_value_reconciled,secondary_structured,2026-10-09T10:50:10.441522+00:00
暨南大学,study_mode,全日制,全日制,exact_match,schoolMajorVO.train,https://admin.jiuxianzai.cn/api/applet/home/index/schoolDetail/f72997260b3ef04000cb9ddfb7770a97,f72997260b3ef04000cb9ddfb7770a97,mini_program_api_value_reconciled,secondary_structured,2026-10-09T10:50:10.780661+00:00
暨南大学,duration,2年,2年,exact_match,schoolMajorVO.year,https://admin.jiuxianzai.cn/api/applet/home/index/schoolDetail/f72997260b3ef04000cb9ddfb7770a97,f72997260b3ef04000cb9ddfb7770a97,mini_program_api_value_reconciled,secondary_structured,2026-10-09T10:50:10.780661+00:00
暨南大学,politics_subject,101思想政治理论,政治,semantic_equivalent,schoolMajorVO.startSubjects[0],https://admin.jiuxianzai.cn/api/applet/home/index/schoolDetail/f72997260b3ef04000cb9ddfb7770a97,f72997260b3ef04000cb9ddfb7770a97,mini_program_api_value_reconciled,secondary_structured,2026-10-09T10:50:10.780661+00:00
暨南大学,english_subject,英语二,英语二,exact_match,schoolMajorVO.startSubjects[1],https://admin.jiuxianzai.cn/api/applet/home/index/schoolDetail/f72997260b3ef04000cb9ddfb7770a97,f72997260b3ef04000cb9ddfb7770a97,mini_program_api_value_reconciled,secondary_structured,2026-10-09T10:50:10.780661+00:00
暨南大学,math_subject,数学三,数三,semantic_equivalent,schoolMajorVO.startSubjects[2],https://admin.jiuxianzai.cn/api/applet/home/index/schoolDetail/f72997260b3ef04000cb9ddfb7770a97,f72997260b3ef04000cb9ddfb7770a97,mini_program_api_value_reconciled,secondary_structured,2026-10-09T10:50:10.780661+00:00
暨南大学,major_subject,432统计学,432统计学,exact_match,schoolMajorVO.startSubjects[3],https://admin.jiuxianzai.cn/api/applet/home/index/schoolDetail/f72997260b3ef04000cb9ddfb7770a97,f72997260b3ef04000cb9ddfb7770a97,mini_program_api_value_reconciled,secondary_structured,2026-10-09T10:50:10.780661+00:00
暨南大学,study_mode,全日制,全日制,exact_match,schoolMajorVO.train,https://admin.jiuxianzai.cn/api/applet/home/index/schoolDetail/6b02702b49711b202869e23d1d26ff6e,6b02702b49711b202869e23d1d26ff6e,mini_program_api_value_reconciled,secondary_structured,2026-10-09T10:50:11.191642+00:00
暨南大学,duration,2年,2年,exact_match,schoolMajorVO.year,https://admin.jiuxianzai.cn/api/applet/home/index/schoolDetail/6b02702b49711b202869e23d1d26ff6e,6b02702b49711b202869e23d1d26ff6e,mini_program_api_value_reconciled,secondary_structured,2026-10-09T10:50:11.191642+00:00
暨南大学,politics_subject,101思想政治理论,政治,semantic_equivalent,schoolMajorVO.startSubjects[0],https://admin.jiuxianzai.cn/api/applet/home/index/schoolDetail/6b02702b49711b202869e23d1d26ff6e,6b02702b49711b202869e23d1d26ff6e,mini_program_api_value_reconciled,secondary_structured,2026-10-09T10:50:11.191642+00:00
暨南大学,english_subject,英语二,英语二,exact_match,schoolMajorVO.startSubjects[1],https://admin.jiuxianzai.cn/api/applet/home/index/schoolDetail/6b02702b49711b202869e23d1d26ff6e,6b02702b49711b202869e23d1d26ff6e,mini_program_api_value_reconciled,secondary_structured,2026-10-09T10:50:11.191642+00:00
暨南大学,math_subject,数学三,数三,semantic_equivalent,schoolMajorVO.startSubjects[2],https://admin.jiuxianzai.cn/api/applet/home/index/schoolDetail/6b02702b49711b202869e23d1d26ff6e,6b02702b49711b202869e23d1d26ff6e,mini_program_api_value_reconciled,secondary_structured,2026-10-09T10:50:11.191642+00:00
暨南大学,major_subject,432统计学,432统计学,exact_match,schoolMajorVO.startSubjects[3],https://admin.jiuxianzai.cn/api/applet/home/index/schoolDetail/6b02702b49711b202869e23d1d26ff6e,6b02702b49711b202869e23d1d26ff6e,mini_program_api_value_reconciled,secondary_structured,2026-10-09T10:50:11.191642+00:00
武汉大学,unit_2026,数学与统计学院,数学与统计学院,exact_match,schoolMajorVO.college,https://admin.jiuxianzai.cn/api/applet/home/index/schoolDetail/c7e895b74699dc0627195a1b12f880fd,c7e895b74699dc0627195a1b12f880fd,mini_program_api_value_reconciled,secondary_structured,2026-10-09T10:50:11.600599+00:00
武汉大学,study_mode,全日制,全日制,exact_match,schoolMajorVO.train,https://admin.jiuxianzai.cn/api/applet/home/index/schoolDetail/c7e895b74699dc0627195a1b12f880fd,c7e895b74699dc0627195a1b12f880fd,mini_program_api_value_reconciled,secondary_structured,2026-10-09T10:50:11.600599+00:00
武汉大学,duration,2年,2年,exact_match,schoolMajorVO.year,https://admin.jiuxianzai.cn/api/applet/home/index/schoolDetail/c7e895b74699dc0627195a1b12f880fd,c7e895b74699dc0627195a1b12f880fd,mini_program_api_value_reconciled,secondary_structured,2026-10-09T10:50:11.600599+00:00
武汉大学,politics_subject,101思想政治理论,政治,semantic_equivalent,schoolMajorVO.startSubjects[0],https://admin.jiuxianzai.cn/api/applet/home/index/schoolDetail/c7e895b74699dc0627195a1b12f880fd,c7e895b74699dc0627195a1b12f880fd,mini_program_api_value_reconciled,secondary_structured,2026-10-09T10:50:11.600599+00:00
武汉大学,english_subject,英语二,英语二,exact_match,schoolMajorVO.startSubjects[1],https://admin.jiuxianzai.cn/api/applet/home/index/schoolDetail/c7e895b74699dc0627195a1b12f880fd,c7e895b74699dc0627195a1b12f880fd,mini_program_api_value_reconciled,secondary_structured,2026-10-09T10:50:11.600599+00:00
武汉大学,math_subject,数学三,数三,semantic_equivalent,schoolMajorVO.startSubjects[2],https://admin.jiuxianzai.cn/api/applet/home/index/schoolDetail/c7e895b74699dc0627195a1b12f880fd,c7e895b74699dc0627195a1b12f880fd,mini_program_api_value_reconciled,secondary_structured,2026-10-09T10:50:11.600599+00:00
武汉大学,major_subject,432统计学,432统计学,exact_match,schoolMajorVO.startSubjects[3],https://admin.jiuxianzai.cn/api/applet/home/index/schoolDetail/c7e895b74699dc0627195a1b12f880fd,c7e895b74699dc0627195a1b12f880fd,mini_program_api_value_reconciled,secondary_structured,2026-10-09T10:50:11.600599+00:00
武汉理工大学,unit_2026,数学与统计学院,数学与统计学院,exact_match,schoolMajorVO.college,https://admin.jiuxianzai.cn/api/applet/home/index/schoolDetail/f9cac867d6bbe20bb29d70cb87d0e136,f9cac867d6bbe20bb29d70cb87d0e136,mini_program_api_value_reconciled,secondary_structured,2026-10-09T10:50:12.040010+00:00
武汉理工大学,study_mode,全日制,全日制,exact_match,schoolMajorVO.train,https://admin.jiuxianzai.cn/api/applet/home/index/schoolDetail/f9cac867d6bbe20bb29d70cb87d0e136,f9cac867d6bbe20bb29d70cb87d0e136,mini_program_api_value_reconciled,secondary_structured,2026-10-09T10:50:12.040010+00:00
武汉理工大学,duration,3年,3年,exact_match,schoolMajorVO.year,https://admin.jiuxianzai.cn/api/applet/home/index/schoolDetail/f9cac867d6bbe20bb29d70cb87d0e136,f9cac867d6bbe20bb29d70cb87d0e136,mini_program_api_value_reconciled,secondary_structured,2026-10-09T10:50:12.040010+00:00
武汉理工大学,politics_subject,101思想政治理论,政治,semantic_equivalent,schoolMajorVO.startSubjects[0],https://admin.jiuxianzai.cn/api/applet/home/index/schoolDetail/f9cac867d6bbe20bb29d70cb87d0e136,f9cac867d6bbe20bb29d70cb87d0e136,mini_program_api_value_reconciled,secondary_structured,2026-10-09T10:50:12.040010+00:00
武汉理工大学,english_subject,英语二,英语二,exact_match,schoolMajorVO.startSubjects[1],https://admin.jiuxianzai.cn/api/applet/home/index/schoolDetail/f9cac867d6bbe20bb29d70cb87d0e136,f9cac867d6bbe20bb29d70cb87d0e136,mini_program_api_value_reconciled,secondary_structured,2026-10-09T10:50:12.040010+00:00
武汉理工大学,math_subject,数学三,数三,semantic_equivalent,schoolMajorVO.startSubjects[2],https://admin.jiuxianzai.cn/api/applet/home/index/schoolDetail/f9cac867d6bbe20bb29d70cb87d0e136,f9cac867d6bbe20bb29d70cb87d0e136,mini_program_api_value_reconciled,secondary_structured,2026-10-09T10:50:12.040010+00:00
武汉理工大学,major_subject,432统计学,432统计学,exact_match,schoolMajorVO.startSubjects[3],https://admin.jiuxianzai.cn/api/applet/home/index/schoolDetail/f9cac867d6bbe20bb29d70cb87d0e136,f9cac867d6bbe20bb29d70cb87d0e136,mini_program_api_value_reconciled,secondary_structured,2026-10-09T10:50:12.040010+00:00
武汉理工大学,study_mode,全日制,全日制,exact_match,schoolMajorVO.train,https://admin.jiuxianzai.cn/api/applet/home/index/schoolDetail/34523f809ded9c102849ecd909fd0bf8,34523f809ded9c102849ecd909fd0bf8,mini_program_api_value_reconciled,secondary_structured,2026-10-09T10:50:12.388620+00:00
武汉理工大学,duration,3年,3年,exact_match,schoolMajorVO.year,https://admin.jiuxianzai.cn/api/applet/home/index/schoolDetail/34523f809ded9c102849ecd909fd0bf8,34523f809ded9c102849ecd909fd0bf8,mini_program_api_value_reconciled,secondary_structured,2026-10-09T10:50:12.388620+00:00
武汉理工大学,politics_subject,101思想政治理论,政治,semantic_equivalent,schoolMajorVO.startSubjects[0],https://admin.jiuxianzai.cn/api/applet/home/index/schoolDetail/34523f809ded9c102849ecd909fd0bf8,34523f809ded9c102849ecd909fd0bf8,mini_program_api_value_reconciled,secondary_structured,2026-10-09T10:50:12.388620+00:00
武汉理工大学,english_subject,英语二,英语二,exact_match,schoolMajorVO.startSubjects[1],https://admin.jiuxianzai.cn/api/applet/home/index/schoolDetail/34523f809ded9c102849ecd909fd0bf8,34523f809ded9c102849ecd909fd0bf8,mini_program_api_value_reconciled,secondary_structured,2026-10-09T10:50:12.388620+00:00
武汉理工大学,math_subject,数学三,数三,semantic_equivalent,schoolMajorVO.startSubjects[2],https://admin.jiuxianzai.cn/api/applet/home/index/schoolDetail/34523f809ded9c102849ecd909fd0bf8,34523f809ded9c102849ecd909fd0bf8,mini_program_api_value_reconciled,secondary_structured,2026-10-09T10:50:12.388620+00:00
武汉理工大学,major_subject,432统计学,432统计学,exact_match,schoolMajorVO.startSubjects[3],https://admin.jiuxianzai.cn/api/applet/home/index/schoolDetail/34523f809ded9c102849ecd909fd0bf8,34523f809ded9c102849ecd909fd0bf8,mini_program_api_value_reconciled,secondary_structured,2026-10-09T10:50:12.388620+00:00
河北工业大学,unit_2026,理学院,理学院,exact_match,schoolMajorVO.college,https://admin.jiuxianzai.cn/api/applet/home/index/schoolDetail/c2ff9e028cb9a501c8b32ce810184de5,c2ff9e028cb9a501c8b32ce810184de5,mini_program_api_value_reconciled,secondary_structured,2026-10-09T10:50:12.798830+00:00
河北工业大学,duration,3年,3年,exact_match,schoolMajorVO.year,https://admin.jiuxianzai.cn/api/applet/home/index/schoolDetail/c2ff9e028cb9a501c8b32ce810184de5,c2ff9e028cb9a501c8b32ce810184de5,mini_program_api_value_reconciled,secondary_structured,2026-10-09T10:50:12.798830+00:00
河北工业大学,politics_subject,101思想政治理论,政治,semantic_equivalent,schoolMajorVO.startSubjects[0],https://admin.jiuxianzai.cn/api/applet/home/index/schoolDetail/c2ff9e028cb9a501c8b32ce810184de5,c2ff9e028cb9a501c8b32ce810184de5,mini_program_api_value_reconciled,secondary_structured,2026-10-09T10:50:12.798830+00:00
河北工业大学,english_subject,英语一,英语一,exact_match,schoolMajorVO.startSubjects[1],https://admin.jiuxianzai.cn/api/applet/home/index/schoolDetail/c2ff9e028cb9a501c8b32ce810184de5,c2ff9e028cb9a501c8b32ce810184de5,mini_program_api_value_reconciled,secondary_structured,2026-10-09T10:50:12.798830+00:00
河北工业大学,math_subject,数学三,数三,semantic_equivalent,schoolMajorVO.startSubjects[2],https://admin.jiuxianzai.cn/api/applet/home/index/schoolDetail/c2ff9e028cb9a501c8b32ce810184de5,c2ff9e028cb9a501c8b32ce810184de5,mini_program_api_value_reconciled,secondary_structured,2026-10-09T10:50:12.798830+00:00
河北工业大学,major_subject,432统计学,432统计学,exact_match,schoolMajorVO.startSubjects[3],https://admin.jiuxianzai.cn/api/applet/home/index/schoolDetail/c2ff9e028cb9a501c8b32ce810184de5,c2ff9e028cb9a501c8b32ce810184de5,mini_program_api_value_reconciled,secondary_structured,2026-10-09T10:50:12.798830+00:00
河海大学,study_mode,全日制,全日制,exact_match,schoolMajorVO.train,https://admin.jiuxianzai.cn/api/applet/home/index/schoolDetail/56e3e5a6404fb8ba192e3d891bfdfc35,56e3e5a6404fb8ba192e3d891bfdfc35,mini_program_api_value_reconciled,secondary_structured,2026-10-09T10:50:13.125545+00:00
河海大学,duration,3年,3年,exact_match,schoolMajorVO.year,https://admin.jiuxianzai.cn/api/applet/home/index/schoolDetail/56e3e5a6404fb8ba192e3d891bfdfc35,56e3e5a6404fb8ba192e3d891bfdfc35,mini_program_api_value_reconciled,secondary_structured,2026-10-09T10:50:13.125545+00:00
河海大学,politics_subject,101思想政治理论,政治,semantic_equivalent,schoolMajorVO.startSubjects[0],https://admin.jiuxianzai.cn/api/applet/home/index/schoolDetail/56e3e5a6404fb8ba192e3d891bfdfc35,56e3e5a6404fb8ba192e3d891bfdfc35,mini_program_api_value_reconciled,secondary_structured,2026-10-09T10:50:13.125545+00:00
河海大学,english_subject,英语一,英语一,exact_match,schoolMajorVO.startSubjects[1],https://admin.jiuxianzai.cn/api/applet/home/index/schoolDetail/56e3e5a6404fb8ba192e3d891bfdfc35,56e3e5a6404fb8ba192e3d891bfdfc35,mini_program_api_value_reconciled,secondary_structured,2026-10-09T10:50:13.125545+00:00
河海大学,math_subject,数学三,数三,semantic_equivalent,schoolMajorVO.startSubjects[2],https://admin.jiuxianzai.cn/api/applet/home/index/schoolDetail/56e3e5a6404fb8ba192e3d891bfdfc35,56e3e5a6404fb8ba192e3d891bfdfc35,mini_program_api_value_reconciled,secondary_structured,2026-10-09T10:50:13.125545+00:00
河海大学,major_subject,432统计学,432统计学,exact_match,schoolMajorVO.startSubjects[3],https://admin.jiuxianzai.cn/api/applet/home/index/schoolDetail/56e3e5a6404fb8ba192e3d891bfdfc35,56e3e5a6404fb8ba192e3d891bfdfc35,mini_program_api_value_reconciled,secondary_structured,2026-10-09T10:50:13.125545+00:00
河海大学,study_mode,全日制,全日制,exact_match,schoolMajorVO.train,https://admin.jiuxianzai.cn/api/applet/home/index/schoolDetail/7affba1152da17a8ed22186d16b81af0,7affba1152da17a8ed22186d16b81af0,mini_program_api_value_reconciled,secondary_structured,2026-10-09T10:50:13.555848+00:00
河海大学,duration,3年,3年,exact_match,schoolMajorVO.year,https://admin.jiuxianzai.cn/api/applet/home/index/schoolDetail/7affba1152da17a8ed22186d16b81af0,7affba1152da17a8ed22186d16b81af0,mini_program_api_value_reconciled,secondary_structured,2026-10-09T10:50:13.555848+00:00
河海大学,politics_subject,101思想政治理论,政治,semantic_equivalent,schoolMajorVO.startSubjects[0],https://admin.jiuxianzai.cn/api/applet/home/index/schoolDetail/7affba1152da17a8ed22186d16b81af0,7affba1152da17a8ed22186d16b81af0,mini_program_api_value_reconciled,secondary_structured,2026-10-09T10:50:13.556860+00:00
河海大学,english_subject,英语一,英语一,exact_match,schoolMajorVO.startSubjects[1],https://admin.jiuxianzai.cn/api/applet/home/index/schoolDetail/7affba1152da17a8ed22186d16b81af0,7affba1152da17a8ed22186d16b81af0,mini_program_api_value_reconciled,secondary_structured,2026-10-09T10:50:13.556860+00:00
河海大学,math_subject,数学三,数三,semantic_equivalent,schoolMajorVO.startSubjects[2],https://admin.jiuxianzai.cn/api/applet/home/index/schoolDetail/7affba1152da17a8ed22186d16b81af0,7affba1152da17a8ed22186d16b81af0,mini_program_api_value_reconciled,secondary_structured,2026-10-09T10:50:13.556860+00:00
河海大学,major_subject,432统计学,432统计学,exact_match,schoolMajorVO.startSubjects[3],https://admin.jiuxianzai.cn/api/applet/home/index/schoolDetail/7affba1152da17a8ed22186d16b81af0,7affba1152da17a8ed22186d16b81af0,mini_program_api_value_reconciled,secondary_structured,2026-10-09T10:50:13.556860+00:00
清华大学,duration,2年,2年,exact_match,schoolMajorVO.year,https://admin.jiuxianzai.cn/api/applet/home/index/schoolDetail/727293ed8fd7c3a5f2674f0546b020d3,727293ed8fd7c3a5f2674f0546b020d3,mini_program_api_value_reconciled,secondary_structured,2026-10-09T10:50:13.972374+00:00
清华大学,politics_subject,101思想政治理论,政治,semantic_equivalent,schoolMajorVO.startSubjects[0],https://admin.jiuxianzai.cn/api/applet/home/index/schoolDetail/727293ed8fd7c3a5f2674f0546b020d3,727293ed8fd7c3a5f2674f0546b020d3,mini_program_api_value_reconciled,secondary_structured,2026-10-09T10:50:13.972374+00:00
清华大学,english_subject,英语二,英语二,exact_match,schoolMajorVO.startSubjects[1],https://admin.jiuxianzai.cn/api/applet/home/index/schoolDetail/727293ed8fd7c3a5f2674f0546b020d3,727293ed8fd7c3a5f2674f0546b020d3,mini_program_api_value_reconciled,secondary_structured,2026-10-09T10:50:13.972374+00:00
清华大学,math_subject,数学三,数三,semantic_equivalent,schoolMajorVO.startSubjects[2],https://admin.jiuxianzai.cn/api/applet/home/index/schoolDetail/727293ed8fd7c3a5f2674f0546b020d3,727293ed8fd7c3a5f2674f0546b020d3,mini_program_api_value_reconciled,secondary_structured,2026-10-09T10:50:13.972374+00:00
清华大学,major_subject,432统计学,432统计学,exact_match,schoolMajorVO.startSubjects[3],https://admin.jiuxianzai.cn/api/applet/home/index/schoolDetail/727293ed8fd7c3a5f2674f0546b020d3,727293ed8fd7c3a5f2674f0546b020d3,mini_program_api_value_reconciled,secondary_structured,2026-10-09T10:50:13.972374+00:00
湖南大学,unit_2026,金融与统计学院,金融与统计学院,exact_match,schoolMajorVO.college,https://admin.jiuxianzai.cn/api/applet/home/index/schoolDetail/315b5d1f12b9b6f9aa49d359169ff96c,315b5d1f12b9b6f9aa49d359169ff96c,mini_program_api_value_reconciled,secondary_structured,2026-10-09T10:50:14.344102+00:00
湖南大学,politics_subject,101思想政治理论,政治,semantic_equivalent,schoolMajorVO.startSubjects[0],https://admin.jiuxianzai.cn/api/applet/home/index/schoolDetail/315b5d1f12b9b6f9aa49d359169ff96c,315b5d1f12b9b6f9aa49d359169ff96c,mini_program_api_value_reconciled,secondary_structured,2026-10-09T10:50:14.344102+00:00
湖南大学,english_subject,英语二,英语二,exact_match,schoolMajorVO.startSubjects[1],https://admin.jiuxianzai.cn/api/applet/home/index/schoolDetail/315b5d1f12b9b6f9aa49d359169ff96c,315b5d1f12b9b6f9aa49d359169ff96c,mini_program_api_value_reconciled,secondary_structured,2026-10-09T10:50:14.345119+00:00
湖南大学,major_subject,432统计学,432统计学,exact_match,schoolMajorVO.startSubjects[3],https://admin.jiuxianzai.cn/api/applet/home/index/schoolDetail/315b5d1f12b9b6f9aa49d359169ff96c,315b5d1f12b9b6f9aa49d359169ff96c,mini_program_api_value_reconciled,secondary_structured,2026-10-09T10:50:14.345119+00:00
湖南师范大学,unit_2026,数学与统计学院,数学与统计学院,exact_match,schoolMajorVO.college,https://admin.jiuxianzai.cn/api/applet/home/index/schoolDetail/7a28a25a9c92d0a21e5d4f3cd446765e,7a28a25a9c92d0a21e5d4f3cd446765e,mini_program_api_value_reconciled,secondary_structured,2026-10-09T10:50:14.771802+00:00
湖南师范大学,duration,3年,3年,exact_match,schoolMajorVO.year,https://admin.jiuxianzai.cn/api/applet/home/index/schoolDetail/7a28a25a9c92d0a21e5d4f3cd446765e,7a28a25a9c92d0a21e5d4f3cd446765e,mini_program_api_value_reconciled,secondary_structured,2026-10-09T10:50:14.771802+00:00
湖南师范大学,politics_subject,101思想政治理论,政治,semantic_equivalent,schoolMajorVO.startSubjects[0],https://admin.jiuxianzai.cn/api/applet/home/index/schoolDetail/7a28a25a9c92d0a21e5d4f3cd446765e,7a28a25a9c92d0a21e5d4f3cd446765e,mini_program_api_value_reconciled,secondary_structured,2026-10-09T10:50:14.771802+00:00
湖南师范大学,english_subject,英语二,英语二,exact_match,schoolMajorVO.startSubjects[1],https://admin.jiuxianzai.cn/api/applet/home/index/schoolDetail/7a28a25a9c92d0a21e5d4f3cd446765e,7a28a25a9c92d0a21e5d4f3cd446765e,mini_program_api_value_reconciled,secondary_structured,2026-10-09T10:50:14.771802+00:00
湖南师范大学,math_subject,数学三,数三,semantic_equivalent,schoolMajorVO.startSubjects[2],https://admin.jiuxianzai.cn/api/applet/home/index/schoolDetail/7a28a25a9c92d0a21e5d4f3cd446765e,7a28a25a9c92d0a21e5d4f3cd446765e,mini_program_api_value_reconciled,secondary_structured,2026-10-09T10:50:14.772791+00:00
湖南师范大学,major_subject,432统计学,432统计学,exact_match,schoolMajorVO.startSubjects[3],https://admin.jiuxianzai.cn/api/applet/home/index/schoolDetail/7a28a25a9c92d0a21e5d4f3cd446765e,7a28a25a9c92d0a21e5d4f3cd446765e,mini_program_api_value_reconciled,secondary_structured,2026-10-09T10:50:14.772791+00:00
石河子大学,unit_2026,经济与管理学院,经济与管理学院,exact_match,schoolMajorVO.college,https://admin.jiuxianzai.cn/api/applet/home/index/schoolDetail/e15b657c1ff4c22efadc28fe8c94ac23,e15b657c1ff4c22efadc28fe8c94ac23,mini_program_api_value_reconciled,secondary_structured,2026-10-09T10:50:15.099450+00:00
石河子大学,study_mode,全日制,全日制,exact_match,schoolMajorVO.train,https://admin.jiuxianzai.cn/api/applet/home/index/schoolDetail/e15b657c1ff4c22efadc28fe8c94ac23,e15b657c1ff4c22efadc28fe8c94ac23,mini_program_api_value_reconciled,secondary_structured,2026-10-09T10:50:15.099450+00:00
石河子大学,duration,3年,3年,exact_match,schoolMajorVO.year,https://admin.jiuxianzai.cn/api/applet/home/index/schoolDetail/e15b657c1ff4c22efadc28fe8c94ac23,e15b657c1ff4c22efadc28fe8c94ac23,mini_program_api_value_reconciled,secondary_structured,2026-10-09T10:50:15.099450+00:00
石河子大学,politics_subject,101思想政治理论,政治,semantic_equivalent,schoolMajorVO.startSubjects[0],https://admin.jiuxianzai.cn/api/applet/home/index/schoolDetail/e15b657c1ff4c22efadc28fe8c94ac23,e15b657c1ff4c22efadc28fe8c94ac23,mini_program_api_value_reconciled,secondary_structured,2026-10-09T10:50:15.099450+00:00
石河子大学,english_subject,英语二,英语二,exact_match,schoolMajorVO.startSubjects[1],https://admin.jiuxianzai.cn/api/applet/home/index/schoolDetail/e15b657c1ff4c22efadc28fe8c94ac23,e15b657c1ff4c22efadc28fe8c94ac23,mini_program_api_value_reconciled,secondary_structured,2026-10-09T10:50:15.099450+00:00
石河子大学,major_subject,432统计学,432统计学,exact_match,schoolMajorVO.startSubjects[3],https://admin.jiuxianzai.cn/api/applet/home/index/schoolDetail/e15b657c1ff4c22efadc28fe8c94ac23,e15b657c1ff4c22efadc28fe8c94ac23,mini_program_api_value_reconciled,secondary_structured,2026-10-09T10:50:15.099450+00:00
福州大学,unit_2026,数学与统计学院,数学与统计学院,exact_match,schoolMajorVO.college,https://admin.jiuxianzai.cn/api/applet/home/index/schoolDetail/112f71f0dd993eb4aa1251b4cffcfda5,112f71f0dd993eb4aa1251b4cffcfda5,mini_program_api_value_reconciled,secondary_structured,2026-10-09T10:50:15.519969+00:00
福州大学,study_mode,全日制,全日制,exact_match,schoolMajorVO.train,https://admin.jiuxianzai.cn/api/applet/home/index/schoolDetail/112f71f0dd993eb4aa1251b4cffcfda5,112f71f0dd993eb4aa1251b4cffcfda5,mini_program_api_value_reconciled,secondary_structured,2026-10-09T10:50:15.519969+00:00
福州大学,duration,3年,3年,exact_match,schoolMajorVO.year,https://admin.jiuxianzai.cn/api/applet/home/index/schoolDetail/112f71f0dd993eb4aa1251b4cffcfda5,112f71f0dd993eb4aa1251b4cffcfda5,mini_program_api_value_reconciled,secondary_structured,2026-10-09T10:50:15.519969+00:00
福州大学,politics_subject,101思想政治理论,政治,semantic_equivalent,schoolMajorVO.startSubjects[0],https://admin.jiuxianzai.cn/api/applet/home/index/schoolDetail/112f71f0dd993eb4aa1251b4cffcfda5,112f71f0dd993eb4aa1251b4cffcfda5,mini_program_api_value_reconciled,secondary_structured,2026-10-09T10:50:15.519969+00:00
福州大学,english_subject,英语二,英语二,exact_match,schoolMajorVO.startSubjects[1],https://admin.jiuxianzai.cn/api/applet/home/index/schoolDetail/112f71f0dd993eb4aa1251b4cffcfda5,112f71f0dd993eb4aa1251b4cffcfda5,mini_program_api_value_reconciled,secondary_structured,2026-10-09T10:50:15.519969+00:00
福州大学,math_subject,数学三,数三,semantic_equivalent,schoolMajorVO.startSubjects[2],https://admin.jiuxianzai.cn/api/applet/home/index/schoolDetail/112f71f0dd993eb4aa1251b4cffcfda5,112f71f0dd993eb4aa1251b4cffcfda5,mini_program_api_value_reconciled,secondary_structured,2026-10-09T10:50:15.519969+00:00
福州大学,major_subject,432统计学,432统计学,exact_match,schoolMajorVO.startSubjects[3],https://admin.jiuxianzai.cn/api/applet/home/index/schoolDetail/112f71f0dd993eb4aa1251b4cffcfda5,112f71f0dd993eb4aa1251b4cffcfda5,mini_program_api_value_reconciled,secondary_structured,2026-10-09T10:50:15.519969+00:00
苏州大学,unit_2026,数学科学学院,数学科学学院,exact_match,schoolMajorVO.college,https://admin.jiuxianzai.cn/api/applet/home/index/schoolDetail/da0b27311237c18eee5b89aae943b658,da0b27311237c18eee5b89aae943b658,mini_program_api_value_reconciled,secondary_structured,2026-10-09T10:50:15.913544+00:00
苏州大学,study_mode,全日制,全日制,exact_match,schoolMajorVO.train,https://admin.jiuxianzai.cn/api/applet/home/index/schoolDetail/da0b27311237c18eee5b89aae943b658,da0b27311237c18eee5b89aae943b658,mini_program_api_value_reconciled,secondary_structured,2026-10-09T10:50:15.913544+00:00
苏州大学,duration,2年,2年,exact_match,schoolMajorVO.year,https://admin.jiuxianzai.cn/api/applet/home/index/schoolDetail/da0b27311237c18eee5b89aae943b658,da0b27311237c18eee5b89aae943b658,mini_program_api_value_reconciled,secondary_structured,2026-10-09T10:50:15.913544+00:00
苏州大学,politics_subject,101思想政治理论,政治,semantic_equivalent,schoolMajorVO.startSubjects[0],https://admin.jiuxianzai.cn/api/applet/home/index/schoolDetail/da0b27311237c18eee5b89aae943b658,da0b27311237c18eee5b89aae943b658,mini_program_api_value_reconciled,secondary_structured,2026-10-09T10:50:15.913544+00:00
苏州大学,english_subject,英语二,英语二,exact_match,schoolMajorVO.startSubjects[1],https://admin.jiuxianzai.cn/api/applet/home/index/schoolDetail/da0b27311237c18eee5b89aae943b658,da0b27311237c18eee5b89aae943b658,mini_program_api_value_reconciled,secondary_structured,2026-10-09T10:50:15.913544+00:00
苏州大学,math_subject,数学三,数三,semantic_equivalent,schoolMajorVO.startSubjects[2],https://admin.jiuxianzai.cn/api/applet/home/index/schoolDetail/da0b27311237c18eee5b89aae943b658,da0b27311237c18eee5b89aae943b658,mini_program_api_value_reconciled,secondary_structured,2026-10-09T10:50:15.913544+00:00
苏州大学,major_subject,432统计学,432统计学,exact_match,schoolMajorVO.startSubjects[3],https://admin.jiuxianzai.cn/api/applet/home/index/schoolDetail/da0b27311237c18eee5b89aae943b658,da0b27311237c18eee5b89aae943b658,mini_program_api_value_reconciled,secondary_structured,2026-10-09T10:50:15.913544+00:00
西北大学,unit_2026,数学学院,数学学院,exact_match,schoolMajorVO.college,https://admin.jiuxianzai.cn/api/applet/home/index/schoolDetail/a8a62f7f7ad02bcd50fec1350e962d1a,a8a62f7f7ad02bcd50fec1350e962d1a,mini_program_api_value_reconciled,secondary_structured,2026-10-09T10:50:16.262159+00:00
西北大学,study_mode,全日制,全日制,exact_match,schoolMajorVO.train,https://admin.jiuxianzai.cn/api/applet/home/index/schoolDetail/a8a62f7f7ad02bcd50fec1350e962d1a,a8a62f7f7ad02bcd50fec1350e962d1a,mini_program_api_value_reconciled,secondary_structured,2026-10-09T10:50:16.262159+00:00
西北大学,duration,3年,3年,exact_match,schoolMajorVO.year,https://admin.jiuxianzai.cn/api/applet/home/index/schoolDetail/a8a62f7f7ad02bcd50fec1350e962d1a,a8a62f7f7ad02bcd50fec1350e962d1a,mini_program_api_value_reconciled,secondary_structured,2026-10-09T10:50:16.263162+00:00
西北大学,politics_subject,101思想政治理论,政治,semantic_equivalent,schoolMajorVO.startSubjects[0],https://admin.jiuxianzai.cn/api/applet/home/index/schoolDetail/a8a62f7f7ad02bcd50fec1350e962d1a,a8a62f7f7ad02bcd50fec1350e962d1a,mini_program_api_value_reconciled,secondary_structured,2026-10-09T10:50:16.263162+00:00
西北大学,english_subject,英语一,英语一,exact_match,schoolMajorVO.startSubjects[1],https://admin.jiuxianzai.cn/api/applet/home/index/schoolDetail/a8a62f7f7ad02bcd50fec1350e962d1a,a8a62f7f7ad02bcd50fec1350e962d1a,mini_program_api_value_reconciled,secondary_structured,2026-10-09T10:50:16.263162+00:00
西北大学,math_subject,数学三,数三,semantic_equivalent,schoolMajorVO.startSubjects[2],https://admin.jiuxianzai.cn/api/applet/home/index/schoolDetail/a8a62f7f7ad02bcd50fec1350e962d1a,a8a62f7f7ad02bcd50fec1350e962d1a,mini_program_api_value_reconciled,secondary_structured,2026-10-09T10:50:16.263162+00:00
西北大学,major_subject,432统计学,432统计学,exact_match,schoolMajorVO.startSubjects[3],https://admin.jiuxianzai.cn/api/applet/home/index/schoolDetail/a8a62f7f7ad02bcd50fec1350e962d1a,a8a62f7f7ad02bcd50fec1350e962d1a,mini_program_api_value_reconciled,secondary_structured,2026-10-09T10:50:16.263162+00:00
西北工业大学,unit_2026,数学与统计学院,数学与统计学院,exact_match,schoolMajorVO.college,https://admin.jiuxianzai.cn/api/applet/home/index/schoolDetail/b4bdac7bbcc576c0d8e30f51a1934e02,b4bdac7bbcc576c0d8e30f51a1934e02,mini_program_api_value_reconciled,secondary_structured,2026-10-09T10:50:16.613830+00:00
西北工业大学,study_mode,全日制,全日制,exact_match,schoolMajorVO.train,https://admin.jiuxianzai.cn/api/applet/home/index/schoolDetail/b4bdac7bbcc576c0d8e30f51a1934e02,b4bdac7bbcc576c0d8e30f51a1934e02,mini_program_api_value_reconciled,secondary_structured,2026-10-09T10:50:16.613830+00:00
西北工业大学,duration,3年,3年,exact_match,schoolMajorVO.year,https://admin.jiuxianzai.cn/api/applet/home/index/schoolDetail/b4bdac7bbcc576c0d8e30f51a1934e02,b4bdac7bbcc576c0d8e30f51a1934e02,mini_program_api_value_reconciled,secondary_structured,2026-10-09T10:50:16.613830+00:00
西北工业大学,politics_subject,101思想政治理论,政治,semantic_equivalent,schoolMajorVO.startSubjects[0],https://admin.jiuxianzai.cn/api/applet/home/index/schoolDetail/b4bdac7bbcc576c0d8e30f51a1934e02,b4bdac7bbcc576c0d8e30f51a1934e02,mini_program_api_value_reconciled,secondary_structured,2026-10-09T10:50:16.613830+00:00
西北工业大学,english_subject,英语一,英语一,exact_match,schoolMajorVO.startSubjects[1],https://admin.jiuxianzai.cn/api/applet/home/index/schoolDetail/b4bdac7bbcc576c0d8e30f51a1934e02,b4bdac7bbcc576c0d8e30f51a1934e02,mini_program_api_value_reconciled,secondary_structured,2026-10-09T10:50:16.613830+00:00
西北工业大学,math_subject,数学三,数三,semantic_equivalent,schoolMajorVO.startSubjects[2],https://admin.jiuxianzai.cn/api/applet/home/index/schoolDetail/b4bdac7bbcc576c0d8e30f51a1934e02,b4bdac7bbcc576c0d8e30f51a1934e02,mini_program_api_value_reconciled,secondary_structured,2026-10-09T10:50:16.613830+00:00
西北工业大学,major_subject,432统计学,432统计学,exact_match,schoolMajorVO.startSubjects[3],https://admin.jiuxianzai.cn/api/applet/home/index/schoolDetail/b4bdac7bbcc576c0d8e30f51a1934e02,b4bdac7bbcc576c0d8e30f51a1934e02,mini_program_api_value_reconciled,secondary_structured,2026-10-09T10:50:16.613830+00:00
西南交通大学,unit_2026,数学学院,数学学院,exact_match,schoolMajorVO.college,https://admin.jiuxianzai.cn/api/applet/home/index/schoolDetail/22f40568727b2b630ef5aeac61c8cc86,22f40568727b2b630ef5aeac61c8cc86,mini_program_api_value_reconciled,secondary_structured,2026-10-09T10:50:16.965042+00:00
西南交通大学,study_mode,全日制,全日制,exact_match,schoolMajorVO.train,https://admin.jiuxianzai.cn/api/applet/home/index/schoolDetail/22f40568727b2b630ef5aeac61c8cc86,22f40568727b2b630ef5aeac61c8cc86,mini_program_api_value_reconciled,secondary_structured,2026-10-09T10:50:16.965042+00:00
西南交通大学,politics_subject,101思想政治理论,政治,semantic_equivalent,schoolMajorVO.startSubjects[0],https://admin.jiuxianzai.cn/api/applet/home/index/schoolDetail/22f40568727b2b630ef5aeac61c8cc86,22f40568727b2b630ef5aeac61c8cc86,mini_program_api_value_reconciled,secondary_structured,2026-10-09T10:50:16.965042+00:00
西南交通大学,english_subject,英语二,英语二,exact_match,schoolMajorVO.startSubjects[1],https://admin.jiuxianzai.cn/api/applet/home/index/schoolDetail/22f40568727b2b630ef5aeac61c8cc86,22f40568727b2b630ef5aeac61c8cc86,mini_program_api_value_reconciled,secondary_structured,2026-10-09T10:50:16.965042+00:00
西南交通大学,math_subject,数学三,数三,semantic_equivalent,schoolMajorVO.startSubjects[2],https://admin.jiuxianzai.cn/api/applet/home/index/schoolDetail/22f40568727b2b630ef5aeac61c8cc86,22f40568727b2b630ef5aeac61c8cc86,mini_program_api_value_reconciled,secondary_structured,2026-10-09T10:50:16.965042+00:00
西南交通大学,major_subject,432统计学,432统计学,exact_match,schoolMajorVO.startSubjects[3],https://admin.jiuxianzai.cn/api/applet/home/index/schoolDetail/22f40568727b2b630ef5aeac61c8cc86,22f40568727b2b630ef5aeac61c8cc86,mini_program_api_value_reconciled,secondary_structured,2026-10-09T10:50:16.965042+00:00
西南大学,unit_2026,数学与统计学院,数学与统计学院,exact_match,schoolMajorVO.college,https://admin.jiuxianzai.cn/api/applet/home/index/schoolDetail/2efb3bf61f65f7fd5b43f15d3a532ba6,2efb3bf61f65f7fd5b43f15d3a532ba6,mini_program_api_value_reconciled,secondary_structured,2026-10-09T10:50:17.396789+00:00
西南大学,study_mode,全日制,全日制,exact_match,schoolMajorVO.train,https://admin.jiuxianzai.cn/api/applet/home/index/schoolDetail/2efb3bf61f65f7fd5b43f15d3a532ba6,2efb3bf61f65f7fd5b43f15d3a532ba6,mini_program_api_value_reconciled,secondary_structured,2026-10-09T10:50:17.396789+00:00
西南大学,duration,3年,3年,exact_match,schoolMajorVO.year,https://admin.jiuxianzai.cn/api/applet/home/index/schoolDetail/2efb3bf61f65f7fd5b43f15d3a532ba6,2efb3bf61f65f7fd5b43f15d3a532ba6,mini_program_api_value_reconciled,secondary_structured,2026-10-09T10:50:17.396789+00:00
西南大学,politics_subject,101思想政治理论,政治,semantic_equivalent,schoolMajorVO.startSubjects[0],https://admin.jiuxianzai.cn/api/applet/home/index/schoolDetail/2efb3bf61f65f7fd5b43f15d3a532ba6,2efb3bf61f65f7fd5b43f15d3a532ba6,mini_program_api_value_reconciled,secondary_structured,2026-10-09T10:50:17.396789+00:00
西南大学,english_subject,英语二,英语二,exact_match,schoolMajorVO.startSubjects[1],https://admin.jiuxianzai.cn/api/applet/home/index/schoolDetail/2efb3bf61f65f7fd5b43f15d3a532ba6,2efb3bf61f65f7fd5b43f15d3a532ba6,mini_program_api_value_reconciled,secondary_structured,2026-10-09T10:50:17.396789+00:00
西南大学,math_subject,数学三,数三,semantic_equivalent,schoolMajorVO.startSubjects[2],https://admin.jiuxianzai.cn/api/applet/home/index/schoolDetail/2efb3bf61f65f7fd5b43f15d3a532ba6,2efb3bf61f65f7fd5b43f15d3a532ba6,mini_program_api_value_reconciled,secondary_structured,2026-10-09T10:50:17.396789+00:00
西南大学,major_subject,432统计学,432统计学,exact_match,schoolMajorVO.startSubjects[3],https://admin.jiuxianzai.cn/api/applet/home/index/schoolDetail/2efb3bf61f65f7fd5b43f15d3a532ba6,2efb3bf61f65f7fd5b43f15d3a532ba6,mini_program_api_value_reconciled,secondary_structured,2026-10-09T10:50:17.396789+00:00
西南财经大学,unit_2026,统计与数据科学学院,统计与数据科学学院,exact_match,schoolMajorVO.college,https://admin.jiuxianzai.cn/api/applet/home/index/schoolDetail/691263c169077ceca3f9203b6d406912,691263c169077ceca3f9203b6d406912,mini_program_api_value_reconciled,secondary_structured,2026-10-09T10:50:17.760994+00:00
西南财经大学,study_mode,全日制,全日制,exact_match,schoolMajorVO.train,https://admin.jiuxianzai.cn/api/applet/home/index/schoolDetail/691263c169077ceca3f9203b6d406912,691263c169077ceca3f9203b6d406912,mini_program_api_value_reconciled,secondary_structured,2026-10-09T10:50:17.760994+00:00
西南财经大学,duration,2年,2年,exact_match,schoolMajorVO.year,https://admin.jiuxianzai.cn/api/applet/home/index/schoolDetail/691263c169077ceca3f9203b6d406912,691263c169077ceca3f9203b6d406912,mini_program_api_value_reconciled,secondary_structured,2026-10-09T10:50:17.760994+00:00
西南财经大学,politics_subject,101思想政治理论,政治,semantic_equivalent,schoolMajorVO.startSubjects[0],https://admin.jiuxianzai.cn/api/applet/home/index/schoolDetail/691263c169077ceca3f9203b6d406912,691263c169077ceca3f9203b6d406912,mini_program_api_value_reconciled,secondary_structured,2026-10-09T10:50:17.760994+00:00
西南财经大学,english_subject,英语二,英语二,exact_match,schoolMajorVO.startSubjects[1],https://admin.jiuxianzai.cn/api/applet/home/index/schoolDetail/691263c169077ceca3f9203b6d406912,691263c169077ceca3f9203b6d406912,mini_program_api_value_reconciled,secondary_structured,2026-10-09T10:50:17.760994+00:00
西南财经大学,math_subject,数学三,数三,semantic_equivalent,schoolMajorVO.startSubjects[2],https://admin.jiuxianzai.cn/api/applet/home/index/schoolDetail/691263c169077ceca3f9203b6d406912,691263c169077ceca3f9203b6d406912,mini_program_api_value_reconciled,secondary_structured,2026-10-09T10:50:17.760994+00:00
西南财经大学,major_subject,432统计学,432统计学,exact_match,schoolMajorVO.startSubjects[3],https://admin.jiuxianzai.cn/api/applet/home/index/schoolDetail/691263c169077ceca3f9203b6d406912,691263c169077ceca3f9203b6d406912,mini_program_api_value_reconciled,secondary_structured,2026-10-09T10:50:17.760994+00:00
西安交通大学,study_mode,全日制,全日制,exact_match,schoolMajorVO.train,https://admin.jiuxianzai.cn/api/applet/home/index/schoolDetail/8b7ba3fc84812cac8b0bc8f00fe842aa,8b7ba3fc84812cac8b0bc8f00fe842aa,mini_program_api_value_reconciled,secondary_structured,2026-10-09T10:50:18.088672+00:00
西安交通大学,politics_subject,101思想政治理论,政治,semantic_equivalent,schoolMajorVO.startSubjects[0],https://admin.jiuxianzai.cn/api/applet/home/index/schoolDetail/8b7ba3fc84812cac8b0bc8f00fe842aa,8b7ba3fc84812cac8b0bc8f00fe842aa,mini_program_api_value_reconciled,secondary_structured,2026-10-09T10:50:18.088672+00:00
西安交通大学,english_subject,英语二,英语二,exact_match,schoolMajorVO.startSubjects[1],https://admin.jiuxianzai.cn/api/applet/home/index/schoolDetail/8b7ba3fc84812cac8b0bc8f00fe842aa,8b7ba3fc84812cac8b0bc8f00fe842aa,mini_program_api_value_reconciled,secondary_structured,2026-10-09T10:50:18.088672+00:00
西安交通大学,math_subject,数学三,数三,semantic_equivalent,schoolMajorVO.startSubjects[2],https://admin.jiuxianzai.cn/api/applet/home/index/schoolDetail/8b7ba3fc84812cac8b0bc8f00fe842aa,8b7ba3fc84812cac8b0bc8f00fe842aa,mini_program_api_value_reconciled,secondary_structured,2026-10-09T10:50:18.088672+00:00
西安交通大学,major_subject,432统计学,432统计学,exact_match,schoolMajorVO.startSubjects[3],https://admin.jiuxianzai.cn/api/applet/home/index/schoolDetail/8b7ba3fc84812cac8b0bc8f00fe842aa,8b7ba3fc84812cac8b0bc8f00fe842aa,mini_program_api_value_reconciled,secondary_structured,2026-10-09T10:50:18.088672+00:00
西安交通大学,study_mode,全日制,全日制,exact_match,schoolMajorVO.train,https://admin.jiuxianzai.cn/api/applet/home/index/schoolDetail/78b55c383768fe4a90acc4aaacbf692a,78b55c383768fe4a90acc4aaacbf692a,mini_program_api_value_reconciled,secondary_structured,2026-10-09T10:50:18.370647+00:00
西安交通大学,politics_subject,101思想政治理论,政治,semantic_equivalent,schoolMajorVO.startSubjects[0],https://admin.jiuxianzai.cn/api/applet/home/index/schoolDetail/78b55c383768fe4a90acc4aaacbf692a,78b55c383768fe4a90acc4aaacbf692a,mini_program_api_value_reconciled,secondary_structured,2026-10-09T10:50:18.370647+00:00
西安交通大学,english_subject,英语二,英语二,exact_match,schoolMajorVO.startSubjects[1],https://admin.jiuxianzai.cn/api/applet/home/index/schoolDetail/78b55c383768fe4a90acc4aaacbf692a,78b55c383768fe4a90acc4aaacbf692a,mini_program_api_value_reconciled,secondary_structured,2026-10-09T10:50:18.371164+00:00
西安交通大学,math_subject,数学三,数三,semantic_equivalent,schoolMajorVO.startSubjects[2],https://admin.jiuxianzai.cn/api/applet/home/index/schoolDetail/78b55c383768fe4a90acc4aaacbf692a,78b55c383768fe4a90acc4aaacbf692a,mini_program_api_value_reconciled,secondary_structured,2026-10-09T10:50:18.371164+00:00
西安交通大学,major_subject,432统计学,432统计学,exact_match,schoolMajorVO.startSubjects[3],https://admin.jiuxianzai.cn/api/applet/home/index/schoolDetail/78b55c383768fe4a90acc4aaacbf692a,78b55c383768fe4a90acc4aaacbf692a,mini_program_api_value_reconciled,secondary_structured,2026-10-09T10:50:18.371164+00:00
西安电子科技大学,unit_2026,数学与统计学院,数学与统计学院,exact_match,schoolMajorVO.college,https://admin.jiuxianzai.cn/api/applet/home/index/schoolDetail/edd0951fcbacf51a7ff0beb53e1d7bb6,edd0951fcbacf51a7ff0beb53e1d7bb6,mini_program_api_value_reconciled,secondary_structured,2026-10-09T10:50:18.759108+00:00
西安电子科技大学,study_mode,全日制,全日制,exact_match,schoolMajorVO.train,https://admin.jiuxianzai.cn/api/applet/home/index/schoolDetail/edd0951fcbacf51a7ff0beb53e1d7bb6,edd0951fcbacf51a7ff0beb53e1d7bb6,mini_program_api_value_reconciled,secondary_structured,2026-10-09T10:50:18.759108+00:00
西安电子科技大学,duration,3年,3年,exact_match,schoolMajorVO.year,https://admin.jiuxianzai.cn/api/applet/home/index/schoolDetail/edd0951fcbacf51a7ff0beb53e1d7bb6,edd0951fcbacf51a7ff0beb53e1d7bb6,mini_program_api_value_reconciled,secondary_structured,2026-10-09T10:50:18.759108+00:00
西安电子科技大学,politics_subject,101思想政治理论,政治,semantic_equivalent,schoolMajorVO.startSubjects[0],https://admin.jiuxianzai.cn/api/applet/home/index/schoolDetail/edd0951fcbacf51a7ff0beb53e1d7bb6,edd0951fcbacf51a7ff0beb53e1d7bb6,mini_program_api_value_reconciled,secondary_structured,2026-10-09T10:50:18.759108+00:00
西安电子科技大学,english_subject,英语一,英语一,exact_match,schoolMajorVO.startSubjects[1],https://admin.jiuxianzai.cn/api/applet/home/index/schoolDetail/edd0951fcbacf51a7ff0beb53e1d7bb6,edd0951fcbacf51a7ff0beb53e1d7bb6,mini_program_api_value_reconciled,secondary_structured,2026-10-09T10:50:18.759108+00:00
西安电子科技大学,math_subject,数学三,数三,semantic_equivalent,schoolMajorVO.startSubjects[2],https://admin.jiuxianzai.cn/api/applet/home/index/schoolDetail/edd0951fcbacf51a7ff0beb53e1d7bb6,edd0951fcbacf51a7ff0beb53e1d7bb6,mini_program_api_value_reconciled,secondary_structured,2026-10-09T10:50:18.759108+00:00
西安电子科技大学,major_subject,432统计学,432统计学,exact_match,schoolMajorVO.startSubjects[3],https://admin.jiuxianzai.cn/api/applet/home/index/schoolDetail/edd0951fcbacf51a7ff0beb53e1d7bb6,edd0951fcbacf51a7ff0beb53e1d7bb6,mini_program_api_value_reconciled,secondary_structured,2026-10-09T10:50:18.759108+00:00
贵州大学,unit_2026,数学与统计学院,数学与统计学院,exact_match,schoolMajorVO.college,https://admin.jiuxianzai.cn/api/applet/home/index/schoolDetail/3bfd37b14412a43b3e531fe8705c8fa8,3bfd37b14412a43b3e531fe8705c8fa8,mini_program_api_value_reconciled,secondary_structured,2026-10-09T10:50:19.148962+00:00
贵州大学,study_mode,全日制,全日制,exact_match,schoolMajorVO.train,https://admin.jiuxianzai.cn/api/applet/home/index/schoolDetail/3bfd37b14412a43b3e531fe8705c8fa8,3bfd37b14412a43b3e531fe8705c8fa8,mini_program_api_value_reconciled,secondary_structured,2026-10-09T10:50:19.148962+00:00
贵州大学,duration,3年,3年,exact_match,schoolMajorVO.year,https://admin.jiuxianzai.cn/api/applet/home/index/schoolDetail/3bfd37b14412a43b3e531fe8705c8fa8,3bfd37b14412a43b3e531fe8705c8fa8,mini_program_api_value_reconciled,secondary_structured,2026-10-09T10:50:19.148962+00:00
贵州大学,politics_subject,101思想政治理论,政治,semantic_equivalent,schoolMajorVO.startSubjects[0],https://admin.jiuxianzai.cn/api/applet/home/index/schoolDetail/3bfd37b14412a43b3e531fe8705c8fa8,3bfd37b14412a43b3e531fe8705c8fa8,mini_program_api_value_reconciled,secondary_structured,2026-10-09T10:50:19.148962+00:00
贵州大学,english_subject,英语二,英语二,exact_match,schoolMajorVO.startSubjects[1],https://admin.jiuxianzai.cn/api/applet/home/index/schoolDetail/3bfd37b14412a43b3e531fe8705c8fa8,3bfd37b14412a43b3e531fe8705c8fa8,mini_program_api_value_reconciled,secondary_structured,2026-10-09T10:50:19.148962+00:00
贵州大学,math_subject,数学三,数三,semantic_equivalent,schoolMajorVO.startSubjects[2],https://admin.jiuxianzai.cn/api/applet/home/index/schoolDetail/3bfd37b14412a43b3e531fe8705c8fa8,3bfd37b14412a43b3e531fe8705c8fa8,mini_program_api_value_reconciled,secondary_structured,2026-10-09T10:50:19.148962+00:00
贵州大学,major_subject,432统计学,432统计学,exact_match,schoolMajorVO.startSubjects[3],https://admin.jiuxianzai.cn/api/applet/home/index/schoolDetail/3bfd37b14412a43b3e531fe8705c8fa8,3bfd37b14412a43b3e531fe8705c8fa8,mini_program_api_value_reconciled,secondary_structured,2026-10-09T10:50:19.148962+00:00
辽宁大学,study_mode,全日制,全日制,exact_match,schoolMajorVO.train,https://admin.jiuxianzai.cn/api/applet/home/index/schoolDetail/641847d4de044596a1580f1b2ed79c5c,641847d4de044596a1580f1b2ed79c5c,mini_program_api_value_reconciled,secondary_structured,2026-10-09T10:50:19.543862+00:00
辽宁大学,duration,2年,2年,exact_match,schoolMajorVO.year,https://admin.jiuxianzai.cn/api/applet/home/index/schoolDetail/641847d4de044596a1580f1b2ed79c5c,641847d4de044596a1580f1b2ed79c5c,mini_program_api_value_reconciled,secondary_structured,2026-10-09T10:50:19.543862+00:00
辽宁大学,politics_subject,101思想政治理论,政治,semantic_equivalent,schoolMajorVO.startSubjects[0],https://admin.jiuxianzai.cn/api/applet/home/index/schoolDetail/641847d4de044596a1580f1b2ed79c5c,641847d4de044596a1580f1b2ed79c5c,mini_program_api_value_reconciled,secondary_structured,2026-10-09T10:50:19.543862+00:00
辽宁大学,english_subject,英语二,英语二,exact_match,schoolMajorVO.startSubjects[1],https://admin.jiuxianzai.cn/api/applet/home/index/schoolDetail/641847d4de044596a1580f1b2ed79c5c,641847d4de044596a1580f1b2ed79c5c,mini_program_api_value_reconciled,secondary_structured,2026-10-09T10:50:19.543862+00:00
辽宁大学,math_subject,数学三,数三,semantic_equivalent,schoolMajorVO.startSubjects[2],https://admin.jiuxianzai.cn/api/applet/home/index/schoolDetail/641847d4de044596a1580f1b2ed79c5c,641847d4de044596a1580f1b2ed79c5c,mini_program_api_value_reconciled,secondary_structured,2026-10-09T10:50:19.543862+00:00
辽宁大学,major_subject,432统计学,432统计学,exact_match,schoolMajorVO.startSubjects[3],https://admin.jiuxianzai.cn/api/applet/home/index/schoolDetail/641847d4de044596a1580f1b2ed79c5c,641847d4de044596a1580f1b2ed79c5c,mini_program_api_value_reconciled,secondary_structured,2026-10-09T10:50:19.543862+00:00
辽宁大学,study_mode,全日制,全日制,exact_match,schoolMajorVO.train,https://admin.jiuxianzai.cn/api/applet/home/index/schoolDetail/3d84697bbf795da24d79d3c8158d9b6d,3d84697bbf795da24d79d3c8158d9b6d,mini_program_api_value_reconciled,secondary_structured,2026-10-09T10:50:19.882670+00:00
辽宁大学,duration,2年,2年,exact_match,schoolMajorVO.year,https://admin.jiuxianzai.cn/api/applet/home/index/schoolDetail/3d84697bbf795da24d79d3c8158d9b6d,3d84697bbf795da24d79d3c8158d9b6d,mini_program_api_value_reconciled,secondary_structured,2026-10-09T10:50:19.882670+00:00
辽宁大学,politics_subject,101思想政治理论,政治,semantic_equivalent,schoolMajorVO.startSubjects[0],https://admin.jiuxianzai.cn/api/applet/home/index/schoolDetail/3d84697bbf795da24d79d3c8158d9b6d,3d84697bbf795da24d79d3c8158d9b6d,mini_program_api_value_reconciled,secondary_structured,2026-10-09T10:50:19.882670+00:00
辽宁大学,english_subject,英语二,英语二,exact_match,schoolMajorVO.startSubjects[1],https://admin.jiuxianzai.cn/api/applet/home/index/schoolDetail/3d84697bbf795da24d79d3c8158d9b6d,3d84697bbf795da24d79d3c8158d9b6d,mini_program_api_value_reconciled,secondary_structured,2026-10-09T10:50:19.882670+00:00
辽宁大学,math_subject,数学三,数三,semantic_equivalent,schoolMajorVO.startSubjects[2],https://admin.jiuxianzai.cn/api/applet/home/index/schoolDetail/3d84697bbf795da24d79d3c8158d9b6d,3d84697bbf795da24d79d3c8158d9b6d,mini_program_api_value_reconciled,secondary_structured,2026-10-09T10:50:19.882670+00:00
辽宁大学,major_subject,432统计学,432统计学,exact_match,schoolMajorVO.startSubjects[3],https://admin.jiuxianzai.cn/api/applet/home/index/schoolDetail/3d84697bbf795da24d79d3c8158d9b6d,3d84697bbf795da24d79d3c8158d9b6d,mini_program_api_value_reconciled,secondary_structured,2026-10-09T10:50:19.882670+00:00
郑州大学,unit_2026,数学与统计学院,数学与统计学院,exact_match,schoolMajorVO.college,https://admin.jiuxianzai.cn/api/applet/home/index/schoolDetail/e6184904e58ab302502ce1d2b0cf01dc,e6184904e58ab302502ce1d2b0cf01dc,mini_program_api_value_reconciled,secondary_structured,2026-10-09T10:50:20.335621+00:00
郑州大学,study_mode,全日制,全日制,exact_match,schoolMajorVO.train,https://admin.jiuxianzai.cn/api/applet/home/index/schoolDetail/e6184904e58ab302502ce1d2b0cf01dc,e6184904e58ab302502ce1d2b0cf01dc,mini_program_api_value_reconciled,secondary_structured,2026-10-09T10:50:20.335621+00:00
郑州大学,politics_subject,101思想政治理论,政治,semantic_equivalent,schoolMajorVO.startSubjects[0],https://admin.jiuxianzai.cn/api/applet/home/index/schoolDetail/e6184904e58ab302502ce1d2b0cf01dc,e6184904e58ab302502ce1d2b0cf01dc,mini_program_api_value_reconciled,secondary_structured,2026-10-09T10:50:20.335621+00:00
郑州大学,english_subject,英语二,英语二,exact_match,schoolMajorVO.startSubjects[1],https://admin.jiuxianzai.cn/api/applet/home/index/schoolDetail/e6184904e58ab302502ce1d2b0cf01dc,e6184904e58ab302502ce1d2b0cf01dc,mini_program_api_value_reconciled,secondary_structured,2026-10-09T10:50:20.335621+00:00
郑州大学,math_subject,数学三,数三,semantic_equivalent,schoolMajorVO.startSubjects[2],https://admin.jiuxianzai.cn/api/applet/home/index/schoolDetail/e6184904e58ab302502ce1d2b0cf01dc,e6184904e58ab302502ce1d2b0cf01dc,mini_program_api_value_reconciled,secondary_structured,2026-10-09T10:50:20.335621+00:00
郑州大学,major_subject,432统计学,432统计学,exact_match,schoolMajorVO.startSubjects[3],https://admin.jiuxianzai.cn/api/applet/home/index/schoolDetail/e6184904e58ab302502ce1d2b0cf01dc,e6184904e58ab302502ce1d2b0cf01dc,mini_program_api_value_reconciled,secondary_structured,2026-10-09T10:50:20.335621+00:00
重庆大学,unit_2026,数学与统计学院,数学与统计学院,exact_match,schoolMajorVO.college,https://admin.jiuxianzai.cn/api/applet/home/index/schoolDetail/b0ae736153035d286890da2d0a95b244,b0ae736153035d286890da2d0a95b244,mini_program_api_value_reconciled,secondary_structured,2026-10-09T10:50:20.761968+00:00
重庆大学,study_mode,全日制,全日制,exact_match,schoolMajorVO.train,https://admin.jiuxianzai.cn/api/applet/home/index/schoolDetail/b0ae736153035d286890da2d0a95b244,b0ae736153035d286890da2d0a95b244,mini_program_api_value_reconciled,secondary_structured,2026-10-09T10:50:20.762974+00:00
重庆大学,duration,2年,2年,exact_match,schoolMajorVO.year,https://admin.jiuxianzai.cn/api/applet/home/index/schoolDetail/b0ae736153035d286890da2d0a95b244,b0ae736153035d286890da2d0a95b244,mini_program_api_value_reconciled,secondary_structured,2026-10-09T10:50:20.762974+00:00
重庆大学,politics_subject,101思想政治理论,政治,semantic_equivalent,schoolMajorVO.startSubjects[0],https://admin.jiuxianzai.cn/api/applet/home/index/schoolDetail/b0ae736153035d286890da2d0a95b244,b0ae736153035d286890da2d0a95b244,mini_program_api_value_reconciled,secondary_structured,2026-10-09T10:50:20.762974+00:00
重庆大学,english_subject,英语二,英语二,exact_match,schoolMajorVO.startSubjects[1],https://admin.jiuxianzai.cn/api/applet/home/index/schoolDetail/b0ae736153035d286890da2d0a95b244,b0ae736153035d286890da2d0a95b244,mini_program_api_value_reconciled,secondary_structured,2026-10-09T10:50:20.762974+00:00
重庆大学,math_subject,数学三,数三,semantic_equivalent,schoolMajorVO.startSubjects[2],https://admin.jiuxianzai.cn/api/applet/home/index/schoolDetail/b0ae736153035d286890da2d0a95b244,b0ae736153035d286890da2d0a95b244,mini_program_api_value_reconciled,secondary_structured,2026-10-09T10:50:20.762974+00:00
重庆大学,major_subject,432统计学,432统计学,exact_match,schoolMajorVO.startSubjects[3],https://admin.jiuxianzai.cn/api/applet/home/index/schoolDetail/b0ae736153035d286890da2d0a95b244,b0ae736153035d286890da2d0a95b244,mini_program_api_value_reconciled,secondary_structured,2026-10-09T10:50:20.762974+00:00
陕西师范大学,unit_2026,数学与统计学院,数学与统计学院,exact_match,schoolMajorVO.college,https://admin.jiuxianzai.cn/api/applet/home/index/schoolDetail/3f35a6bf161df2c1957177f9d19cc26a,3f35a6bf161df2c1957177f9d19cc26a,mini_program_api_value_reconciled,secondary_structured,2026-10-09T10:50:21.192922+00:00
陕西师范大学,study_mode,全日制,全日制,exact_match,schoolMajorVO.train,https://admin.jiuxianzai.cn/api/applet/home/index/schoolDetail/3f35a6bf161df2c1957177f9d19cc26a,3f35a6bf161df2c1957177f9d19cc26a,mini_program_api_value_reconciled,secondary_structured,2026-10-09T10:50:21.192922+00:00
陕西师范大学,duration,3年,3年,exact_match,schoolMajorVO.year,https://admin.jiuxianzai.cn/api/applet/home/index/schoolDetail/3f35a6bf161df2c1957177f9d19cc26a,3f35a6bf161df2c1957177f9d19cc26a,mini_program_api_value_reconciled,secondary_structured,2026-10-09T10:50:21.192922+00:00
陕西师范大学,politics_subject,101思想政治理论,政治,semantic_equivalent,schoolMajorVO.startSubjects[0],https://admin.jiuxianzai.cn/api/applet/home/index/schoolDetail/3f35a6bf161df2c1957177f9d19cc26a,3f35a6bf161df2c1957177f9d19cc26a,mini_program_api_value_reconciled,secondary_structured,2026-10-09T10:50:21.192922+00:00
陕西师范大学,english_subject,英语二,英语二,exact_match,schoolMajorVO.startSubjects[1],https://admin.jiuxianzai.cn/api/applet/home/index/schoolDetail/3f35a6bf161df2c1957177f9d19cc26a,3f35a6bf161df2c1957177f9d19cc26a,mini_program_api_value_reconciled,secondary_structured,2026-10-09T10:50:21.192922+00:00
陕西师范大学,math_subject,数学三,数三,semantic_equivalent,schoolMajorVO.startSubjects[2],https://admin.jiuxianzai.cn/api/applet/home/index/schoolDetail/3f35a6bf161df2c1957177f9d19cc26a,3f35a6bf161df2c1957177f9d19cc26a,mini_program_api_value_reconciled,secondary_structured,2026-10-09T10:50:21.192922+00:00
陕西师范大学,major_subject,432统计学,432统计学,exact_match,schoolMajorVO.startSubjects[3],https://admin.jiuxianzai.cn/api/applet/home/index/schoolDetail/3f35a6bf161df2c1957177f9d19cc26a,3f35a6bf161df2c1957177f9d19cc26a,mini_program_api_value_reconciled,secondary_structured,2026-10-09T10:50:21.192922+00:00
