学校,record_id,field_group,field_name,field_value,source_url,source_id,source_index_in_cell,source_count_in_cell,source_domain,source_type,artifact_role,authority_grade,authority_rank,linkage_precision,public_url_status,source_text,workbook_sha256,source_sheet,value_cell,source_cell,source_row
南京大学,南京大学,exam_syllabus,政治,101思想政治理论,,,,0,,missing_public_url,exam_syllabus_web_page,unresolved,9,cell_scope,missing,,7104049cab26bbfe9db59035e71aa0d9e4430873cacc7b319742a370a6244865,院校总表,K3,BV3,3
南京大学,南京大学,exam_syllabus,英语,英语二,,,,0,,missing_public_url,exam_syllabus_web_page,unresolved,9,cell_scope,missing,,7104049cab26bbfe9db59035e71aa0d9e4430873cacc7b319742a370a6244865,院校总表,L3,BV3,3
南京大学,南京大学,exam_syllabus,数学/经综,数学三,,,,0,,missing_public_url,exam_syllabus_web_page,unresolved,9,cell_scope,missing,,7104049cab26bbfe9db59035e71aa0d9e4430873cacc7b319742a370a6244865,院校总表,M3,BV3,3
南京大学,南京大学,exam_syllabus,专业课,432统计学,,,,0,,missing_public_url,exam_syllabus_web_page,unresolved,9,cell_scope,missing,,7104049cab26bbfe9db59035e71aa0d9e4430873cacc7b319742a370a6244865,院校总表,N3,BV3,3
南京大学,南京大学,exam_syllabus,官方范围说明,432统计学；目录未列指定书目,,,,0,,missing_public_url,exam_syllabus_web_page,unresolved,9,cell_scope,missing,,7104049cab26bbfe9db59035e71aa0d9e4430873cacc7b319742a370a6244865,院校总表,O3,BV3,3
南京大学,南京大学,exam_syllabus,官方指定教材,《应用数理统计》（孙荣恒，第3版）；《应用多元统计分析》（高惠璇）；《概率论基础》（李贤平，第3版）；《时间序列分析及应用（R语言）》（Cryer/Chan，第2版）,,,,0,,missing_public_url,exam_syllabus_web_page,unresolved,9,cell_scope,missing,,7104049cab26bbfe9db59035e71aa0d9e4430873cacc7b319742a370a6244865,院校总表,P3,BV3,3
南京大学,南京大学,exam_syllabus,官方教材状态,2025官方参考书；2026目录未见新版，须考前复核,,,,0,,missing_public_url,exam_syllabus_web_page,unresolved,9,cell_scope,missing,,7104049cab26bbfe9db59035e71aa0d9e4430873cacc7b319742a370a6244865,院校总表,Q3,BV3,3
南京大学,南京大学,exam_syllabus,真题证据等级,无可读卷证据,,,,0,,missing_public_url,exam_syllabus_web_page,unresolved,9,cell_scope,missing,,7104049cab26bbfe9db59035e71aa0d9e4430873cacc7b319742a370a6244865,院校总表,BT3,BV3,3
南京大学,南京大学,exam_syllabus,最新官方大纲题型,未核到最新官方题型说明,,,,0,,missing_public_url,exam_syllabus_web_page,unresolved,9,cell_scope,missing,,7104049cab26bbfe9db59035e71aa0d9e4430873cacc7b319742a370a6244865,院校总表,BU3,BV3,3
华东师范大学,华东师范大学,exam_syllabus,政治,101思想政治理论,,,,0,,missing_public_url,exam_syllabus_web_page,unresolved,9,cell_scope,missing,,7104049cab26bbfe9db59035e71aa0d9e4430873cacc7b319742a370a6244865,院校总表,K4,BV4,4
华东师范大学,华东师范大学,exam_syllabus,英语,英语二,,,,0,,missing_public_url,exam_syllabus_web_page,unresolved,9,cell_scope,missing,,7104049cab26bbfe9db59035e71aa0d9e4430873cacc7b319742a370a6244865,院校总表,L4,BV4,4
华东师范大学,华东师范大学,exam_syllabus,数学/经综,数学三,,,,0,,missing_public_url,exam_syllabus_web_page,unresolved,9,cell_scope,missing,,7104049cab26bbfe9db59035e71aa0d9e4430873cacc7b319742a370a6244865,院校总表,M4,BV4,4
华东师范大学,华东师范大学,exam_syllabus,专业课,432统计学,,,,0,,missing_public_url,exam_syllabus_web_page,unresolved,9,cell_scope,missing,,7104049cab26bbfe9db59035e71aa0d9e4430873cacc7b319742a370a6244865,院校总表,N4,BV4,4
华东师范大学,华东师范大学,exam_syllabus,官方范围说明,初试范围总体不变，考试大纲中的考试内容有部分调整；复试范围不变。最终以2027招生简章和专业目录为准。,,,,0,,missing_public_url,exam_syllabus_web_page,unresolved,9,cell_scope,missing,,7104049cab26bbfe9db59035e71aa0d9e4430873cacc7b319742a370a6244865,院校总表,O4,BV4,4
华东师范大学,华东师范大学,exam_syllabus,官方指定教材,茆诗松、程依明、濮晓龙、倪葎《概率论与数理统计教程》第4版，高等教育出版社，2026；贾俊平、何晓群、金勇进《统计学》第9版，中国人民大学出版社，2025,,,,0,,missing_public_url,exam_syllabus_web_page,unresolved,9,cell_scope,missing,,7104049cab26bbfe9db59035e71aa0d9e4430873cacc7b319742a370a6244865,院校总表,P4,BV4,4
华东师范大学,华东师范大学,exam_syllabus,官方教材状态,2027官方学院预公告指定；最终以招生简章/目录为准,,,,0,,missing_public_url,exam_syllabus_web_page,unresolved,9,cell_scope,missing,,7104049cab26bbfe9db59035e71aa0d9e4430873cacc7b319742a370a6244865,院校总表,Q4,BV4,4
华东师范大学,华东师范大学,exam_syllabus,真题证据等级,无可读卷证据,,,,0,,missing_public_url,exam_syllabus_web_page,unresolved,9,cell_scope,missing,,7104049cab26bbfe9db59035e71aa0d9e4430873cacc7b319742a370a6244865,院校总表,BT4,BV4,4
华东师范大学,华东师范大学,exam_syllabus,最新官方大纲题型,未核到最新官方题型说明,,,,0,,missing_public_url,exam_syllabus_web_page,unresolved,9,cell_scope,missing,,7104049cab26bbfe9db59035e71aa0d9e4430873cacc7b319742a370a6244865,院校总表,BU4,BV4,4
上海交通大学,上海交通大学,exam_syllabus,政治,101思想政治理论,https://download.kaoyan.com/download-1065750p1,8ac6713f93f8e9e6,1,2,download.kaoyan.com,web_page,exam_syllabus_web_page,unclassified_web,4,cell_scope,recorded,https://download.kaoyan.com/download-1065750p1 ; https://www.kyzs.com/article/16823.html,7104049cab26bbfe9db59035e71aa0d9e4430873cacc7b319742a370a6244865,院校总表,K5,BV5,5
上海交通大学,上海交通大学,exam_syllabus,政治,101思想政治理论,https://www.kyzs.com/article/16823.html,80e8abee7c3acb32,2,2,www.kyzs.com,web_page,exam_syllabus_web_page,unclassified_web,4,cell_scope,recorded,https://download.kaoyan.com/download-1065750p1 ; https://www.kyzs.com/article/16823.html,7104049cab26bbfe9db59035e71aa0d9e4430873cacc7b319742a370a6244865,院校总表,K5,BV5,5
上海交通大学,上海交通大学,exam_syllabus,英语,英语一,https://download.kaoyan.com/download-1065750p1,8ac6713f93f8e9e6,1,2,download.kaoyan.com,web_page,exam_syllabus_web_page,unclassified_web,4,cell_scope,recorded,https://download.kaoyan.com/download-1065750p1 ; https://www.kyzs.com/article/16823.html,7104049cab26bbfe9db59035e71aa0d9e4430873cacc7b319742a370a6244865,院校总表,L5,BV5,5
上海交通大学,上海交通大学,exam_syllabus,英语,英语一,https://www.kyzs.com/article/16823.html,80e8abee7c3acb32,2,2,www.kyzs.com,web_page,exam_syllabus_web_page,unclassified_web,4,cell_scope,recorded,https://download.kaoyan.com/download-1065750p1 ; https://www.kyzs.com/article/16823.html,7104049cab26bbfe9db59035e71aa0d9e4430873cacc7b319742a370a6244865,院校总表,L5,BV5,5
上海交通大学,上海交通大学,exam_syllabus,数学/经综,数学三,https://download.kaoyan.com/download-1065750p1,8ac6713f93f8e9e6,1,2,download.kaoyan.com,web_page,exam_syllabus_web_page,unclassified_web,4,cell_scope,recorded,https://download.kaoyan.com/download-1065750p1 ; https://www.kyzs.com/article/16823.html,7104049cab26bbfe9db59035e71aa0d9e4430873cacc7b319742a370a6244865,院校总表,M5,BV5,5
上海交通大学,上海交通大学,exam_syllabus,数学/经综,数学三,https://www.kyzs.com/article/16823.html,80e8abee7c3acb32,2,2,www.kyzs.com,web_page,exam_syllabus_web_page,unclassified_web,4,cell_scope,recorded,https://download.kaoyan.com/download-1065750p1 ; https://www.kyzs.com/article/16823.html,7104049cab26bbfe9db59035e71aa0d9e4430873cacc7b319742a370a6244865,院校总表,M5,BV5,5
上海交通大学,上海交通大学,exam_syllabus,专业课,432统计学,https://download.kaoyan.com/download-1065750p1,8ac6713f93f8e9e6,1,2,download.kaoyan.com,web_page,exam_syllabus_web_page,unclassified_web,4,cell_scope,recorded,https://download.kaoyan.com/download-1065750p1 ; https://www.kyzs.com/article/16823.html,7104049cab26bbfe9db59035e71aa0d9e4430873cacc7b319742a370a6244865,院校总表,N5,BV5,5
上海交通大学,上海交通大学,exam_syllabus,专业课,432统计学,https://www.kyzs.com/article/16823.html,80e8abee7c3acb32,2,2,www.kyzs.com,web_page,exam_syllabus_web_page,unclassified_web,4,cell_scope,recorded,https://download.kaoyan.com/download-1065750p1 ; https://www.kyzs.com/article/16823.html,7104049cab26bbfe9db59035e71aa0d9e4430873cacc7b319742a370a6244865,院校总表,N5,BV5,5
上海交通大学,上海交通大学,exam_syllabus,官方范围说明,432统计学；目录未列指定书目,https://download.kaoyan.com/download-1065750p1,8ac6713f93f8e9e6,1,2,download.kaoyan.com,web_page,exam_syllabus_web_page,unclassified_web,4,cell_scope,recorded,https://download.kaoyan.com/download-1065750p1 ; https://www.kyzs.com/article/16823.html,7104049cab26bbfe9db59035e71aa0d9e4430873cacc7b319742a370a6244865,院校总表,O5,BV5,5
上海交通大学,上海交通大学,exam_syllabus,官方范围说明,432统计学；目录未列指定书目,https://www.kyzs.com/article/16823.html,80e8abee7c3acb32,2,2,www.kyzs.com,web_page,exam_syllabus_web_page,unclassified_web,4,cell_scope,recorded,https://download.kaoyan.com/download-1065750p1 ; https://www.kyzs.com/article/16823.html,7104049cab26bbfe9db59035e71aa0d9e4430873cacc7b319742a370a6244865,院校总表,O5,BV5,5
上海交通大学,上海交通大学,exam_syllabus,官方指定教材,2026研招目录未列指定教材,https://download.kaoyan.com/download-1065750p1,8ac6713f93f8e9e6,1,2,download.kaoyan.com,web_page,exam_syllabus_web_page,unclassified_web,4,cell_scope,recorded,https://download.kaoyan.com/download-1065750p1 ; https://www.kyzs.com/article/16823.html,7104049cab26bbfe9db59035e71aa0d9e4430873cacc7b319742a370a6244865,院校总表,P5,BV5,5
上海交通大学,上海交通大学,exam_syllabus,官方指定教材,2026研招目录未列指定教材,https://www.kyzs.com/article/16823.html,80e8abee7c3acb32,2,2,www.kyzs.com,web_page,exam_syllabus_web_page,unclassified_web,4,cell_scope,recorded,https://download.kaoyan.com/download-1065750p1 ; https://www.kyzs.com/article/16823.html,7104049cab26bbfe9db59035e71aa0d9e4430873cacc7b319742a370a6244865,院校总表,P5,BV5,5
上海交通大学,上海交通大学,exam_syllabus,官方教材状态,官方目录未指定；不以机构书单冒充官方,https://download.kaoyan.com/download-1065750p1,8ac6713f93f8e9e6,1,2,download.kaoyan.com,web_page,exam_syllabus_web_page,unclassified_web,4,cell_scope,recorded,https://download.kaoyan.com/download-1065750p1 ; https://www.kyzs.com/article/16823.html,7104049cab26bbfe9db59035e71aa0d9e4430873cacc7b319742a370a6244865,院校总表,Q5,BV5,5
上海交通大学,上海交通大学,exam_syllabus,官方教材状态,官方目录未指定；不以机构书单冒充官方,https://www.kyzs.com/article/16823.html,80e8abee7c3acb32,2,2,www.kyzs.com,web_page,exam_syllabus_web_page,unclassified_web,4,cell_scope,recorded,https://download.kaoyan.com/download-1065750p1 ; https://www.kyzs.com/article/16823.html,7104049cab26bbfe9db59035e71aa0d9e4430873cacc7b319742a370a6244865,院校总表,Q5,BV5,5
上海交通大学,上海交通大学,exam_syllabus,真题证据等级,C：非官方回忆版/片段,https://download.kaoyan.com/download-1065750p1,8ac6713f93f8e9e6,1,2,download.kaoyan.com,web_page,exam_syllabus_web_page,unclassified_web,4,cell_scope,recorded,https://download.kaoyan.com/download-1065750p1 ; https://www.kyzs.com/article/16823.html,7104049cab26bbfe9db59035e71aa0d9e4430873cacc7b319742a370a6244865,院校总表,BT5,BV5,5
上海交通大学,上海交通大学,exam_syllabus,真题证据等级,C：非官方回忆版/片段,https://www.kyzs.com/article/16823.html,80e8abee7c3acb32,2,2,www.kyzs.com,web_page,exam_syllabus_web_page,unclassified_web,4,cell_scope,recorded,https://download.kaoyan.com/download-1065750p1 ; https://www.kyzs.com/article/16823.html,7104049cab26bbfe9db59035e71aa0d9e4430873cacc7b319742a370a6244865,院校总表,BT5,BV5,5
上海交通大学,上海交通大学,exam_syllabus,最新官方大纲题型,未核到2026官方题型说明,https://download.kaoyan.com/download-1065750p1,8ac6713f93f8e9e6,1,2,download.kaoyan.com,web_page,exam_syllabus_web_page,unclassified_web,4,cell_scope,recorded,https://download.kaoyan.com/download-1065750p1 ; https://www.kyzs.com/article/16823.html,7104049cab26bbfe9db59035e71aa0d9e4430873cacc7b319742a370a6244865,院校总表,BU5,BV5,5
上海交通大学,上海交通大学,exam_syllabus,最新官方大纲题型,未核到2026官方题型说明,https://www.kyzs.com/article/16823.html,80e8abee7c3acb32,2,2,www.kyzs.com,web_page,exam_syllabus_web_page,unclassified_web,4,cell_scope,recorded,https://download.kaoyan.com/download-1065750p1 ; https://www.kyzs.com/article/16823.html,7104049cab26bbfe9db59035e71aa0d9e4430873cacc7b319742a370a6244865,院校总表,BU5,BV5,5
中国科学技术大学,中国科学技术大学,exam_syllabus,政治,101思想政治理论,https://yz.ustc.edu.cn/static/upload/article/ueditor/e46ee8c77b754548b9f1eadaa3278b21.pdf,fc7838d3d4ee8d6c,1,1,yz.ustc.edu.cn,university_official,exam_syllabus_pdf,primary_official,1,direct_cell,recorded,https://yz.ustc.edu.cn/static/upload/article/ueditor/e46ee8c77b754548b9f1eadaa3278b21.pdf,7104049cab26bbfe9db59035e71aa0d9e4430873cacc7b319742a370a6244865,院校总表,K6,BV6,6
中国科学技术大学,中国科学技术大学,exam_syllabus,英语,英语一,https://yz.ustc.edu.cn/static/upload/article/ueditor/e46ee8c77b754548b9f1eadaa3278b21.pdf,fc7838d3d4ee8d6c,1,1,yz.ustc.edu.cn,university_official,exam_syllabus_pdf,primary_official,1,direct_cell,recorded,https://yz.ustc.edu.cn/static/upload/article/ueditor/e46ee8c77b754548b9f1eadaa3278b21.pdf,7104049cab26bbfe9db59035e71aa0d9e4430873cacc7b319742a370a6244865,院校总表,L6,BV6,6
中国科学技术大学,中国科学技术大学,exam_syllabus,数学/经综,数学三,https://yz.ustc.edu.cn/static/upload/article/ueditor/e46ee8c77b754548b9f1eadaa3278b21.pdf,fc7838d3d4ee8d6c,1,1,yz.ustc.edu.cn,university_official,exam_syllabus_pdf,primary_official,1,direct_cell,recorded,https://yz.ustc.edu.cn/static/upload/article/ueditor/e46ee8c77b754548b9f1eadaa3278b21.pdf,7104049cab26bbfe9db59035e71aa0d9e4430873cacc7b319742a370a6244865,院校总表,M6,BV6,6
中国科学技术大学,中国科学技术大学,exam_syllabus,专业课,432统计学,https://yz.ustc.edu.cn/static/upload/article/ueditor/e46ee8c77b754548b9f1eadaa3278b21.pdf,fc7838d3d4ee8d6c,1,1,yz.ustc.edu.cn,university_official,exam_syllabus_pdf,primary_official,1,direct_cell,recorded,https://yz.ustc.edu.cn/static/upload/article/ueditor/e46ee8c77b754548b9f1eadaa3278b21.pdf,7104049cab26bbfe9db59035e71aa0d9e4430873cacc7b319742a370a6244865,院校总表,N6,BV6,6
中国科学技术大学,中国科学技术大学,exam_syllabus,官方范围说明,2026官方432大纲：概率论、数理统计、回归分析；闭卷且不得使用计算器；题型为填空、选择、解答,https://yz.ustc.edu.cn/static/upload/article/ueditor/e46ee8c77b754548b9f1eadaa3278b21.pdf,fc7838d3d4ee8d6c,1,1,yz.ustc.edu.cn,university_official,exam_syllabus_pdf,primary_official,1,direct_cell,recorded,https://yz.ustc.edu.cn/static/upload/article/ueditor/e46ee8c77b754548b9f1eadaa3278b21.pdf,7104049cab26bbfe9db59035e71aa0d9e4430873cacc7b319742a370a6244865,院校总表,O6,BV6,6
中国科学技术大学,中国科学技术大学,exam_syllabus,官方指定教材,缪柏其、张伟平《概率论与数理统计》第3版，高等教育出版社，2024,https://yz.ustc.edu.cn/static/upload/article/ueditor/e46ee8c77b754548b9f1eadaa3278b21.pdf,fc7838d3d4ee8d6c,1,1,yz.ustc.edu.cn,university_official,exam_syllabus_pdf,primary_official,1,direct_cell,recorded,https://yz.ustc.edu.cn/static/upload/article/ueditor/e46ee8c77b754548b9f1eadaa3278b21.pdf,7104049cab26bbfe9db59035e71aa0d9e4430873cacc7b319742a370a6244865,院校总表,P6,BV6,6
中国科学技术大学,中国科学技术大学,exam_syllabus,官方教材状态,2026官方考试大纲指定,https://yz.ustc.edu.cn/static/upload/article/ueditor/e46ee8c77b754548b9f1eadaa3278b21.pdf,fc7838d3d4ee8d6c,1,1,yz.ustc.edu.cn,university_official,exam_syllabus_pdf,primary_official,1,direct_cell,recorded,https://yz.ustc.edu.cn/static/upload/article/ueditor/e46ee8c77b754548b9f1eadaa3278b21.pdf,7104049cab26bbfe9db59035e71aa0d9e4430873cacc7b319742a370a6244865,院校总表,Q6,BV6,6
中国科学技术大学,中国科学技术大学,exam_syllabus,真题证据等级,A：2026官方大纲；未核到可读原卷,https://yz.ustc.edu.cn/static/upload/article/ueditor/e46ee8c77b754548b9f1eadaa3278b21.pdf,fc7838d3d4ee8d6c,1,1,yz.ustc.edu.cn,university_official,exam_syllabus_pdf,primary_official,1,direct_cell,recorded,https://yz.ustc.edu.cn/static/upload/article/ueditor/e46ee8c77b754548b9f1eadaa3278b21.pdf,7104049cab26bbfe9db59035e71aa0d9e4430873cacc7b319742a370a6244865,院校总表,BT6,BV6,6
中国科学技术大学,中国科学技术大学,exam_syllabus,最新官方大纲题型,2026官方：填空、选择、解答；未公布分值占比,https://yz.ustc.edu.cn/static/upload/article/ueditor/e46ee8c77b754548b9f1eadaa3278b21.pdf,fc7838d3d4ee8d6c,1,1,yz.ustc.edu.cn,university_official,exam_syllabus_pdf,primary_official,1,direct_cell,recorded,https://yz.ustc.edu.cn/static/upload/article/ueditor/e46ee8c77b754548b9f1eadaa3278b21.pdf,7104049cab26bbfe9db59035e71aa0d9e4430873cacc7b319742a370a6244865,院校总表,BU6,BV6,6
四川大学,四川大学,exam_syllabus,政治,101思想政治理论,,,,0,,missing_public_url,exam_syllabus_web_page,unresolved,9,cell_scope,missing,,7104049cab26bbfe9db59035e71aa0d9e4430873cacc7b319742a370a6244865,院校总表,K7,BV7,7
四川大学,四川大学,exam_syllabus,英语,英语二,,,,0,,missing_public_url,exam_syllabus_web_page,unresolved,9,cell_scope,missing,,7104049cab26bbfe9db59035e71aa0d9e4430873cacc7b319742a370a6244865,院校总表,L7,BV7,7
四川大学,四川大学,exam_syllabus,数学/经综,数学三,,,,0,,missing_public_url,exam_syllabus_web_page,unresolved,9,cell_scope,missing,,7104049cab26bbfe9db59035e71aa0d9e4430873cacc7b319742a370a6244865,院校总表,M7,BV7,7
四川大学,四川大学,exam_syllabus,专业课,432统计学,,,,0,,missing_public_url,exam_syllabus_web_page,unresolved,9,cell_scope,missing,,7104049cab26bbfe9db59035e71aa0d9e4430873cacc7b319742a370a6244865,院校总表,N7,BV7,7
四川大学,四川大学,exam_syllabus,官方范围说明,432统计学；目录未列指定书目,,,,0,,missing_public_url,exam_syllabus_web_page,unresolved,9,cell_scope,missing,,7104049cab26bbfe9db59035e71aa0d9e4430873cacc7b319742a370a6244865,院校总表,O7,BV7,7
四川大学,四川大学,exam_syllabus,官方指定教材,2026研招目录未列指定教材,,,,0,,missing_public_url,exam_syllabus_web_page,unresolved,9,cell_scope,missing,,7104049cab26bbfe9db59035e71aa0d9e4430873cacc7b319742a370a6244865,院校总表,P7,BV7,7
四川大学,四川大学,exam_syllabus,官方教材状态,官方目录未指定；不以机构书单冒充官方,,,,0,,missing_public_url,exam_syllabus_web_page,unresolved,9,cell_scope,missing,,7104049cab26bbfe9db59035e71aa0d9e4430873cacc7b319742a370a6244865,院校总表,Q7,BV7,7
四川大学,四川大学,exam_syllabus,真题证据等级,无可读卷证据,,,,0,,missing_public_url,exam_syllabus_web_page,unresolved,9,cell_scope,missing,,7104049cab26bbfe9db59035e71aa0d9e4430873cacc7b319742a370a6244865,院校总表,BT7,BV7,7
四川大学,四川大学,exam_syllabus,最新官方大纲题型,未核到最新官方题型说明,,,,0,,missing_public_url,exam_syllabus_web_page,unresolved,9,cell_scope,missing,,7104049cab26bbfe9db59035e71aa0d9e4430873cacc7b319742a370a6244865,院校总表,BU7,BV7,7
复旦大学,复旦大学,exam_syllabus,政治,101思想政治理论,https://scms.fudan.edu.cn/info/1047/12891.htm,15b96ad969647039,1,2,scms.fudan.edu.cn,university_official,exam_syllabus_web_page,primary_official,1,cell_scope,recorded,https://scms.fudan.edu.cn/info/1047/12891.htm ; https://www.cnblogs.com/yecheng97/p/15823058.html,7104049cab26bbfe9db59035e71aa0d9e4430873cacc7b319742a370a6244865,院校总表,K8,BV8,8
复旦大学,复旦大学,exam_syllabus,政治,101思想政治理论,https://www.cnblogs.com/yecheng97/p/15823058.html,249df2fb890abd6c,2,2,www.cnblogs.com,web_page,exam_syllabus_web_page,unclassified_web,4,cell_scope,recorded,https://scms.fudan.edu.cn/info/1047/12891.htm ; https://www.cnblogs.com/yecheng97/p/15823058.html,7104049cab26bbfe9db59035e71aa0d9e4430873cacc7b319742a370a6244865,院校总表,K8,BV8,8
复旦大学,复旦大学,exam_syllabus,英语,英语二,https://scms.fudan.edu.cn/info/1047/12891.htm,15b96ad969647039,1,2,scms.fudan.edu.cn,university_official,exam_syllabus_web_page,primary_official,1,cell_scope,recorded,https://scms.fudan.edu.cn/info/1047/12891.htm ; https://www.cnblogs.com/yecheng97/p/15823058.html,7104049cab26bbfe9db59035e71aa0d9e4430873cacc7b319742a370a6244865,院校总表,L8,BV8,8
复旦大学,复旦大学,exam_syllabus,英语,英语二,https://www.cnblogs.com/yecheng97/p/15823058.html,249df2fb890abd6c,2,2,www.cnblogs.com,web_page,exam_syllabus_web_page,unclassified_web,4,cell_scope,recorded,https://scms.fudan.edu.cn/info/1047/12891.htm ; https://www.cnblogs.com/yecheng97/p/15823058.html,7104049cab26bbfe9db59035e71aa0d9e4430873cacc7b319742a370a6244865,院校总表,L8,BV8,8
复旦大学,复旦大学,exam_syllabus,数学/经综,数学三,https://scms.fudan.edu.cn/info/1047/12891.htm,15b96ad969647039,1,2,scms.fudan.edu.cn,university_official,exam_syllabus_web_page,primary_official,1,cell_scope,recorded,https://scms.fudan.edu.cn/info/1047/12891.htm ; https://www.cnblogs.com/yecheng97/p/15823058.html,7104049cab26bbfe9db59035e71aa0d9e4430873cacc7b319742a370a6244865,院校总表,M8,BV8,8
复旦大学,复旦大学,exam_syllabus,数学/经综,数学三,https://www.cnblogs.com/yecheng97/p/15823058.html,249df2fb890abd6c,2,2,www.cnblogs.com,web_page,exam_syllabus_web_page,unclassified_web,4,cell_scope,recorded,https://scms.fudan.edu.cn/info/1047/12891.htm ; https://www.cnblogs.com/yecheng97/p/15823058.html,7104049cab26bbfe9db59035e71aa0d9e4430873cacc7b319742a370a6244865,院校总表,M8,BV8,8
复旦大学,复旦大学,exam_syllabus,专业课,432统计学,https://scms.fudan.edu.cn/info/1047/12891.htm,15b96ad969647039,1,2,scms.fudan.edu.cn,university_official,exam_syllabus_web_page,primary_official,1,cell_scope,recorded,https://scms.fudan.edu.cn/info/1047/12891.htm ; https://www.cnblogs.com/yecheng97/p/15823058.html,7104049cab26bbfe9db59035e71aa0d9e4430873cacc7b319742a370a6244865,院校总表,N8,BV8,8
复旦大学,复旦大学,exam_syllabus,专业课,432统计学,https://www.cnblogs.com/yecheng97/p/15823058.html,249df2fb890abd6c,2,2,www.cnblogs.com,web_page,exam_syllabus_web_page,unclassified_web,4,cell_scope,recorded,https://scms.fudan.edu.cn/info/1047/12891.htm ; https://www.cnblogs.com/yecheng97/p/15823058.html,7104049cab26bbfe9db59035e71aa0d9e4430873cacc7b319742a370a6244865,院校总表,N8,BV8,8
复旦大学,复旦大学,exam_syllabus,官方范围说明,2027官方432大纲：概率论、描述统计、统计量及抽样分布、参数估计、假设检验、方差分析、回归、时间序列；闭卷且禁止使用计算器,https://scms.fudan.edu.cn/info/1047/12891.htm,15b96ad969647039,1,2,scms.fudan.edu.cn,university_official,exam_syllabus_web_page,primary_official,1,cell_scope,recorded,https://scms.fudan.edu.cn/info/1047/12891.htm ; https://www.cnblogs.com/yecheng97/p/15823058.html,7104049cab26bbfe9db59035e71aa0d9e4430873cacc7b319742a370a6244865,院校总表,O8,BV8,8
复旦大学,复旦大学,exam_syllabus,官方范围说明,2027官方432大纲：概率论、描述统计、统计量及抽样分布、参数估计、假设检验、方差分析、回归、时间序列；闭卷且禁止使用计算器,https://www.cnblogs.com/yecheng97/p/15823058.html,249df2fb890abd6c,2,2,www.cnblogs.com,web_page,exam_syllabus_web_page,unclassified_web,4,cell_scope,recorded,https://scms.fudan.edu.cn/info/1047/12891.htm ; https://www.cnblogs.com/yecheng97/p/15823058.html,7104049cab26bbfe9db59035e71aa0d9e4430873cacc7b319742a370a6244865,院校总表,O8,BV8,8
复旦大学,复旦大学,exam_syllabus,官方指定教材,茆诗松、程依明、濮晓龙、倪葎《概率论与数理统计教程》第4版（高等教育出版社，2026）；贾俊平、何晓群、金勇进《统计学》第9版（中国人民大学出版社，2025）,https://scms.fudan.edu.cn/info/1047/12891.htm,15b96ad969647039,1,2,scms.fudan.edu.cn,university_official,exam_syllabus_web_page,primary_official,1,cell_scope,recorded,https://scms.fudan.edu.cn/info/1047/12891.htm ; https://www.cnblogs.com/yecheng97/p/15823058.html,7104049cab26bbfe9db59035e71aa0d9e4430873cacc7b319742a370a6244865,院校总表,P8,BV8,8
复旦大学,复旦大学,exam_syllabus,官方指定教材,茆诗松、程依明、濮晓龙、倪葎《概率论与数理统计教程》第4版（高等教育出版社，2026）；贾俊平、何晓群、金勇进《统计学》第9版（中国人民大学出版社，2025）,https://www.cnblogs.com/yecheng97/p/15823058.html,249df2fb890abd6c,2,2,www.cnblogs.com,web_page,exam_syllabus_web_page,unclassified_web,4,cell_scope,recorded,https://scms.fudan.edu.cn/info/1047/12891.htm ; https://www.cnblogs.com/yecheng97/p/15823058.html,7104049cab26bbfe9db59035e71aa0d9e4430873cacc7b319742a370a6244865,院校总表,P8,BV8,8
复旦大学,复旦大学,exam_syllabus,官方教材状态,2027官方考试大纲指定,https://scms.fudan.edu.cn/info/1047/12891.htm,15b96ad969647039,1,2,scms.fudan.edu.cn,university_official,exam_syllabus_web_page,primary_official,1,cell_scope,recorded,https://scms.fudan.edu.cn/info/1047/12891.htm ; https://www.cnblogs.com/yecheng97/p/15823058.html,7104049cab26bbfe9db59035e71aa0d9e4430873cacc7b319742a370a6244865,院校总表,Q8,BV8,8
复旦大学,复旦大学,exam_syllabus,官方教材状态,2027官方考试大纲指定,https://www.cnblogs.com/yecheng97/p/15823058.html,249df2fb890abd6c,2,2,www.cnblogs.com,web_page,exam_syllabus_web_page,unclassified_web,4,cell_scope,recorded,https://scms.fudan.edu.cn/info/1047/12891.htm ; https://www.cnblogs.com/yecheng97/p/15823058.html,7104049cab26bbfe9db59035e71aa0d9e4430873cacc7b319742a370a6244865,院校总表,Q8,BV8,8
复旦大学,复旦大学,exam_syllabus,真题证据等级,A：2027官方大纲；C：2022非官方公开重构,https://scms.fudan.edu.cn/info/1047/12891.htm,15b96ad969647039,1,2,scms.fudan.edu.cn,university_official,exam_syllabus_web_page,primary_official,1,cell_scope,recorded,https://scms.fudan.edu.cn/info/1047/12891.htm ; https://www.cnblogs.com/yecheng97/p/15823058.html,7104049cab26bbfe9db59035e71aa0d9e4430873cacc7b319742a370a6244865,院校总表,BT8,BV8,8
复旦大学,复旦大学,exam_syllabus,真题证据等级,A：2027官方大纲；C：2022非官方公开重构,https://www.cnblogs.com/yecheng97/p/15823058.html,249df2fb890abd6c,2,2,www.cnblogs.com,web_page,exam_syllabus_web_page,unclassified_web,4,cell_scope,recorded,https://scms.fudan.edu.cn/info/1047/12891.htm ; https://www.cnblogs.com/yecheng97/p/15823058.html,7104049cab26bbfe9db59035e71aa0d9e4430873cacc7b319742a370a6244865,院校总表,BT8,BV8,8
复旦大学,复旦大学,exam_syllabus,最新官方大纲题型,2027官方：单选25题×2=50；简答4题×10=40；计算与分析3题×20=60；闭卷、禁用计算器,https://scms.fudan.edu.cn/info/1047/12891.htm,15b96ad969647039,1,2,scms.fudan.edu.cn,university_official,exam_syllabus_web_page,primary_official,1,cell_scope,recorded,https://scms.fudan.edu.cn/info/1047/12891.htm ; https://www.cnblogs.com/yecheng97/p/15823058.html,7104049cab26bbfe9db59035e71aa0d9e4430873cacc7b319742a370a6244865,院校总表,BU8,BV8,8
复旦大学,复旦大学,exam_syllabus,最新官方大纲题型,2027官方：单选25题×2=50；简答4题×10=40；计算与分析3题×20=60；闭卷、禁用计算器,https://www.cnblogs.com/yecheng97/p/15823058.html,249df2fb890abd6c,2,2,www.cnblogs.com,web_page,exam_syllabus_web_page,unclassified_web,4,cell_scope,recorded,https://scms.fudan.edu.cn/info/1047/12891.htm ; https://www.cnblogs.com/yecheng97/p/15823058.html,7104049cab26bbfe9db59035e71aa0d9e4430873cacc7b319742a370a6244865,院校总表,BU8,BV8,8
东南大学,东南大学,exam_syllabus,政治,101思想政治理论,,,,0,,missing_public_url,exam_syllabus_web_page,unresolved,9,cell_scope,missing,,7104049cab26bbfe9db59035e71aa0d9e4430873cacc7b319742a370a6244865,院校总表,K9,BV9,9
东南大学,东南大学,exam_syllabus,英语,英语一,,,,0,,missing_public_url,exam_syllabus_web_page,unresolved,9,cell_scope,missing,,7104049cab26bbfe9db59035e71aa0d9e4430873cacc7b319742a370a6244865,院校总表,L9,BV9,9
东南大学,东南大学,exam_syllabus,数学/经综,数学三,,,,0,,missing_public_url,exam_syllabus_web_page,unresolved,9,cell_scope,missing,,7104049cab26bbfe9db59035e71aa0d9e4430873cacc7b319742a370a6244865,院校总表,M9,BV9,9
东南大学,东南大学,exam_syllabus,专业课,432统计学,,,,0,,missing_public_url,exam_syllabus_web_page,unresolved,9,cell_scope,missing,,7104049cab26bbfe9db59035e71aa0d9e4430873cacc7b319742a370a6244865,院校总表,N9,BV9,9
东南大学,东南大学,exam_syllabus,官方范围说明,432统计学；目录未列指定书目,,,,0,,missing_public_url,exam_syllabus_web_page,unresolved,9,cell_scope,missing,,7104049cab26bbfe9db59035e71aa0d9e4430873cacc7b319742a370a6244865,院校总表,O9,BV9,9
东南大学,东南大学,exam_syllabus,官方指定教材,2026研招目录未列指定教材,,,,0,,missing_public_url,exam_syllabus_web_page,unresolved,9,cell_scope,missing,,7104049cab26bbfe9db59035e71aa0d9e4430873cacc7b319742a370a6244865,院校总表,P9,BV9,9
东南大学,东南大学,exam_syllabus,官方教材状态,官方目录未指定；不以机构书单冒充官方,,,,0,,missing_public_url,exam_syllabus_web_page,unresolved,9,cell_scope,missing,,7104049cab26bbfe9db59035e71aa0d9e4430873cacc7b319742a370a6244865,院校总表,Q9,BV9,9
东南大学,东南大学,exam_syllabus,真题证据等级,无可读卷证据,,,,0,,missing_public_url,exam_syllabus_web_page,unresolved,9,cell_scope,missing,,7104049cab26bbfe9db59035e71aa0d9e4430873cacc7b319742a370a6244865,院校总表,BT9,BV9,9
东南大学,东南大学,exam_syllabus,最新官方大纲题型,未核到最新官方题型说明,,,,0,,missing_public_url,exam_syllabus_web_page,unresolved,9,cell_scope,missing,,7104049cab26bbfe9db59035e71aa0d9e4430873cacc7b319742a370a6244865,院校总表,BU9,BV9,9
清华大学,清华大学,exam_syllabus,政治,101思想政治理论,,,,0,,missing_public_url,exam_syllabus_web_page,unresolved,9,cell_scope,missing,,7104049cab26bbfe9db59035e71aa0d9e4430873cacc7b319742a370a6244865,院校总表,K10,BV10,10
清华大学,清华大学,exam_syllabus,英语,英语二,,,,0,,missing_public_url,exam_syllabus_web_page,unresolved,9,cell_scope,missing,,7104049cab26bbfe9db59035e71aa0d9e4430873cacc7b319742a370a6244865,院校总表,L10,BV10,10
清华大学,清华大学,exam_syllabus,数学/经综,数学三,,,,0,,missing_public_url,exam_syllabus_web_page,unresolved,9,cell_scope,missing,,7104049cab26bbfe9db59035e71aa0d9e4430873cacc7b319742a370a6244865,院校总表,M10,BV10,10
清华大学,清华大学,exam_syllabus,专业课,432统计学,,,,0,,missing_public_url,exam_syllabus_web_page,unresolved,9,cell_scope,missing,,7104049cab26bbfe9db59035e71aa0d9e4430873cacc7b319742a370a6244865,院校总表,N10,BV10,10
清华大学,清华大学,exam_syllabus,官方范围说明,432统计学；目录未列指定书目,,,,0,,missing_public_url,exam_syllabus_web_page,unresolved,9,cell_scope,missing,,7104049cab26bbfe9db59035e71aa0d9e4430873cacc7b319742a370a6244865,院校总表,O10,BV10,10
清华大学,清华大学,exam_syllabus,官方指定教材,2026研招目录未列指定教材,,,,0,,missing_public_url,exam_syllabus_web_page,unresolved,9,cell_scope,missing,,7104049cab26bbfe9db59035e71aa0d9e4430873cacc7b319742a370a6244865,院校总表,P10,BV10,10
清华大学,清华大学,exam_syllabus,官方教材状态,官方目录未指定；不以机构书单冒充官方,,,,0,,missing_public_url,exam_syllabus_web_page,unresolved,9,cell_scope,missing,,7104049cab26bbfe9db59035e71aa0d9e4430873cacc7b319742a370a6244865,院校总表,Q10,BV10,10
清华大学,清华大学,exam_syllabus,真题证据等级,无可读卷证据,,,,0,,missing_public_url,exam_syllabus_web_page,unresolved,9,cell_scope,missing,,7104049cab26bbfe9db59035e71aa0d9e4430873cacc7b319742a370a6244865,院校总表,BT10,BV10,10
清华大学,清华大学,exam_syllabus,最新官方大纲题型,未核到最新官方题型说明,,,,0,,missing_public_url,exam_syllabus_web_page,unresolved,9,cell_scope,missing,,7104049cab26bbfe9db59035e71aa0d9e4430873cacc7b319742a370a6244865,院校总表,BU10,BV10,10
华中科技大学,华中科技大学,exam_syllabus,政治,101思想政治理论,,,,0,,missing_public_url,exam_syllabus_web_page,unresolved,9,cell_scope,missing,,7104049cab26bbfe9db59035e71aa0d9e4430873cacc7b319742a370a6244865,院校总表,K11,BV11,11
华中科技大学,华中科技大学,exam_syllabus,英语,英语二,,,,0,,missing_public_url,exam_syllabus_web_page,unresolved,9,cell_scope,missing,,7104049cab26bbfe9db59035e71aa0d9e4430873cacc7b319742a370a6244865,院校总表,L11,BV11,11
华中科技大学,华中科技大学,exam_syllabus,数学/经综,数学三,,,,0,,missing_public_url,exam_syllabus_web_page,unresolved,9,cell_scope,missing,,7104049cab26bbfe9db59035e71aa0d9e4430873cacc7b319742a370a6244865,院校总表,M11,BV11,11
华中科技大学,华中科技大学,exam_syllabus,专业课,432统计学,,,,0,,missing_public_url,exam_syllabus_web_page,unresolved,9,cell_scope,missing,,7104049cab26bbfe9db59035e71aa0d9e4430873cacc7b319742a370a6244865,院校总表,N11,BV11,11
华中科技大学,华中科技大学,exam_syllabus,官方范围说明,432统计学；目录未列指定书目,,,,0,,missing_public_url,exam_syllabus_web_page,unresolved,9,cell_scope,missing,,7104049cab26bbfe9db59035e71aa0d9e4430873cacc7b319742a370a6244865,院校总表,O11,BV11,11
华中科技大学,华中科技大学,exam_syllabus,官方指定教材,2026研招目录未列指定教材,,,,0,,missing_public_url,exam_syllabus_web_page,unresolved,9,cell_scope,missing,,7104049cab26bbfe9db59035e71aa0d9e4430873cacc7b319742a370a6244865,院校总表,P11,BV11,11
华中科技大学,华中科技大学,exam_syllabus,官方教材状态,官方目录未指定；不以机构书单冒充官方,,,,0,,missing_public_url,exam_syllabus_web_page,unresolved,9,cell_scope,missing,,7104049cab26bbfe9db59035e71aa0d9e4430873cacc7b319742a370a6244865,院校总表,Q11,BV11,11
华中科技大学,华中科技大学,exam_syllabus,真题证据等级,无可读卷证据,,,,0,,missing_public_url,exam_syllabus_web_page,unresolved,9,cell_scope,missing,,7104049cab26bbfe9db59035e71aa0d9e4430873cacc7b319742a370a6244865,院校总表,BT11,BV11,11
华中科技大学,华中科技大学,exam_syllabus,最新官方大纲题型,未核到最新官方题型说明,,,,0,,missing_public_url,exam_syllabus_web_page,unresolved,9,cell_scope,missing,,7104049cab26bbfe9db59035e71aa0d9e4430873cacc7b319742a370a6244865,院校总表,BU11,BV11,11
北京师范大学,北京师范大学,exam_syllabus,政治,101思想政治理论,,,,0,,missing_public_url,exam_syllabus_web_page,unresolved,9,cell_scope,missing,,7104049cab26bbfe9db59035e71aa0d9e4430873cacc7b319742a370a6244865,院校总表,K12,BV12,12
北京师范大学,北京师范大学,exam_syllabus,英语,英语二,,,,0,,missing_public_url,exam_syllabus_web_page,unresolved,9,cell_scope,missing,,7104049cab26bbfe9db59035e71aa0d9e4430873cacc7b319742a370a6244865,院校总表,L12,BV12,12
北京师范大学,北京师范大学,exam_syllabus,数学/经综,数学三,,,,0,,missing_public_url,exam_syllabus_web_page,unresolved,9,cell_scope,missing,,7104049cab26bbfe9db59035e71aa0d9e4430873cacc7b319742a370a6244865,院校总表,M12,BV12,12
北京师范大学,北京师范大学,exam_syllabus,专业课,432统计学,,,,0,,missing_public_url,exam_syllabus_web_page,unresolved,9,cell_scope,missing,,7104049cab26bbfe9db59035e71aa0d9e4430873cacc7b319742a370a6244865,院校总表,N12,BV12,12
北京师范大学,北京师范大学,exam_syllabus,官方范围说明,432统计学；学校另有考试大纲，目录不代列参考书,,,,0,,missing_public_url,exam_syllabus_web_page,unresolved,9,cell_scope,missing,,7104049cab26bbfe9db59035e71aa0d9e4430873cacc7b319742a370a6244865,院校总表,O12,BV12,12
北京师范大学,北京师范大学,exam_syllabus,官方指定教材,2026研招目录未列指定教材,,,,0,,missing_public_url,exam_syllabus_web_page,unresolved,9,cell_scope,missing,,7104049cab26bbfe9db59035e71aa0d9e4430873cacc7b319742a370a6244865,院校总表,P12,BV12,12
北京师范大学,北京师范大学,exam_syllabus,官方教材状态,官方目录未指定；不以机构书单冒充官方,,,,0,,missing_public_url,exam_syllabus_web_page,unresolved,9,cell_scope,missing,,7104049cab26bbfe9db59035e71aa0d9e4430873cacc7b319742a370a6244865,院校总表,Q12,BV12,12
北京师范大学,北京师范大学,exam_syllabus,真题证据等级,无可读卷证据,,,,0,,missing_public_url,exam_syllabus_web_page,unresolved,9,cell_scope,missing,,7104049cab26bbfe9db59035e71aa0d9e4430873cacc7b319742a370a6244865,院校总表,BT12,BV12,12
北京师范大学,北京师范大学,exam_syllabus,最新官方大纲题型,未核到最新官方题型说明,,,,0,,missing_public_url,exam_syllabus_web_page,unresolved,9,cell_scope,missing,,7104049cab26bbfe9db59035e71aa0d9e4430873cacc7b319742a370a6244865,院校总表,BU12,BV12,12
吉林大学,吉林大学,exam_syllabus,政治,101思想政治理论,,,,0,,missing_public_url,exam_syllabus_web_page,unresolved,9,cell_scope,missing,,7104049cab26bbfe9db59035e71aa0d9e4430873cacc7b319742a370a6244865,院校总表,K13,BV13,13
吉林大学,吉林大学,exam_syllabus,英语,英语一,,,,0,,missing_public_url,exam_syllabus_web_page,unresolved,9,cell_scope,missing,,7104049cab26bbfe9db59035e71aa0d9e4430873cacc7b319742a370a6244865,院校总表,L13,BV13,13
吉林大学,吉林大学,exam_syllabus,数学/经综,数学三,,,,0,,missing_public_url,exam_syllabus_web_page,unresolved,9,cell_scope,missing,,7104049cab26bbfe9db59035e71aa0d9e4430873cacc7b319742a370a6244865,院校总表,M13,BV13,13
吉林大学,吉林大学,exam_syllabus,专业课,432统计学,,,,0,,missing_public_url,exam_syllabus_web_page,unresolved,9,cell_scope,missing,,7104049cab26bbfe9db59035e71aa0d9e4430873cacc7b319742a370a6244865,院校总表,N13,BV13,13
吉林大学,吉林大学,exam_syllabus,官方范围说明,432统计学；目录未列指定书目,,,,0,,missing_public_url,exam_syllabus_web_page,unresolved,9,cell_scope,missing,,7104049cab26bbfe9db59035e71aa0d9e4430873cacc7b319742a370a6244865,院校总表,O13,BV13,13
吉林大学,吉林大学,exam_syllabus,官方指定教材,2026研招目录未列指定教材,,,,0,,missing_public_url,exam_syllabus_web_page,unresolved,9,cell_scope,missing,,7104049cab26bbfe9db59035e71aa0d9e4430873cacc7b319742a370a6244865,院校总表,P13,BV13,13
吉林大学,吉林大学,exam_syllabus,官方教材状态,官方目录未指定；不以机构书单冒充官方,,,,0,,missing_public_url,exam_syllabus_web_page,unresolved,9,cell_scope,missing,,7104049cab26bbfe9db59035e71aa0d9e4430873cacc7b319742a370a6244865,院校总表,Q13,BV13,13
吉林大学,吉林大学,exam_syllabus,真题证据等级,无可读卷证据,,,,0,,missing_public_url,exam_syllabus_web_page,unresolved,9,cell_scope,missing,,7104049cab26bbfe9db59035e71aa0d9e4430873cacc7b319742a370a6244865,院校总表,BT13,BV13,13
吉林大学,吉林大学,exam_syllabus,最新官方大纲题型,未核到最新官方题型说明,,,,0,,missing_public_url,exam_syllabus_web_page,unresolved,9,cell_scope,missing,,7104049cab26bbfe9db59035e71aa0d9e4430873cacc7b319742a370a6244865,院校总表,BU13,BV13,13
兰州大学,兰州大学,exam_syllabus,政治,101思想政治理论,,,,0,,missing_public_url,exam_syllabus_web_page,unresolved,9,cell_scope,missing,,7104049cab26bbfe9db59035e71aa0d9e4430873cacc7b319742a370a6244865,院校总表,K14,BV14,14
兰州大学,兰州大学,exam_syllabus,英语,英语二,,,,0,,missing_public_url,exam_syllabus_web_page,unresolved,9,cell_scope,missing,,7104049cab26bbfe9db59035e71aa0d9e4430873cacc7b319742a370a6244865,院校总表,L14,BV14,14
兰州大学,兰州大学,exam_syllabus,数学/经综,数学三,,,,0,,missing_public_url,exam_syllabus_web_page,unresolved,9,cell_scope,missing,,7104049cab26bbfe9db59035e71aa0d9e4430873cacc7b319742a370a6244865,院校总表,M14,BV14,14
兰州大学,兰州大学,exam_syllabus,专业课,432统计学,,,,0,,missing_public_url,exam_syllabus_web_page,unresolved,9,cell_scope,missing,,7104049cab26bbfe9db59035e71aa0d9e4430873cacc7b319742a370a6244865,院校总表,N14,BV14,14
兰州大学,兰州大学,exam_syllabus,官方范围说明,432统计学；目录未列指定书目,,,,0,,missing_public_url,exam_syllabus_web_page,unresolved,9,cell_scope,missing,,7104049cab26bbfe9db59035e71aa0d9e4430873cacc7b319742a370a6244865,院校总表,O14,BV14,14
兰州大学,兰州大学,exam_syllabus,官方指定教材,2026研招目录未列指定教材,,,,0,,missing_public_url,exam_syllabus_web_page,unresolved,9,cell_scope,missing,,7104049cab26bbfe9db59035e71aa0d9e4430873cacc7b319742a370a6244865,院校总表,P14,BV14,14
兰州大学,兰州大学,exam_syllabus,官方教材状态,官方目录未指定；不以机构书单冒充官方,,,,0,,missing_public_url,exam_syllabus_web_page,unresolved,9,cell_scope,missing,,7104049cab26bbfe9db59035e71aa0d9e4430873cacc7b319742a370a6244865,院校总表,Q14,BV14,14
兰州大学,兰州大学,exam_syllabus,真题证据等级,无可读卷证据,,,,0,,missing_public_url,exam_syllabus_web_page,unresolved,9,cell_scope,missing,,7104049cab26bbfe9db59035e71aa0d9e4430873cacc7b319742a370a6244865,院校总表,BT14,BV14,14
兰州大学,兰州大学,exam_syllabus,最新官方大纲题型,未核到最新官方题型说明,,,,0,,missing_public_url,exam_syllabus_web_page,unresolved,9,cell_scope,missing,,7104049cab26bbfe9db59035e71aa0d9e4430873cacc7b319742a370a6244865,院校总表,BU14,BV14,14
西安交通大学,西安交通大学,exam_syllabus,政治,101思想政治理论,,,,0,,missing_public_url,exam_syllabus_web_page,unresolved,9,cell_scope,missing,,7104049cab26bbfe9db59035e71aa0d9e4430873cacc7b319742a370a6244865,院校总表,K15,BV15,15
西安交通大学,西安交通大学,exam_syllabus,英语,英语二,,,,0,,missing_public_url,exam_syllabus_web_page,unresolved,9,cell_scope,missing,,7104049cab26bbfe9db59035e71aa0d9e4430873cacc7b319742a370a6244865,院校总表,L15,BV15,15
西安交通大学,西安交通大学,exam_syllabus,数学/经综,数学三,,,,0,,missing_public_url,exam_syllabus_web_page,unresolved,9,cell_scope,missing,,7104049cab26bbfe9db59035e71aa0d9e4430873cacc7b319742a370a6244865,院校总表,M15,BV15,15
西安交通大学,西安交通大学,exam_syllabus,专业课,432统计学,,,,0,,missing_public_url,exam_syllabus_web_page,unresolved,9,cell_scope,missing,,7104049cab26bbfe9db59035e71aa0d9e4430873cacc7b319742a370a6244865,院校总表,N15,BV15,15
西安交通大学,西安交通大学,exam_syllabus,官方范围说明,432统计学；目录未列指定书目,,,,0,,missing_public_url,exam_syllabus_web_page,unresolved,9,cell_scope,missing,,7104049cab26bbfe9db59035e71aa0d9e4430873cacc7b319742a370a6244865,院校总表,O15,BV15,15
西安交通大学,西安交通大学,exam_syllabus,官方指定教材,2026研招目录未列指定教材,,,,0,,missing_public_url,exam_syllabus_web_page,unresolved,9,cell_scope,missing,,7104049cab26bbfe9db59035e71aa0d9e4430873cacc7b319742a370a6244865,院校总表,P15,BV15,15
西安交通大学,西安交通大学,exam_syllabus,官方教材状态,官方目录未指定；不以机构书单冒充官方,,,,0,,missing_public_url,exam_syllabus_web_page,unresolved,9,cell_scope,missing,,7104049cab26bbfe9db59035e71aa0d9e4430873cacc7b319742a370a6244865,院校总表,Q15,BV15,15
西安交通大学,西安交通大学,exam_syllabus,真题证据等级,无可读卷证据,,,,0,,missing_public_url,exam_syllabus_web_page,unresolved,9,cell_scope,missing,,7104049cab26bbfe9db59035e71aa0d9e4430873cacc7b319742a370a6244865,院校总表,BT15,BV15,15
西安交通大学,西安交通大学,exam_syllabus,最新官方大纲题型,未核到最新官方题型说明,,,,0,,missing_public_url,exam_syllabus_web_page,unresolved,9,cell_scope,missing,,7104049cab26bbfe9db59035e71aa0d9e4430873cacc7b319742a370a6244865,院校总表,BU15,BV15,15
中南大学,中南大学,exam_syllabus,政治,101思想政治理论,,,,0,,missing_public_url,exam_syllabus_web_page,unresolved,9,cell_scope,missing,,7104049cab26bbfe9db59035e71aa0d9e4430873cacc7b319742a370a6244865,院校总表,K16,BV16,16
中南大学,中南大学,exam_syllabus,英语,英语二,,,,0,,missing_public_url,exam_syllabus_web_page,unresolved,9,cell_scope,missing,,7104049cab26bbfe9db59035e71aa0d9e4430873cacc7b319742a370a6244865,院校总表,L16,BV16,16
中南大学,中南大学,exam_syllabus,数学/经综,数学三,,,,0,,missing_public_url,exam_syllabus_web_page,unresolved,9,cell_scope,missing,,7104049cab26bbfe9db59035e71aa0d9e4430873cacc7b319742a370a6244865,院校总表,M16,BV16,16
中南大学,中南大学,exam_syllabus,专业课,432统计学,,,,0,,missing_public_url,exam_syllabus_web_page,unresolved,9,cell_scope,missing,,7104049cab26bbfe9db59035e71aa0d9e4430873cacc7b319742a370a6244865,院校总表,N16,BV16,16
中南大学,中南大学,exam_syllabus,官方范围说明,432统计学；目录未列指定书目,,,,0,,missing_public_url,exam_syllabus_web_page,unresolved,9,cell_scope,missing,,7104049cab26bbfe9db59035e71aa0d9e4430873cacc7b319742a370a6244865,院校总表,O16,BV16,16
中南大学,中南大学,exam_syllabus,官方指定教材,2026研招目录未列指定教材,,,,0,,missing_public_url,exam_syllabus_web_page,unresolved,9,cell_scope,missing,,7104049cab26bbfe9db59035e71aa0d9e4430873cacc7b319742a370a6244865,院校总表,P16,BV16,16
中南大学,中南大学,exam_syllabus,官方教材状态,官方目录未指定；不以机构书单冒充官方,,,,0,,missing_public_url,exam_syllabus_web_page,unresolved,9,cell_scope,missing,,7104049cab26bbfe9db59035e71aa0d9e4430873cacc7b319742a370a6244865,院校总表,Q16,BV16,16
中南大学,中南大学,exam_syllabus,真题证据等级,无可读卷证据,,,,0,,missing_public_url,exam_syllabus_web_page,unresolved,9,cell_scope,missing,,7104049cab26bbfe9db59035e71aa0d9e4430873cacc7b319742a370a6244865,院校总表,BT16,BV16,16
中南大学,中南大学,exam_syllabus,最新官方大纲题型,未核到最新官方题型说明,,,,0,,missing_public_url,exam_syllabus_web_page,unresolved,9,cell_scope,missing,,7104049cab26bbfe9db59035e71aa0d9e4430873cacc7b319742a370a6244865,院校总表,BU16,BV16,16
重庆大学,重庆大学,exam_syllabus,政治,101思想政治理论,,,,0,,missing_public_url,exam_syllabus_web_page,unresolved,9,cell_scope,missing,,7104049cab26bbfe9db59035e71aa0d9e4430873cacc7b319742a370a6244865,院校总表,K17,BV17,17
重庆大学,重庆大学,exam_syllabus,英语,英语二,,,,0,,missing_public_url,exam_syllabus_web_page,unresolved,9,cell_scope,missing,,7104049cab26bbfe9db59035e71aa0d9e4430873cacc7b319742a370a6244865,院校总表,L17,BV17,17
重庆大学,重庆大学,exam_syllabus,数学/经综,数学三,,,,0,,missing_public_url,exam_syllabus_web_page,unresolved,9,cell_scope,missing,,7104049cab26bbfe9db59035e71aa0d9e4430873cacc7b319742a370a6244865,院校总表,M17,BV17,17
重庆大学,重庆大学,exam_syllabus,专业课,432统计学,,,,0,,missing_public_url,exam_syllabus_web_page,unresolved,9,cell_scope,missing,,7104049cab26bbfe9db59035e71aa0d9e4430873cacc7b319742a370a6244865,院校总表,N17,BV17,17
重庆大学,重庆大学,exam_syllabus,官方范围说明,432统计学；复试概率论与数理统计,,,,0,,missing_public_url,exam_syllabus_web_page,unresolved,9,cell_scope,missing,,7104049cab26bbfe9db59035e71aa0d9e4430873cacc7b319742a370a6244865,院校总表,O17,BV17,17
重庆大学,重庆大学,exam_syllabus,官方指定教材,2026研招目录未列指定教材,,,,0,,missing_public_url,exam_syllabus_web_page,unresolved,9,cell_scope,missing,,7104049cab26bbfe9db59035e71aa0d9e4430873cacc7b319742a370a6244865,院校总表,P17,BV17,17
重庆大学,重庆大学,exam_syllabus,官方教材状态,官方目录未指定；不以机构书单冒充官方,,,,0,,missing_public_url,exam_syllabus_web_page,unresolved,9,cell_scope,missing,,7104049cab26bbfe9db59035e71aa0d9e4430873cacc7b319742a370a6244865,院校总表,Q17,BV17,17
重庆大学,重庆大学,exam_syllabus,真题证据等级,无可读卷证据,,,,0,,missing_public_url,exam_syllabus_web_page,unresolved,9,cell_scope,missing,,7104049cab26bbfe9db59035e71aa0d9e4430873cacc7b319742a370a6244865,院校总表,BT17,BV17,17
重庆大学,重庆大学,exam_syllabus,最新官方大纲题型,未核到最新官方题型说明,,,,0,,missing_public_url,exam_syllabus_web_page,unresolved,9,cell_scope,missing,,7104049cab26bbfe9db59035e71aa0d9e4430873cacc7b319742a370a6244865,院校总表,BU17,BV17,17
西北工业大学,西北工业大学,exam_syllabus,政治,101思想政治理论,,,,0,,missing_public_url,exam_syllabus_web_page,unresolved,9,cell_scope,missing,,7104049cab26bbfe9db59035e71aa0d9e4430873cacc7b319742a370a6244865,院校总表,K18,BV18,18
西北工业大学,西北工业大学,exam_syllabus,英语,英语一,,,,0,,missing_public_url,exam_syllabus_web_page,unresolved,9,cell_scope,missing,,7104049cab26bbfe9db59035e71aa0d9e4430873cacc7b319742a370a6244865,院校总表,L18,BV18,18
西北工业大学,西北工业大学,exam_syllabus,数学/经综,数学三,,,,0,,missing_public_url,exam_syllabus_web_page,unresolved,9,cell_scope,missing,,7104049cab26bbfe9db59035e71aa0d9e4430873cacc7b319742a370a6244865,院校总表,M18,BV18,18
西北工业大学,西北工业大学,exam_syllabus,专业课,432统计学,,,,0,,missing_public_url,exam_syllabus_web_page,unresolved,9,cell_scope,missing,,7104049cab26bbfe9db59035e71aa0d9e4430873cacc7b319742a370a6244865,院校总表,N18,BV18,18
西北工业大学,西北工业大学,exam_syllabus,官方范围说明,432统计学；目录未列指定书目,,,,0,,missing_public_url,exam_syllabus_web_page,unresolved,9,cell_scope,missing,,7104049cab26bbfe9db59035e71aa0d9e4430873cacc7b319742a370a6244865,院校总表,O18,BV18,18
西北工业大学,西北工业大学,exam_syllabus,官方指定教材,2026研招目录未列指定教材,,,,0,,missing_public_url,exam_syllabus_web_page,unresolved,9,cell_scope,missing,,7104049cab26bbfe9db59035e71aa0d9e4430873cacc7b319742a370a6244865,院校总表,P18,BV18,18
西北工业大学,西北工业大学,exam_syllabus,官方教材状态,官方目录未指定；不以机构书单冒充官方,,,,0,,missing_public_url,exam_syllabus_web_page,unresolved,9,cell_scope,missing,,7104049cab26bbfe9db59035e71aa0d9e4430873cacc7b319742a370a6244865,院校总表,Q18,BV18,18
西北工业大学,西北工业大学,exam_syllabus,真题证据等级,无可读卷证据,,,,0,,missing_public_url,exam_syllabus_web_page,unresolved,9,cell_scope,missing,,7104049cab26bbfe9db59035e71aa0d9e4430873cacc7b319742a370a6244865,院校总表,BT18,BV18,18
西北工业大学,西北工业大学,exam_syllabus,最新官方大纲题型,未核到最新官方题型说明,,,,0,,missing_public_url,exam_syllabus_web_page,unresolved,9,cell_scope,missing,,7104049cab26bbfe9db59035e71aa0d9e4430873cacc7b319742a370a6244865,院校总表,BU18,BV18,18
大连理工大学,大连理工大学,exam_syllabus,政治,101思想政治理论,,,,0,,missing_public_url,exam_syllabus_web_page,unresolved,9,cell_scope,missing,,7104049cab26bbfe9db59035e71aa0d9e4430873cacc7b319742a370a6244865,院校总表,K19,BV19,19
大连理工大学,大连理工大学,exam_syllabus,英语,英语二,,,,0,,missing_public_url,exam_syllabus_web_page,unresolved,9,cell_scope,missing,,7104049cab26bbfe9db59035e71aa0d9e4430873cacc7b319742a370a6244865,院校总表,L19,BV19,19
大连理工大学,大连理工大学,exam_syllabus,数学/经综,数学三,,,,0,,missing_public_url,exam_syllabus_web_page,unresolved,9,cell_scope,missing,,7104049cab26bbfe9db59035e71aa0d9e4430873cacc7b319742a370a6244865,院校总表,M19,BV19,19
大连理工大学,大连理工大学,exam_syllabus,专业课,432统计学,,,,0,,missing_public_url,exam_syllabus_web_page,unresolved,9,cell_scope,missing,,7104049cab26bbfe9db59035e71aa0d9e4430873cacc7b319742a370a6244865,院校总表,N19,BV19,19
大连理工大学,大连理工大学,exam_syllabus,官方范围说明,432统计学；目录未列指定书目,,,,0,,missing_public_url,exam_syllabus_web_page,unresolved,9,cell_scope,missing,,7104049cab26bbfe9db59035e71aa0d9e4430873cacc7b319742a370a6244865,院校总表,O19,BV19,19
大连理工大学,大连理工大学,exam_syllabus,官方指定教材,2026研招目录未列指定教材,,,,0,,missing_public_url,exam_syllabus_web_page,unresolved,9,cell_scope,missing,,7104049cab26bbfe9db59035e71aa0d9e4430873cacc7b319742a370a6244865,院校总表,P19,BV19,19
大连理工大学,大连理工大学,exam_syllabus,官方教材状态,官方目录未指定；不以机构书单冒充官方,,,,0,,missing_public_url,exam_syllabus_web_page,unresolved,9,cell_scope,missing,,7104049cab26bbfe9db59035e71aa0d9e4430873cacc7b319742a370a6244865,院校总表,Q19,BV19,19
大连理工大学,大连理工大学,exam_syllabus,真题证据等级,无可读卷证据,,,,0,,missing_public_url,exam_syllabus_web_page,unresolved,9,cell_scope,missing,,7104049cab26bbfe9db59035e71aa0d9e4430873cacc7b319742a370a6244865,院校总表,BT19,BV19,19
大连理工大学,大连理工大学,exam_syllabus,最新官方大纲题型,未核到最新官方题型说明,,,,0,,missing_public_url,exam_syllabus_web_page,unresolved,9,cell_scope,missing,,7104049cab26bbfe9db59035e71aa0d9e4430873cacc7b319742a370a6244865,院校总表,BU19,BV19,19
东北大学,东北大学,exam_syllabus,政治,101思想政治理论,,,,0,,missing_public_url,exam_syllabus_web_page,unresolved,9,cell_scope,missing,,7104049cab26bbfe9db59035e71aa0d9e4430873cacc7b319742a370a6244865,院校总表,K20,BV20,20
东北大学,东北大学,exam_syllabus,英语,英语二,,,,0,,missing_public_url,exam_syllabus_web_page,unresolved,9,cell_scope,missing,,7104049cab26bbfe9db59035e71aa0d9e4430873cacc7b319742a370a6244865,院校总表,L20,BV20,20
东北大学,东北大学,exam_syllabus,数学/经综,数学三,,,,0,,missing_public_url,exam_syllabus_web_page,unresolved,9,cell_scope,missing,,7104049cab26bbfe9db59035e71aa0d9e4430873cacc7b319742a370a6244865,院校总表,M20,BV20,20
东北大学,东北大学,exam_syllabus,专业课,432统计学,,,,0,,missing_public_url,exam_syllabus_web_page,unresolved,9,cell_scope,missing,,7104049cab26bbfe9db59035e71aa0d9e4430873cacc7b319742a370a6244865,院校总表,N20,BV20,20
东北大学,东北大学,exam_syllabus,官方范围说明,432统计学；目录未列指定书目,,,,0,,missing_public_url,exam_syllabus_web_page,unresolved,9,cell_scope,missing,,7104049cab26bbfe9db59035e71aa0d9e4430873cacc7b319742a370a6244865,院校总表,O20,BV20,20
东北大学,东北大学,exam_syllabus,官方指定教材,2026研招目录未列指定教材,,,,0,,missing_public_url,exam_syllabus_web_page,unresolved,9,cell_scope,missing,,7104049cab26bbfe9db59035e71aa0d9e4430873cacc7b319742a370a6244865,院校总表,P20,BV20,20
东北大学,东北大学,exam_syllabus,官方教材状态,官方目录未指定；不以机构书单冒充官方,,,,0,,missing_public_url,exam_syllabus_web_page,unresolved,9,cell_scope,missing,,7104049cab26bbfe9db59035e71aa0d9e4430873cacc7b319742a370a6244865,院校总表,Q20,BV20,20
东北大学,东北大学,exam_syllabus,真题证据等级,无可读卷证据,,,,0,,missing_public_url,exam_syllabus_web_page,unresolved,9,cell_scope,missing,,7104049cab26bbfe9db59035e71aa0d9e4430873cacc7b319742a370a6244865,院校总表,BT20,BV20,20
东北大学,东北大学,exam_syllabus,最新官方大纲题型,未核到最新官方题型说明,,,,0,,missing_public_url,exam_syllabus_web_page,unresolved,9,cell_scope,missing,,7104049cab26bbfe9db59035e71aa0d9e4430873cacc7b319742a370a6244865,院校总表,BU20,BV20,20
中国人民大学,中国人民大学,exam_syllabus,政治,101思想政治理论,,,,0,,missing_public_url,exam_syllabus_web_page,unresolved,9,cell_scope,missing,,7104049cab26bbfe9db59035e71aa0d9e4430873cacc7b319742a370a6244865,院校总表,K21,BV21,21
中国人民大学,中国人民大学,exam_syllabus,英语,英语一,,,,0,,missing_public_url,exam_syllabus_web_page,unresolved,9,cell_scope,missing,,7104049cab26bbfe9db59035e71aa0d9e4430873cacc7b319742a370a6244865,院校总表,L21,BV21,21
中国人民大学,中国人民大学,exam_syllabus,数学/经综,数学三,,,,0,,missing_public_url,exam_syllabus_web_page,unresolved,9,cell_scope,missing,,7104049cab26bbfe9db59035e71aa0d9e4430873cacc7b319742a370a6244865,院校总表,M21,BV21,21
中国人民大学,中国人民大学,exam_syllabus,专业课,432统计学,,,,0,,missing_public_url,exam_syllabus_web_page,unresolved,9,cell_scope,missing,,7104049cab26bbfe9db59035e71aa0d9e4430873cacc7b319742a370a6244865,院校总表,N21,BV21,21
中国人民大学,中国人民大学,exam_syllabus,官方范围说明,432含概率论、数理统计及统计学基本方法；目录未列指定书目,,,,0,,missing_public_url,exam_syllabus_web_page,unresolved,9,cell_scope,missing,,7104049cab26bbfe9db59035e71aa0d9e4430873cacc7b319742a370a6244865,院校总表,O21,BV21,21
中国人民大学,中国人民大学,exam_syllabus,官方指定教材,2026研招目录未列指定教材,,,,0,,missing_public_url,exam_syllabus_web_page,unresolved,9,cell_scope,missing,,7104049cab26bbfe9db59035e71aa0d9e4430873cacc7b319742a370a6244865,院校总表,P21,BV21,21
中国人民大学,中国人民大学,exam_syllabus,官方教材状态,官方目录未指定；不以机构书单冒充官方,,,,0,,missing_public_url,exam_syllabus_web_page,unresolved,9,cell_scope,missing,,7104049cab26bbfe9db59035e71aa0d9e4430873cacc7b319742a370a6244865,院校总表,Q21,BV21,21
中国人民大学,中国人民大学,exam_syllabus,真题证据等级,无可读卷证据,,,,0,,missing_public_url,exam_syllabus_web_page,unresolved,9,cell_scope,missing,,7104049cab26bbfe9db59035e71aa0d9e4430873cacc7b319742a370a6244865,院校总表,BT21,BV21,21
中国人民大学,中国人民大学,exam_syllabus,最新官方大纲题型,未核到最新官方题型说明,,,,0,,missing_public_url,exam_syllabus_web_page,unresolved,9,cell_scope,missing,,7104049cab26bbfe9db59035e71aa0d9e4430873cacc7b319742a370a6244865,院校总表,BU21,BV21,21
哈尔滨工业大学,哈尔滨工业大学,exam_syllabus,政治,101思想政治理论,,,,0,,missing_public_url,exam_syllabus_web_page,unresolved,9,cell_scope,missing,,7104049cab26bbfe9db59035e71aa0d9e4430873cacc7b319742a370a6244865,院校总表,K22,BV22,22
哈尔滨工业大学,哈尔滨工业大学,exam_syllabus,英语,英语一,,,,0,,missing_public_url,exam_syllabus_web_page,unresolved,9,cell_scope,missing,,7104049cab26bbfe9db59035e71aa0d9e4430873cacc7b319742a370a6244865,院校总表,L22,BV22,22
哈尔滨工业大学,哈尔滨工业大学,exam_syllabus,数学/经综,数学三,,,,0,,missing_public_url,exam_syllabus_web_page,unresolved,9,cell_scope,missing,,7104049cab26bbfe9db59035e71aa0d9e4430873cacc7b319742a370a6244865,院校总表,M22,BV22,22
哈尔滨工业大学,哈尔滨工业大学,exam_syllabus,专业课,432统计学,,,,0,,missing_public_url,exam_syllabus_web_page,unresolved,9,cell_scope,missing,,7104049cab26bbfe9db59035e71aa0d9e4430873cacc7b319742a370a6244865,院校总表,N22,BV22,22
哈尔滨工业大学,哈尔滨工业大学,exam_syllabus,官方范围说明,432统计学；目录未列指定书目,,,,0,,missing_public_url,exam_syllabus_web_page,unresolved,9,cell_scope,missing,,7104049cab26bbfe9db59035e71aa0d9e4430873cacc7b319742a370a6244865,院校总表,O22,BV22,22
哈尔滨工业大学,哈尔滨工业大学,exam_syllabus,官方指定教材,2026研招目录未列指定教材,,,,0,,missing_public_url,exam_syllabus_web_page,unresolved,9,cell_scope,missing,,7104049cab26bbfe9db59035e71aa0d9e4430873cacc7b319742a370a6244865,院校总表,P22,BV22,22
哈尔滨工业大学,哈尔滨工业大学,exam_syllabus,官方教材状态,官方目录未指定；不以机构书单冒充官方,,,,0,,missing_public_url,exam_syllabus_web_page,unresolved,9,cell_scope,missing,,7104049cab26bbfe9db59035e71aa0d9e4430873cacc7b319742a370a6244865,院校总表,Q22,BV22,22
哈尔滨工业大学,哈尔滨工业大学,exam_syllabus,真题证据等级,无可读卷证据,,,,0,,missing_public_url,exam_syllabus_web_page,unresolved,9,cell_scope,missing,,7104049cab26bbfe9db59035e71aa0d9e4430873cacc7b319742a370a6244865,院校总表,BT22,BV22,22
哈尔滨工业大学,哈尔滨工业大学,exam_syllabus,最新官方大纲题型,未核到最新官方题型说明,,,,0,,missing_public_url,exam_syllabus_web_page,unresolved,9,cell_scope,missing,,7104049cab26bbfe9db59035e71aa0d9e4430873cacc7b319742a370a6244865,院校总表,BU22,BV22,22
合肥工业大学,合肥工业大学,exam_syllabus,政治,101思想政治理论,https://yjszs.hfut.edu.cn/_upload/article/files/d1/5a/4a20a87c4642b45c6285759ffd2c/6032ae67-848f-4f1f-a844-ee66b66bebfb.pdf,72f577421c64b538,1,1,yjszs.hfut.edu.cn,university_official,exam_syllabus_pdf,primary_official,1,direct_cell,recorded,https://yjszs.hfut.edu.cn/_upload/article/files/d1/5a/4a20a87c4642b45c6285759ffd2c/6032ae67-848f-4f1f-a844-ee66b66bebfb.pdf,7104049cab26bbfe9db59035e71aa0d9e4430873cacc7b319742a370a6244865,院校总表,K23,BV23,23
合肥工业大学,合肥工业大学,exam_syllabus,英语,英语二,https://yjszs.hfut.edu.cn/_upload/article/files/d1/5a/4a20a87c4642b45c6285759ffd2c/6032ae67-848f-4f1f-a844-ee66b66bebfb.pdf,72f577421c64b538,1,1,yjszs.hfut.edu.cn,university_official,exam_syllabus_pdf,primary_official,1,direct_cell,recorded,https://yjszs.hfut.edu.cn/_upload/article/files/d1/5a/4a20a87c4642b45c6285759ffd2c/6032ae67-848f-4f1f-a844-ee66b66bebfb.pdf,7104049cab26bbfe9db59035e71aa0d9e4430873cacc7b319742a370a6244865,院校总表,L23,BV23,23
合肥工业大学,合肥工业大学,exam_syllabus,数学/经综,数学三,https://yjszs.hfut.edu.cn/_upload/article/files/d1/5a/4a20a87c4642b45c6285759ffd2c/6032ae67-848f-4f1f-a844-ee66b66bebfb.pdf,72f577421c64b538,1,1,yjszs.hfut.edu.cn,university_official,exam_syllabus_pdf,primary_official,1,direct_cell,recorded,https://yjszs.hfut.edu.cn/_upload/article/files/d1/5a/4a20a87c4642b45c6285759ffd2c/6032ae67-848f-4f1f-a844-ee66b66bebfb.pdf,7104049cab26bbfe9db59035e71aa0d9e4430873cacc7b319742a370a6244865,院校总表,M23,BV23,23
合肥工业大学,合肥工业大学,exam_syllabus,专业课,432统计学,https://yjszs.hfut.edu.cn/_upload/article/files/d1/5a/4a20a87c4642b45c6285759ffd2c/6032ae67-848f-4f1f-a844-ee66b66bebfb.pdf,72f577421c64b538,1,1,yjszs.hfut.edu.cn,university_official,exam_syllabus_pdf,primary_official,1,direct_cell,recorded,https://yjszs.hfut.edu.cn/_upload/article/files/d1/5a/4a20a87c4642b45c6285759ffd2c/6032ae67-848f-4f1f-a844-ee66b66bebfb.pdf,7104049cab26bbfe9db59035e71aa0d9e4430873cacc7b319742a370a6244865,院校总表,N23,BV23,23
合肥工业大学,合肥工业大学,exam_syllabus,官方范围说明,432统计学；2026最新交互目录存在，但本轮未稳定读取附件内题型/书目,https://yjszs.hfut.edu.cn/_upload/article/files/d1/5a/4a20a87c4642b45c6285759ffd2c/6032ae67-848f-4f1f-a844-ee66b66bebfb.pdf,72f577421c64b538,1,1,yjszs.hfut.edu.cn,university_official,exam_syllabus_pdf,primary_official,1,direct_cell,recorded,https://yjszs.hfut.edu.cn/_upload/article/files/d1/5a/4a20a87c4642b45c6285759ffd2c/6032ae67-848f-4f1f-a844-ee66b66bebfb.pdf,7104049cab26bbfe9db59035e71aa0d9e4430873cacc7b319742a370a6244865,院校总表,O23,BV23,23
合肥工业大学,合肥工业大学,exam_syllabus,官方指定教材,贾俊平等《统计学》第7版，中国人民大学出版社，2018（2023官方旧版大纲）,https://yjszs.hfut.edu.cn/_upload/article/files/d1/5a/4a20a87c4642b45c6285759ffd2c/6032ae67-848f-4f1f-a844-ee66b66bebfb.pdf,72f577421c64b538,1,1,yjszs.hfut.edu.cn,university_official,exam_syllabus_pdf,primary_official,1,direct_cell,recorded,https://yjszs.hfut.edu.cn/_upload/article/files/d1/5a/4a20a87c4642b45c6285759ffd2c/6032ae67-848f-4f1f-a844-ee66b66bebfb.pdf,7104049cab26bbfe9db59035e71aa0d9e4430873cacc7b319742a370a6244865,院校总表,P23,BV23,23
合肥工业大学,合肥工业大学,exam_syllabus,官方教材状态,官方旧（2023）；2026交互目录待复核，不标作最新指定教材,https://yjszs.hfut.edu.cn/_upload/article/files/d1/5a/4a20a87c4642b45c6285759ffd2c/6032ae67-848f-4f1f-a844-ee66b66bebfb.pdf,72f577421c64b538,1,1,yjszs.hfut.edu.cn,university_official,exam_syllabus_pdf,primary_official,1,direct_cell,recorded,https://yjszs.hfut.edu.cn/_upload/article/files/d1/5a/4a20a87c4642b45c6285759ffd2c/6032ae67-848f-4f1f-a844-ee66b66bebfb.pdf,7104049cab26bbfe9db59035e71aa0d9e4430873cacc7b319742a370a6244865,院校总表,Q23,BV23,23
合肥工业大学,合肥工业大学,exam_syllabus,真题证据等级,B：2023官方旧大纲；未核到可读原卷,https://yjszs.hfut.edu.cn/_upload/article/files/d1/5a/4a20a87c4642b45c6285759ffd2c/6032ae67-848f-4f1f-a844-ee66b66bebfb.pdf,72f577421c64b538,1,1,yjszs.hfut.edu.cn,university_official,exam_syllabus_pdf,primary_official,1,direct_cell,recorded,https://yjszs.hfut.edu.cn/_upload/article/files/d1/5a/4a20a87c4642b45c6285759ffd2c/6032ae67-848f-4f1f-a844-ee66b66bebfb.pdf,7104049cab26bbfe9db59035e71aa0d9e4430873cacc7b319742a370a6244865,院校总表,BT23,BV23,23
合肥工业大学,合肥工业大学,exam_syllabus,最新官方大纲题型,2023官方旧大纲未披露题型比例；2026待核,https://yjszs.hfut.edu.cn/_upload/article/files/d1/5a/4a20a87c4642b45c6285759ffd2c/6032ae67-848f-4f1f-a844-ee66b66bebfb.pdf,72f577421c64b538,1,1,yjszs.hfut.edu.cn,university_official,exam_syllabus_pdf,primary_official,1,direct_cell,recorded,https://yjszs.hfut.edu.cn/_upload/article/files/d1/5a/4a20a87c4642b45c6285759ffd2c/6032ae67-848f-4f1f-a844-ee66b66bebfb.pdf,7104049cab26bbfe9db59035e71aa0d9e4430873cacc7b319742a370a6244865,院校总表,BU23,BV23,23
中山大学,中山大学,exam_syllabus,政治,101思想政治理论,,,,0,,missing_public_url,exam_syllabus_web_page,unresolved,9,cell_scope,missing,,7104049cab26bbfe9db59035e71aa0d9e4430873cacc7b319742a370a6244865,院校总表,K24,BV24,24
中山大学,中山大学,exam_syllabus,英语,英语二,,,,0,,missing_public_url,exam_syllabus_web_page,unresolved,9,cell_scope,missing,,7104049cab26bbfe9db59035e71aa0d9e4430873cacc7b319742a370a6244865,院校总表,L24,BV24,24
中山大学,中山大学,exam_syllabus,数学/经综,数学三,,,,0,,missing_public_url,exam_syllabus_web_page,unresolved,9,cell_scope,missing,,7104049cab26bbfe9db59035e71aa0d9e4430873cacc7b319742a370a6244865,院校总表,M24,BV24,24
中山大学,中山大学,exam_syllabus,专业课,432统计学,,,,0,,missing_public_url,exam_syllabus_web_page,unresolved,9,cell_scope,missing,,7104049cab26bbfe9db59035e71aa0d9e4430873cacc7b319742a370a6244865,院校总表,N24,BV24,24
中山大学,中山大学,exam_syllabus,官方范围说明,432统计学；目录未列指定书目,,,,0,,missing_public_url,exam_syllabus_web_page,unresolved,9,cell_scope,missing,,7104049cab26bbfe9db59035e71aa0d9e4430873cacc7b319742a370a6244865,院校总表,O24,BV24,24
中山大学,中山大学,exam_syllabus,官方指定教材,2026研招目录未列指定教材,,,,0,,missing_public_url,exam_syllabus_web_page,unresolved,9,cell_scope,missing,,7104049cab26bbfe9db59035e71aa0d9e4430873cacc7b319742a370a6244865,院校总表,P24,BV24,24
中山大学,中山大学,exam_syllabus,官方教材状态,官方目录未指定；不以机构书单冒充官方,,,,0,,missing_public_url,exam_syllabus_web_page,unresolved,9,cell_scope,missing,,7104049cab26bbfe9db59035e71aa0d9e4430873cacc7b319742a370a6244865,院校总表,Q24,BV24,24
中山大学,中山大学,exam_syllabus,真题证据等级,无可读卷证据,,,,0,,missing_public_url,exam_syllabus_web_page,unresolved,9,cell_scope,missing,,7104049cab26bbfe9db59035e71aa0d9e4430873cacc7b319742a370a6244865,院校总表,BT24,BV24,24
中山大学,中山大学,exam_syllabus,最新官方大纲题型,未核到最新官方题型说明,,,,0,,missing_public_url,exam_syllabus_web_page,unresolved,9,cell_scope,missing,,7104049cab26bbfe9db59035e71aa0d9e4430873cacc7b319742a370a6244865,院校总表,BU24,BV24,24
厦门大学,厦门大学,exam_syllabus,政治,101思想政治理论,,,,0,,missing_public_url,exam_syllabus_web_page,unresolved,9,cell_scope,missing,,7104049cab26bbfe9db59035e71aa0d9e4430873cacc7b319742a370a6244865,院校总表,K25,BV25,25
厦门大学,厦门大学,exam_syllabus,英语,英语一；英语二,,,,0,,missing_public_url,exam_syllabus_web_page,unresolved,9,cell_scope,missing,,7104049cab26bbfe9db59035e71aa0d9e4430873cacc7b319742a370a6244865,院校总表,L25,BV25,25
厦门大学,厦门大学,exam_syllabus,数学/经综,数学三；396经综,,,,0,,missing_public_url,exam_syllabus_web_page,unresolved,9,cell_scope,missing,,7104049cab26bbfe9db59035e71aa0d9e4430873cacc7b319742a370a6244865,院校总表,M25,BV25,25
厦门大学,厦门大学,exam_syllabus,专业课,432统计学,,,,0,,missing_public_url,exam_syllabus_web_page,unresolved,9,cell_scope,missing,,7104049cab26bbfe9db59035e71aa0d9e4430873cacc7b319742a370a6244865,院校总表,N25,BV25,25
厦门大学,厦门大学,exam_syllabus,官方范围说明,432统计学；两院公共课组合不同，目录未列指定书目,,,,0,,missing_public_url,exam_syllabus_web_page,unresolved,9,cell_scope,missing,,7104049cab26bbfe9db59035e71aa0d9e4430873cacc7b319742a370a6244865,院校总表,O25,BV25,25
厦门大学,厦门大学,exam_syllabus,官方指定教材,2026研招目录未列指定教材,,,,0,,missing_public_url,exam_syllabus_web_page,unresolved,9,cell_scope,missing,,7104049cab26bbfe9db59035e71aa0d9e4430873cacc7b319742a370a6244865,院校总表,P25,BV25,25
厦门大学,厦门大学,exam_syllabus,官方教材状态,官方目录未指定；不以机构书单冒充官方,,,,0,,missing_public_url,exam_syllabus_web_page,unresolved,9,cell_scope,missing,,7104049cab26bbfe9db59035e71aa0d9e4430873cacc7b319742a370a6244865,院校总表,Q25,BV25,25
厦门大学,厦门大学,exam_syllabus,真题证据等级,无可读卷证据,,,,0,,missing_public_url,exam_syllabus_web_page,unresolved,9,cell_scope,missing,,7104049cab26bbfe9db59035e71aa0d9e4430873cacc7b319742a370a6244865,院校总表,BT25,BV25,25
厦门大学,厦门大学,exam_syllabus,最新官方大纲题型,未核到最新官方题型说明,,,,0,,missing_public_url,exam_syllabus_web_page,unresolved,9,cell_scope,missing,,7104049cab26bbfe9db59035e71aa0d9e4430873cacc7b319742a370a6244865,院校总表,BU25,BV25,25
山东大学,山东大学,exam_syllabus,政治,101思想政治理论,https://qlyxjxgl.sdu.edu.cn/info/1003/1210.htm,627af4d8f8f6dfc0,1,1,qlyxjxgl.sdu.edu.cn,university_official,exam_syllabus_web_page,primary_official,1,direct_cell,recorded,https://qlyxjxgl.sdu.edu.cn/info/1003/1210.htm,7104049cab26bbfe9db59035e71aa0d9e4430873cacc7b319742a370a6244865,院校总表,K26,BV26,26
山东大学,山东大学,exam_syllabus,英语,英语二,https://qlyxjxgl.sdu.edu.cn/info/1003/1210.htm,627af4d8f8f6dfc0,1,1,qlyxjxgl.sdu.edu.cn,university_official,exam_syllabus_web_page,primary_official,1,direct_cell,recorded,https://qlyxjxgl.sdu.edu.cn/info/1003/1210.htm,7104049cab26bbfe9db59035e71aa0d9e4430873cacc7b319742a370a6244865,院校总表,L26,BV26,26
山东大学,山东大学,exam_syllabus,数学/经综,396经综,https://qlyxjxgl.sdu.edu.cn/info/1003/1210.htm,627af4d8f8f6dfc0,1,1,qlyxjxgl.sdu.edu.cn,university_official,exam_syllabus_web_page,primary_official,1,direct_cell,recorded,https://qlyxjxgl.sdu.edu.cn/info/1003/1210.htm,7104049cab26bbfe9db59035e71aa0d9e4430873cacc7b319742a370a6244865,院校总表,M26,BV26,26
山东大学,山东大学,exam_syllabus,专业课,432统计学,https://qlyxjxgl.sdu.edu.cn/info/1003/1210.htm,627af4d8f8f6dfc0,1,1,qlyxjxgl.sdu.edu.cn,university_official,exam_syllabus_web_page,primary_official,1,direct_cell,recorded,https://qlyxjxgl.sdu.edu.cn/info/1003/1210.htm,7104049cab26bbfe9db59035e71aa0d9e4430873cacc7b319742a370a6244865,院校总表,N26,BV26,26
山东大学,山东大学,exam_syllabus,官方范围说明,432统计学；2026第三单元为396经综,https://qlyxjxgl.sdu.edu.cn/info/1003/1210.htm,627af4d8f8f6dfc0,1,1,qlyxjxgl.sdu.edu.cn,university_official,exam_syllabus_web_page,primary_official,1,direct_cell,recorded,https://qlyxjxgl.sdu.edu.cn/info/1003/1210.htm,7104049cab26bbfe9db59035e71aa0d9e4430873cacc7b319742a370a6244865,院校总表,O26,BV26,26
山东大学,山东大学,exam_syllabus,官方指定教材,2026研招目录未列指定教材,https://qlyxjxgl.sdu.edu.cn/info/1003/1210.htm,627af4d8f8f6dfc0,1,1,qlyxjxgl.sdu.edu.cn,university_official,exam_syllabus_web_page,primary_official,1,direct_cell,recorded,https://qlyxjxgl.sdu.edu.cn/info/1003/1210.htm,7104049cab26bbfe9db59035e71aa0d9e4430873cacc7b319742a370a6244865,院校总表,P26,BV26,26
山东大学,山东大学,exam_syllabus,官方教材状态,官方目录未指定；不以机构书单冒充官方,https://qlyxjxgl.sdu.edu.cn/info/1003/1210.htm,627af4d8f8f6dfc0,1,1,qlyxjxgl.sdu.edu.cn,university_official,exam_syllabus_web_page,primary_official,1,direct_cell,recorded,https://qlyxjxgl.sdu.edu.cn/info/1003/1210.htm,7104049cab26bbfe9db59035e71aa0d9e4430873cacc7b319742a370a6244865,院校总表,Q26,BV26,26
山东大学,山东大学,exam_syllabus,真题证据等级,A：1份官方完整旧卷,https://qlyxjxgl.sdu.edu.cn/info/1003/1210.htm,627af4d8f8f6dfc0,1,1,qlyxjxgl.sdu.edu.cn,university_official,exam_syllabus_web_page,primary_official,1,direct_cell,recorded,https://qlyxjxgl.sdu.edu.cn/info/1003/1210.htm,7104049cab26bbfe9db59035e71aa0d9e4430873cacc7b319742a370a6244865,院校总表,BT26,BV26,26
山东大学,山东大学,exam_syllabus,最新官方大纲题型,官方页面提示以后题型可能变化；不得直接外推2026,https://qlyxjxgl.sdu.edu.cn/info/1003/1210.htm,627af4d8f8f6dfc0,1,1,qlyxjxgl.sdu.edu.cn,university_official,exam_syllabus_web_page,primary_official,1,direct_cell,recorded,https://qlyxjxgl.sdu.edu.cn/info/1003/1210.htm,7104049cab26bbfe9db59035e71aa0d9e4430873cacc7b319742a370a6244865,院校总表,BU26,BV26,26
武汉大学,武汉大学,exam_syllabus,政治,101思想政治理论,,,,0,,missing_public_url,exam_syllabus_web_page,unresolved,9,cell_scope,missing,,7104049cab26bbfe9db59035e71aa0d9e4430873cacc7b319742a370a6244865,院校总表,K27,BV27,27
武汉大学,武汉大学,exam_syllabus,英语,英语二,,,,0,,missing_public_url,exam_syllabus_web_page,unresolved,9,cell_scope,missing,,7104049cab26bbfe9db59035e71aa0d9e4430873cacc7b319742a370a6244865,院校总表,L27,BV27,27
武汉大学,武汉大学,exam_syllabus,数学/经综,数学三,,,,0,,missing_public_url,exam_syllabus_web_page,unresolved,9,cell_scope,missing,,7104049cab26bbfe9db59035e71aa0d9e4430873cacc7b319742a370a6244865,院校总表,M27,BV27,27
武汉大学,武汉大学,exam_syllabus,专业课,432统计学,,,,0,,missing_public_url,exam_syllabus_web_page,unresolved,9,cell_scope,missing,,7104049cab26bbfe9db59035e71aa0d9e4430873cacc7b319742a370a6244865,院校总表,N27,BV27,27
武汉大学,武汉大学,exam_syllabus,官方范围说明,432统计学；目录未列指定书目,,,,0,,missing_public_url,exam_syllabus_web_page,unresolved,9,cell_scope,missing,,7104049cab26bbfe9db59035e71aa0d9e4430873cacc7b319742a370a6244865,院校总表,O27,BV27,27
武汉大学,武汉大学,exam_syllabus,官方指定教材,2026研招目录未列指定教材,,,,0,,missing_public_url,exam_syllabus_web_page,unresolved,9,cell_scope,missing,,7104049cab26bbfe9db59035e71aa0d9e4430873cacc7b319742a370a6244865,院校总表,P27,BV27,27
武汉大学,武汉大学,exam_syllabus,官方教材状态,官方目录未指定；不以机构书单冒充官方,,,,0,,missing_public_url,exam_syllabus_web_page,unresolved,9,cell_scope,missing,,7104049cab26bbfe9db59035e71aa0d9e4430873cacc7b319742a370a6244865,院校总表,Q27,BV27,27
武汉大学,武汉大学,exam_syllabus,真题证据等级,无可读卷证据,,,,0,,missing_public_url,exam_syllabus_web_page,unresolved,9,cell_scope,missing,,7104049cab26bbfe9db59035e71aa0d9e4430873cacc7b319742a370a6244865,院校总表,BT27,BV27,27
武汉大学,武汉大学,exam_syllabus,最新官方大纲题型,未核到最新官方题型说明,,,,0,,missing_public_url,exam_syllabus_web_page,unresolved,9,cell_scope,missing,,7104049cab26bbfe9db59035e71aa0d9e4430873cacc7b319742a370a6244865,院校总表,BU27,BV27,27
太原理工大学,太原理工大学,exam_syllabus,政治,101思想政治理论,,,,0,,missing_public_url,exam_syllabus_web_page,unresolved,9,cell_scope,missing,,7104049cab26bbfe9db59035e71aa0d9e4430873cacc7b319742a370a6244865,院校总表,K28,BV28,28
太原理工大学,太原理工大学,exam_syllabus,英语,英语二,,,,0,,missing_public_url,exam_syllabus_web_page,unresolved,9,cell_scope,missing,,7104049cab26bbfe9db59035e71aa0d9e4430873cacc7b319742a370a6244865,院校总表,L28,BV28,28
太原理工大学,太原理工大学,exam_syllabus,数学/经综,数学三,,,,0,,missing_public_url,exam_syllabus_web_page,unresolved,9,cell_scope,missing,,7104049cab26bbfe9db59035e71aa0d9e4430873cacc7b319742a370a6244865,院校总表,M28,BV28,28
太原理工大学,太原理工大学,exam_syllabus,专业课,432统计学,,,,0,,missing_public_url,exam_syllabus_web_page,unresolved,9,cell_scope,missing,,7104049cab26bbfe9db59035e71aa0d9e4430873cacc7b319742a370a6244865,院校总表,N28,BV28,28
太原理工大学,太原理工大学,exam_syllabus,官方范围说明,432统计学；方向含生医统计、大数据、社会经济统计,,,,0,,missing_public_url,exam_syllabus_web_page,unresolved,9,cell_scope,missing,,7104049cab26bbfe9db59035e71aa0d9e4430873cacc7b319742a370a6244865,院校总表,O28,BV28,28
太原理工大学,太原理工大学,exam_syllabus,官方指定教材,2026研招目录未列指定教材,,,,0,,missing_public_url,exam_syllabus_web_page,unresolved,9,cell_scope,missing,,7104049cab26bbfe9db59035e71aa0d9e4430873cacc7b319742a370a6244865,院校总表,P28,BV28,28
太原理工大学,太原理工大学,exam_syllabus,官方教材状态,官方目录未指定；不以机构书单冒充官方,,,,0,,missing_public_url,exam_syllabus_web_page,unresolved,9,cell_scope,missing,,7104049cab26bbfe9db59035e71aa0d9e4430873cacc7b319742a370a6244865,院校总表,Q28,BV28,28
太原理工大学,太原理工大学,exam_syllabus,真题证据等级,无可读卷证据,,,,0,,missing_public_url,exam_syllabus_web_page,unresolved,9,cell_scope,missing,,7104049cab26bbfe9db59035e71aa0d9e4430873cacc7b319742a370a6244865,院校总表,BT28,BV28,28
太原理工大学,太原理工大学,exam_syllabus,最新官方大纲题型,未核到最新官方题型说明,,,,0,,missing_public_url,exam_syllabus_web_page,unresolved,9,cell_scope,missing,,7104049cab26bbfe9db59035e71aa0d9e4430873cacc7b319742a370a6244865,院校总表,BU28,BV28,28
上海财经大学,上海财经大学,exam_syllabus,政治,101思想政治理论,,,,0,,missing_public_url,exam_syllabus_web_page,unresolved,9,cell_scope,missing,,7104049cab26bbfe9db59035e71aa0d9e4430873cacc7b319742a370a6244865,院校总表,K29,BV29,29
上海财经大学,上海财经大学,exam_syllabus,英语,英语二,,,,0,,missing_public_url,exam_syllabus_web_page,unresolved,9,cell_scope,missing,,7104049cab26bbfe9db59035e71aa0d9e4430873cacc7b319742a370a6244865,院校总表,L29,BV29,29
上海财经大学,上海财经大学,exam_syllabus,数学/经综,数学三,,,,0,,missing_public_url,exam_syllabus_web_page,unresolved,9,cell_scope,missing,,7104049cab26bbfe9db59035e71aa0d9e4430873cacc7b319742a370a6244865,院校总表,M29,BV29,29
上海财经大学,上海财经大学,exam_syllabus,专业课,432统计学,,,,0,,missing_public_url,exam_syllabus_web_page,unresolved,9,cell_scope,missing,,7104049cab26bbfe9db59035e71aa0d9e4430873cacc7b319742a370a6244865,院校总表,N29,BV29,29
上海财经大学,上海财经大学,exam_syllabus,官方范围说明,432统计学；目录未列指定书目,,,,0,,missing_public_url,exam_syllabus_web_page,unresolved,9,cell_scope,missing,,7104049cab26bbfe9db59035e71aa0d9e4430873cacc7b319742a370a6244865,院校总表,O29,BV29,29
上海财经大学,上海财经大学,exam_syllabus,官方指定教材,2026研招目录未列指定教材,,,,0,,missing_public_url,exam_syllabus_web_page,unresolved,9,cell_scope,missing,,7104049cab26bbfe9db59035e71aa0d9e4430873cacc7b319742a370a6244865,院校总表,P29,BV29,29
上海财经大学,上海财经大学,exam_syllabus,官方教材状态,官方目录未指定；不以机构书单冒充官方,,,,0,,missing_public_url,exam_syllabus_web_page,unresolved,9,cell_scope,missing,,7104049cab26bbfe9db59035e71aa0d9e4430873cacc7b319742a370a6244865,院校总表,Q29,BV29,29
上海财经大学,上海财经大学,exam_syllabus,真题证据等级,无可读卷证据,,,,0,,missing_public_url,exam_syllabus_web_page,unresolved,9,cell_scope,missing,,7104049cab26bbfe9db59035e71aa0d9e4430873cacc7b319742a370a6244865,院校总表,BT29,BV29,29
上海财经大学,上海财经大学,exam_syllabus,最新官方大纲题型,未核到最新官方题型说明,,,,0,,missing_public_url,exam_syllabus_web_page,unresolved,9,cell_scope,missing,,7104049cab26bbfe9db59035e71aa0d9e4430873cacc7b319742a370a6244865,院校总表,BU29,BV29,29
西南财经大学,西南财经大学,exam_syllabus,政治,101思想政治理论,,,,0,,missing_public_url,exam_syllabus_web_page,unresolved,9,cell_scope,missing,,7104049cab26bbfe9db59035e71aa0d9e4430873cacc7b319742a370a6244865,院校总表,K30,BV30,30
西南财经大学,西南财经大学,exam_syllabus,英语,英语二,,,,0,,missing_public_url,exam_syllabus_web_page,unresolved,9,cell_scope,missing,,7104049cab26bbfe9db59035e71aa0d9e4430873cacc7b319742a370a6244865,院校总表,L30,BV30,30
西南财经大学,西南财经大学,exam_syllabus,数学/经综,数学三,,,,0,,missing_public_url,exam_syllabus_web_page,unresolved,9,cell_scope,missing,,7104049cab26bbfe9db59035e71aa0d9e4430873cacc7b319742a370a6244865,院校总表,M30,BV30,30
西南财经大学,西南财经大学,exam_syllabus,专业课,432统计学,,,,0,,missing_public_url,exam_syllabus_web_page,unresolved,9,cell_scope,missing,,7104049cab26bbfe9db59035e71aa0d9e4430873cacc7b319742a370a6244865,院校总表,N30,BV30,30
西南财经大学,西南财经大学,exam_syllabus,官方范围说明,432统计学；目录未列指定书目,,,,0,,missing_public_url,exam_syllabus_web_page,unresolved,9,cell_scope,missing,,7104049cab26bbfe9db59035e71aa0d9e4430873cacc7b319742a370a6244865,院校总表,O30,BV30,30
西南财经大学,西南财经大学,exam_syllabus,官方指定教材,2026研招目录未列指定教材,,,,0,,missing_public_url,exam_syllabus_web_page,unresolved,9,cell_scope,missing,,7104049cab26bbfe9db59035e71aa0d9e4430873cacc7b319742a370a6244865,院校总表,P30,BV30,30
西南财经大学,西南财经大学,exam_syllabus,官方教材状态,官方目录未指定；不以机构书单冒充官方,,,,0,,missing_public_url,exam_syllabus_web_page,unresolved,9,cell_scope,missing,,7104049cab26bbfe9db59035e71aa0d9e4430873cacc7b319742a370a6244865,院校总表,Q30,BV30,30
西南财经大学,西南财经大学,exam_syllabus,真题证据等级,无可读卷证据,,,,0,,missing_public_url,exam_syllabus_web_page,unresolved,9,cell_scope,missing,,7104049cab26bbfe9db59035e71aa0d9e4430873cacc7b319742a370a6244865,院校总表,BT30,BV30,30
西南财经大学,西南财经大学,exam_syllabus,最新官方大纲题型,未核到最新官方题型说明,,,,0,,missing_public_url,exam_syllabus_web_page,unresolved,9,cell_scope,missing,,7104049cab26bbfe9db59035e71aa0d9e4430873cacc7b319742a370a6244865,院校总表,BU30,BV30,30
中央财经大学,中央财经大学,exam_syllabus,政治,101思想政治理论,,,,0,,missing_public_url,exam_syllabus_web_page,unresolved,9,cell_scope,missing,,7104049cab26bbfe9db59035e71aa0d9e4430873cacc7b319742a370a6244865,院校总表,K31,BV31,31
中央财经大学,中央财经大学,exam_syllabus,英语,英语一,,,,0,,missing_public_url,exam_syllabus_web_page,unresolved,9,cell_scope,missing,,7104049cab26bbfe9db59035e71aa0d9e4430873cacc7b319742a370a6244865,院校总表,L31,BV31,31
中央财经大学,中央财经大学,exam_syllabus,数学/经综,数学三,,,,0,,missing_public_url,exam_syllabus_web_page,unresolved,9,cell_scope,missing,,7104049cab26bbfe9db59035e71aa0d9e4430873cacc7b319742a370a6244865,院校总表,M31,BV31,31
中央财经大学,中央财经大学,exam_syllabus,专业课,432统计学,,,,0,,missing_public_url,exam_syllabus_web_page,unresolved,9,cell_scope,missing,,7104049cab26bbfe9db59035e71aa0d9e4430873cacc7b319742a370a6244865,院校总表,N31,BV31,31
中央财经大学,中央财经大学,exam_syllabus,官方范围说明,432统计学；目录未列指定书目,,,,0,,missing_public_url,exam_syllabus_web_page,unresolved,9,cell_scope,missing,,7104049cab26bbfe9db59035e71aa0d9e4430873cacc7b319742a370a6244865,院校总表,O31,BV31,31
中央财经大学,中央财经大学,exam_syllabus,官方指定教材,2026研招目录未列指定教材,,,,0,,missing_public_url,exam_syllabus_web_page,unresolved,9,cell_scope,missing,,7104049cab26bbfe9db59035e71aa0d9e4430873cacc7b319742a370a6244865,院校总表,P31,BV31,31
中央财经大学,中央财经大学,exam_syllabus,官方教材状态,官方目录未指定；不以机构书单冒充官方,,,,0,,missing_public_url,exam_syllabus_web_page,unresolved,9,cell_scope,missing,,7104049cab26bbfe9db59035e71aa0d9e4430873cacc7b319742a370a6244865,院校总表,Q31,BV31,31
中央财经大学,中央财经大学,exam_syllabus,真题证据等级,无可读卷证据,,,,0,,missing_public_url,exam_syllabus_web_page,unresolved,9,cell_scope,missing,,7104049cab26bbfe9db59035e71aa0d9e4430873cacc7b319742a370a6244865,院校总表,BT31,BV31,31
中央财经大学,中央财经大学,exam_syllabus,最新官方大纲题型,未核到最新官方题型说明,,,,0,,missing_public_url,exam_syllabus_web_page,unresolved,9,cell_scope,missing,,7104049cab26bbfe9db59035e71aa0d9e4430873cacc7b319742a370a6244865,院校总表,BU31,BV31,31
湖南大学,湖南大学,exam_syllabus,政治,101思想政治理论,,,,0,,missing_public_url,exam_syllabus_web_page,unresolved,9,cell_scope,missing,,7104049cab26bbfe9db59035e71aa0d9e4430873cacc7b319742a370a6244865,院校总表,K32,BV32,32
湖南大学,湖南大学,exam_syllabus,英语,英语二,,,,0,,missing_public_url,exam_syllabus_web_page,unresolved,9,cell_scope,missing,,7104049cab26bbfe9db59035e71aa0d9e4430873cacc7b319742a370a6244865,院校总表,L32,BV32,32
湖南大学,湖南大学,exam_syllabus,数学/经综,396经济类综合能力,,,,0,,missing_public_url,exam_syllabus_web_page,unresolved,9,cell_scope,missing,,7104049cab26bbfe9db59035e71aa0d9e4430873cacc7b319742a370a6244865,院校总表,M32,BV32,32
湖南大学,湖南大学,exam_syllabus,专业课,432统计学,,,,0,,missing_public_url,exam_syllabus_web_page,unresolved,9,cell_scope,missing,,7104049cab26bbfe9db59035e71aa0d9e4430873cacc7b319742a370a6244865,院校总表,N32,BV32,32
湖南大学,湖南大学,exam_syllabus,官方范围说明,2026官方调整：第三单元由303数学三改为396经济类综合能力；第四单元432统计学；培养方式改为非全日制,,,,0,,missing_public_url,exam_syllabus_web_page,unresolved,9,cell_scope,missing,,7104049cab26bbfe9db59035e71aa0d9e4430873cacc7b319742a370a6244865,院校总表,O32,BV32,32
湖南大学,湖南大学,exam_syllabus,官方指定教材,2026研招目录未列指定教材,,,,0,,missing_public_url,exam_syllabus_web_page,unresolved,9,cell_scope,missing,,7104049cab26bbfe9db59035e71aa0d9e4430873cacc7b319742a370a6244865,院校总表,P32,BV32,32
湖南大学,湖南大学,exam_syllabus,官方教材状态,官方目录未指定；不以机构书单冒充官方,,,,0,,missing_public_url,exam_syllabus_web_page,unresolved,9,cell_scope,missing,,7104049cab26bbfe9db59035e71aa0d9e4430873cacc7b319742a370a6244865,院校总表,Q32,BV32,32
湖南大学,湖南大学,exam_syllabus,真题证据等级,无可读卷证据,,,,0,,missing_public_url,exam_syllabus_web_page,unresolved,9,cell_scope,missing,,7104049cab26bbfe9db59035e71aa0d9e4430873cacc7b319742a370a6244865,院校总表,BT32,BV32,32
湖南大学,湖南大学,exam_syllabus,最新官方大纲题型,未核到最新官方题型说明,,,,0,,missing_public_url,exam_syllabus_web_page,unresolved,9,cell_scope,missing,,7104049cab26bbfe9db59035e71aa0d9e4430873cacc7b319742a370a6244865,院校总表,BU32,BV32,32
对外经济贸易大学,对外经济贸易大学,exam_syllabus,政治,101思想政治理论,,,,0,,missing_public_url,exam_syllabus_web_page,unresolved,9,cell_scope,missing,,7104049cab26bbfe9db59035e71aa0d9e4430873cacc7b319742a370a6244865,院校总表,K33,BV33,33
对外经济贸易大学,对外经济贸易大学,exam_syllabus,英语,英语一,,,,0,,missing_public_url,exam_syllabus_web_page,unresolved,9,cell_scope,missing,,7104049cab26bbfe9db59035e71aa0d9e4430873cacc7b319742a370a6244865,院校总表,L33,BV33,33
对外经济贸易大学,对外经济贸易大学,exam_syllabus,数学/经综,数学三,,,,0,,missing_public_url,exam_syllabus_web_page,unresolved,9,cell_scope,missing,,7104049cab26bbfe9db59035e71aa0d9e4430873cacc7b319742a370a6244865,院校总表,M33,BV33,33
对外经济贸易大学,对外经济贸易大学,exam_syllabus,专业课,432统计学,,,,0,,missing_public_url,exam_syllabus_web_page,unresolved,9,cell_scope,missing,,7104049cab26bbfe9db59035e71aa0d9e4430873cacc7b319742a370a6244865,院校总表,N33,BV33,33
对外经济贸易大学,对外经济贸易大学,exam_syllabus,官方范围说明,432参照教育部考试大纲；学校目录未指定教材,,,,0,,missing_public_url,exam_syllabus_web_page,unresolved,9,cell_scope,missing,,7104049cab26bbfe9db59035e71aa0d9e4430873cacc7b319742a370a6244865,院校总表,O33,BV33,33
对外经济贸易大学,对外经济贸易大学,exam_syllabus,官方指定教材,2026研招目录未列指定教材,,,,0,,missing_public_url,exam_syllabus_web_page,unresolved,9,cell_scope,missing,,7104049cab26bbfe9db59035e71aa0d9e4430873cacc7b319742a370a6244865,院校总表,P33,BV33,33
对外经济贸易大学,对外经济贸易大学,exam_syllabus,官方教材状态,官方目录未指定；不以机构书单冒充官方,,,,0,,missing_public_url,exam_syllabus_web_page,unresolved,9,cell_scope,missing,,7104049cab26bbfe9db59035e71aa0d9e4430873cacc7b319742a370a6244865,院校总表,Q33,BV33,33
对外经济贸易大学,对外经济贸易大学,exam_syllabus,真题证据等级,无可读卷证据,,,,0,,missing_public_url,exam_syllabus_web_page,unresolved,9,cell_scope,missing,,7104049cab26bbfe9db59035e71aa0d9e4430873cacc7b319742a370a6244865,院校总表,BT33,BV33,33
对外经济贸易大学,对外经济贸易大学,exam_syllabus,最新官方大纲题型,未核到最新官方题型说明,,,,0,,missing_public_url,exam_syllabus_web_page,unresolved,9,cell_scope,missing,,7104049cab26bbfe9db59035e71aa0d9e4430873cacc7b319742a370a6244865,院校总表,BU33,BV33,33
同济大学,同济大学,exam_syllabus,政治,101思想政治理论,,,,0,,missing_public_url,exam_syllabus_web_page,unresolved,9,cell_scope,missing,,7104049cab26bbfe9db59035e71aa0d9e4430873cacc7b319742a370a6244865,院校总表,K34,BV34,34
同济大学,同济大学,exam_syllabus,英语,英语二,,,,0,,missing_public_url,exam_syllabus_web_page,unresolved,9,cell_scope,missing,,7104049cab26bbfe9db59035e71aa0d9e4430873cacc7b319742a370a6244865,院校总表,L34,BV34,34
同济大学,同济大学,exam_syllabus,数学/经综,数学三,,,,0,,missing_public_url,exam_syllabus_web_page,unresolved,9,cell_scope,missing,,7104049cab26bbfe9db59035e71aa0d9e4430873cacc7b319742a370a6244865,院校总表,M34,BV34,34
同济大学,同济大学,exam_syllabus,专业课,432统计学,,,,0,,missing_public_url,exam_syllabus_web_page,unresolved,9,cell_scope,missing,,7104049cab26bbfe9db59035e71aa0d9e4430873cacc7b319742a370a6244865,院校总表,N34,BV34,34
同济大学,同济大学,exam_syllabus,官方范围说明,432统计学；目录未列指定书目,,,,0,,missing_public_url,exam_syllabus_web_page,unresolved,9,cell_scope,missing,,7104049cab26bbfe9db59035e71aa0d9e4430873cacc7b319742a370a6244865,院校总表,O34,BV34,34
同济大学,同济大学,exam_syllabus,官方指定教材,2026研招目录未列指定教材,,,,0,,missing_public_url,exam_syllabus_web_page,unresolved,9,cell_scope,missing,,7104049cab26bbfe9db59035e71aa0d9e4430873cacc7b319742a370a6244865,院校总表,P34,BV34,34
同济大学,同济大学,exam_syllabus,官方教材状态,官方目录未指定；不以机构书单冒充官方,,,,0,,missing_public_url,exam_syllabus_web_page,unresolved,9,cell_scope,missing,,7104049cab26bbfe9db59035e71aa0d9e4430873cacc7b319742a370a6244865,院校总表,Q34,BV34,34
同济大学,同济大学,exam_syllabus,真题证据等级,无可读卷证据,,,,0,,missing_public_url,exam_syllabus_web_page,unresolved,9,cell_scope,missing,,7104049cab26bbfe9db59035e71aa0d9e4430873cacc7b319742a370a6244865,院校总表,BT34,BV34,34
同济大学,同济大学,exam_syllabus,最新官方大纲题型,未核到最新官方题型说明,,,,0,,missing_public_url,exam_syllabus_web_page,unresolved,9,cell_scope,missing,,7104049cab26bbfe9db59035e71aa0d9e4430873cacc7b319742a370a6244865,院校总表,BU34,BV34,34
中南财经政法大学,中南财经政法大学,exam_syllabus,政治,101思想政治理论,,,,0,,missing_public_url,exam_syllabus_web_page,unresolved,9,cell_scope,missing,,7104049cab26bbfe9db59035e71aa0d9e4430873cacc7b319742a370a6244865,院校总表,K35,BV35,35
中南财经政法大学,中南财经政法大学,exam_syllabus,英语,英语二,,,,0,,missing_public_url,exam_syllabus_web_page,unresolved,9,cell_scope,missing,,7104049cab26bbfe9db59035e71aa0d9e4430873cacc7b319742a370a6244865,院校总表,L35,BV35,35
中南财经政法大学,中南财经政法大学,exam_syllabus,数学/经综,数学三,,,,0,,missing_public_url,exam_syllabus_web_page,unresolved,9,cell_scope,missing,,7104049cab26bbfe9db59035e71aa0d9e4430873cacc7b319742a370a6244865,院校总表,M35,BV35,35
中南财经政法大学,中南财经政法大学,exam_syllabus,专业课,432统计学,,,,0,,missing_public_url,exam_syllabus_web_page,unresolved,9,cell_scope,missing,,7104049cab26bbfe9db59035e71aa0d9e4430873cacc7b319742a370a6244865,院校总表,N35,BV35,35
中南财经政法大学,中南财经政法大学,exam_syllabus,官方范围说明,432统计学；目录未列指定书目,,,,0,,missing_public_url,exam_syllabus_web_page,unresolved,9,cell_scope,missing,,7104049cab26bbfe9db59035e71aa0d9e4430873cacc7b319742a370a6244865,院校总表,O35,BV35,35
中南财经政法大学,中南财经政法大学,exam_syllabus,官方指定教材,2026研招目录未列指定教材,,,,0,,missing_public_url,exam_syllabus_web_page,unresolved,9,cell_scope,missing,,7104049cab26bbfe9db59035e71aa0d9e4430873cacc7b319742a370a6244865,院校总表,P35,BV35,35
中南财经政法大学,中南财经政法大学,exam_syllabus,官方教材状态,官方目录未指定；不以机构书单冒充官方,,,,0,,missing_public_url,exam_syllabus_web_page,unresolved,9,cell_scope,missing,,7104049cab26bbfe9db59035e71aa0d9e4430873cacc7b319742a370a6244865,院校总表,Q35,BV35,35
中南财经政法大学,中南财经政法大学,exam_syllabus,真题证据等级,无可读卷证据,,,,0,,missing_public_url,exam_syllabus_web_page,unresolved,9,cell_scope,missing,,7104049cab26bbfe9db59035e71aa0d9e4430873cacc7b319742a370a6244865,院校总表,BT35,BV35,35
中南财经政法大学,中南财经政法大学,exam_syllabus,最新官方大纲题型,未核到最新官方题型说明,,,,0,,missing_public_url,exam_syllabus_web_page,unresolved,9,cell_scope,missing,,7104049cab26bbfe9db59035e71aa0d9e4430873cacc7b319742a370a6244865,院校总表,BU35,BV35,35
国防科技大学,国防科技大学,exam_syllabus,政治,101思想政治理论,,,,0,,missing_public_url,exam_syllabus_web_page,unresolved,9,cell_scope,missing,,7104049cab26bbfe9db59035e71aa0d9e4430873cacc7b319742a370a6244865,院校总表,K36,BV36,36
国防科技大学,国防科技大学,exam_syllabus,英语,英语二,,,,0,,missing_public_url,exam_syllabus_web_page,unresolved,9,cell_scope,missing,,7104049cab26bbfe9db59035e71aa0d9e4430873cacc7b319742a370a6244865,院校总表,L36,BV36,36
国防科技大学,国防科技大学,exam_syllabus,数学/经综,数学三,,,,0,,missing_public_url,exam_syllabus_web_page,unresolved,9,cell_scope,missing,,7104049cab26bbfe9db59035e71aa0d9e4430873cacc7b319742a370a6244865,院校总表,M36,BV36,36
国防科技大学,国防科技大学,exam_syllabus,专业课,432统计学,,,,0,,missing_public_url,exam_syllabus_web_page,unresolved,9,cell_scope,missing,,7104049cab26bbfe9db59035e71aa0d9e4430873cacc7b319742a370a6244865,院校总表,N36,BV36,36
国防科技大学,国防科技大学,exam_syllabus,官方范围说明,432统计学；目录未列指定书目,,,,0,,missing_public_url,exam_syllabus_web_page,unresolved,9,cell_scope,missing,,7104049cab26bbfe9db59035e71aa0d9e4430873cacc7b319742a370a6244865,院校总表,O36,BV36,36
国防科技大学,国防科技大学,exam_syllabus,官方指定教材,2026研招目录未列指定教材,,,,0,,missing_public_url,exam_syllabus_web_page,unresolved,9,cell_scope,missing,,7104049cab26bbfe9db59035e71aa0d9e4430873cacc7b319742a370a6244865,院校总表,P36,BV36,36
国防科技大学,国防科技大学,exam_syllabus,官方教材状态,官方目录未指定；不以机构书单冒充官方,,,,0,,missing_public_url,exam_syllabus_web_page,unresolved,9,cell_scope,missing,,7104049cab26bbfe9db59035e71aa0d9e4430873cacc7b319742a370a6244865,院校总表,Q36,BV36,36
国防科技大学,国防科技大学,exam_syllabus,真题证据等级,无可读卷证据,,,,0,,missing_public_url,exam_syllabus_web_page,unresolved,9,cell_scope,missing,,7104049cab26bbfe9db59035e71aa0d9e4430873cacc7b319742a370a6244865,院校总表,BT36,BV36,36
国防科技大学,国防科技大学,exam_syllabus,最新官方大纲题型,未核到最新官方题型说明,,,,0,,missing_public_url,exam_syllabus_web_page,unresolved,9,cell_scope,missing,,7104049cab26bbfe9db59035e71aa0d9e4430873cacc7b319742a370a6244865,院校总表,BU36,BV36,36
西安电子科技大学,西安电子科技大学,exam_syllabus,政治,101思想政治理论,,,,0,,missing_public_url,exam_syllabus_web_page,unresolved,9,cell_scope,missing,,7104049cab26bbfe9db59035e71aa0d9e4430873cacc7b319742a370a6244865,院校总表,K37,BV37,37
西安电子科技大学,西安电子科技大学,exam_syllabus,英语,英语一,,,,0,,missing_public_url,exam_syllabus_web_page,unresolved,9,cell_scope,missing,,7104049cab26bbfe9db59035e71aa0d9e4430873cacc7b319742a370a6244865,院校总表,L37,BV37,37
西安电子科技大学,西安电子科技大学,exam_syllabus,数学/经综,数学三,,,,0,,missing_public_url,exam_syllabus_web_page,unresolved,9,cell_scope,missing,,7104049cab26bbfe9db59035e71aa0d9e4430873cacc7b319742a370a6244865,院校总表,M37,BV37,37
西安电子科技大学,西安电子科技大学,exam_syllabus,专业课,432统计学,,,,0,,missing_public_url,exam_syllabus_web_page,unresolved,9,cell_scope,missing,,7104049cab26bbfe9db59035e71aa0d9e4430873cacc7b319742a370a6244865,院校总表,N37,BV37,37
西安电子科技大学,西安电子科技大学,exam_syllabus,官方范围说明,432统计学；目录未列指定书目,,,,0,,missing_public_url,exam_syllabus_web_page,unresolved,9,cell_scope,missing,,7104049cab26bbfe9db59035e71aa0d9e4430873cacc7b319742a370a6244865,院校总表,O37,BV37,37
西安电子科技大学,西安电子科技大学,exam_syllabus,官方指定教材,2026研招目录未列指定教材,,,,0,,missing_public_url,exam_syllabus_web_page,unresolved,9,cell_scope,missing,,7104049cab26bbfe9db59035e71aa0d9e4430873cacc7b319742a370a6244865,院校总表,P37,BV37,37
西安电子科技大学,西安电子科技大学,exam_syllabus,官方教材状态,官方目录未指定；不以机构书单冒充官方,,,,0,,missing_public_url,exam_syllabus_web_page,unresolved,9,cell_scope,missing,,7104049cab26bbfe9db59035e71aa0d9e4430873cacc7b319742a370a6244865,院校总表,Q37,BV37,37
西安电子科技大学,西安电子科技大学,exam_syllabus,真题证据等级,无可读卷证据,,,,0,,missing_public_url,exam_syllabus_web_page,unresolved,9,cell_scope,missing,,7104049cab26bbfe9db59035e71aa0d9e4430873cacc7b319742a370a6244865,院校总表,BT37,BV37,37
西安电子科技大学,西安电子科技大学,exam_syllabus,最新官方大纲题型,未核到最新官方题型说明,,,,0,,missing_public_url,exam_syllabus_web_page,unresolved,9,cell_scope,missing,,7104049cab26bbfe9db59035e71aa0d9e4430873cacc7b319742a370a6244865,院校总表,BU37,BV37,37
南京航空航天大学,南京航空航天大学,exam_syllabus,政治,101思想政治理论,,,,0,,missing_public_url,exam_syllabus_web_page,unresolved,9,cell_scope,missing,,7104049cab26bbfe9db59035e71aa0d9e4430873cacc7b319742a370a6244865,院校总表,K38,BV38,38
南京航空航天大学,南京航空航天大学,exam_syllabus,英语,英语二,,,,0,,missing_public_url,exam_syllabus_web_page,unresolved,9,cell_scope,missing,,7104049cab26bbfe9db59035e71aa0d9e4430873cacc7b319742a370a6244865,院校总表,L38,BV38,38
南京航空航天大学,南京航空航天大学,exam_syllabus,数学/经综,数学三,,,,0,,missing_public_url,exam_syllabus_web_page,unresolved,9,cell_scope,missing,,7104049cab26bbfe9db59035e71aa0d9e4430873cacc7b319742a370a6244865,院校总表,M38,BV38,38
南京航空航天大学,南京航空航天大学,exam_syllabus,专业课,432统计学,,,,0,,missing_public_url,exam_syllabus_web_page,unresolved,9,cell_scope,missing,,7104049cab26bbfe9db59035e71aa0d9e4430873cacc7b319742a370a6244865,院校总表,N38,BV38,38
南京航空航天大学,南京航空航天大学,exam_syllabus,官方范围说明,432统计学；目录未列指定书目,,,,0,,missing_public_url,exam_syllabus_web_page,unresolved,9,cell_scope,missing,,7104049cab26bbfe9db59035e71aa0d9e4430873cacc7b319742a370a6244865,院校总表,O38,BV38,38
南京航空航天大学,南京航空航天大学,exam_syllabus,官方指定教材,2026研招目录未列指定教材,,,,0,,missing_public_url,exam_syllabus_web_page,unresolved,9,cell_scope,missing,,7104049cab26bbfe9db59035e71aa0d9e4430873cacc7b319742a370a6244865,院校总表,P38,BV38,38
南京航空航天大学,南京航空航天大学,exam_syllabus,官方教材状态,官方目录未指定；不以机构书单冒充官方,,,,0,,missing_public_url,exam_syllabus_web_page,unresolved,9,cell_scope,missing,,7104049cab26bbfe9db59035e71aa0d9e4430873cacc7b319742a370a6244865,院校总表,Q38,BV38,38
南京航空航天大学,南京航空航天大学,exam_syllabus,真题证据等级,无可读卷证据,,,,0,,missing_public_url,exam_syllabus_web_page,unresolved,9,cell_scope,missing,,7104049cab26bbfe9db59035e71aa0d9e4430873cacc7b319742a370a6244865,院校总表,BT38,BV38,38
南京航空航天大学,南京航空航天大学,exam_syllabus,最新官方大纲题型,未核到最新官方题型说明,,,,0,,missing_public_url,exam_syllabus_web_page,unresolved,9,cell_scope,missing,,7104049cab26bbfe9db59035e71aa0d9e4430873cacc7b319742a370a6244865,院校总表,BU38,BV38,38
南京理工大学,南京理工大学,exam_syllabus,政治,101思想政治理论,,,,0,,missing_public_url,exam_syllabus_web_page,unresolved,9,cell_scope,missing,,7104049cab26bbfe9db59035e71aa0d9e4430873cacc7b319742a370a6244865,院校总表,K39,BV39,39
南京理工大学,南京理工大学,exam_syllabus,英语,英语二,,,,0,,missing_public_url,exam_syllabus_web_page,unresolved,9,cell_scope,missing,,7104049cab26bbfe9db59035e71aa0d9e4430873cacc7b319742a370a6244865,院校总表,L39,BV39,39
南京理工大学,南京理工大学,exam_syllabus,数学/经综,数学三,,,,0,,missing_public_url,exam_syllabus_web_page,unresolved,9,cell_scope,missing,,7104049cab26bbfe9db59035e71aa0d9e4430873cacc7b319742a370a6244865,院校总表,M39,BV39,39
南京理工大学,南京理工大学,exam_syllabus,专业课,432统计学,,,,0,,missing_public_url,exam_syllabus_web_page,unresolved,9,cell_scope,missing,,7104049cab26bbfe9db59035e71aa0d9e4430873cacc7b319742a370a6244865,院校总表,N39,BV39,39
南京理工大学,南京理工大学,exam_syllabus,官方范围说明,432统计学；目录未列指定书目,,,,0,,missing_public_url,exam_syllabus_web_page,unresolved,9,cell_scope,missing,,7104049cab26bbfe9db59035e71aa0d9e4430873cacc7b319742a370a6244865,院校总表,O39,BV39,39
南京理工大学,南京理工大学,exam_syllabus,官方指定教材,2026研招目录未列指定教材,,,,0,,missing_public_url,exam_syllabus_web_page,unresolved,9,cell_scope,missing,,7104049cab26bbfe9db59035e71aa0d9e4430873cacc7b319742a370a6244865,院校总表,P39,BV39,39
南京理工大学,南京理工大学,exam_syllabus,官方教材状态,官方目录未指定；不以机构书单冒充官方,,,,0,,missing_public_url,exam_syllabus_web_page,unresolved,9,cell_scope,missing,,7104049cab26bbfe9db59035e71aa0d9e4430873cacc7b319742a370a6244865,院校总表,Q39,BV39,39
南京理工大学,南京理工大学,exam_syllabus,真题证据等级,无可读卷证据,,,,0,,missing_public_url,exam_syllabus_web_page,unresolved,9,cell_scope,missing,,7104049cab26bbfe9db59035e71aa0d9e4430873cacc7b319742a370a6244865,院校总表,BT39,BV39,39
南京理工大学,南京理工大学,exam_syllabus,最新官方大纲题型,未核到最新官方题型说明,,,,0,,missing_public_url,exam_syllabus_web_page,unresolved,9,cell_scope,missing,,7104049cab26bbfe9db59035e71aa0d9e4430873cacc7b319742a370a6244865,院校总表,BU39,BV39,39
中国海洋大学,中国海洋大学,exam_syllabus,政治,101思想政治理论,https://yz.ouc.edu.cn/5924/list.htm,f02a6fbc1903f7bc,1,1,yz.ouc.edu.cn,university_official,exam_syllabus_web_page,primary_official,1,direct_cell,recorded,https://yz.ouc.edu.cn/5924/list.htm,7104049cab26bbfe9db59035e71aa0d9e4430873cacc7b319742a370a6244865,院校总表,K40,BV40,40
中国海洋大学,中国海洋大学,exam_syllabus,英语,英语二,https://yz.ouc.edu.cn/5924/list.htm,f02a6fbc1903f7bc,1,1,yz.ouc.edu.cn,university_official,exam_syllabus_web_page,primary_official,1,direct_cell,recorded,https://yz.ouc.edu.cn/5924/list.htm,7104049cab26bbfe9db59035e71aa0d9e4430873cacc7b319742a370a6244865,院校总表,L40,BV40,40
中国海洋大学,中国海洋大学,exam_syllabus,数学/经综,数学三,https://yz.ouc.edu.cn/5924/list.htm,f02a6fbc1903f7bc,1,1,yz.ouc.edu.cn,university_official,exam_syllabus_web_page,primary_official,1,direct_cell,recorded,https://yz.ouc.edu.cn/5924/list.htm,7104049cab26bbfe9db59035e71aa0d9e4430873cacc7b319742a370a6244865,院校总表,M40,BV40,40
中国海洋大学,中国海洋大学,exam_syllabus,专业课,432统计学,https://yz.ouc.edu.cn/5924/list.htm,f02a6fbc1903f7bc,1,1,yz.ouc.edu.cn,university_official,exam_syllabus_web_page,primary_official,1,direct_cell,recorded,https://yz.ouc.edu.cn/5924/list.htm,7104049cab26bbfe9db59035e71aa0d9e4430873cacc7b319742a370a6244865,院校总表,N40,BV40,40
中国海洋大学,中国海洋大学,exam_syllabus,官方范围说明,432统计学；目录未列指定书目,https://yz.ouc.edu.cn/5924/list.htm,f02a6fbc1903f7bc,1,1,yz.ouc.edu.cn,university_official,exam_syllabus_web_page,primary_official,1,direct_cell,recorded,https://yz.ouc.edu.cn/5924/list.htm,7104049cab26bbfe9db59035e71aa0d9e4430873cacc7b319742a370a6244865,院校总表,O40,BV40,40
中国海洋大学,中国海洋大学,exam_syllabus,官方指定教材,2026研招目录未列指定教材,https://yz.ouc.edu.cn/5924/list.htm,f02a6fbc1903f7bc,1,1,yz.ouc.edu.cn,university_official,exam_syllabus_web_page,primary_official,1,direct_cell,recorded,https://yz.ouc.edu.cn/5924/list.htm,7104049cab26bbfe9db59035e71aa0d9e4430873cacc7b319742a370a6244865,院校总表,P40,BV40,40
中国海洋大学,中国海洋大学,exam_syllabus,官方教材状态,官方目录未指定；不以机构书单冒充官方,https://yz.ouc.edu.cn/5924/list.htm,f02a6fbc1903f7bc,1,1,yz.ouc.edu.cn,university_official,exam_syllabus_web_page,primary_official,1,direct_cell,recorded,https://yz.ouc.edu.cn/5924/list.htm,7104049cab26bbfe9db59035e71aa0d9e4430873cacc7b319742a370a6244865,院校总表,Q40,BV40,40
中国海洋大学,中国海洋大学,exam_syllabus,真题证据等级,A：3份官方完整原卷,https://yz.ouc.edu.cn/5924/list.htm,f02a6fbc1903f7bc,1,1,yz.ouc.edu.cn,university_official,exam_syllabus_web_page,primary_official,1,direct_cell,recorded,https://yz.ouc.edu.cn/5924/list.htm,7104049cab26bbfe9db59035e71aa0d9e4430873cacc7b319742a370a6244865,院校总表,BT40,BV40,40
中国海洋大学,中国海洋大学,exam_syllabus,最新官方大纲题型,未核到2026官方题型说明；以2018/2019/2021原卷作历史证据,https://yz.ouc.edu.cn/5924/list.htm,f02a6fbc1903f7bc,1,1,yz.ouc.edu.cn,university_official,exam_syllabus_web_page,primary_official,1,direct_cell,recorded,https://yz.ouc.edu.cn/5924/list.htm,7104049cab26bbfe9db59035e71aa0d9e4430873cacc7b319742a370a6244865,院校总表,BU40,BV40,40
暨南大学,暨南大学,exam_syllabus,政治,101思想政治理论,https://yz.jnu.edu.cn/2025/0728/c36355a841104/page.htm,54f0ea27060041a7,1,1,yz.jnu.edu.cn,university_official,exam_syllabus_web_page,primary_official,1,direct_cell,recorded,https://yz.jnu.edu.cn/2025/0728/c36355a841104/page.htm,7104049cab26bbfe9db59035e71aa0d9e4430873cacc7b319742a370a6244865,院校总表,K41,BV41,41
暨南大学,暨南大学,exam_syllabus,英语,英语二,https://yz.jnu.edu.cn/2025/0728/c36355a841104/page.htm,54f0ea27060041a7,1,1,yz.jnu.edu.cn,university_official,exam_syllabus_web_page,primary_official,1,direct_cell,recorded,https://yz.jnu.edu.cn/2025/0728/c36355a841104/page.htm,7104049cab26bbfe9db59035e71aa0d9e4430873cacc7b319742a370a6244865,院校总表,L41,BV41,41
暨南大学,暨南大学,exam_syllabus,数学/经综,数学三,https://yz.jnu.edu.cn/2025/0728/c36355a841104/page.htm,54f0ea27060041a7,1,1,yz.jnu.edu.cn,university_official,exam_syllabus_web_page,primary_official,1,direct_cell,recorded,https://yz.jnu.edu.cn/2025/0728/c36355a841104/page.htm,7104049cab26bbfe9db59035e71aa0d9e4430873cacc7b319742a370a6244865,院校总表,M41,BV41,41
暨南大学,暨南大学,exam_syllabus,专业课,432统计学,https://yz.jnu.edu.cn/2025/0728/c36355a841104/page.htm,54f0ea27060041a7,1,1,yz.jnu.edu.cn,university_official,exam_syllabus_web_page,primary_official,1,direct_cell,recorded,https://yz.jnu.edu.cn/2025/0728/c36355a841104/page.htm,7104049cab26bbfe9db59035e71aa0d9e4430873cacc7b319742a370a6244865,院校总表,N41,BV41,41
暨南大学,暨南大学,exam_syllabus,官方范围说明,2026官方432大纲：统计学原理75分；概率论与数理统计75分；闭卷；简答60分、计算90分,https://yz.jnu.edu.cn/2025/0728/c36355a841104/page.htm,54f0ea27060041a7,1,1,yz.jnu.edu.cn,university_official,exam_syllabus_web_page,primary_official,1,direct_cell,recorded,https://yz.jnu.edu.cn/2025/0728/c36355a841104/page.htm,7104049cab26bbfe9db59035e71aa0d9e4430873cacc7b319742a370a6244865,院校总表,O41,BV41,41
暨南大学,暨南大学,exam_syllabus,官方指定教材,韩兆洲《统计学原理》第7版（暨南大学出版社，2010）；韩兆洲、王斌会《统计学原理学习指导及Excel数据统计分析》第2版（2011）；《概率论与数理统计教程》第2版（高教，2011）；周纪芗、茆诗松《概率论与数理统计》（中国统计出版社，2007）,https://yz.jnu.edu.cn/2025/0728/c36355a841104/page.htm,54f0ea27060041a7,1,1,yz.jnu.edu.cn,university_official,exam_syllabus_web_page,primary_official,1,direct_cell,recorded,https://yz.jnu.edu.cn/2025/0728/c36355a841104/page.htm,7104049cab26bbfe9db59035e71aa0d9e4430873cacc7b319742a370a6244865,院校总表,P41,BV41,41
暨南大学,暨南大学,exam_syllabus,官方教材状态,2026官方考试大纲列示,https://yz.jnu.edu.cn/2025/0728/c36355a841104/page.htm,54f0ea27060041a7,1,1,yz.jnu.edu.cn,university_official,exam_syllabus_web_page,primary_official,1,direct_cell,recorded,https://yz.jnu.edu.cn/2025/0728/c36355a841104/page.htm,7104049cab26bbfe9db59035e71aa0d9e4430873cacc7b319742a370a6244865,院校总表,Q41,BV41,41
暨南大学,暨南大学,exam_syllabus,真题证据等级,A：官方原卷+最新官方大纲,https://yz.jnu.edu.cn/2025/0728/c36355a841104/page.htm,54f0ea27060041a7,1,1,yz.jnu.edu.cn,university_official,exam_syllabus_web_page,primary_official,1,direct_cell,recorded,https://yz.jnu.edu.cn/2025/0728/c36355a841104/page.htm,7104049cab26bbfe9db59035e71aa0d9e4430873cacc7b319742a370a6244865,院校总表,BT41,BV41,41
暨南大学,暨南大学,exam_syllabus,最新官方大纲题型,2026官方：简答60、计算90；统计学原理75+概率论与数理统计75,https://yz.jnu.edu.cn/2025/0728/c36355a841104/page.htm,54f0ea27060041a7,1,1,yz.jnu.edu.cn,university_official,exam_syllabus_web_page,primary_official,1,direct_cell,recorded,https://yz.jnu.edu.cn/2025/0728/c36355a841104/page.htm,7104049cab26bbfe9db59035e71aa0d9e4430873cacc7b319742a370a6244865,院校总表,BU41,BV41,41
北京交通大学,北京交通大学,exam_syllabus,政治,101思想政治理论,,,,0,,missing_public_url,exam_syllabus_web_page,unresolved,9,cell_scope,missing,,7104049cab26bbfe9db59035e71aa0d9e4430873cacc7b319742a370a6244865,院校总表,K42,BV42,42
北京交通大学,北京交通大学,exam_syllabus,英语,英语二,,,,0,,missing_public_url,exam_syllabus_web_page,unresolved,9,cell_scope,missing,,7104049cab26bbfe9db59035e71aa0d9e4430873cacc7b319742a370a6244865,院校总表,L42,BV42,42
北京交通大学,北京交通大学,exam_syllabus,数学/经综,数学三,,,,0,,missing_public_url,exam_syllabus_web_page,unresolved,9,cell_scope,missing,,7104049cab26bbfe9db59035e71aa0d9e4430873cacc7b319742a370a6244865,院校总表,M42,BV42,42
北京交通大学,北京交通大学,exam_syllabus,专业课,432统计学,,,,0,,missing_public_url,exam_syllabus_web_page,unresolved,9,cell_scope,missing,,7104049cab26bbfe9db59035e71aa0d9e4430873cacc7b319742a370a6244865,院校总表,N42,BV42,42
北京交通大学,北京交通大学,exam_syllabus,官方范围说明,432统计学；目录未列指定书目,,,,0,,missing_public_url,exam_syllabus_web_page,unresolved,9,cell_scope,missing,,7104049cab26bbfe9db59035e71aa0d9e4430873cacc7b319742a370a6244865,院校总表,O42,BV42,42
北京交通大学,北京交通大学,exam_syllabus,官方指定教材,2026研招目录未列指定教材,,,,0,,missing_public_url,exam_syllabus_web_page,unresolved,9,cell_scope,missing,,7104049cab26bbfe9db59035e71aa0d9e4430873cacc7b319742a370a6244865,院校总表,P42,BV42,42
北京交通大学,北京交通大学,exam_syllabus,官方教材状态,官方目录未指定；不以机构书单冒充官方,,,,0,,missing_public_url,exam_syllabus_web_page,unresolved,9,cell_scope,missing,,7104049cab26bbfe9db59035e71aa0d9e4430873cacc7b319742a370a6244865,院校总表,Q42,BV42,42
北京交通大学,北京交通大学,exam_syllabus,真题证据等级,无可读卷证据,,,,0,,missing_public_url,exam_syllabus_web_page,unresolved,9,cell_scope,missing,,7104049cab26bbfe9db59035e71aa0d9e4430873cacc7b319742a370a6244865,院校总表,BT42,BV42,42
北京交通大学,北京交通大学,exam_syllabus,最新官方大纲题型,未核到最新官方题型说明,,,,0,,missing_public_url,exam_syllabus_web_page,unresolved,9,cell_scope,missing,,7104049cab26bbfe9db59035e71aa0d9e4430873cacc7b319742a370a6244865,院校总表,BU42,BV42,42
华东理工大学,华东理工大学,exam_syllabus,政治,101思想政治理论,,,,0,,missing_public_url,exam_syllabus_web_page,unresolved,9,cell_scope,missing,,7104049cab26bbfe9db59035e71aa0d9e4430873cacc7b319742a370a6244865,院校总表,K43,BV43,43
华东理工大学,华东理工大学,exam_syllabus,英语,英语二,,,,0,,missing_public_url,exam_syllabus_web_page,unresolved,9,cell_scope,missing,,7104049cab26bbfe9db59035e71aa0d9e4430873cacc7b319742a370a6244865,院校总表,L43,BV43,43
华东理工大学,华东理工大学,exam_syllabus,数学/经综,数学三,,,,0,,missing_public_url,exam_syllabus_web_page,unresolved,9,cell_scope,missing,,7104049cab26bbfe9db59035e71aa0d9e4430873cacc7b319742a370a6244865,院校总表,M43,BV43,43
华东理工大学,华东理工大学,exam_syllabus,专业课,432统计学,,,,0,,missing_public_url,exam_syllabus_web_page,unresolved,9,cell_scope,missing,,7104049cab26bbfe9db59035e71aa0d9e4430873cacc7b319742a370a6244865,院校总表,N43,BV43,43
华东理工大学,华东理工大学,exam_syllabus,官方范围说明,432统计学；目录未列指定书目,,,,0,,missing_public_url,exam_syllabus_web_page,unresolved,9,cell_scope,missing,,7104049cab26bbfe9db59035e71aa0d9e4430873cacc7b319742a370a6244865,院校总表,O43,BV43,43
华东理工大学,华东理工大学,exam_syllabus,官方指定教材,2026研招目录未列指定教材,,,,0,,missing_public_url,exam_syllabus_web_page,unresolved,9,cell_scope,missing,,7104049cab26bbfe9db59035e71aa0d9e4430873cacc7b319742a370a6244865,院校总表,P43,BV43,43
华东理工大学,华东理工大学,exam_syllabus,官方教材状态,官方目录未指定；不以机构书单冒充官方,,,,0,,missing_public_url,exam_syllabus_web_page,unresolved,9,cell_scope,missing,,7104049cab26bbfe9db59035e71aa0d9e4430873cacc7b319742a370a6244865,院校总表,Q43,BV43,43
华东理工大学,华东理工大学,exam_syllabus,真题证据等级,无可读卷证据,,,,0,,missing_public_url,exam_syllabus_web_page,unresolved,9,cell_scope,missing,,7104049cab26bbfe9db59035e71aa0d9e4430873cacc7b319742a370a6244865,院校总表,BT43,BV43,43
华东理工大学,华东理工大学,exam_syllabus,最新官方大纲题型,未核到最新官方题型说明,,,,0,,missing_public_url,exam_syllabus_web_page,unresolved,9,cell_scope,missing,,7104049cab26bbfe9db59035e71aa0d9e4430873cacc7b319742a370a6244865,院校总表,BU43,BV43,43
上海大学,上海大学,exam_syllabus,政治,101思想政治理论,,,,0,,missing_public_url,exam_syllabus_web_page,unresolved,9,cell_scope,missing,,7104049cab26bbfe9db59035e71aa0d9e4430873cacc7b319742a370a6244865,院校总表,K44,BV44,44
上海大学,上海大学,exam_syllabus,英语,英语二,,,,0,,missing_public_url,exam_syllabus_web_page,unresolved,9,cell_scope,missing,,7104049cab26bbfe9db59035e71aa0d9e4430873cacc7b319742a370a6244865,院校总表,L44,BV44,44
上海大学,上海大学,exam_syllabus,数学/经综,数学三,,,,0,,missing_public_url,exam_syllabus_web_page,unresolved,9,cell_scope,missing,,7104049cab26bbfe9db59035e71aa0d9e4430873cacc7b319742a370a6244865,院校总表,M44,BV44,44
上海大学,上海大学,exam_syllabus,专业课,432统计学,,,,0,,missing_public_url,exam_syllabus_web_page,unresolved,9,cell_scope,missing,,7104049cab26bbfe9db59035e71aa0d9e4430873cacc7b319742a370a6244865,院校总表,N44,BV44,44
上海大学,上海大学,exam_syllabus,官方范围说明,432统计学；目录未列指定书目,,,,0,,missing_public_url,exam_syllabus_web_page,unresolved,9,cell_scope,missing,,7104049cab26bbfe9db59035e71aa0d9e4430873cacc7b319742a370a6244865,院校总表,O44,BV44,44
上海大学,上海大学,exam_syllabus,官方指定教材,2026研招目录未列指定教材,,,,0,,missing_public_url,exam_syllabus_web_page,unresolved,9,cell_scope,missing,,7104049cab26bbfe9db59035e71aa0d9e4430873cacc7b319742a370a6244865,院校总表,P44,BV44,44
上海大学,上海大学,exam_syllabus,官方教材状态,官方目录未指定；不以机构书单冒充官方,,,,0,,missing_public_url,exam_syllabus_web_page,unresolved,9,cell_scope,missing,,7104049cab26bbfe9db59035e71aa0d9e4430873cacc7b319742a370a6244865,院校总表,Q44,BV44,44
上海大学,上海大学,exam_syllabus,真题证据等级,无可读卷证据,,,,0,,missing_public_url,exam_syllabus_web_page,unresolved,9,cell_scope,missing,,7104049cab26bbfe9db59035e71aa0d9e4430873cacc7b319742a370a6244865,院校总表,BT44,BV44,44
上海大学,上海大学,exam_syllabus,最新官方大纲题型,未核到最新官方题型说明,,,,0,,missing_public_url,exam_syllabus_web_page,unresolved,9,cell_scope,missing,,7104049cab26bbfe9db59035e71aa0d9e4430873cacc7b319742a370a6244865,院校总表,BU44,BV44,44
苏州大学,苏州大学,exam_syllabus,政治,101思想政治理论,https://doc.quark.cn/preview/jiaoyukaoshi-shijuan-kaoyan/7E348406DCDAA2CA19C4B6281F5D1F12,3f63d0bb2cbc7cfd,1,1,doc.quark.cn,web_page,exam_syllabus_web_page,unclassified_web,4,direct_cell,recorded,https://doc.quark.cn/preview/jiaoyukaoshi-shijuan-kaoyan/7E348406DCDAA2CA19C4B6281F5D1F12,7104049cab26bbfe9db59035e71aa0d9e4430873cacc7b319742a370a6244865,院校总表,K45,BV45,45
苏州大学,苏州大学,exam_syllabus,英语,英语二,https://doc.quark.cn/preview/jiaoyukaoshi-shijuan-kaoyan/7E348406DCDAA2CA19C4B6281F5D1F12,3f63d0bb2cbc7cfd,1,1,doc.quark.cn,web_page,exam_syllabus_web_page,unclassified_web,4,direct_cell,recorded,https://doc.quark.cn/preview/jiaoyukaoshi-shijuan-kaoyan/7E348406DCDAA2CA19C4B6281F5D1F12,7104049cab26bbfe9db59035e71aa0d9e4430873cacc7b319742a370a6244865,院校总表,L45,BV45,45
苏州大学,苏州大学,exam_syllabus,数学/经综,数学三,https://doc.quark.cn/preview/jiaoyukaoshi-shijuan-kaoyan/7E348406DCDAA2CA19C4B6281F5D1F12,3f63d0bb2cbc7cfd,1,1,doc.quark.cn,web_page,exam_syllabus_web_page,unclassified_web,4,direct_cell,recorded,https://doc.quark.cn/preview/jiaoyukaoshi-shijuan-kaoyan/7E348406DCDAA2CA19C4B6281F5D1F12,7104049cab26bbfe9db59035e71aa0d9e4430873cacc7b319742a370a6244865,院校总表,M45,BV45,45
苏州大学,苏州大学,exam_syllabus,专业课,432统计学,https://doc.quark.cn/preview/jiaoyukaoshi-shijuan-kaoyan/7E348406DCDAA2CA19C4B6281F5D1F12,3f63d0bb2cbc7cfd,1,1,doc.quark.cn,web_page,exam_syllabus_web_page,unclassified_web,4,direct_cell,recorded,https://doc.quark.cn/preview/jiaoyukaoshi-shijuan-kaoyan/7E348406DCDAA2CA19C4B6281F5D1F12,7104049cab26bbfe9db59035e71aa0d9e4430873cacc7b319742a370a6244865,院校总表,N45,BV45,45
苏州大学,苏州大学,exam_syllabus,官方范围说明,432统计学；目录未列指定书目,https://doc.quark.cn/preview/jiaoyukaoshi-shijuan-kaoyan/7E348406DCDAA2CA19C4B6281F5D1F12,3f63d0bb2cbc7cfd,1,1,doc.quark.cn,web_page,exam_syllabus_web_page,unclassified_web,4,direct_cell,recorded,https://doc.quark.cn/preview/jiaoyukaoshi-shijuan-kaoyan/7E348406DCDAA2CA19C4B6281F5D1F12,7104049cab26bbfe9db59035e71aa0d9e4430873cacc7b319742a370a6244865,院校总表,O45,BV45,45
苏州大学,苏州大学,exam_syllabus,官方指定教材,2026研招目录未列指定教材,https://doc.quark.cn/preview/jiaoyukaoshi-shijuan-kaoyan/7E348406DCDAA2CA19C4B6281F5D1F12,3f63d0bb2cbc7cfd,1,1,doc.quark.cn,web_page,exam_syllabus_web_page,unclassified_web,4,direct_cell,recorded,https://doc.quark.cn/preview/jiaoyukaoshi-shijuan-kaoyan/7E348406DCDAA2CA19C4B6281F5D1F12,7104049cab26bbfe9db59035e71aa0d9e4430873cacc7b319742a370a6244865,院校总表,P45,BV45,45
苏州大学,苏州大学,exam_syllabus,官方教材状态,官方目录未指定；不以机构书单冒充官方,https://doc.quark.cn/preview/jiaoyukaoshi-shijuan-kaoyan/7E348406DCDAA2CA19C4B6281F5D1F12,3f63d0bb2cbc7cfd,1,1,doc.quark.cn,web_page,exam_syllabus_web_page,unclassified_web,4,direct_cell,recorded,https://doc.quark.cn/preview/jiaoyukaoshi-shijuan-kaoyan/7E348406DCDAA2CA19C4B6281F5D1F12,7104049cab26bbfe9db59035e71aa0d9e4430873cacc7b319742a370a6244865,院校总表,Q45,BV45,45
苏州大学,苏州大学,exam_syllabus,真题证据等级,C：非官方不完整片段,https://doc.quark.cn/preview/jiaoyukaoshi-shijuan-kaoyan/7E348406DCDAA2CA19C4B6281F5D1F12,3f63d0bb2cbc7cfd,1,1,doc.quark.cn,web_page,exam_syllabus_web_page,unclassified_web,4,direct_cell,recorded,https://doc.quark.cn/preview/jiaoyukaoshi-shijuan-kaoyan/7E348406DCDAA2CA19C4B6281F5D1F12,7104049cab26bbfe9db59035e71aa0d9e4430873cacc7b319742a370a6244865,院校总表,BT45,BV45,45
苏州大学,苏州大学,exam_syllabus,最新官方大纲题型,未核到2026官方题型说明,https://doc.quark.cn/preview/jiaoyukaoshi-shijuan-kaoyan/7E348406DCDAA2CA19C4B6281F5D1F12,3f63d0bb2cbc7cfd,1,1,doc.quark.cn,web_page,exam_syllabus_web_page,unclassified_web,4,direct_cell,recorded,https://doc.quark.cn/preview/jiaoyukaoshi-shijuan-kaoyan/7E348406DCDAA2CA19C4B6281F5D1F12,7104049cab26bbfe9db59035e71aa0d9e4430873cacc7b319742a370a6244865,院校总表,BU45,BV45,45
河海大学,河海大学,exam_syllabus,政治,101思想政治理论,,,,0,,missing_public_url,exam_syllabus_web_page,unresolved,9,cell_scope,missing,,7104049cab26bbfe9db59035e71aa0d9e4430873cacc7b319742a370a6244865,院校总表,K46,BV46,46
河海大学,河海大学,exam_syllabus,英语,英语一,,,,0,,missing_public_url,exam_syllabus_web_page,unresolved,9,cell_scope,missing,,7104049cab26bbfe9db59035e71aa0d9e4430873cacc7b319742a370a6244865,院校总表,L46,BV46,46
河海大学,河海大学,exam_syllabus,数学/经综,数学三,,,,0,,missing_public_url,exam_syllabus_web_page,unresolved,9,cell_scope,missing,,7104049cab26bbfe9db59035e71aa0d9e4430873cacc7b319742a370a6244865,院校总表,M46,BV46,46
河海大学,河海大学,exam_syllabus,专业课,432统计学,,,,0,,missing_public_url,exam_syllabus_web_page,unresolved,9,cell_scope,missing,,7104049cab26bbfe9db59035e71aa0d9e4430873cacc7b319742a370a6244865,院校总表,N46,BV46,46
河海大学,河海大学,exam_syllabus,官方范围说明,432统计学；目录未列指定书目,,,,0,,missing_public_url,exam_syllabus_web_page,unresolved,9,cell_scope,missing,,7104049cab26bbfe9db59035e71aa0d9e4430873cacc7b319742a370a6244865,院校总表,O46,BV46,46
河海大学,河海大学,exam_syllabus,官方指定教材,2026研招目录未列指定教材,,,,0,,missing_public_url,exam_syllabus_web_page,unresolved,9,cell_scope,missing,,7104049cab26bbfe9db59035e71aa0d9e4430873cacc7b319742a370a6244865,院校总表,P46,BV46,46
河海大学,河海大学,exam_syllabus,官方教材状态,官方目录未指定；不以机构书单冒充官方,,,,0,,missing_public_url,exam_syllabus_web_page,unresolved,9,cell_scope,missing,,7104049cab26bbfe9db59035e71aa0d9e4430873cacc7b319742a370a6244865,院校总表,Q46,BV46,46
河海大学,河海大学,exam_syllabus,真题证据等级,无可读卷证据,,,,0,,missing_public_url,exam_syllabus_web_page,unresolved,9,cell_scope,missing,,7104049cab26bbfe9db59035e71aa0d9e4430873cacc7b319742a370a6244865,院校总表,BT46,BV46,46
河海大学,河海大学,exam_syllabus,最新官方大纲题型,未核到最新官方题型说明,,,,0,,missing_public_url,exam_syllabus_web_page,unresolved,9,cell_scope,missing,,7104049cab26bbfe9db59035e71aa0d9e4430873cacc7b319742a370a6244865,院校总表,BU46,BV46,46
武汉理工大学,武汉理工大学,exam_syllabus,政治,101思想政治理论,,,,0,,missing_public_url,exam_syllabus_web_page,unresolved,9,cell_scope,missing,,7104049cab26bbfe9db59035e71aa0d9e4430873cacc7b319742a370a6244865,院校总表,K47,BV47,47
武汉理工大学,武汉理工大学,exam_syllabus,英语,英语二,,,,0,,missing_public_url,exam_syllabus_web_page,unresolved,9,cell_scope,missing,,7104049cab26bbfe9db59035e71aa0d9e4430873cacc7b319742a370a6244865,院校总表,L47,BV47,47
武汉理工大学,武汉理工大学,exam_syllabus,数学/经综,数学三,,,,0,,missing_public_url,exam_syllabus_web_page,unresolved,9,cell_scope,missing,,7104049cab26bbfe9db59035e71aa0d9e4430873cacc7b319742a370a6244865,院校总表,M47,BV47,47
武汉理工大学,武汉理工大学,exam_syllabus,专业课,432统计学,,,,0,,missing_public_url,exam_syllabus_web_page,unresolved,9,cell_scope,missing,,7104049cab26bbfe9db59035e71aa0d9e4430873cacc7b319742a370a6244865,院校总表,N47,BV47,47
武汉理工大学,武汉理工大学,exam_syllabus,官方范围说明,432统计学；目录未列指定书目,,,,0,,missing_public_url,exam_syllabus_web_page,unresolved,9,cell_scope,missing,,7104049cab26bbfe9db59035e71aa0d9e4430873cacc7b319742a370a6244865,院校总表,O47,BV47,47
武汉理工大学,武汉理工大学,exam_syllabus,官方指定教材,2026研招目录未列指定教材,,,,0,,missing_public_url,exam_syllabus_web_page,unresolved,9,cell_scope,missing,,7104049cab26bbfe9db59035e71aa0d9e4430873cacc7b319742a370a6244865,院校总表,P47,BV47,47
武汉理工大学,武汉理工大学,exam_syllabus,官方教材状态,官方目录未指定；不以机构书单冒充官方,,,,0,,missing_public_url,exam_syllabus_web_page,unresolved,9,cell_scope,missing,,7104049cab26bbfe9db59035e71aa0d9e4430873cacc7b319742a370a6244865,院校总表,Q47,BV47,47
武汉理工大学,武汉理工大学,exam_syllabus,真题证据等级,无可读卷证据,,,,0,,missing_public_url,exam_syllabus_web_page,unresolved,9,cell_scope,missing,,7104049cab26bbfe9db59035e71aa0d9e4430873cacc7b319742a370a6244865,院校总表,BT47,BV47,47
武汉理工大学,武汉理工大学,exam_syllabus,最新官方大纲题型,未核到最新官方题型说明,,,,0,,missing_public_url,exam_syllabus_web_page,unresolved,9,cell_scope,missing,,7104049cab26bbfe9db59035e71aa0d9e4430873cacc7b319742a370a6244865,院校总表,BU47,BV47,47
东北师范大学,东北师范大学,exam_syllabus,政治,101思想政治理论,,,,0,,missing_public_url,exam_syllabus_web_page,unresolved,9,cell_scope,missing,,7104049cab26bbfe9db59035e71aa0d9e4430873cacc7b319742a370a6244865,院校总表,K48,BV48,48
东北师范大学,东北师范大学,exam_syllabus,英语,英语二（可俄/日）,,,,0,,missing_public_url,exam_syllabus_web_page,unresolved,9,cell_scope,missing,,7104049cab26bbfe9db59035e71aa0d9e4430873cacc7b319742a370a6244865,院校总表,L48,BV48,48
东北师范大学,东北师范大学,exam_syllabus,数学/经综,数学三,,,,0,,missing_public_url,exam_syllabus_web_page,unresolved,9,cell_scope,missing,,7104049cab26bbfe9db59035e71aa0d9e4430873cacc7b319742a370a6244865,院校总表,M48,BV48,48
东北师范大学,东北师范大学,exam_syllabus,专业课,432统计学,,,,0,,missing_public_url,exam_syllabus_web_page,unresolved,9,cell_scope,missing,,7104049cab26bbfe9db59035e71aa0d9e4430873cacc7b319742a370a6244865,院校总表,N48,BV48,48
东北师范大学,东北师范大学,exam_syllabus,官方范围说明,432统计学；复试统计建模,,,,0,,missing_public_url,exam_syllabus_web_page,unresolved,9,cell_scope,missing,,7104049cab26bbfe9db59035e71aa0d9e4430873cacc7b319742a370a6244865,院校总表,O48,BV48,48
东北师范大学,东北师范大学,exam_syllabus,官方指定教材,2026研招目录未列指定教材,,,,0,,missing_public_url,exam_syllabus_web_page,unresolved,9,cell_scope,missing,,7104049cab26bbfe9db59035e71aa0d9e4430873cacc7b319742a370a6244865,院校总表,P48,BV48,48
东北师范大学,东北师范大学,exam_syllabus,官方教材状态,官方目录未指定；不以机构书单冒充官方,,,,0,,missing_public_url,exam_syllabus_web_page,unresolved,9,cell_scope,missing,,7104049cab26bbfe9db59035e71aa0d9e4430873cacc7b319742a370a6244865,院校总表,Q48,BV48,48
东北师范大学,东北师范大学,exam_syllabus,真题证据等级,无可读卷证据,,,,0,,missing_public_url,exam_syllabus_web_page,unresolved,9,cell_scope,missing,,7104049cab26bbfe9db59035e71aa0d9e4430873cacc7b319742a370a6244865,院校总表,BT48,BV48,48
东北师范大学,东北师范大学,exam_syllabus,最新官方大纲题型,未核到最新官方题型说明,,,,0,,missing_public_url,exam_syllabus_web_page,unresolved,9,cell_scope,missing,,7104049cab26bbfe9db59035e71aa0d9e4430873cacc7b319742a370a6244865,院校总表,BU48,BV48,48
东华大学,东华大学,exam_syllabus,政治,101思想政治理论,,,,0,,missing_public_url,exam_syllabus_web_page,unresolved,9,cell_scope,missing,,7104049cab26bbfe9db59035e71aa0d9e4430873cacc7b319742a370a6244865,院校总表,K49,BV49,49
东华大学,东华大学,exam_syllabus,英语,英语二,,,,0,,missing_public_url,exam_syllabus_web_page,unresolved,9,cell_scope,missing,,7104049cab26bbfe9db59035e71aa0d9e4430873cacc7b319742a370a6244865,院校总表,L49,BV49,49
东华大学,东华大学,exam_syllabus,数学/经综,数学三,,,,0,,missing_public_url,exam_syllabus_web_page,unresolved,9,cell_scope,missing,,7104049cab26bbfe9db59035e71aa0d9e4430873cacc7b319742a370a6244865,院校总表,M49,BV49,49
东华大学,东华大学,exam_syllabus,专业课,432统计学,,,,0,,missing_public_url,exam_syllabus_web_page,unresolved,9,cell_scope,missing,,7104049cab26bbfe9db59035e71aa0d9e4430873cacc7b319742a370a6244865,院校总表,N49,BV49,49
东华大学,东华大学,exam_syllabus,官方范围说明,432统计学；目录未列指定书目,,,,0,,missing_public_url,exam_syllabus_web_page,unresolved,9,cell_scope,missing,,7104049cab26bbfe9db59035e71aa0d9e4430873cacc7b319742a370a6244865,院校总表,O49,BV49,49
东华大学,东华大学,exam_syllabus,官方指定教材,2026研招目录未列指定教材,,,,0,,missing_public_url,exam_syllabus_web_page,unresolved,9,cell_scope,missing,,7104049cab26bbfe9db59035e71aa0d9e4430873cacc7b319742a370a6244865,院校总表,P49,BV49,49
东华大学,东华大学,exam_syllabus,官方教材状态,官方目录未指定；不以机构书单冒充官方,,,,0,,missing_public_url,exam_syllabus_web_page,unresolved,9,cell_scope,missing,,7104049cab26bbfe9db59035e71aa0d9e4430873cacc7b319742a370a6244865,院校总表,Q49,BV49,49
东华大学,东华大学,exam_syllabus,真题证据等级,无可读卷证据,,,,0,,missing_public_url,exam_syllabus_web_page,unresolved,9,cell_scope,missing,,7104049cab26bbfe9db59035e71aa0d9e4430873cacc7b319742a370a6244865,院校总表,BT49,BV49,49
东华大学,东华大学,exam_syllabus,最新官方大纲题型,未核到最新官方题型说明,,,,0,,missing_public_url,exam_syllabus_web_page,unresolved,9,cell_scope,missing,,7104049cab26bbfe9db59035e71aa0d9e4430873cacc7b319742a370a6244865,院校总表,BU49,BV49,49
北京工业大学,北京工业大学,exam_syllabus,政治,101思想政治理论,,,,0,,missing_public_url,exam_syllabus_web_page,unresolved,9,cell_scope,missing,,7104049cab26bbfe9db59035e71aa0d9e4430873cacc7b319742a370a6244865,院校总表,K50,BV50,50
北京工业大学,北京工业大学,exam_syllabus,英语,英语二,,,,0,,missing_public_url,exam_syllabus_web_page,unresolved,9,cell_scope,missing,,7104049cab26bbfe9db59035e71aa0d9e4430873cacc7b319742a370a6244865,院校总表,L50,BV50,50
北京工业大学,北京工业大学,exam_syllabus,数学/经综,数学三,,,,0,,missing_public_url,exam_syllabus_web_page,unresolved,9,cell_scope,missing,,7104049cab26bbfe9db59035e71aa0d9e4430873cacc7b319742a370a6244865,院校总表,M50,BV50,50
北京工业大学,北京工业大学,exam_syllabus,专业课,432统计学,,,,0,,missing_public_url,exam_syllabus_web_page,unresolved,9,cell_scope,missing,,7104049cab26bbfe9db59035e71aa0d9e4430873cacc7b319742a370a6244865,院校总表,N50,BV50,50
北京工业大学,北京工业大学,exam_syllabus,官方范围说明,432统计学；目录未列指定书目,,,,0,,missing_public_url,exam_syllabus_web_page,unresolved,9,cell_scope,missing,,7104049cab26bbfe9db59035e71aa0d9e4430873cacc7b319742a370a6244865,院校总表,O50,BV50,50
北京工业大学,北京工业大学,exam_syllabus,官方指定教材,2026研招目录未列指定教材,,,,0,,missing_public_url,exam_syllabus_web_page,unresolved,9,cell_scope,missing,,7104049cab26bbfe9db59035e71aa0d9e4430873cacc7b319742a370a6244865,院校总表,P50,BV50,50
北京工业大学,北京工业大学,exam_syllabus,官方教材状态,官方目录未指定；不以机构书单冒充官方,,,,0,,missing_public_url,exam_syllabus_web_page,unresolved,9,cell_scope,missing,,7104049cab26bbfe9db59035e71aa0d9e4430873cacc7b319742a370a6244865,院校总表,Q50,BV50,50
北京工业大学,北京工业大学,exam_syllabus,真题证据等级,无可读卷证据,,,,0,,missing_public_url,exam_syllabus_web_page,unresolved,9,cell_scope,missing,,7104049cab26bbfe9db59035e71aa0d9e4430873cacc7b319742a370a6244865,院校总表,BT50,BV50,50
北京工业大学,北京工业大学,exam_syllabus,最新官方大纲题型,未核到最新官方题型说明,,,,0,,missing_public_url,exam_syllabus_web_page,unresolved,9,cell_scope,missing,,7104049cab26bbfe9db59035e71aa0d9e4430873cacc7b319742a370a6244865,院校总表,BU50,BV50,50
郑州大学,郑州大学,exam_syllabus,政治,101思想政治理论,,,,0,,missing_public_url,exam_syllabus_web_page,unresolved,9,cell_scope,missing,,7104049cab26bbfe9db59035e71aa0d9e4430873cacc7b319742a370a6244865,院校总表,K51,BV51,51
郑州大学,郑州大学,exam_syllabus,英语,英语二,,,,0,,missing_public_url,exam_syllabus_web_page,unresolved,9,cell_scope,missing,,7104049cab26bbfe9db59035e71aa0d9e4430873cacc7b319742a370a6244865,院校总表,L51,BV51,51
郑州大学,郑州大学,exam_syllabus,数学/经综,数学三,,,,0,,missing_public_url,exam_syllabus_web_page,unresolved,9,cell_scope,missing,,7104049cab26bbfe9db59035e71aa0d9e4430873cacc7b319742a370a6244865,院校总表,M51,BV51,51
郑州大学,郑州大学,exam_syllabus,专业课,432统计学,,,,0,,missing_public_url,exam_syllabus_web_page,unresolved,9,cell_scope,missing,,7104049cab26bbfe9db59035e71aa0d9e4430873cacc7b319742a370a6244865,院校总表,N51,BV51,51
郑州大学,郑州大学,exam_syllabus,官方范围说明,432统计学；目录未列指定书目,,,,0,,missing_public_url,exam_syllabus_web_page,unresolved,9,cell_scope,missing,,7104049cab26bbfe9db59035e71aa0d9e4430873cacc7b319742a370a6244865,院校总表,O51,BV51,51
郑州大学,郑州大学,exam_syllabus,官方指定教材,2026研招目录未列指定教材,,,,0,,missing_public_url,exam_syllabus_web_page,unresolved,9,cell_scope,missing,,7104049cab26bbfe9db59035e71aa0d9e4430873cacc7b319742a370a6244865,院校总表,P51,BV51,51
郑州大学,郑州大学,exam_syllabus,官方教材状态,官方目录未指定；不以机构书单冒充官方,,,,0,,missing_public_url,exam_syllabus_web_page,unresolved,9,cell_scope,missing,,7104049cab26bbfe9db59035e71aa0d9e4430873cacc7b319742a370a6244865,院校总表,Q51,BV51,51
郑州大学,郑州大学,exam_syllabus,真题证据等级,无可读卷证据,,,,0,,missing_public_url,exam_syllabus_web_page,unresolved,9,cell_scope,missing,,7104049cab26bbfe9db59035e71aa0d9e4430873cacc7b319742a370a6244865,院校总表,BT51,BV51,51
郑州大学,郑州大学,exam_syllabus,最新官方大纲题型,未核到最新官方题型说明,,,,0,,missing_public_url,exam_syllabus_web_page,unresolved,9,cell_scope,missing,,7104049cab26bbfe9db59035e71aa0d9e4430873cacc7b319742a370a6244865,院校总表,BU51,BV51,51
华南师范大学,华南师范大学,exam_syllabus,政治,101思想政治理论,,,,0,,missing_public_url,exam_syllabus_web_page,unresolved,9,cell_scope,missing,,7104049cab26bbfe9db59035e71aa0d9e4430873cacc7b319742a370a6244865,院校总表,K52,BV52,52
华南师范大学,华南师范大学,exam_syllabus,英语,英语二,,,,0,,missing_public_url,exam_syllabus_web_page,unresolved,9,cell_scope,missing,,7104049cab26bbfe9db59035e71aa0d9e4430873cacc7b319742a370a6244865,院校总表,L52,BV52,52
华南师范大学,华南师范大学,exam_syllabus,数学/经综,数学三,,,,0,,missing_public_url,exam_syllabus_web_page,unresolved,9,cell_scope,missing,,7104049cab26bbfe9db59035e71aa0d9e4430873cacc7b319742a370a6244865,院校总表,M52,BV52,52
华南师范大学,华南师范大学,exam_syllabus,专业课,432统计学,,,,0,,missing_public_url,exam_syllabus_web_page,unresolved,9,cell_scope,missing,,7104049cab26bbfe9db59035e71aa0d9e4430873cacc7b319742a370a6244865,院校总表,N52,BV52,52
华南师范大学,华南师范大学,exam_syllabus,官方范围说明,432统计学；目录未列指定书目,,,,0,,missing_public_url,exam_syllabus_web_page,unresolved,9,cell_scope,missing,,7104049cab26bbfe9db59035e71aa0d9e4430873cacc7b319742a370a6244865,院校总表,O52,BV52,52
华南师范大学,华南师范大学,exam_syllabus,官方指定教材,2026研招目录未列指定教材,,,,0,,missing_public_url,exam_syllabus_web_page,unresolved,9,cell_scope,missing,,7104049cab26bbfe9db59035e71aa0d9e4430873cacc7b319742a370a6244865,院校总表,P52,BV52,52
华南师范大学,华南师范大学,exam_syllabus,官方教材状态,官方目录未指定；不以机构书单冒充官方,,,,0,,missing_public_url,exam_syllabus_web_page,unresolved,9,cell_scope,missing,,7104049cab26bbfe9db59035e71aa0d9e4430873cacc7b319742a370a6244865,院校总表,Q52,BV52,52
华南师范大学,华南师范大学,exam_syllabus,真题证据等级,无可读卷证据,,,,0,,missing_public_url,exam_syllabus_web_page,unresolved,9,cell_scope,missing,,7104049cab26bbfe9db59035e71aa0d9e4430873cacc7b319742a370a6244865,院校总表,BT52,BV52,52
华南师范大学,华南师范大学,exam_syllabus,最新官方大纲题型,未核到最新官方题型说明,,,,0,,missing_public_url,exam_syllabus_web_page,unresolved,9,cell_scope,missing,,7104049cab26bbfe9db59035e71aa0d9e4430873cacc7b319742a370a6244865,院校总表,BU52,BV52,52
华中师范大学,华中师范大学,exam_syllabus,政治,101思想政治理论,,,,0,,missing_public_url,exam_syllabus_web_page,unresolved,9,cell_scope,missing,,7104049cab26bbfe9db59035e71aa0d9e4430873cacc7b319742a370a6244865,院校总表,K53,BV53,53
华中师范大学,华中师范大学,exam_syllabus,英语,英语二,,,,0,,missing_public_url,exam_syllabus_web_page,unresolved,9,cell_scope,missing,,7104049cab26bbfe9db59035e71aa0d9e4430873cacc7b319742a370a6244865,院校总表,L53,BV53,53
华中师范大学,华中师范大学,exam_syllabus,数学/经综,数学三,,,,0,,missing_public_url,exam_syllabus_web_page,unresolved,9,cell_scope,missing,,7104049cab26bbfe9db59035e71aa0d9e4430873cacc7b319742a370a6244865,院校总表,M53,BV53,53
华中师范大学,华中师范大学,exam_syllabus,专业课,432统计学,,,,0,,missing_public_url,exam_syllabus_web_page,unresolved,9,cell_scope,missing,,7104049cab26bbfe9db59035e71aa0d9e4430873cacc7b319742a370a6244865,院校总表,N53,BV53,53
华中师范大学,华中师范大学,exam_syllabus,官方范围说明,432统计学；目录未列指定书目,,,,0,,missing_public_url,exam_syllabus_web_page,unresolved,9,cell_scope,missing,,7104049cab26bbfe9db59035e71aa0d9e4430873cacc7b319742a370a6244865,院校总表,O53,BV53,53
华中师范大学,华中师范大学,exam_syllabus,官方指定教材,2026研招目录未列指定教材,,,,0,,missing_public_url,exam_syllabus_web_page,unresolved,9,cell_scope,missing,,7104049cab26bbfe9db59035e71aa0d9e4430873cacc7b319742a370a6244865,院校总表,P53,BV53,53
华中师范大学,华中师范大学,exam_syllabus,官方教材状态,官方目录未指定；不以机构书单冒充官方,,,,0,,missing_public_url,exam_syllabus_web_page,unresolved,9,cell_scope,missing,,7104049cab26bbfe9db59035e71aa0d9e4430873cacc7b319742a370a6244865,院校总表,Q53,BV53,53
华中师范大学,华中师范大学,exam_syllabus,真题证据等级,无可读卷证据,,,,0,,missing_public_url,exam_syllabus_web_page,unresolved,9,cell_scope,missing,,7104049cab26bbfe9db59035e71aa0d9e4430873cacc7b319742a370a6244865,院校总表,BT53,BV53,53
华中师范大学,华中师范大学,exam_syllabus,最新官方大纲题型,未核到最新官方题型说明,,,,0,,missing_public_url,exam_syllabus_web_page,unresolved,9,cell_scope,missing,,7104049cab26bbfe9db59035e71aa0d9e4430873cacc7b319742a370a6244865,院校总表,BU53,BV53,53
西南交通大学,西南交通大学,exam_syllabus,政治,101思想政治理论,,,,0,,missing_public_url,exam_syllabus_web_page,unresolved,9,cell_scope,missing,,7104049cab26bbfe9db59035e71aa0d9e4430873cacc7b319742a370a6244865,院校总表,K54,BV54,54
西南交通大学,西南交通大学,exam_syllabus,英语,英语二,,,,0,,missing_public_url,exam_syllabus_web_page,unresolved,9,cell_scope,missing,,7104049cab26bbfe9db59035e71aa0d9e4430873cacc7b319742a370a6244865,院校总表,L54,BV54,54
西南交通大学,西南交通大学,exam_syllabus,数学/经综,数学三,,,,0,,missing_public_url,exam_syllabus_web_page,unresolved,9,cell_scope,missing,,7104049cab26bbfe9db59035e71aa0d9e4430873cacc7b319742a370a6244865,院校总表,M54,BV54,54
西南交通大学,西南交通大学,exam_syllabus,专业课,432统计学,,,,0,,missing_public_url,exam_syllabus_web_page,unresolved,9,cell_scope,missing,,7104049cab26bbfe9db59035e71aa0d9e4430873cacc7b319742a370a6244865,院校总表,N54,BV54,54
西南交通大学,西南交通大学,exam_syllabus,官方范围说明,432统计学；目录未列指定书目,,,,0,,missing_public_url,exam_syllabus_web_page,unresolved,9,cell_scope,missing,,7104049cab26bbfe9db59035e71aa0d9e4430873cacc7b319742a370a6244865,院校总表,O54,BV54,54
西南交通大学,西南交通大学,exam_syllabus,官方指定教材,2026研招目录未列指定教材,,,,0,,missing_public_url,exam_syllabus_web_page,unresolved,9,cell_scope,missing,,7104049cab26bbfe9db59035e71aa0d9e4430873cacc7b319742a370a6244865,院校总表,P54,BV54,54
西南交通大学,西南交通大学,exam_syllabus,官方教材状态,官方目录未指定；不以机构书单冒充官方,,,,0,,missing_public_url,exam_syllabus_web_page,unresolved,9,cell_scope,missing,,7104049cab26bbfe9db59035e71aa0d9e4430873cacc7b319742a370a6244865,院校总表,Q54,BV54,54
西南交通大学,西南交通大学,exam_syllabus,真题证据等级,无可读卷证据,,,,0,,missing_public_url,exam_syllabus_web_page,unresolved,9,cell_scope,missing,,7104049cab26bbfe9db59035e71aa0d9e4430873cacc7b319742a370a6244865,院校总表,BT54,BV54,54
西南交通大学,西南交通大学,exam_syllabus,最新官方大纲题型,未核到最新官方题型说明,,,,0,,missing_public_url,exam_syllabus_web_page,unresolved,9,cell_scope,missing,,7104049cab26bbfe9db59035e71aa0d9e4430873cacc7b319742a370a6244865,院校总表,BU54,BV54,54
西北大学,西北大学,exam_syllabus,政治,101思想政治理论,,,,0,,missing_public_url,exam_syllabus_web_page,unresolved,9,cell_scope,missing,,7104049cab26bbfe9db59035e71aa0d9e4430873cacc7b319742a370a6244865,院校总表,K55,BV55,55
西北大学,西北大学,exam_syllabus,英语,英语一,,,,0,,missing_public_url,exam_syllabus_web_page,unresolved,9,cell_scope,missing,,7104049cab26bbfe9db59035e71aa0d9e4430873cacc7b319742a370a6244865,院校总表,L55,BV55,55
西北大学,西北大学,exam_syllabus,数学/经综,数学三,,,,0,,missing_public_url,exam_syllabus_web_page,unresolved,9,cell_scope,missing,,7104049cab26bbfe9db59035e71aa0d9e4430873cacc7b319742a370a6244865,院校总表,M55,BV55,55
西北大学,西北大学,exam_syllabus,专业课,432统计学,,,,0,,missing_public_url,exam_syllabus_web_page,unresolved,9,cell_scope,missing,,7104049cab26bbfe9db59035e71aa0d9e4430873cacc7b319742a370a6244865,院校总表,N55,BV55,55
西北大学,西北大学,exam_syllabus,官方范围说明,432统计学；目录未列指定书目,,,,0,,missing_public_url,exam_syllabus_web_page,unresolved,9,cell_scope,missing,,7104049cab26bbfe9db59035e71aa0d9e4430873cacc7b319742a370a6244865,院校总表,O55,BV55,55
西北大学,西北大学,exam_syllabus,官方指定教材,2026研招目录未列指定教材,,,,0,,missing_public_url,exam_syllabus_web_page,unresolved,9,cell_scope,missing,,7104049cab26bbfe9db59035e71aa0d9e4430873cacc7b319742a370a6244865,院校总表,P55,BV55,55
西北大学,西北大学,exam_syllabus,官方教材状态,官方目录未指定；不以机构书单冒充官方,,,,0,,missing_public_url,exam_syllabus_web_page,unresolved,9,cell_scope,missing,,7104049cab26bbfe9db59035e71aa0d9e4430873cacc7b319742a370a6244865,院校总表,Q55,BV55,55
西北大学,西北大学,exam_syllabus,真题证据等级,无可读卷证据,,,,0,,missing_public_url,exam_syllabus_web_page,unresolved,9,cell_scope,missing,,7104049cab26bbfe9db59035e71aa0d9e4430873cacc7b319742a370a6244865,院校总表,BT55,BV55,55
西北大学,西北大学,exam_syllabus,最新官方大纲题型,未核到最新官方题型说明,,,,0,,missing_public_url,exam_syllabus_web_page,unresolved,9,cell_scope,missing,,7104049cab26bbfe9db59035e71aa0d9e4430873cacc7b319742a370a6244865,院校总表,BU55,BV55,55
中国石油大学（北京）,中国石油大学（北京）,exam_syllabus,政治,101思想政治理论,,,,0,,missing_public_url,exam_syllabus_web_page,unresolved,9,cell_scope,missing,,7104049cab26bbfe9db59035e71aa0d9e4430873cacc7b319742a370a6244865,院校总表,K56,BV56,56
中国石油大学（北京）,中国石油大学（北京）,exam_syllabus,英语,英语二,,,,0,,missing_public_url,exam_syllabus_web_page,unresolved,9,cell_scope,missing,,7104049cab26bbfe9db59035e71aa0d9e4430873cacc7b319742a370a6244865,院校总表,L56,BV56,56
中国石油大学（北京）,中国石油大学（北京）,exam_syllabus,数学/经综,数学三,,,,0,,missing_public_url,exam_syllabus_web_page,unresolved,9,cell_scope,missing,,7104049cab26bbfe9db59035e71aa0d9e4430873cacc7b319742a370a6244865,院校总表,M56,BV56,56
中国石油大学（北京）,中国石油大学（北京）,exam_syllabus,专业课,432统计学,,,,0,,missing_public_url,exam_syllabus_web_page,unresolved,9,cell_scope,missing,,7104049cab26bbfe9db59035e71aa0d9e4430873cacc7b319742a370a6244865,院校总表,N56,BV56,56
中国石油大学（北京）,中国石油大学（北京）,exam_syllabus,官方范围说明,432统计学；目录未列指定书目,,,,0,,missing_public_url,exam_syllabus_web_page,unresolved,9,cell_scope,missing,,7104049cab26bbfe9db59035e71aa0d9e4430873cacc7b319742a370a6244865,院校总表,O56,BV56,56
中国石油大学（北京）,中国石油大学（北京）,exam_syllabus,官方指定教材,2026研招目录未列指定教材,,,,0,,missing_public_url,exam_syllabus_web_page,unresolved,9,cell_scope,missing,,7104049cab26bbfe9db59035e71aa0d9e4430873cacc7b319742a370a6244865,院校总表,P56,BV56,56
中国石油大学（北京）,中国石油大学（北京）,exam_syllabus,官方教材状态,官方目录未指定；不以机构书单冒充官方,,,,0,,missing_public_url,exam_syllabus_web_page,unresolved,9,cell_scope,missing,,7104049cab26bbfe9db59035e71aa0d9e4430873cacc7b319742a370a6244865,院校总表,Q56,BV56,56
中国石油大学（北京）,中国石油大学（北京）,exam_syllabus,真题证据等级,无可读卷证据,,,,0,,missing_public_url,exam_syllabus_web_page,unresolved,9,cell_scope,missing,,7104049cab26bbfe9db59035e71aa0d9e4430873cacc7b319742a370a6244865,院校总表,BT56,BV56,56
中国石油大学（北京）,中国石油大学（北京）,exam_syllabus,最新官方大纲题型,未核到最新官方题型说明,,,,0,,missing_public_url,exam_syllabus_web_page,unresolved,9,cell_scope,missing,,7104049cab26bbfe9db59035e71aa0d9e4430873cacc7b319742a370a6244865,院校总表,BU56,BV56,56
华北电力大学,华北电力大学,exam_syllabus,政治,101思想政治理论,,,,0,,missing_public_url,exam_syllabus_web_page,unresolved,9,cell_scope,missing,,7104049cab26bbfe9db59035e71aa0d9e4430873cacc7b319742a370a6244865,院校总表,K57,BV57,57
华北电力大学,华北电力大学,exam_syllabus,英语,英语二,,,,0,,missing_public_url,exam_syllabus_web_page,unresolved,9,cell_scope,missing,,7104049cab26bbfe9db59035e71aa0d9e4430873cacc7b319742a370a6244865,院校总表,L57,BV57,57
华北电力大学,华北电力大学,exam_syllabus,数学/经综,数学三,,,,0,,missing_public_url,exam_syllabus_web_page,unresolved,9,cell_scope,missing,,7104049cab26bbfe9db59035e71aa0d9e4430873cacc7b319742a370a6244865,院校总表,M57,BV57,57
华北电力大学,华北电力大学,exam_syllabus,专业课,432统计学,,,,0,,missing_public_url,exam_syllabus_web_page,unresolved,9,cell_scope,missing,,7104049cab26bbfe9db59035e71aa0d9e4430873cacc7b319742a370a6244865,院校总表,N57,BV57,57
华北电力大学,华北电力大学,exam_syllabus,官方范围说明,432统计学；保定复试科目为概率论与数理统计,,,,0,,missing_public_url,exam_syllabus_web_page,unresolved,9,cell_scope,missing,,7104049cab26bbfe9db59035e71aa0d9e4430873cacc7b319742a370a6244865,院校总表,O57,BV57,57
华北电力大学,华北电力大学,exam_syllabus,官方指定教材,2026研招目录未列指定教材,,,,0,,missing_public_url,exam_syllabus_web_page,unresolved,9,cell_scope,missing,,7104049cab26bbfe9db59035e71aa0d9e4430873cacc7b319742a370a6244865,院校总表,P57,BV57,57
华北电力大学,华北电力大学,exam_syllabus,官方教材状态,官方目录未指定；不以机构书单冒充官方,,,,0,,missing_public_url,exam_syllabus_web_page,unresolved,9,cell_scope,missing,,7104049cab26bbfe9db59035e71aa0d9e4430873cacc7b319742a370a6244865,院校总表,Q57,BV57,57
华北电力大学,华北电力大学,exam_syllabus,真题证据等级,无可读卷证据,,,,0,,missing_public_url,exam_syllabus_web_page,unresolved,9,cell_scope,missing,,7104049cab26bbfe9db59035e71aa0d9e4430873cacc7b319742a370a6244865,院校总表,BT57,BV57,57
华北电力大学,华北电力大学,exam_syllabus,最新官方大纲题型,未核到最新官方题型说明,,,,0,,missing_public_url,exam_syllabus_web_page,unresolved,9,cell_scope,missing,,7104049cab26bbfe9db59035e71aa0d9e4430873cacc7b319742a370a6244865,院校总表,BU57,BV57,57
南京师范大学,南京师范大学,exam_syllabus,政治,101思想政治理论,,,,0,,missing_public_url,exam_syllabus_web_page,unresolved,9,cell_scope,missing,,7104049cab26bbfe9db59035e71aa0d9e4430873cacc7b319742a370a6244865,院校总表,K58,BV58,58
南京师范大学,南京师范大学,exam_syllabus,英语,英语二,,,,0,,missing_public_url,exam_syllabus_web_page,unresolved,9,cell_scope,missing,,7104049cab26bbfe9db59035e71aa0d9e4430873cacc7b319742a370a6244865,院校总表,L58,BV58,58
南京师范大学,南京师范大学,exam_syllabus,数学/经综,数学三,,,,0,,missing_public_url,exam_syllabus_web_page,unresolved,9,cell_scope,missing,,7104049cab26bbfe9db59035e71aa0d9e4430873cacc7b319742a370a6244865,院校总表,M58,BV58,58
南京师范大学,南京师范大学,exam_syllabus,专业课,432统计学,,,,0,,missing_public_url,exam_syllabus_web_page,unresolved,9,cell_scope,missing,,7104049cab26bbfe9db59035e71aa0d9e4430873cacc7b319742a370a6244865,院校总表,N58,BV58,58
南京师范大学,南京师范大学,exam_syllabus,官方范围说明,432统计学；目录未列指定书目,,,,0,,missing_public_url,exam_syllabus_web_page,unresolved,9,cell_scope,missing,,7104049cab26bbfe9db59035e71aa0d9e4430873cacc7b319742a370a6244865,院校总表,O58,BV58,58
南京师范大学,南京师范大学,exam_syllabus,官方指定教材,2026研招目录未列指定教材,,,,0,,missing_public_url,exam_syllabus_web_page,unresolved,9,cell_scope,missing,,7104049cab26bbfe9db59035e71aa0d9e4430873cacc7b319742a370a6244865,院校总表,P58,BV58,58
南京师范大学,南京师范大学,exam_syllabus,官方教材状态,官方目录未指定；不以机构书单冒充官方,,,,0,,missing_public_url,exam_syllabus_web_page,unresolved,9,cell_scope,missing,,7104049cab26bbfe9db59035e71aa0d9e4430873cacc7b319742a370a6244865,院校总表,Q58,BV58,58
南京师范大学,南京师范大学,exam_syllabus,真题证据等级,无可读卷证据,,,,0,,missing_public_url,exam_syllabus_web_page,unresolved,9,cell_scope,missing,,7104049cab26bbfe9db59035e71aa0d9e4430873cacc7b319742a370a6244865,院校总表,BT58,BV58,58
南京师范大学,南京师范大学,exam_syllabus,最新官方大纲题型,未核到最新官方题型说明,,,,0,,missing_public_url,exam_syllabus_web_page,unresolved,9,cell_scope,missing,,7104049cab26bbfe9db59035e71aa0d9e4430873cacc7b319742a370a6244865,院校总表,BU58,BV58,58
中国石油大学（华东）,中国石油大学（华东）,exam_syllabus,政治,101思想政治理论,,,,0,,missing_public_url,exam_syllabus_web_page,unresolved,9,cell_scope,missing,,7104049cab26bbfe9db59035e71aa0d9e4430873cacc7b319742a370a6244865,院校总表,K59,BV59,59
中国石油大学（华东）,中国石油大学（华东）,exam_syllabus,英语,英语二,,,,0,,missing_public_url,exam_syllabus_web_page,unresolved,9,cell_scope,missing,,7104049cab26bbfe9db59035e71aa0d9e4430873cacc7b319742a370a6244865,院校总表,L59,BV59,59
中国石油大学（华东）,中国石油大学（华东）,exam_syllabus,数学/经综,数学三,,,,0,,missing_public_url,exam_syllabus_web_page,unresolved,9,cell_scope,missing,,7104049cab26bbfe9db59035e71aa0d9e4430873cacc7b319742a370a6244865,院校总表,M59,BV59,59
中国石油大学（华东）,中国石油大学（华东）,exam_syllabus,专业课,432统计学,,,,0,,missing_public_url,exam_syllabus_web_page,unresolved,9,cell_scope,missing,,7104049cab26bbfe9db59035e71aa0d9e4430873cacc7b319742a370a6244865,院校总表,N59,BV59,59
中国石油大学（华东）,中国石油大学（华东）,exam_syllabus,官方范围说明,432统计学；目录未列指定书目,,,,0,,missing_public_url,exam_syllabus_web_page,unresolved,9,cell_scope,missing,,7104049cab26bbfe9db59035e71aa0d9e4430873cacc7b319742a370a6244865,院校总表,O59,BV59,59
中国石油大学（华东）,中国石油大学（华东）,exam_syllabus,官方指定教材,2026研招目录未列指定教材,,,,0,,missing_public_url,exam_syllabus_web_page,unresolved,9,cell_scope,missing,,7104049cab26bbfe9db59035e71aa0d9e4430873cacc7b319742a370a6244865,院校总表,P59,BV59,59
中国石油大学（华东）,中国石油大学（华东）,exam_syllabus,官方教材状态,官方目录未指定；不以机构书单冒充官方,,,,0,,missing_public_url,exam_syllabus_web_page,unresolved,9,cell_scope,missing,,7104049cab26bbfe9db59035e71aa0d9e4430873cacc7b319742a370a6244865,院校总表,Q59,BV59,59
中国石油大学（华东）,中国石油大学（华东）,exam_syllabus,真题证据等级,无可读卷证据,,,,0,,missing_public_url,exam_syllabus_web_page,unresolved,9,cell_scope,missing,,7104049cab26bbfe9db59035e71aa0d9e4430873cacc7b319742a370a6244865,院校总表,BT59,BV59,59
中国石油大学（华东）,中国石油大学（华东）,exam_syllabus,最新官方大纲题型,未核到最新官方题型说明,,,,0,,missing_public_url,exam_syllabus_web_page,unresolved,9,cell_scope,missing,,7104049cab26bbfe9db59035e71aa0d9e4430873cacc7b319742a370a6244865,院校总表,BU59,BV59,59
中国地质大学（武汉）,中国地质大学（武汉）,exam_syllabus,政治,101思想政治理论,,,,0,,missing_public_url,exam_syllabus_web_page,unresolved,9,cell_scope,missing,,7104049cab26bbfe9db59035e71aa0d9e4430873cacc7b319742a370a6244865,院校总表,K60,BV60,60
中国地质大学（武汉）,中国地质大学（武汉）,exam_syllabus,英语,英语二,,,,0,,missing_public_url,exam_syllabus_web_page,unresolved,9,cell_scope,missing,,7104049cab26bbfe9db59035e71aa0d9e4430873cacc7b319742a370a6244865,院校总表,L60,BV60,60
中国地质大学（武汉）,中国地质大学（武汉）,exam_syllabus,数学/经综,数学三,,,,0,,missing_public_url,exam_syllabus_web_page,unresolved,9,cell_scope,missing,,7104049cab26bbfe9db59035e71aa0d9e4430873cacc7b319742a370a6244865,院校总表,M60,BV60,60
中国地质大学（武汉）,中国地质大学（武汉）,exam_syllabus,专业课,432统计学,,,,0,,missing_public_url,exam_syllabus_web_page,unresolved,9,cell_scope,missing,,7104049cab26bbfe9db59035e71aa0d9e4430873cacc7b319742a370a6244865,院校总表,N60,BV60,60
中国地质大学（武汉）,中国地质大学（武汉）,exam_syllabus,官方范围说明,432统计学；目录未列指定书目,,,,0,,missing_public_url,exam_syllabus_web_page,unresolved,9,cell_scope,missing,,7104049cab26bbfe9db59035e71aa0d9e4430873cacc7b319742a370a6244865,院校总表,O60,BV60,60
中国地质大学（武汉）,中国地质大学（武汉）,exam_syllabus,官方指定教材,2026研招目录未列指定教材,,,,0,,missing_public_url,exam_syllabus_web_page,unresolved,9,cell_scope,missing,,7104049cab26bbfe9db59035e71aa0d9e4430873cacc7b319742a370a6244865,院校总表,P60,BV60,60
中国地质大学（武汉）,中国地质大学（武汉）,exam_syllabus,官方教材状态,官方目录未指定；不以机构书单冒充官方,,,,0,,missing_public_url,exam_syllabus_web_page,unresolved,9,cell_scope,missing,,7104049cab26bbfe9db59035e71aa0d9e4430873cacc7b319742a370a6244865,院校总表,Q60,BV60,60
中国地质大学（武汉）,中国地质大学（武汉）,exam_syllabus,真题证据等级,无可读卷证据,,,,0,,missing_public_url,exam_syllabus_web_page,unresolved,9,cell_scope,missing,,7104049cab26bbfe9db59035e71aa0d9e4430873cacc7b319742a370a6244865,院校总表,BT60,BV60,60
中国地质大学（武汉）,中国地质大学（武汉）,exam_syllabus,最新官方大纲题型,未核到最新官方题型说明,,,,0,,missing_public_url,exam_syllabus_web_page,unresolved,9,cell_scope,missing,,7104049cab26bbfe9db59035e71aa0d9e4430873cacc7b319742a370a6244865,院校总表,BU60,BV60,60
中国地质大学（北京）,中国地质大学（北京）,exam_syllabus,政治,101思想政治理论,,,,0,,missing_public_url,exam_syllabus_web_page,unresolved,9,cell_scope,missing,,7104049cab26bbfe9db59035e71aa0d9e4430873cacc7b319742a370a6244865,院校总表,K61,BV61,61
中国地质大学（北京）,中国地质大学（北京）,exam_syllabus,英语,英语二（统考）,,,,0,,missing_public_url,exam_syllabus_web_page,unresolved,9,cell_scope,missing,,7104049cab26bbfe9db59035e71aa0d9e4430873cacc7b319742a370a6244865,院校总表,L61,BV61,61
中国地质大学（北京）,中国地质大学（北京）,exam_syllabus,数学/经综,数学三（统考）,,,,0,,missing_public_url,exam_syllabus_web_page,unresolved,9,cell_scope,missing,,7104049cab26bbfe9db59035e71aa0d9e4430873cacc7b319742a370a6244865,院校总表,M61,BV61,61
中国地质大学（北京）,中国地质大学（北京）,exam_syllabus,专业课,432统计学,,,,0,,missing_public_url,exam_syllabus_web_page,unresolved,9,cell_scope,missing,,7104049cab26bbfe9db59035e71aa0d9e4430873cacc7b319742a370a6244865,院校总表,N61,BV61,61
中国地质大学（北京）,中国地质大学（北京）,exam_syllabus,官方范围说明,432统计学；单考科目另列，不与统考混淆,,,,0,,missing_public_url,exam_syllabus_web_page,unresolved,9,cell_scope,missing,,7104049cab26bbfe9db59035e71aa0d9e4430873cacc7b319742a370a6244865,院校总表,O61,BV61,61
中国地质大学（北京）,中国地质大学（北京）,exam_syllabus,官方指定教材,2026研招目录未列指定教材,,,,0,,missing_public_url,exam_syllabus_web_page,unresolved,9,cell_scope,missing,,7104049cab26bbfe9db59035e71aa0d9e4430873cacc7b319742a370a6244865,院校总表,P61,BV61,61
中国地质大学（北京）,中国地质大学（北京）,exam_syllabus,官方教材状态,官方目录未指定；不以机构书单冒充官方,,,,0,,missing_public_url,exam_syllabus_web_page,unresolved,9,cell_scope,missing,,7104049cab26bbfe9db59035e71aa0d9e4430873cacc7b319742a370a6244865,院校总表,Q61,BV61,61
中国地质大学（北京）,中国地质大学（北京）,exam_syllabus,真题证据等级,无可读卷证据,,,,0,,missing_public_url,exam_syllabus_web_page,unresolved,9,cell_scope,missing,,7104049cab26bbfe9db59035e71aa0d9e4430873cacc7b319742a370a6244865,院校总表,BT61,BV61,61
中国地质大学（北京）,中国地质大学（北京）,exam_syllabus,最新官方大纲题型,未核到最新官方题型说明,,,,0,,missing_public_url,exam_syllabus_web_page,unresolved,9,cell_scope,missing,,7104049cab26bbfe9db59035e71aa0d9e4430873cacc7b319742a370a6244865,院校总表,BU61,BV61,61
福州大学,福州大学,exam_syllabus,政治,101思想政治理论,,,,0,,missing_public_url,exam_syllabus_web_page,unresolved,9,cell_scope,missing,,7104049cab26bbfe9db59035e71aa0d9e4430873cacc7b319742a370a6244865,院校总表,K62,BV62,62
福州大学,福州大学,exam_syllabus,英语,英语二,,,,0,,missing_public_url,exam_syllabus_web_page,unresolved,9,cell_scope,missing,,7104049cab26bbfe9db59035e71aa0d9e4430873cacc7b319742a370a6244865,院校总表,L62,BV62,62
福州大学,福州大学,exam_syllabus,数学/经综,数学三,,,,0,,missing_public_url,exam_syllabus_web_page,unresolved,9,cell_scope,missing,,7104049cab26bbfe9db59035e71aa0d9e4430873cacc7b319742a370a6244865,院校总表,M62,BV62,62
福州大学,福州大学,exam_syllabus,专业课,432统计学,,,,0,,missing_public_url,exam_syllabus_web_page,unresolved,9,cell_scope,missing,,7104049cab26bbfe9db59035e71aa0d9e4430873cacc7b319742a370a6244865,院校总表,N62,BV62,62
福州大学,福州大学,exam_syllabus,官方范围说明,432统计学；目录未列指定书目,,,,0,,missing_public_url,exam_syllabus_web_page,unresolved,9,cell_scope,missing,,7104049cab26bbfe9db59035e71aa0d9e4430873cacc7b319742a370a6244865,院校总表,O62,BV62,62
福州大学,福州大学,exam_syllabus,官方指定教材,2026研招目录未列指定教材,,,,0,,missing_public_url,exam_syllabus_web_page,unresolved,9,cell_scope,missing,,7104049cab26bbfe9db59035e71aa0d9e4430873cacc7b319742a370a6244865,院校总表,P62,BV62,62
福州大学,福州大学,exam_syllabus,官方教材状态,官方目录未指定；不以机构书单冒充官方,,,,0,,missing_public_url,exam_syllabus_web_page,unresolved,9,cell_scope,missing,,7104049cab26bbfe9db59035e71aa0d9e4430873cacc7b319742a370a6244865,院校总表,Q62,BV62,62
福州大学,福州大学,exam_syllabus,真题证据等级,无可读卷证据,,,,0,,missing_public_url,exam_syllabus_web_page,unresolved,9,cell_scope,missing,,7104049cab26bbfe9db59035e71aa0d9e4430873cacc7b319742a370a6244865,院校总表,BT62,BV62,62
福州大学,福州大学,exam_syllabus,最新官方大纲题型,未核到最新官方题型说明,,,,0,,missing_public_url,exam_syllabus_web_page,unresolved,9,cell_scope,missing,,7104049cab26bbfe9db59035e71aa0d9e4430873cacc7b319742a370a6244865,院校总表,BU62,BV62,62
西南大学,西南大学,exam_syllabus,政治,101思想政治理论,,,,0,,missing_public_url,exam_syllabus_web_page,unresolved,9,cell_scope,missing,,7104049cab26bbfe9db59035e71aa0d9e4430873cacc7b319742a370a6244865,院校总表,K63,BV63,63
西南大学,西南大学,exam_syllabus,英语,英语二,,,,0,,missing_public_url,exam_syllabus_web_page,unresolved,9,cell_scope,missing,,7104049cab26bbfe9db59035e71aa0d9e4430873cacc7b319742a370a6244865,院校总表,L63,BV63,63
西南大学,西南大学,exam_syllabus,数学/经综,数学三,,,,0,,missing_public_url,exam_syllabus_web_page,unresolved,9,cell_scope,missing,,7104049cab26bbfe9db59035e71aa0d9e4430873cacc7b319742a370a6244865,院校总表,M63,BV63,63
西南大学,西南大学,exam_syllabus,专业课,432统计学,,,,0,,missing_public_url,exam_syllabus_web_page,unresolved,9,cell_scope,missing,,7104049cab26bbfe9db59035e71aa0d9e4430873cacc7b319742a370a6244865,院校总表,N63,BV63,63
西南大学,西南大学,exam_syllabus,官方范围说明,432统计学；目录未列指定书目,,,,0,,missing_public_url,exam_syllabus_web_page,unresolved,9,cell_scope,missing,,7104049cab26bbfe9db59035e71aa0d9e4430873cacc7b319742a370a6244865,院校总表,O63,BV63,63
西南大学,西南大学,exam_syllabus,官方指定教材,2026研招目录未列指定教材,,,,0,,missing_public_url,exam_syllabus_web_page,unresolved,9,cell_scope,missing,,7104049cab26bbfe9db59035e71aa0d9e4430873cacc7b319742a370a6244865,院校总表,P63,BV63,63
西南大学,西南大学,exam_syllabus,官方教材状态,官方目录未指定；不以机构书单冒充官方,,,,0,,missing_public_url,exam_syllabus_web_page,unresolved,9,cell_scope,missing,,7104049cab26bbfe9db59035e71aa0d9e4430873cacc7b319742a370a6244865,院校总表,Q63,BV63,63
西南大学,西南大学,exam_syllabus,真题证据等级,无可读卷证据,,,,0,,missing_public_url,exam_syllabus_web_page,unresolved,9,cell_scope,missing,,7104049cab26bbfe9db59035e71aa0d9e4430873cacc7b319742a370a6244865,院校总表,BT63,BV63,63
西南大学,西南大学,exam_syllabus,最新官方大纲题型,未核到最新官方题型说明,,,,0,,missing_public_url,exam_syllabus_web_page,unresolved,9,cell_scope,missing,,7104049cab26bbfe9db59035e71aa0d9e4430873cacc7b319742a370a6244865,院校总表,BU63,BV63,63
陕西师范大学,陕西师范大学,exam_syllabus,政治,101思想政治理论,,,,0,,missing_public_url,exam_syllabus_web_page,unresolved,9,cell_scope,missing,,7104049cab26bbfe9db59035e71aa0d9e4430873cacc7b319742a370a6244865,院校总表,K64,BV64,64
陕西师范大学,陕西师范大学,exam_syllabus,英语,英语二,,,,0,,missing_public_url,exam_syllabus_web_page,unresolved,9,cell_scope,missing,,7104049cab26bbfe9db59035e71aa0d9e4430873cacc7b319742a370a6244865,院校总表,L64,BV64,64
陕西师范大学,陕西师范大学,exam_syllabus,数学/经综,数学三,,,,0,,missing_public_url,exam_syllabus_web_page,unresolved,9,cell_scope,missing,,7104049cab26bbfe9db59035e71aa0d9e4430873cacc7b319742a370a6244865,院校总表,M64,BV64,64
陕西师范大学,陕西师范大学,exam_syllabus,专业课,432统计学,,,,0,,missing_public_url,exam_syllabus_web_page,unresolved,9,cell_scope,missing,,7104049cab26bbfe9db59035e71aa0d9e4430873cacc7b319742a370a6244865,院校总表,N64,BV64,64
陕西师范大学,陕西师范大学,exam_syllabus,官方范围说明,432统计学；目录未列指定书目,,,,0,,missing_public_url,exam_syllabus_web_page,unresolved,9,cell_scope,missing,,7104049cab26bbfe9db59035e71aa0d9e4430873cacc7b319742a370a6244865,院校总表,O64,BV64,64
陕西师范大学,陕西师范大学,exam_syllabus,官方指定教材,2026研招目录未列指定教材,,,,0,,missing_public_url,exam_syllabus_web_page,unresolved,9,cell_scope,missing,,7104049cab26bbfe9db59035e71aa0d9e4430873cacc7b319742a370a6244865,院校总表,P64,BV64,64
陕西师范大学,陕西师范大学,exam_syllabus,官方教材状态,官方目录未指定；不以机构书单冒充官方,,,,0,,missing_public_url,exam_syllabus_web_page,unresolved,9,cell_scope,missing,,7104049cab26bbfe9db59035e71aa0d9e4430873cacc7b319742a370a6244865,院校总表,Q64,BV64,64
陕西师范大学,陕西师范大学,exam_syllabus,真题证据等级,无可读卷证据,,,,0,,missing_public_url,exam_syllabus_web_page,unresolved,9,cell_scope,missing,,7104049cab26bbfe9db59035e71aa0d9e4430873cacc7b319742a370a6244865,院校总表,BT64,BV64,64
陕西师范大学,陕西师范大学,exam_syllabus,最新官方大纲题型,未核到最新官方题型说明,,,,0,,missing_public_url,exam_syllabus_web_page,unresolved,9,cell_scope,missing,,7104049cab26bbfe9db59035e71aa0d9e4430873cacc7b319742a370a6244865,院校总表,BU64,BV64,64
中央民族大学,中央民族大学,exam_syllabus,政治,101思想政治理论,,,,0,,missing_public_url,exam_syllabus_web_page,unresolved,9,cell_scope,missing,,7104049cab26bbfe9db59035e71aa0d9e4430873cacc7b319742a370a6244865,院校总表,K65,BV65,65
中央民族大学,中央民族大学,exam_syllabus,英语,英语二,,,,0,,missing_public_url,exam_syllabus_web_page,unresolved,9,cell_scope,missing,,7104049cab26bbfe9db59035e71aa0d9e4430873cacc7b319742a370a6244865,院校总表,L65,BV65,65
中央民族大学,中央民族大学,exam_syllabus,数学/经综,数学三,,,,0,,missing_public_url,exam_syllabus_web_page,unresolved,9,cell_scope,missing,,7104049cab26bbfe9db59035e71aa0d9e4430873cacc7b319742a370a6244865,院校总表,M65,BV65,65
中央民族大学,中央民族大学,exam_syllabus,专业课,432统计学,,,,0,,missing_public_url,exam_syllabus_web_page,unresolved,9,cell_scope,missing,,7104049cab26bbfe9db59035e71aa0d9e4430873cacc7b319742a370a6244865,院校总表,N65,BV65,65
中央民族大学,中央民族大学,exam_syllabus,官方范围说明,432统计学；目录未列指定书目,,,,0,,missing_public_url,exam_syllabus_web_page,unresolved,9,cell_scope,missing,,7104049cab26bbfe9db59035e71aa0d9e4430873cacc7b319742a370a6244865,院校总表,O65,BV65,65
中央民族大学,中央民族大学,exam_syllabus,官方指定教材,2026研招目录未列指定教材,,,,0,,missing_public_url,exam_syllabus_web_page,unresolved,9,cell_scope,missing,,7104049cab26bbfe9db59035e71aa0d9e4430873cacc7b319742a370a6244865,院校总表,P65,BV65,65
中央民族大学,中央民族大学,exam_syllabus,官方教材状态,官方目录未指定；不以机构书单冒充官方,,,,0,,missing_public_url,exam_syllabus_web_page,unresolved,9,cell_scope,missing,,7104049cab26bbfe9db59035e71aa0d9e4430873cacc7b319742a370a6244865,院校总表,Q65,BV65,65
中央民族大学,中央民族大学,exam_syllabus,真题证据等级,无可读卷证据,,,,0,,missing_public_url,exam_syllabus_web_page,unresolved,9,cell_scope,missing,,7104049cab26bbfe9db59035e71aa0d9e4430873cacc7b319742a370a6244865,院校总表,BT65,BV65,65
中央民族大学,中央民族大学,exam_syllabus,最新官方大纲题型,未核到最新官方题型说明,,,,0,,missing_public_url,exam_syllabus_web_page,unresolved,9,cell_scope,missing,,7104049cab26bbfe9db59035e71aa0d9e4430873cacc7b319742a370a6244865,院校总表,BU65,BV65,65
辽宁大学,辽宁大学,exam_syllabus,政治,101思想政治理论,,,,0,,missing_public_url,exam_syllabus_web_page,unresolved,9,cell_scope,missing,,7104049cab26bbfe9db59035e71aa0d9e4430873cacc7b319742a370a6244865,院校总表,K66,BV66,66
辽宁大学,辽宁大学,exam_syllabus,英语,英语二,,,,0,,missing_public_url,exam_syllabus_web_page,unresolved,9,cell_scope,missing,,7104049cab26bbfe9db59035e71aa0d9e4430873cacc7b319742a370a6244865,院校总表,L66,BV66,66
辽宁大学,辽宁大学,exam_syllabus,数学/经综,数学三,,,,0,,missing_public_url,exam_syllabus_web_page,unresolved,9,cell_scope,missing,,7104049cab26bbfe9db59035e71aa0d9e4430873cacc7b319742a370a6244865,院校总表,M66,BV66,66
辽宁大学,辽宁大学,exam_syllabus,专业课,432统计学,,,,0,,missing_public_url,exam_syllabus_web_page,unresolved,9,cell_scope,missing,,7104049cab26bbfe9db59035e71aa0d9e4430873cacc7b319742a370a6244865,院校总表,N66,BV66,66
辽宁大学,辽宁大学,exam_syllabus,官方范围说明,432统计学；目录未列指定书目,,,,0,,missing_public_url,exam_syllabus_web_page,unresolved,9,cell_scope,missing,,7104049cab26bbfe9db59035e71aa0d9e4430873cacc7b319742a370a6244865,院校总表,O66,BV66,66
辽宁大学,辽宁大学,exam_syllabus,官方指定教材,2026研招目录未列指定教材,,,,0,,missing_public_url,exam_syllabus_web_page,unresolved,9,cell_scope,missing,,7104049cab26bbfe9db59035e71aa0d9e4430873cacc7b319742a370a6244865,院校总表,P66,BV66,66
辽宁大学,辽宁大学,exam_syllabus,官方教材状态,官方目录未指定；不以机构书单冒充官方,,,,0,,missing_public_url,exam_syllabus_web_page,unresolved,9,cell_scope,missing,,7104049cab26bbfe9db59035e71aa0d9e4430873cacc7b319742a370a6244865,院校总表,Q66,BV66,66
辽宁大学,辽宁大学,exam_syllabus,真题证据等级,无可读卷证据,,,,0,,missing_public_url,exam_syllabus_web_page,unresolved,9,cell_scope,missing,,7104049cab26bbfe9db59035e71aa0d9e4430873cacc7b319742a370a6244865,院校总表,BT66,BV66,66
辽宁大学,辽宁大学,exam_syllabus,最新官方大纲题型,未核到最新官方题型说明,,,,0,,missing_public_url,exam_syllabus_web_page,unresolved,9,cell_scope,missing,,7104049cab26bbfe9db59035e71aa0d9e4430873cacc7b319742a370a6244865,院校总表,BU66,BV66,66
湖南师范大学,湖南师范大学,exam_syllabus,政治,101思想政治理论,,,,0,,missing_public_url,exam_syllabus_web_page,unresolved,9,cell_scope,missing,,7104049cab26bbfe9db59035e71aa0d9e4430873cacc7b319742a370a6244865,院校总表,K67,BV67,67
湖南师范大学,湖南师范大学,exam_syllabus,英语,英语二,,,,0,,missing_public_url,exam_syllabus_web_page,unresolved,9,cell_scope,missing,,7104049cab26bbfe9db59035e71aa0d9e4430873cacc7b319742a370a6244865,院校总表,L67,BV67,67
湖南师范大学,湖南师范大学,exam_syllabus,数学/经综,数学三,,,,0,,missing_public_url,exam_syllabus_web_page,unresolved,9,cell_scope,missing,,7104049cab26bbfe9db59035e71aa0d9e4430873cacc7b319742a370a6244865,院校总表,M67,BV67,67
湖南师范大学,湖南师范大学,exam_syllabus,专业课,432统计学,,,,0,,missing_public_url,exam_syllabus_web_page,unresolved,9,cell_scope,missing,,7104049cab26bbfe9db59035e71aa0d9e4430873cacc7b319742a370a6244865,院校总表,N67,BV67,67
湖南师范大学,湖南师范大学,exam_syllabus,官方范围说明,432统计学；复试含概率论数理统计、回归分析,,,,0,,missing_public_url,exam_syllabus_web_page,unresolved,9,cell_scope,missing,,7104049cab26bbfe9db59035e71aa0d9e4430873cacc7b319742a370a6244865,院校总表,O67,BV67,67
湖南师范大学,湖南师范大学,exam_syllabus,官方指定教材,2026研招目录未列指定教材,,,,0,,missing_public_url,exam_syllabus_web_page,unresolved,9,cell_scope,missing,,7104049cab26bbfe9db59035e71aa0d9e4430873cacc7b319742a370a6244865,院校总表,P67,BV67,67
湖南师范大学,湖南师范大学,exam_syllabus,官方教材状态,官方目录未指定；不以机构书单冒充官方,,,,0,,missing_public_url,exam_syllabus_web_page,unresolved,9,cell_scope,missing,,7104049cab26bbfe9db59035e71aa0d9e4430873cacc7b319742a370a6244865,院校总表,Q67,BV67,67
湖南师范大学,湖南师范大学,exam_syllabus,真题证据等级,无可读卷证据,,,,0,,missing_public_url,exam_syllabus_web_page,unresolved,9,cell_scope,missing,,7104049cab26bbfe9db59035e71aa0d9e4430873cacc7b319742a370a6244865,院校总表,BT67,BV67,67
湖南师范大学,湖南师范大学,exam_syllabus,最新官方大纲题型,未核到最新官方题型说明,,,,0,,missing_public_url,exam_syllabus_web_page,unresolved,9,cell_scope,missing,,7104049cab26bbfe9db59035e71aa0d9e4430873cacc7b319742a370a6244865,院校总表,BU67,BV67,67
北京林业大学,北京林业大学,exam_syllabus,政治,101思想政治理论,,,,0,,missing_public_url,exam_syllabus_web_page,unresolved,9,cell_scope,missing,,7104049cab26bbfe9db59035e71aa0d9e4430873cacc7b319742a370a6244865,院校总表,K68,BV68,68
北京林业大学,北京林业大学,exam_syllabus,英语,英语二,,,,0,,missing_public_url,exam_syllabus_web_page,unresolved,9,cell_scope,missing,,7104049cab26bbfe9db59035e71aa0d9e4430873cacc7b319742a370a6244865,院校总表,L68,BV68,68
北京林业大学,北京林业大学,exam_syllabus,数学/经综,数学三,,,,0,,missing_public_url,exam_syllabus_web_page,unresolved,9,cell_scope,missing,,7104049cab26bbfe9db59035e71aa0d9e4430873cacc7b319742a370a6244865,院校总表,M68,BV68,68
北京林业大学,北京林业大学,exam_syllabus,专业课,432统计学,,,,0,,missing_public_url,exam_syllabus_web_page,unresolved,9,cell_scope,missing,,7104049cab26bbfe9db59035e71aa0d9e4430873cacc7b319742a370a6244865,院校总表,N68,BV68,68
北京林业大学,北京林业大学,exam_syllabus,官方范围说明,432统计学；目录未列指定书目,,,,0,,missing_public_url,exam_syllabus_web_page,unresolved,9,cell_scope,missing,,7104049cab26bbfe9db59035e71aa0d9e4430873cacc7b319742a370a6244865,院校总表,O68,BV68,68
北京林业大学,北京林业大学,exam_syllabus,官方指定教材,2026研招目录未列指定教材,,,,0,,missing_public_url,exam_syllabus_web_page,unresolved,9,cell_scope,missing,,7104049cab26bbfe9db59035e71aa0d9e4430873cacc7b319742a370a6244865,院校总表,P68,BV68,68
北京林业大学,北京林业大学,exam_syllabus,官方教材状态,官方目录未指定；不以机构书单冒充官方,,,,0,,missing_public_url,exam_syllabus_web_page,unresolved,9,cell_scope,missing,,7104049cab26bbfe9db59035e71aa0d9e4430873cacc7b319742a370a6244865,院校总表,Q68,BV68,68
北京林业大学,北京林业大学,exam_syllabus,真题证据等级,无可读卷证据,,,,0,,missing_public_url,exam_syllabus_web_page,unresolved,9,cell_scope,missing,,7104049cab26bbfe9db59035e71aa0d9e4430873cacc7b319742a370a6244865,院校总表,BT68,BV68,68
北京林业大学,北京林业大学,exam_syllabus,最新官方大纲题型,未核到最新官方题型说明,,,,0,,missing_public_url,exam_syllabus_web_page,unresolved,9,cell_scope,missing,,7104049cab26bbfe9db59035e71aa0d9e4430873cacc7b319742a370a6244865,院校总表,BU68,BV68,68
河北工业大学,河北工业大学,exam_syllabus,政治,101思想政治理论,https://yjs.hebut.edu.cn/docs/2025-09/1b4436ded93548a48e17c73f389b0301.pdf,29135f97d8eafcab,1,1,yjs.hebut.edu.cn,university_official,exam_syllabus_pdf,primary_official,1,direct_cell,recorded,https://yjs.hebut.edu.cn/docs/2025-09/1b4436ded93548a48e17c73f389b0301.pdf,7104049cab26bbfe9db59035e71aa0d9e4430873cacc7b319742a370a6244865,院校总表,K69,BV69,69
河北工业大学,河北工业大学,exam_syllabus,英语,英语一,https://yjs.hebut.edu.cn/docs/2025-09/1b4436ded93548a48e17c73f389b0301.pdf,29135f97d8eafcab,1,1,yjs.hebut.edu.cn,university_official,exam_syllabus_pdf,primary_official,1,direct_cell,recorded,https://yjs.hebut.edu.cn/docs/2025-09/1b4436ded93548a48e17c73f389b0301.pdf,7104049cab26bbfe9db59035e71aa0d9e4430873cacc7b319742a370a6244865,院校总表,L69,BV69,69
河北工业大学,河北工业大学,exam_syllabus,数学/经综,数学三,https://yjs.hebut.edu.cn/docs/2025-09/1b4436ded93548a48e17c73f389b0301.pdf,29135f97d8eafcab,1,1,yjs.hebut.edu.cn,university_official,exam_syllabus_pdf,primary_official,1,direct_cell,recorded,https://yjs.hebut.edu.cn/docs/2025-09/1b4436ded93548a48e17c73f389b0301.pdf,7104049cab26bbfe9db59035e71aa0d9e4430873cacc7b319742a370a6244865,院校总表,M69,BV69,69
河北工业大学,河北工业大学,exam_syllabus,专业课,432统计学,https://yjs.hebut.edu.cn/docs/2025-09/1b4436ded93548a48e17c73f389b0301.pdf,29135f97d8eafcab,1,1,yjs.hebut.edu.cn,university_official,exam_syllabus_pdf,primary_official,1,direct_cell,recorded,https://yjs.hebut.edu.cn/docs/2025-09/1b4436ded93548a48e17c73f389b0301.pdf,7104049cab26bbfe9db59035e71aa0d9e4430873cacc7b319742a370a6244865,院校总表,N69,BV69,69
河北工业大学,河北工业大学,exam_syllabus,官方范围说明,2026官方432大纲：概率论、数理统计；试题以计算题和证明题为主,https://yjs.hebut.edu.cn/docs/2025-09/1b4436ded93548a48e17c73f389b0301.pdf,29135f97d8eafcab,1,1,yjs.hebut.edu.cn,university_official,exam_syllabus_pdf,primary_official,1,direct_cell,recorded,https://yjs.hebut.edu.cn/docs/2025-09/1b4436ded93548a48e17c73f389b0301.pdf,7104049cab26bbfe9db59035e71aa0d9e4430873cacc7b319742a370a6244865,院校总表,O69,BV69,69
河北工业大学,河北工业大学,exam_syllabus,官方指定教材,李贤平《概率论基础》第3版（高教，2010）；茆诗松等《概率论与数理统计教程》第3版（高教，2016）；陈家鼎等《数理统计学讲义》第3版（高教，2015）,https://yjs.hebut.edu.cn/docs/2025-09/1b4436ded93548a48e17c73f389b0301.pdf,29135f97d8eafcab,1,1,yjs.hebut.edu.cn,university_official,exam_syllabus_pdf,primary_official,1,direct_cell,recorded,https://yjs.hebut.edu.cn/docs/2025-09/1b4436ded93548a48e17c73f389b0301.pdf,7104049cab26bbfe9db59035e71aa0d9e4430873cacc7b319742a370a6244865,院校总表,P69,BV69,69
河北工业大学,河北工业大学,exam_syllabus,官方教材状态,2026官方考试大纲指定,https://yjs.hebut.edu.cn/docs/2025-09/1b4436ded93548a48e17c73f389b0301.pdf,29135f97d8eafcab,1,1,yjs.hebut.edu.cn,university_official,exam_syllabus_pdf,primary_official,1,direct_cell,recorded,https://yjs.hebut.edu.cn/docs/2025-09/1b4436ded93548a48e17c73f389b0301.pdf,7104049cab26bbfe9db59035e71aa0d9e4430873cacc7b319742a370a6244865,院校总表,Q69,BV69,69
河北工业大学,河北工业大学,exam_syllabus,真题证据等级,A：2026官方大纲；未核到可读原卷,https://yjs.hebut.edu.cn/docs/2025-09/1b4436ded93548a48e17c73f389b0301.pdf,29135f97d8eafcab,1,1,yjs.hebut.edu.cn,university_official,exam_syllabus_pdf,primary_official,1,direct_cell,recorded,https://yjs.hebut.edu.cn/docs/2025-09/1b4436ded93548a48e17c73f389b0301.pdf,7104049cab26bbfe9db59035e71aa0d9e4430873cacc7b319742a370a6244865,院校总表,BT69,BV69,69
河北工业大学,河北工业大学,exam_syllabus,最新官方大纲题型,2026官方：以计算题和证明题为主,https://yjs.hebut.edu.cn/docs/2025-09/1b4436ded93548a48e17c73f389b0301.pdf,29135f97d8eafcab,1,1,yjs.hebut.edu.cn,university_official,exam_syllabus_pdf,primary_official,1,direct_cell,recorded,https://yjs.hebut.edu.cn/docs/2025-09/1b4436ded93548a48e17c73f389b0301.pdf,7104049cab26bbfe9db59035e71aa0d9e4430873cacc7b319742a370a6244865,院校总表,BU69,BV69,69
中国药科大学,中国药科大学,exam_syllabus,政治,101思想政治理论,,,,0,,missing_public_url,exam_syllabus_web_page,unresolved,9,cell_scope,missing,,7104049cab26bbfe9db59035e71aa0d9e4430873cacc7b319742a370a6244865,院校总表,K70,BV70,70
中国药科大学,中国药科大学,exam_syllabus,英语,英语一,,,,0,,missing_public_url,exam_syllabus_web_page,unresolved,9,cell_scope,missing,,7104049cab26bbfe9db59035e71aa0d9e4430873cacc7b319742a370a6244865,院校总表,L70,BV70,70
中国药科大学,中国药科大学,exam_syllabus,数学/经综,数学三,,,,0,,missing_public_url,exam_syllabus_web_page,unresolved,9,cell_scope,missing,,7104049cab26bbfe9db59035e71aa0d9e4430873cacc7b319742a370a6244865,院校总表,M70,BV70,70
中国药科大学,中国药科大学,exam_syllabus,专业课,432统计学,,,,0,,missing_public_url,exam_syllabus_web_page,unresolved,9,cell_scope,missing,,7104049cab26bbfe9db59035e71aa0d9e4430873cacc7b319742a370a6244865,院校总表,N70,BV70,70
中国药科大学,中国药科大学,exam_syllabus,官方范围说明,432统计学；目录未列指定书目,,,,0,,missing_public_url,exam_syllabus_web_page,unresolved,9,cell_scope,missing,,7104049cab26bbfe9db59035e71aa0d9e4430873cacc7b319742a370a6244865,院校总表,O70,BV70,70
中国药科大学,中国药科大学,exam_syllabus,官方指定教材,2026研招目录未列指定教材,,,,0,,missing_public_url,exam_syllabus_web_page,unresolved,9,cell_scope,missing,,7104049cab26bbfe9db59035e71aa0d9e4430873cacc7b319742a370a6244865,院校总表,P70,BV70,70
中国药科大学,中国药科大学,exam_syllabus,官方教材状态,官方目录未指定；不以机构书单冒充官方,,,,0,,missing_public_url,exam_syllabus_web_page,unresolved,9,cell_scope,missing,,7104049cab26bbfe9db59035e71aa0d9e4430873cacc7b319742a370a6244865,院校总表,Q70,BV70,70
中国药科大学,中国药科大学,exam_syllabus,真题证据等级,无可读卷证据,,,,0,,missing_public_url,exam_syllabus_web_page,unresolved,9,cell_scope,missing,,7104049cab26bbfe9db59035e71aa0d9e4430873cacc7b319742a370a6244865,院校总表,BT70,BV70,70
中国药科大学,中国药科大学,exam_syllabus,最新官方大纲题型,未核到最新官方题型说明,,,,0,,missing_public_url,exam_syllabus_web_page,unresolved,9,cell_scope,missing,,7104049cab26bbfe9db59035e71aa0d9e4430873cacc7b319742a370a6244865,院校总表,BU70,BV70,70
南昌大学,南昌大学,exam_syllabus,政治,101思想政治理论,,,,0,,missing_public_url,exam_syllabus_web_page,unresolved,9,cell_scope,missing,,7104049cab26bbfe9db59035e71aa0d9e4430873cacc7b319742a370a6244865,院校总表,K71,BV71,71
南昌大学,南昌大学,exam_syllabus,英语,英语二,,,,0,,missing_public_url,exam_syllabus_web_page,unresolved,9,cell_scope,missing,,7104049cab26bbfe9db59035e71aa0d9e4430873cacc7b319742a370a6244865,院校总表,L71,BV71,71
南昌大学,南昌大学,exam_syllabus,数学/经综,数学三,,,,0,,missing_public_url,exam_syllabus_web_page,unresolved,9,cell_scope,missing,,7104049cab26bbfe9db59035e71aa0d9e4430873cacc7b319742a370a6244865,院校总表,M71,BV71,71
南昌大学,南昌大学,exam_syllabus,专业课,432统计学,,,,0,,missing_public_url,exam_syllabus_web_page,unresolved,9,cell_scope,missing,,7104049cab26bbfe9db59035e71aa0d9e4430873cacc7b319742a370a6244865,院校总表,N71,BV71,71
南昌大学,南昌大学,exam_syllabus,官方范围说明,432统计学；目录未列指定书目,,,,0,,missing_public_url,exam_syllabus_web_page,unresolved,9,cell_scope,missing,,7104049cab26bbfe9db59035e71aa0d9e4430873cacc7b319742a370a6244865,院校总表,O71,BV71,71
南昌大学,南昌大学,exam_syllabus,官方指定教材,2026研招目录未列指定教材,,,,0,,missing_public_url,exam_syllabus_web_page,unresolved,9,cell_scope,missing,,7104049cab26bbfe9db59035e71aa0d9e4430873cacc7b319742a370a6244865,院校总表,P71,BV71,71
南昌大学,南昌大学,exam_syllabus,官方教材状态,官方目录未指定；不以机构书单冒充官方,,,,0,,missing_public_url,exam_syllabus_web_page,unresolved,9,cell_scope,missing,,7104049cab26bbfe9db59035e71aa0d9e4430873cacc7b319742a370a6244865,院校总表,Q71,BV71,71
南昌大学,南昌大学,exam_syllabus,真题证据等级,无可读卷证据,,,,0,,missing_public_url,exam_syllabus_web_page,unresolved,9,cell_scope,missing,,7104049cab26bbfe9db59035e71aa0d9e4430873cacc7b319742a370a6244865,院校总表,BT71,BV71,71
南昌大学,南昌大学,exam_syllabus,最新官方大纲题型,未核到最新官方题型说明,,,,0,,missing_public_url,exam_syllabus_web_page,unresolved,9,cell_scope,missing,,7104049cab26bbfe9db59035e71aa0d9e4430873cacc7b319742a370a6244865,院校总表,BU71,BV71,71
华中农业大学,华中农业大学,exam_syllabus,政治,101思想政治理论,,,,0,,missing_public_url,exam_syllabus_web_page,unresolved,9,cell_scope,missing,,7104049cab26bbfe9db59035e71aa0d9e4430873cacc7b319742a370a6244865,院校总表,K72,BV72,72
华中农业大学,华中农业大学,exam_syllabus,英语,英语二,,,,0,,missing_public_url,exam_syllabus_web_page,unresolved,9,cell_scope,missing,,7104049cab26bbfe9db59035e71aa0d9e4430873cacc7b319742a370a6244865,院校总表,L72,BV72,72
华中农业大学,华中农业大学,exam_syllabus,数学/经综,数学三,,,,0,,missing_public_url,exam_syllabus_web_page,unresolved,9,cell_scope,missing,,7104049cab26bbfe9db59035e71aa0d9e4430873cacc7b319742a370a6244865,院校总表,M72,BV72,72
华中农业大学,华中农业大学,exam_syllabus,专业课,432统计学,,,,0,,missing_public_url,exam_syllabus_web_page,unresolved,9,cell_scope,missing,,7104049cab26bbfe9db59035e71aa0d9e4430873cacc7b319742a370a6244865,院校总表,N72,BV72,72
华中农业大学,华中农业大学,exam_syllabus,官方范围说明,432统计学；复试含概率论、数理统计、R上机,,,,0,,missing_public_url,exam_syllabus_web_page,unresolved,9,cell_scope,missing,,7104049cab26bbfe9db59035e71aa0d9e4430873cacc7b319742a370a6244865,院校总表,O72,BV72,72
华中农业大学,华中农业大学,exam_syllabus,官方指定教材,2026研招目录未列指定教材,,,,0,,missing_public_url,exam_syllabus_web_page,unresolved,9,cell_scope,missing,,7104049cab26bbfe9db59035e71aa0d9e4430873cacc7b319742a370a6244865,院校总表,P72,BV72,72
华中农业大学,华中农业大学,exam_syllabus,官方教材状态,官方目录未指定；不以机构书单冒充官方,,,,0,,missing_public_url,exam_syllabus_web_page,unresolved,9,cell_scope,missing,,7104049cab26bbfe9db59035e71aa0d9e4430873cacc7b319742a370a6244865,院校总表,Q72,BV72,72
华中农业大学,华中农业大学,exam_syllabus,真题证据等级,无可读卷证据,,,,0,,missing_public_url,exam_syllabus_web_page,unresolved,9,cell_scope,missing,,7104049cab26bbfe9db59035e71aa0d9e4430873cacc7b319742a370a6244865,院校总表,BT72,BV72,72
华中农业大学,华中农业大学,exam_syllabus,最新官方大纲题型,未核到最新官方题型说明,,,,0,,missing_public_url,exam_syllabus_web_page,unresolved,9,cell_scope,missing,,7104049cab26bbfe9db59035e71aa0d9e4430873cacc7b319742a370a6244865,院校总表,BU72,BV72,72
安徽大学,安徽大学,exam_syllabus,政治,101思想政治理论,,,,0,,missing_public_url,exam_syllabus_web_page,unresolved,9,cell_scope,missing,,7104049cab26bbfe9db59035e71aa0d9e4430873cacc7b319742a370a6244865,院校总表,K73,BV73,73
安徽大学,安徽大学,exam_syllabus,英语,英语二,,,,0,,missing_public_url,exam_syllabus_web_page,unresolved,9,cell_scope,missing,,7104049cab26bbfe9db59035e71aa0d9e4430873cacc7b319742a370a6244865,院校总表,L73,BV73,73
安徽大学,安徽大学,exam_syllabus,数学/经综,数学三,,,,0,,missing_public_url,exam_syllabus_web_page,unresolved,9,cell_scope,missing,,7104049cab26bbfe9db59035e71aa0d9e4430873cacc7b319742a370a6244865,院校总表,M73,BV73,73
安徽大学,安徽大学,exam_syllabus,专业课,432统计学,,,,0,,missing_public_url,exam_syllabus_web_page,unresolved,9,cell_scope,missing,,7104049cab26bbfe9db59035e71aa0d9e4430873cacc7b319742a370a6244865,院校总表,N73,BV73,73
安徽大学,安徽大学,exam_syllabus,官方范围说明,432统计学；目录未列指定书目,,,,0,,missing_public_url,exam_syllabus_web_page,unresolved,9,cell_scope,missing,,7104049cab26bbfe9db59035e71aa0d9e4430873cacc7b319742a370a6244865,院校总表,O73,BV73,73
安徽大学,安徽大学,exam_syllabus,官方指定教材,2026研招目录未列指定教材,,,,0,,missing_public_url,exam_syllabus_web_page,unresolved,9,cell_scope,missing,,7104049cab26bbfe9db59035e71aa0d9e4430873cacc7b319742a370a6244865,院校总表,P73,BV73,73
安徽大学,安徽大学,exam_syllabus,官方教材状态,官方目录未指定；不以机构书单冒充官方,,,,0,,missing_public_url,exam_syllabus_web_page,unresolved,9,cell_scope,missing,,7104049cab26bbfe9db59035e71aa0d9e4430873cacc7b319742a370a6244865,院校总表,Q73,BV73,73
安徽大学,安徽大学,exam_syllabus,真题证据等级,无可读卷证据,,,,0,,missing_public_url,exam_syllabus_web_page,unresolved,9,cell_scope,missing,,7104049cab26bbfe9db59035e71aa0d9e4430873cacc7b319742a370a6244865,院校总表,BT73,BV73,73
安徽大学,安徽大学,exam_syllabus,最新官方大纲题型,未核到最新官方题型说明,,,,0,,missing_public_url,exam_syllabus_web_page,unresolved,9,cell_scope,missing,,7104049cab26bbfe9db59035e71aa0d9e4430873cacc7b319742a370a6244865,院校总表,BU73,BV73,73
南京农业大学,南京农业大学,exam_syllabus,政治,101思想政治理论,,,,0,,missing_public_url,exam_syllabus_web_page,unresolved,9,cell_scope,missing,,7104049cab26bbfe9db59035e71aa0d9e4430873cacc7b319742a370a6244865,院校总表,K74,BV74,74
南京农业大学,南京农业大学,exam_syllabus,英语,英语二,,,,0,,missing_public_url,exam_syllabus_web_page,unresolved,9,cell_scope,missing,,7104049cab26bbfe9db59035e71aa0d9e4430873cacc7b319742a370a6244865,院校总表,L74,BV74,74
南京农业大学,南京农业大学,exam_syllabus,数学/经综,数学三,,,,0,,missing_public_url,exam_syllabus_web_page,unresolved,9,cell_scope,missing,,7104049cab26bbfe9db59035e71aa0d9e4430873cacc7b319742a370a6244865,院校总表,M74,BV74,74
南京农业大学,南京农业大学,exam_syllabus,专业课,432统计学,,,,0,,missing_public_url,exam_syllabus_web_page,unresolved,9,cell_scope,missing,,7104049cab26bbfe9db59035e71aa0d9e4430873cacc7b319742a370a6244865,院校总表,N74,BV74,74
南京农业大学,南京农业大学,exam_syllabus,官方范围说明,432统计学；目录未列指定书目,,,,0,,missing_public_url,exam_syllabus_web_page,unresolved,9,cell_scope,missing,,7104049cab26bbfe9db59035e71aa0d9e4430873cacc7b319742a370a6244865,院校总表,O74,BV74,74
南京农业大学,南京农业大学,exam_syllabus,官方指定教材,2026研招目录未列指定教材,,,,0,,missing_public_url,exam_syllabus_web_page,unresolved,9,cell_scope,missing,,7104049cab26bbfe9db59035e71aa0d9e4430873cacc7b319742a370a6244865,院校总表,P74,BV74,74
南京农业大学,南京农业大学,exam_syllabus,官方教材状态,官方目录未指定；不以机构书单冒充官方,,,,0,,missing_public_url,exam_syllabus_web_page,unresolved,9,cell_scope,missing,,7104049cab26bbfe9db59035e71aa0d9e4430873cacc7b319742a370a6244865,院校总表,Q74,BV74,74
南京农业大学,南京农业大学,exam_syllabus,真题证据等级,无可读卷证据,,,,0,,missing_public_url,exam_syllabus_web_page,unresolved,9,cell_scope,missing,,7104049cab26bbfe9db59035e71aa0d9e4430873cacc7b319742a370a6244865,院校总表,BT74,BV74,74
南京农业大学,南京农业大学,exam_syllabus,最新官方大纲题型,未核到最新官方题型说明,,,,0,,missing_public_url,exam_syllabus_web_page,unresolved,9,cell_scope,missing,,7104049cab26bbfe9db59035e71aa0d9e4430873cacc7b319742a370a6244865,院校总表,BU74,BV74,74
东北农业大学,东北农业大学,exam_syllabus,政治,101思想政治理论,,,,0,,missing_public_url,exam_syllabus_web_page,unresolved,9,cell_scope,missing,,7104049cab26bbfe9db59035e71aa0d9e4430873cacc7b319742a370a6244865,院校总表,K75,BV75,75
东北农业大学,东北农业大学,exam_syllabus,英语,英语二,,,,0,,missing_public_url,exam_syllabus_web_page,unresolved,9,cell_scope,missing,,7104049cab26bbfe9db59035e71aa0d9e4430873cacc7b319742a370a6244865,院校总表,L75,BV75,75
东北农业大学,东北农业大学,exam_syllabus,数学/经综,数学三,,,,0,,missing_public_url,exam_syllabus_web_page,unresolved,9,cell_scope,missing,,7104049cab26bbfe9db59035e71aa0d9e4430873cacc7b319742a370a6244865,院校总表,M75,BV75,75
东北农业大学,东北农业大学,exam_syllabus,专业课,432统计学,,,,0,,missing_public_url,exam_syllabus_web_page,unresolved,9,cell_scope,missing,,7104049cab26bbfe9db59035e71aa0d9e4430873cacc7b319742a370a6244865,院校总表,N75,BV75,75
东北农业大学,东北农业大学,exam_syllabus,官方范围说明,432统计学；目录未列指定书目,,,,0,,missing_public_url,exam_syllabus_web_page,unresolved,9,cell_scope,missing,,7104049cab26bbfe9db59035e71aa0d9e4430873cacc7b319742a370a6244865,院校总表,O75,BV75,75
东北农业大学,东北农业大学,exam_syllabus,官方指定教材,2026研招目录未列指定教材,,,,0,,missing_public_url,exam_syllabus_web_page,unresolved,9,cell_scope,missing,,7104049cab26bbfe9db59035e71aa0d9e4430873cacc7b319742a370a6244865,院校总表,P75,BV75,75
东北农业大学,东北农业大学,exam_syllabus,官方教材状态,官方目录未指定；不以机构书单冒充官方,,,,0,,missing_public_url,exam_syllabus_web_page,unresolved,9,cell_scope,missing,,7104049cab26bbfe9db59035e71aa0d9e4430873cacc7b319742a370a6244865,院校总表,Q75,BV75,75
东北农业大学,东北农业大学,exam_syllabus,真题证据等级,无可读卷证据,,,,0,,missing_public_url,exam_syllabus_web_page,unresolved,9,cell_scope,missing,,7104049cab26bbfe9db59035e71aa0d9e4430873cacc7b319742a370a6244865,院校总表,BT75,BV75,75
东北农业大学,东北农业大学,exam_syllabus,最新官方大纲题型,未核到最新官方题型说明,,,,0,,missing_public_url,exam_syllabus_web_page,unresolved,9,cell_scope,missing,,7104049cab26bbfe9db59035e71aa0d9e4430873cacc7b319742a370a6244865,院校总表,BU75,BV75,75
东北林业大学,东北林业大学,exam_syllabus,政治,101思想政治理论,,,,0,,missing_public_url,exam_syllabus_web_page,unresolved,9,cell_scope,missing,,7104049cab26bbfe9db59035e71aa0d9e4430873cacc7b319742a370a6244865,院校总表,K76,BV76,76
东北林业大学,东北林业大学,exam_syllabus,英语,英语二,,,,0,,missing_public_url,exam_syllabus_web_page,unresolved,9,cell_scope,missing,,7104049cab26bbfe9db59035e71aa0d9e4430873cacc7b319742a370a6244865,院校总表,L76,BV76,76
东北林业大学,东北林业大学,exam_syllabus,数学/经综,数学三,,,,0,,missing_public_url,exam_syllabus_web_page,unresolved,9,cell_scope,missing,,7104049cab26bbfe9db59035e71aa0d9e4430873cacc7b319742a370a6244865,院校总表,M76,BV76,76
东北林业大学,东北林业大学,exam_syllabus,专业课,432统计学,,,,0,,missing_public_url,exam_syllabus_web_page,unresolved,9,cell_scope,missing,,7104049cab26bbfe9db59035e71aa0d9e4430873cacc7b319742a370a6244865,院校总表,N76,BV76,76
东北林业大学,东北林业大学,exam_syllabus,官方范围说明,432统计学；目录未列指定书目,,,,0,,missing_public_url,exam_syllabus_web_page,unresolved,9,cell_scope,missing,,7104049cab26bbfe9db59035e71aa0d9e4430873cacc7b319742a370a6244865,院校总表,O76,BV76,76
东北林业大学,东北林业大学,exam_syllabus,官方指定教材,2026研招目录未列指定教材,,,,0,,missing_public_url,exam_syllabus_web_page,unresolved,9,cell_scope,missing,,7104049cab26bbfe9db59035e71aa0d9e4430873cacc7b319742a370a6244865,院校总表,P76,BV76,76
东北林业大学,东北林业大学,exam_syllabus,官方教材状态,官方目录未指定；不以机构书单冒充官方,,,,0,,missing_public_url,exam_syllabus_web_page,unresolved,9,cell_scope,missing,,7104049cab26bbfe9db59035e71aa0d9e4430873cacc7b319742a370a6244865,院校总表,Q76,BV76,76
东北林业大学,东北林业大学,exam_syllabus,真题证据等级,无可读卷证据,,,,0,,missing_public_url,exam_syllabus_web_page,unresolved,9,cell_scope,missing,,7104049cab26bbfe9db59035e71aa0d9e4430873cacc7b319742a370a6244865,院校总表,BT76,BV76,76
东北林业大学,东北林业大学,exam_syllabus,最新官方大纲题型,未核到最新官方题型说明,,,,0,,missing_public_url,exam_syllabus_web_page,unresolved,9,cell_scope,missing,,7104049cab26bbfe9db59035e71aa0d9e4430873cacc7b319742a370a6244865,院校总表,BU76,BV76,76
延边大学,延边大学,exam_syllabus,政治,101思想政治理论,,,,0,,missing_public_url,exam_syllabus_web_page,unresolved,9,cell_scope,missing,,7104049cab26bbfe9db59035e71aa0d9e4430873cacc7b319742a370a6244865,院校总表,K77,BV77,77
延边大学,延边大学,exam_syllabus,英语,英语二,,,,0,,missing_public_url,exam_syllabus_web_page,unresolved,9,cell_scope,missing,,7104049cab26bbfe9db59035e71aa0d9e4430873cacc7b319742a370a6244865,院校总表,L77,BV77,77
延边大学,延边大学,exam_syllabus,数学/经综,数学三,,,,0,,missing_public_url,exam_syllabus_web_page,unresolved,9,cell_scope,missing,,7104049cab26bbfe9db59035e71aa0d9e4430873cacc7b319742a370a6244865,院校总表,M77,BV77,77
延边大学,延边大学,exam_syllabus,专业课,432统计学,,,,0,,missing_public_url,exam_syllabus_web_page,unresolved,9,cell_scope,missing,,7104049cab26bbfe9db59035e71aa0d9e4430873cacc7b319742a370a6244865,院校总表,N77,BV77,77
延边大学,延边大学,exam_syllabus,官方范围说明,432统计学；目录未列指定书目,,,,0,,missing_public_url,exam_syllabus_web_page,unresolved,9,cell_scope,missing,,7104049cab26bbfe9db59035e71aa0d9e4430873cacc7b319742a370a6244865,院校总表,O77,BV77,77
延边大学,延边大学,exam_syllabus,官方指定教材,2026研招目录未列指定教材,,,,0,,missing_public_url,exam_syllabus_web_page,unresolved,9,cell_scope,missing,,7104049cab26bbfe9db59035e71aa0d9e4430873cacc7b319742a370a6244865,院校总表,P77,BV77,77
延边大学,延边大学,exam_syllabus,官方教材状态,官方目录未指定；不以机构书单冒充官方,,,,0,,missing_public_url,exam_syllabus_web_page,unresolved,9,cell_scope,missing,,7104049cab26bbfe9db59035e71aa0d9e4430873cacc7b319742a370a6244865,院校总表,Q77,BV77,77
延边大学,延边大学,exam_syllabus,真题证据等级,无可读卷证据,,,,0,,missing_public_url,exam_syllabus_web_page,unresolved,9,cell_scope,missing,,7104049cab26bbfe9db59035e71aa0d9e4430873cacc7b319742a370a6244865,院校总表,BT77,BV77,77
延边大学,延边大学,exam_syllabus,最新官方大纲题型,未核到最新官方题型说明,,,,0,,missing_public_url,exam_syllabus_web_page,unresolved,9,cell_scope,missing,,7104049cab26bbfe9db59035e71aa0d9e4430873cacc7b319742a370a6244865,院校总表,BU77,BV77,77
云南大学,云南大学,exam_syllabus,政治,101思想政治理论,,,,0,,missing_public_url,exam_syllabus_web_page,unresolved,9,cell_scope,missing,,7104049cab26bbfe9db59035e71aa0d9e4430873cacc7b319742a370a6244865,院校总表,K78,BV78,78
云南大学,云南大学,exam_syllabus,英语,英语二,,,,0,,missing_public_url,exam_syllabus_web_page,unresolved,9,cell_scope,missing,,7104049cab26bbfe9db59035e71aa0d9e4430873cacc7b319742a370a6244865,院校总表,L78,BV78,78
云南大学,云南大学,exam_syllabus,数学/经综,数学三,,,,0,,missing_public_url,exam_syllabus_web_page,unresolved,9,cell_scope,missing,,7104049cab26bbfe9db59035e71aa0d9e4430873cacc7b319742a370a6244865,院校总表,M78,BV78,78
云南大学,云南大学,exam_syllabus,专业课,432统计学,,,,0,,missing_public_url,exam_syllabus_web_page,unresolved,9,cell_scope,missing,,7104049cab26bbfe9db59035e71aa0d9e4430873cacc7b319742a370a6244865,院校总表,N78,BV78,78
云南大学,云南大学,exam_syllabus,官方范围说明,432统计学；目录未列指定书目,,,,0,,missing_public_url,exam_syllabus_web_page,unresolved,9,cell_scope,missing,,7104049cab26bbfe9db59035e71aa0d9e4430873cacc7b319742a370a6244865,院校总表,O78,BV78,78
云南大学,云南大学,exam_syllabus,官方指定教材,2026研招目录未列指定教材,,,,0,,missing_public_url,exam_syllabus_web_page,unresolved,9,cell_scope,missing,,7104049cab26bbfe9db59035e71aa0d9e4430873cacc7b319742a370a6244865,院校总表,P78,BV78,78
云南大学,云南大学,exam_syllabus,官方教材状态,官方目录未指定；不以机构书单冒充官方,,,,0,,missing_public_url,exam_syllabus_web_page,unresolved,9,cell_scope,missing,,7104049cab26bbfe9db59035e71aa0d9e4430873cacc7b319742a370a6244865,院校总表,Q78,BV78,78
云南大学,云南大学,exam_syllabus,真题证据等级,无可读卷证据,,,,0,,missing_public_url,exam_syllabus_web_page,unresolved,9,cell_scope,missing,,7104049cab26bbfe9db59035e71aa0d9e4430873cacc7b319742a370a6244865,院校总表,BT78,BV78,78
云南大学,云南大学,exam_syllabus,最新官方大纲题型,未核到最新官方题型说明,,,,0,,missing_public_url,exam_syllabus_web_page,unresolved,9,cell_scope,missing,,7104049cab26bbfe9db59035e71aa0d9e4430873cacc7b319742a370a6244865,院校总表,BU78,BV78,78
贵州大学,贵州大学,exam_syllabus,政治,101思想政治理论,,,,0,,missing_public_url,exam_syllabus_web_page,unresolved,9,cell_scope,missing,,7104049cab26bbfe9db59035e71aa0d9e4430873cacc7b319742a370a6244865,院校总表,K79,BV79,79
贵州大学,贵州大学,exam_syllabus,英语,英语二,,,,0,,missing_public_url,exam_syllabus_web_page,unresolved,9,cell_scope,missing,,7104049cab26bbfe9db59035e71aa0d9e4430873cacc7b319742a370a6244865,院校总表,L79,BV79,79
贵州大学,贵州大学,exam_syllabus,数学/经综,数学三,,,,0,,missing_public_url,exam_syllabus_web_page,unresolved,9,cell_scope,missing,,7104049cab26bbfe9db59035e71aa0d9e4430873cacc7b319742a370a6244865,院校总表,M79,BV79,79
贵州大学,贵州大学,exam_syllabus,专业课,432统计学,,,,0,,missing_public_url,exam_syllabus_web_page,unresolved,9,cell_scope,missing,,7104049cab26bbfe9db59035e71aa0d9e4430873cacc7b319742a370a6244865,院校总表,N79,BV79,79
贵州大学,贵州大学,exam_syllabus,官方范围说明,432统计学；目录未列指定书目,,,,0,,missing_public_url,exam_syllabus_web_page,unresolved,9,cell_scope,missing,,7104049cab26bbfe9db59035e71aa0d9e4430873cacc7b319742a370a6244865,院校总表,O79,BV79,79
贵州大学,贵州大学,exam_syllabus,官方指定教材,2026研招目录未列指定教材,,,,0,,missing_public_url,exam_syllabus_web_page,unresolved,9,cell_scope,missing,,7104049cab26bbfe9db59035e71aa0d9e4430873cacc7b319742a370a6244865,院校总表,P79,BV79,79
贵州大学,贵州大学,exam_syllabus,官方教材状态,官方目录未指定；不以机构书单冒充官方,,,,0,,missing_public_url,exam_syllabus_web_page,unresolved,9,cell_scope,missing,,7104049cab26bbfe9db59035e71aa0d9e4430873cacc7b319742a370a6244865,院校总表,Q79,BV79,79
贵州大学,贵州大学,exam_syllabus,真题证据等级,无可读卷证据,,,,0,,missing_public_url,exam_syllabus_web_page,unresolved,9,cell_scope,missing,,7104049cab26bbfe9db59035e71aa0d9e4430873cacc7b319742a370a6244865,院校总表,BT79,BV79,79
贵州大学,贵州大学,exam_syllabus,最新官方大纲题型,未核到最新官方题型说明,,,,0,,missing_public_url,exam_syllabus_web_page,unresolved,9,cell_scope,missing,,7104049cab26bbfe9db59035e71aa0d9e4430873cacc7b319742a370a6244865,院校总表,BU79,BV79,79
内蒙古大学,内蒙古大学,exam_syllabus,政治,101思想政治理论,,,,0,,missing_public_url,exam_syllabus_web_page,unresolved,9,cell_scope,missing,,7104049cab26bbfe9db59035e71aa0d9e4430873cacc7b319742a370a6244865,院校总表,K80,BV80,80
内蒙古大学,内蒙古大学,exam_syllabus,英语,英语二,,,,0,,missing_public_url,exam_syllabus_web_page,unresolved,9,cell_scope,missing,,7104049cab26bbfe9db59035e71aa0d9e4430873cacc7b319742a370a6244865,院校总表,L80,BV80,80
内蒙古大学,内蒙古大学,exam_syllabus,数学/经综,数学三,,,,0,,missing_public_url,exam_syllabus_web_page,unresolved,9,cell_scope,missing,,7104049cab26bbfe9db59035e71aa0d9e4430873cacc7b319742a370a6244865,院校总表,M80,BV80,80
内蒙古大学,内蒙古大学,exam_syllabus,专业课,432统计学,,,,0,,missing_public_url,exam_syllabus_web_page,unresolved,9,cell_scope,missing,,7104049cab26bbfe9db59035e71aa0d9e4430873cacc7b319742a370a6244865,院校总表,N80,BV80,80
内蒙古大学,内蒙古大学,exam_syllabus,官方范围说明,432统计学；目录未列指定书目,,,,0,,missing_public_url,exam_syllabus_web_page,unresolved,9,cell_scope,missing,,7104049cab26bbfe9db59035e71aa0d9e4430873cacc7b319742a370a6244865,院校总表,O80,BV80,80
内蒙古大学,内蒙古大学,exam_syllabus,官方指定教材,2026研招目录未列指定教材,,,,0,,missing_public_url,exam_syllabus_web_page,unresolved,9,cell_scope,missing,,7104049cab26bbfe9db59035e71aa0d9e4430873cacc7b319742a370a6244865,院校总表,P80,BV80,80
内蒙古大学,内蒙古大学,exam_syllabus,官方教材状态,官方目录未指定；不以机构书单冒充官方,,,,0,,missing_public_url,exam_syllabus_web_page,unresolved,9,cell_scope,missing,,7104049cab26bbfe9db59035e71aa0d9e4430873cacc7b319742a370a6244865,院校总表,Q80,BV80,80
内蒙古大学,内蒙古大学,exam_syllabus,真题证据等级,无可读卷证据,,,,0,,missing_public_url,exam_syllabus_web_page,unresolved,9,cell_scope,missing,,7104049cab26bbfe9db59035e71aa0d9e4430873cacc7b319742a370a6244865,院校总表,BT80,BV80,80
内蒙古大学,内蒙古大学,exam_syllabus,最新官方大纲题型,未核到最新官方题型说明,,,,0,,missing_public_url,exam_syllabus_web_page,unresolved,9,cell_scope,missing,,7104049cab26bbfe9db59035e71aa0d9e4430873cacc7b319742a370a6244865,院校总表,BU80,BV80,80
新疆大学,新疆大学,exam_syllabus,政治,101思想政治理论,,,,0,,missing_public_url,exam_syllabus_web_page,unresolved,9,cell_scope,missing,,7104049cab26bbfe9db59035e71aa0d9e4430873cacc7b319742a370a6244865,院校总表,K81,BV81,81
新疆大学,新疆大学,exam_syllabus,英语,英语二,,,,0,,missing_public_url,exam_syllabus_web_page,unresolved,9,cell_scope,missing,,7104049cab26bbfe9db59035e71aa0d9e4430873cacc7b319742a370a6244865,院校总表,L81,BV81,81
新疆大学,新疆大学,exam_syllabus,数学/经综,数学三,,,,0,,missing_public_url,exam_syllabus_web_page,unresolved,9,cell_scope,missing,,7104049cab26bbfe9db59035e71aa0d9e4430873cacc7b319742a370a6244865,院校总表,M81,BV81,81
新疆大学,新疆大学,exam_syllabus,专业课,432统计学,,,,0,,missing_public_url,exam_syllabus_web_page,unresolved,9,cell_scope,missing,,7104049cab26bbfe9db59035e71aa0d9e4430873cacc7b319742a370a6244865,院校总表,N81,BV81,81
新疆大学,新疆大学,exam_syllabus,官方范围说明,432统计学；目录未列指定书目,,,,0,,missing_public_url,exam_syllabus_web_page,unresolved,9,cell_scope,missing,,7104049cab26bbfe9db59035e71aa0d9e4430873cacc7b319742a370a6244865,院校总表,O81,BV81,81
新疆大学,新疆大学,exam_syllabus,官方指定教材,2026研招目录未列指定教材,,,,0,,missing_public_url,exam_syllabus_web_page,unresolved,9,cell_scope,missing,,7104049cab26bbfe9db59035e71aa0d9e4430873cacc7b319742a370a6244865,院校总表,P81,BV81,81
新疆大学,新疆大学,exam_syllabus,官方教材状态,官方目录未指定；不以机构书单冒充官方,,,,0,,missing_public_url,exam_syllabus_web_page,unresolved,9,cell_scope,missing,,7104049cab26bbfe9db59035e71aa0d9e4430873cacc7b319742a370a6244865,院校总表,Q81,BV81,81
新疆大学,新疆大学,exam_syllabus,真题证据等级,无可读卷证据,,,,0,,missing_public_url,exam_syllabus_web_page,unresolved,9,cell_scope,missing,,7104049cab26bbfe9db59035e71aa0d9e4430873cacc7b319742a370a6244865,院校总表,BT81,BV81,81
新疆大学,新疆大学,exam_syllabus,最新官方大纲题型,未核到最新官方题型说明,,,,0,,missing_public_url,exam_syllabus_web_page,unresolved,9,cell_scope,missing,,7104049cab26bbfe9db59035e71aa0d9e4430873cacc7b319742a370a6244865,院校总表,BU81,BV81,81
宁夏大学,宁夏大学,exam_syllabus,政治,101思想政治理论,,,,0,,missing_public_url,exam_syllabus_web_page,unresolved,9,cell_scope,missing,,7104049cab26bbfe9db59035e71aa0d9e4430873cacc7b319742a370a6244865,院校总表,K82,BV82,82
宁夏大学,宁夏大学,exam_syllabus,英语,英语二,,,,0,,missing_public_url,exam_syllabus_web_page,unresolved,9,cell_scope,missing,,7104049cab26bbfe9db59035e71aa0d9e4430873cacc7b319742a370a6244865,院校总表,L82,BV82,82
宁夏大学,宁夏大学,exam_syllabus,数学/经综,数学三,,,,0,,missing_public_url,exam_syllabus_web_page,unresolved,9,cell_scope,missing,,7104049cab26bbfe9db59035e71aa0d9e4430873cacc7b319742a370a6244865,院校总表,M82,BV82,82
宁夏大学,宁夏大学,exam_syllabus,专业课,432统计学,,,,0,,missing_public_url,exam_syllabus_web_page,unresolved,9,cell_scope,missing,,7104049cab26bbfe9db59035e71aa0d9e4430873cacc7b319742a370a6244865,院校总表,N82,BV82,82
宁夏大学,宁夏大学,exam_syllabus,官方范围说明,432统计学；目录未列指定书目,,,,0,,missing_public_url,exam_syllabus_web_page,unresolved,9,cell_scope,missing,,7104049cab26bbfe9db59035e71aa0d9e4430873cacc7b319742a370a6244865,院校总表,O82,BV82,82
宁夏大学,宁夏大学,exam_syllabus,官方指定教材,2026研招目录未列指定教材,,,,0,,missing_public_url,exam_syllabus_web_page,unresolved,9,cell_scope,missing,,7104049cab26bbfe9db59035e71aa0d9e4430873cacc7b319742a370a6244865,院校总表,P82,BV82,82
宁夏大学,宁夏大学,exam_syllabus,官方教材状态,官方目录未指定；不以机构书单冒充官方,,,,0,,missing_public_url,exam_syllabus_web_page,unresolved,9,cell_scope,missing,,7104049cab26bbfe9db59035e71aa0d9e4430873cacc7b319742a370a6244865,院校总表,Q82,BV82,82
宁夏大学,宁夏大学,exam_syllabus,真题证据等级,无可读卷证据,,,,0,,missing_public_url,exam_syllabus_web_page,unresolved,9,cell_scope,missing,,7104049cab26bbfe9db59035e71aa0d9e4430873cacc7b319742a370a6244865,院校总表,BT82,BV82,82
宁夏大学,宁夏大学,exam_syllabus,最新官方大纲题型,未核到最新官方题型说明,,,,0,,missing_public_url,exam_syllabus_web_page,unresolved,9,cell_scope,missing,,7104049cab26bbfe9db59035e71aa0d9e4430873cacc7b319742a370a6244865,院校总表,BU82,BV82,82
石河子大学,石河子大学,exam_syllabus,政治,101思想政治理论,,,,0,,missing_public_url,exam_syllabus_web_page,unresolved,9,cell_scope,missing,,7104049cab26bbfe9db59035e71aa0d9e4430873cacc7b319742a370a6244865,院校总表,K83,BV83,83
石河子大学,石河子大学,exam_syllabus,英语,英语二,,,,0,,missing_public_url,exam_syllabus_web_page,unresolved,9,cell_scope,missing,,7104049cab26bbfe9db59035e71aa0d9e4430873cacc7b319742a370a6244865,院校总表,L83,BV83,83
石河子大学,石河子大学,exam_syllabus,数学/经综,数学三,,,,0,,missing_public_url,exam_syllabus_web_page,unresolved,9,cell_scope,missing,,7104049cab26bbfe9db59035e71aa0d9e4430873cacc7b319742a370a6244865,院校总表,M83,BV83,83
石河子大学,石河子大学,exam_syllabus,专业课,432统计学,,,,0,,missing_public_url,exam_syllabus_web_page,unresolved,9,cell_scope,missing,,7104049cab26bbfe9db59035e71aa0d9e4430873cacc7b319742a370a6244865,院校总表,N83,BV83,83
石河子大学,石河子大学,exam_syllabus,官方范围说明,432统计学；目录未列指定书目,,,,0,,missing_public_url,exam_syllabus_web_page,unresolved,9,cell_scope,missing,,7104049cab26bbfe9db59035e71aa0d9e4430873cacc7b319742a370a6244865,院校总表,O83,BV83,83
石河子大学,石河子大学,exam_syllabus,官方指定教材,2026研招目录未列指定教材,,,,0,,missing_public_url,exam_syllabus_web_page,unresolved,9,cell_scope,missing,,7104049cab26bbfe9db59035e71aa0d9e4430873cacc7b319742a370a6244865,院校总表,P83,BV83,83
石河子大学,石河子大学,exam_syllabus,官方教材状态,官方目录未指定；不以机构书单冒充官方,,,,0,,missing_public_url,exam_syllabus_web_page,unresolved,9,cell_scope,missing,,7104049cab26bbfe9db59035e71aa0d9e4430873cacc7b319742a370a6244865,院校总表,Q83,BV83,83
石河子大学,石河子大学,exam_syllabus,真题证据等级,无可读卷证据,,,,0,,missing_public_url,exam_syllabus_web_page,unresolved,9,cell_scope,missing,,7104049cab26bbfe9db59035e71aa0d9e4430873cacc7b319742a370a6244865,院校总表,BT83,BV83,83
石河子大学,石河子大学,exam_syllabus,最新官方大纲题型,未核到最新官方题型说明,,,,0,,missing_public_url,exam_syllabus_web_page,unresolved,9,cell_scope,missing,,7104049cab26bbfe9db59035e71aa0d9e4430873cacc7b319742a370a6244865,院校总表,BU83,BV83,83
