source_url,source_domain,source_types,schools,years,fields,check_method,reachability,http_status,content_type,resolved_url,content_sha256,checked_at,error
https://admin.jiuxianzai.cn/api/applet/home/index/school,admin.jiuxianzai.cn,mini_program_api,,,2026拟录取最低/中位/最高、普通计划复录比;学制学费、初复试科目、参考书、复试线、最低录取线、复试/录取人数、结果名单,HEAD,failed,400,,,,2026-10-09T06:32:37.382773+00:00,HTTPError: HTTP Error 400:
https://admin.jiuxianzai.cn/api/applet/home/index/schoolDetail/015e45aa720f0d941241bec22327ed9d,admin.jiuxianzai.cn,mini_program_api,上海财经大学,2022;2023;2024;2025;2026,复录比;复试人数;拟录取中位;拟录取人数;拟录取最低;拟录取最高;本科背景状态,api_json_fetch,reachable,200,application/json,https://admin.jiuxianzai.cn/api/applet/home/index/schoolDetail/015e45aa720f0d941241bec22327ed9d,,2026-10-09T06:24:39.190742+00:00,
https://admin.jiuxianzai.cn/api/applet/home/index/schoolDetail/04666d5b128db218a90e39f747d03dfc,admin.jiuxianzai.cn,mini_program_api,复旦大学,2022;2023;2024;2025;2026,复录比;复试人数;拟录取中位;拟录取人数;拟录取最低;拟录取最高;本科背景状态,api_json_fetch,reachable,200,application/json,https://admin.jiuxianzai.cn/api/applet/home/index/schoolDetail/04666d5b128db218a90e39f747d03dfc,,2026-10-09T06:24:39.244530+00:00,
https://admin.jiuxianzai.cn/api/applet/home/index/schoolDetail/06c2e9363cf81254227f3c0cf9a8a3d8,admin.jiuxianzai.cn,mini_program_api,兰州大学,2022;2023;2024;2025;2026,复录比;复试人数;拟录取中位;拟录取人数;拟录取最低;拟录取最高;本科背景状态,api_json_fetch,reachable,200,application/json,https://admin.jiuxianzai.cn/api/applet/home/index/schoolDetail/06c2e9363cf81254227f3c0cf9a8a3d8,,2026-10-09T06:24:39.369096+00:00,
https://admin.jiuxianzai.cn/api/applet/home/index/schoolDetail/08214894121ecd7fd615f4583fe662d1,admin.jiuxianzai.cn,mini_program_api,北京工业大学,2022;2023;2024;2025;2026,复录比;复试人数;拟录取中位;拟录取人数;拟录取最低;拟录取最高;本科背景状态,api_json_fetch,reachable,200,application/json,https://admin.jiuxianzai.cn/api/applet/home/index/schoolDetail/08214894121ecd7fd615f4583fe662d1,,2026-10-09T06:24:39.374100+00:00,
https://admin.jiuxianzai.cn/api/applet/home/index/schoolDetail/112f71f0dd993eb4aa1251b4cffcfda5,admin.jiuxianzai.cn,mini_program_api,福州大学,2022;2023;2024;2025;2026,复录比;复试人数;拟录取中位;拟录取人数;拟录取最低;拟录取最高;本科背景状态,api_json_fetch,reachable,200,application/json,https://admin.jiuxianzai.cn/api/applet/home/index/schoolDetail/112f71f0dd993eb4aa1251b4cffcfda5,,2026-10-09T06:24:39.376097+00:00,
https://admin.jiuxianzai.cn/api/applet/home/index/schoolDetail/13307756a9c5f293c189c4680e3b983e,admin.jiuxianzai.cn,mini_program_api,华北电力大学,2022;2023;2024;2025;2026,复录比;复试人数;拟录取中位;拟录取人数;拟录取最低;拟录取最高;本科背景状态,api_json_fetch,reachable,200,application/json,https://admin.jiuxianzai.cn/api/applet/home/index/schoolDetail/13307756a9c5f293c189c4680e3b983e,,2026-10-09T06:24:39.971363+00:00,
https://admin.jiuxianzai.cn/api/applet/home/index/schoolDetail/153f02b8efd30492688680311b1468e8,admin.jiuxianzai.cn,mini_program_api,延边大学,2022;2023;2024;2025;2026,复录比;复试人数;拟录取中位;拟录取人数;拟录取最低;拟录取最高;本科背景状态,api_json_fetch,reachable,200,application/json,https://admin.jiuxianzai.cn/api/applet/home/index/schoolDetail/153f02b8efd30492688680311b1468e8,,2026-10-09T06:24:39.732760+00:00,
https://admin.jiuxianzai.cn/api/applet/home/index/schoolDetail/15dc051e0442d52a5bea9583661c8e9a,admin.jiuxianzai.cn,mini_program_api,中南财经政法大学,2022;2023;2024;2025;2026,复录比;复试人数;拟录取中位;拟录取人数;拟录取最低;拟录取最高;本科背景状态,api_json_fetch,reachable,200,application/json,https://admin.jiuxianzai.cn/api/applet/home/index/schoolDetail/15dc051e0442d52a5bea9583661c8e9a,,2026-10-09T06:24:40.142432+00:00,
https://admin.jiuxianzai.cn/api/applet/home/index/schoolDetail/181e45a7493304a18ae20dff6881a87c,admin.jiuxianzai.cn,mini_program_api,东北农业大学,2022;2023;2024;2025;2026,复录比;复试人数;拟录取中位;拟录取人数;拟录取最低;拟录取最高;本科背景状态,api_json_fetch,reachable,200,application/json,https://admin.jiuxianzai.cn/api/applet/home/index/schoolDetail/181e45a7493304a18ae20dff6881a87c,,2026-10-09T06:24:40.080259+00:00,
https://admin.jiuxianzai.cn/api/applet/home/index/schoolDetail/191ded25342ea6e5d4a475c2d76ce694,admin.jiuxianzai.cn,mini_program_api,云南大学,2022;2023;2024;2025;2026,复录比;复试人数;拟录取中位;拟录取人数;拟录取最低;拟录取最高;本科背景状态,api_json_fetch,reachable,200,application/json,https://admin.jiuxianzai.cn/api/applet/home/index/schoolDetail/191ded25342ea6e5d4a475c2d76ce694,,2026-10-09T06:24:40.223096+00:00,
https://admin.jiuxianzai.cn/api/applet/home/index/schoolDetail/20775c93b99cf5698397826887fa4815,admin.jiuxianzai.cn,mini_program_api,复旦大学,2022;2023;2024;2025;2026,复录比;复试人数;拟录取中位;拟录取人数;拟录取最低;拟录取最高;本科背景状态,api_json_fetch,reachable,200,application/json,https://admin.jiuxianzai.cn/api/applet/home/index/schoolDetail/20775c93b99cf5698397826887fa4815,,2026-10-09T06:24:40.138433+00:00,
https://admin.jiuxianzai.cn/api/applet/home/index/schoolDetail/20a5e59472635a28a69ee08ec0a82cf5,admin.jiuxianzai.cn,mini_program_api,华南师范大学,2022;2023;2024;2025;2026,复录比;复试人数;拟录取中位;拟录取人数;拟录取最低;拟录取最高;本科背景状态,api_json_fetch,reachable,200,application/json,https://admin.jiuxianzai.cn/api/applet/home/index/schoolDetail/20a5e59472635a28a69ee08ec0a82cf5,,2026-10-09T06:24:40.352328+00:00,
https://admin.jiuxianzai.cn/api/applet/home/index/schoolDetail/2212e87b996ebd666f9b3f7545fd1e44,admin.jiuxianzai.cn,mini_program_api,东北师范大学,2022;2023;2024;2025;2026,复录比;复试人数;拟录取中位;拟录取人数;拟录取最低;拟录取最高;本科背景状态,api_json_fetch,reachable,200,application/json,https://admin.jiuxianzai.cn/api/applet/home/index/schoolDetail/2212e87b996ebd666f9b3f7545fd1e44,,2026-10-09T06:24:40.633967+00:00,
https://admin.jiuxianzai.cn/api/applet/home/index/schoolDetail/22f40568727b2b630ef5aeac61c8cc86,admin.jiuxianzai.cn,mini_program_api,西南交通大学,2022;2023;2024;2025;2026,复录比;复试人数;拟录取中位;拟录取人数;拟录取最低;拟录取最高;本科背景状态,api_json_fetch,reachable,200,application/json,https://admin.jiuxianzai.cn/api/applet/home/index/schoolDetail/22f40568727b2b630ef5aeac61c8cc86,,2026-10-09T06:24:40.279206+00:00,
https://admin.jiuxianzai.cn/api/applet/home/index/schoolDetail/25a4d513677af09de4daadfae0914e1b,admin.jiuxianzai.cn,mini_program_api,南京师范大学,2022;2023;2024;2025;2026,复录比;复试人数;拟录取中位;拟录取人数;拟录取最低;拟录取最高;本科背景状态,api_json_fetch,reachable,200,application/json,https://admin.jiuxianzai.cn/api/applet/home/index/schoolDetail/25a4d513677af09de4daadfae0914e1b,,2026-10-09T06:24:40.417137+00:00,
https://admin.jiuxianzai.cn/api/applet/home/index/schoolDetail/279ec5f38ebc13befec919b109d88090,admin.jiuxianzai.cn,mini_program_api,上海大学,2022;2023;2024;2025;2026,复录比;复试人数;拟录取中位;拟录取人数;拟录取最低;拟录取最高;本科背景状态,api_json_fetch,reachable,200,application/json,https://admin.jiuxianzai.cn/api/applet/home/index/schoolDetail/279ec5f38ebc13befec919b109d88090,,2026-10-09T06:24:40.416133+00:00,
https://admin.jiuxianzai.cn/api/applet/home/index/schoolDetail/2abe7e3630536d13e6c24af313946f55,admin.jiuxianzai.cn,mini_program_api,哈尔滨工业大学,2022;2023;2024;2025;2026,复录比;复试人数;拟录取中位;拟录取人数;拟录取最低;拟录取最高;本科背景状态,api_json_fetch,reachable,200,application/json,https://admin.jiuxianzai.cn/api/applet/home/index/schoolDetail/2abe7e3630536d13e6c24af313946f55,,2026-10-09T06:24:40.567000+00:00,
https://admin.jiuxianzai.cn/api/applet/home/index/schoolDetail/2b58f55deece68282b844fa2fac2392c,admin.jiuxianzai.cn,mini_program_api,南京航空航天大学,2022;2023;2024;2025;2026,复录比;复试人数;拟录取中位;拟录取人数;拟录取最低;拟录取最高;本科背景状态,api_json_fetch,reachable,200,application/json,https://admin.jiuxianzai.cn/api/applet/home/index/schoolDetail/2b58f55deece68282b844fa2fac2392c,,2026-10-09T06:24:40.899121+00:00,
https://admin.jiuxianzai.cn/api/applet/home/index/schoolDetail/2efb3bf61f65f7fd5b43f15d3a532ba6,admin.jiuxianzai.cn,mini_program_api,西南大学,2022;2023;2024;2025;2026,复录比;复试人数;拟录取中位;拟录取人数;拟录取最低;拟录取最高;本科背景状态,api_json_fetch,reachable,200,application/json,https://admin.jiuxianzai.cn/api/applet/home/index/schoolDetail/2efb3bf61f65f7fd5b43f15d3a532ba6,,2026-10-09T06:24:40.716434+00:00,
https://admin.jiuxianzai.cn/api/applet/home/index/schoolDetail/300dbc29da0aeeb262577bf3a2f9c731,admin.jiuxianzai.cn,mini_program_api,北京师范大学,2022;2023;2024;2025;2026,复录比;复试人数;拟录取中位;拟录取人数;拟录取最低;拟录取最高;本科背景状态,api_json_fetch,reachable,200,application/json,https://admin.jiuxianzai.cn/api/applet/home/index/schoolDetail/300dbc29da0aeeb262577bf3a2f9c731,,2026-10-09T06:24:40.948393+00:00,
https://admin.jiuxianzai.cn/api/applet/home/index/schoolDetail/30e69a8facb6798aa95c67a1c83900c2,admin.jiuxianzai.cn,mini_program_api,华北电力大学,2022;2023;2024;2025;2026,复录比;复试人数;拟录取中位;拟录取人数;拟录取最低;拟录取最高;本科背景状态,api_json_fetch,reachable,200,application/json,https://admin.jiuxianzai.cn/api/applet/home/index/schoolDetail/30e69a8facb6798aa95c67a1c83900c2,,2026-10-09T06:24:41.025581+00:00,
https://admin.jiuxianzai.cn/api/applet/home/index/schoolDetail/315b5d1f12b9b6f9aa49d359169ff96c,admin.jiuxianzai.cn,mini_program_api,湖南大学,2022;2023;2024;2025;2026,复录比;复试人数;拟录取中位;拟录取人数;拟录取最低;拟录取最高;本科背景状态,api_json_fetch,reachable,200,application/json,https://admin.jiuxianzai.cn/api/applet/home/index/schoolDetail/315b5d1f12b9b6f9aa49d359169ff96c,,2026-10-09T06:24:41.030587+00:00,
https://admin.jiuxianzai.cn/api/applet/home/index/schoolDetail/31b62e0d95454d48153d7796036ac476,admin.jiuxianzai.cn,mini_program_api,山东大学,2022;2023;2024;2025;2026,复录比;复试人数;拟录取中位;拟录取人数;拟录取最低;拟录取最高;本科背景状态,api_json_fetch,reachable,200,application/json,https://admin.jiuxianzai.cn/api/applet/home/index/schoolDetail/31b62e0d95454d48153d7796036ac476,,2026-10-09T06:24:41.307294+00:00,
https://admin.jiuxianzai.cn/api/applet/home/index/schoolDetail/331a930094fdde14ed239c3719efb92f,admin.jiuxianzai.cn,mini_program_api,厦门大学,2022;2023;2024;2025;2026,复录比;复试人数;拟录取中位;拟录取人数;拟录取最低;拟录取最高;本科背景状态,api_json_fetch,reachable,200,application/json,https://admin.jiuxianzai.cn/api/applet/home/index/schoolDetail/331a930094fdde14ed239c3719efb92f,,2026-10-09T06:24:41.306787+00:00,
https://admin.jiuxianzai.cn/api/applet/home/index/schoolDetail/34523f809ded9c102849ecd909fd0bf8,admin.jiuxianzai.cn,mini_program_api,武汉理工大学,2022;2023;2024;2025;2026,复录比;复试人数;拟录取中位;拟录取人数;拟录取最低;拟录取最高;本科背景状态,api_json_fetch,reachable,200,application/json,https://admin.jiuxianzai.cn/api/applet/home/index/schoolDetail/34523f809ded9c102849ecd909fd0bf8,,2026-10-09T06:24:41.305789+00:00,
https://admin.jiuxianzai.cn/api/applet/home/index/schoolDetail/38d0d593bfb474f42e2658c50e3b0cee,admin.jiuxianzai.cn,mini_program_api,内蒙古大学,2022;2023;2024;2025;2026,复录比;复试人数;拟录取中位;拟录取人数;拟录取最低;拟录取最高;本科背景状态,api_json_fetch,reachable,200,application/json,https://admin.jiuxianzai.cn/api/applet/home/index/schoolDetail/38d0d593bfb474f42e2658c50e3b0cee,,2026-10-09T06:24:41.309818+00:00,
https://admin.jiuxianzai.cn/api/applet/home/index/schoolDetail/3948f82c1aa2c4e3379718fb0f208377,admin.jiuxianzai.cn,mini_program_api,太原理工大学,2022;2023;2024;2025;2026,复录比;复试人数;拟录取中位;拟录取人数;拟录取最低;拟录取最高;本科背景状态,api_json_fetch,reachable,200,application/json,https://admin.jiuxianzai.cn/api/applet/home/index/schoolDetail/3948f82c1aa2c4e3379718fb0f208377,,2026-10-09T06:24:41.426224+00:00,
https://admin.jiuxianzai.cn/api/applet/home/index/schoolDetail/39a1066661cc5563f00076704d954811,admin.jiuxianzai.cn,mini_program_api,东南大学,2022;2023;2024;2025;2026,复录比;复试人数;拟录取中位;拟录取人数;拟录取最低;拟录取最高;本科背景状态,api_json_fetch,reachable,200,application/json,https://admin.jiuxianzai.cn/api/applet/home/index/schoolDetail/39a1066661cc5563f00076704d954811,,2026-10-09T06:24:41.534707+00:00,
https://admin.jiuxianzai.cn/api/applet/home/index/schoolDetail/3bfd37b14412a43b3e531fe8705c8fa8,admin.jiuxianzai.cn,mini_program_api,贵州大学,2022;2023;2024;2025;2026,复录比;复试人数;拟录取中位;拟录取人数;拟录取最低;拟录取最高;本科背景状态,api_json_fetch,reachable,200,application/json,https://admin.jiuxianzai.cn/api/applet/home/index/schoolDetail/3bfd37b14412a43b3e531fe8705c8fa8,,2026-10-09T06:24:41.432221+00:00,
https://admin.jiuxianzai.cn/api/applet/home/index/schoolDetail/3c2c634c645c2ad3d9d98199834f8e73,admin.jiuxianzai.cn,mini_program_api,中央民族大学,2022;2023;2024;2025;2026,复录比;复试人数;拟录取中位;拟录取人数;拟录取最低;拟录取最高;本科背景状态,api_json_fetch,reachable,200,application/json,https://admin.jiuxianzai.cn/api/applet/home/index/schoolDetail/3c2c634c645c2ad3d9d98199834f8e73,,2026-10-09T06:24:41.843815+00:00,
https://admin.jiuxianzai.cn/api/applet/home/index/schoolDetail/3d84697bbf795da24d79d3c8158d9b6d,admin.jiuxianzai.cn,mini_program_api,辽宁大学,2022;2023;2024;2025;2026,复录比;复试人数;拟录取中位;拟录取人数;拟录取最低;拟录取最高;本科背景状态,api_json_fetch,reachable,200,application/json,https://admin.jiuxianzai.cn/api/applet/home/index/schoolDetail/3d84697bbf795da24d79d3c8158d9b6d,,2026-10-09T06:24:41.537710+00:00,
https://admin.jiuxianzai.cn/api/applet/home/index/schoolDetail/3f35a6bf161df2c1957177f9d19cc26a,admin.jiuxianzai.cn,mini_program_api,陕西师范大学,2022;2023;2024;2025;2026,复录比;复试人数;拟录取中位;拟录取人数;拟录取最低;拟录取最高;本科背景状态,api_json_fetch,reachable,200,application/json,https://admin.jiuxianzai.cn/api/applet/home/index/schoolDetail/3f35a6bf161df2c1957177f9d19cc26a,,2026-10-09T06:24:41.847817+00:00,
https://admin.jiuxianzai.cn/api/applet/home/index/schoolDetail/40fec209b0e48864d536ae90cb4f263e,admin.jiuxianzai.cn,mini_program_api,山东大学,2022;2023;2024;2025;2026,复录比;复试人数;拟录取中位;拟录取人数;拟录取最低;拟录取最高;本科背景状态,api_json_fetch,reachable,200,application/json,https://admin.jiuxianzai.cn/api/applet/home/index/schoolDetail/40fec209b0e48864d536ae90cb4f263e,,2026-10-09T06:24:41.655796+00:00,
https://admin.jiuxianzai.cn/api/applet/home/index/schoolDetail/464adb1fb8a82fa2bb215950f412d827,admin.jiuxianzai.cn,mini_program_api,复旦大学,2022;2023;2024;2025;2026,复录比;复试人数;拟录取中位;拟录取人数;拟录取最低;拟录取最高;本科背景状态,api_json_fetch,reachable,200,application/json,https://admin.jiuxianzai.cn/api/applet/home/index/schoolDetail/464adb1fb8a82fa2bb215950f412d827,,2026-10-09T06:24:41.652790+00:00,
https://admin.jiuxianzai.cn/api/applet/home/index/schoolDetail/4de5e4b6113e5803bba81a94daba700d,admin.jiuxianzai.cn,mini_program_api,北京师范大学,2022;2023;2024;2025;2026,复录比;复试人数;拟录取中位;拟录取人数;拟录取最低;拟录取最高;本科背景状态,api_json_fetch,reachable,200,application/json,https://admin.jiuxianzai.cn/api/applet/home/index/schoolDetail/4de5e4b6113e5803bba81a94daba700d,,2026-10-09T06:24:42.094433+00:00,
https://admin.jiuxianzai.cn/api/applet/home/index/schoolDetail/4f4327be5131d059f282fa1dc5bc439d,admin.jiuxianzai.cn,mini_program_api,对外经济贸易大学,2022;2023;2024;2025;2026,复录比;复试人数;拟录取中位;拟录取人数;拟录取最低;拟录取最高;本科背景状态,api_json_fetch,reachable,200,application/json,https://admin.jiuxianzai.cn/api/applet/home/index/schoolDetail/4f4327be5131d059f282fa1dc5bc439d,,2026-10-09T06:24:42.468088+00:00,
https://admin.jiuxianzai.cn/api/applet/home/index/schoolDetail/4fbd4b8789c924e2451381c240420e77,admin.jiuxianzai.cn,mini_program_api,宁夏大学,2022;2023;2024;2025;2026,复录比;复试人数;拟录取中位;拟录取人数;拟录取最低;拟录取最高;本科背景状态,api_json_fetch,reachable,200,application/json,https://admin.jiuxianzai.cn/api/applet/home/index/schoolDetail/4fbd4b8789c924e2451381c240420e77,,2026-10-09T06:24:42.016123+00:00,
https://admin.jiuxianzai.cn/api/applet/home/index/schoolDetail/50150d0aadfdaa3758db009ae69c3521,admin.jiuxianzai.cn,mini_program_api,北京林业大学,2022;2023;2024;2025;2026,复录比;复试人数;拟录取中位;拟录取人数;拟录取最低;拟录取最高;本科背景状态,api_json_fetch,reachable,200,application/json,https://admin.jiuxianzai.cn/api/applet/home/index/schoolDetail/50150d0aadfdaa3758db009ae69c3521,,2026-10-09T06:24:42.163938+00:00,
https://admin.jiuxianzai.cn/api/applet/home/index/schoolDetail/54741a8400d2d1c10c484e82e516f707,admin.jiuxianzai.cn,mini_program_api,中国地质大学（武汉）,2022;2023;2024;2025;2026,复录比;复试人数;拟录取中位;拟录取人数;拟录取最低;拟录取最高;本科背景状态,api_json_fetch,reachable,200,application/json,https://admin.jiuxianzai.cn/api/applet/home/index/schoolDetail/54741a8400d2d1c10c484e82e516f707,,2026-10-09T06:24:42.170939+00:00,
https://admin.jiuxianzai.cn/api/applet/home/index/schoolDetail/56e3e5a6404fb8ba192e3d891bfdfc35,admin.jiuxianzai.cn,mini_program_api,河海大学,2022;2023;2024;2025;2026,复录比;复试人数;拟录取中位;拟录取人数;拟录取最低;拟录取最高;本科背景状态,api_json_fetch,reachable,200,application/json,https://admin.jiuxianzai.cn/api/applet/home/index/schoolDetail/56e3e5a6404fb8ba192e3d891bfdfc35,,2026-10-09T06:24:42.160937+00:00,
https://admin.jiuxianzai.cn/api/applet/home/index/schoolDetail/57be15d871bf0ffdcc70961ecb6569bb,admin.jiuxianzai.cn,mini_program_api,东北大学,2022;2023;2024;2025;2026,复录比;复试人数;拟录取中位;拟录取人数;拟录取最低;拟录取最高;本科背景状态,api_json_fetch,reachable,200,application/json,https://admin.jiuxianzai.cn/api/applet/home/index/schoolDetail/57be15d871bf0ffdcc70961ecb6569bb,,2026-10-09T06:24:42.576980+00:00,
https://admin.jiuxianzai.cn/api/applet/home/index/schoolDetail/5cc9312943c90cba85bb2d324933e5cf,admin.jiuxianzai.cn,mini_program_api,中国人民大学,2022;2023;2024;2025;2026,复录比;复试人数;拟录取中位;拟录取人数;拟录取最低;拟录取最高;本科背景状态,api_json_fetch,reachable,200,application/json,https://admin.jiuxianzai.cn/api/applet/home/index/schoolDetail/5cc9312943c90cba85bb2d324933e5cf,,2026-10-09T06:24:42.405443+00:00,
https://admin.jiuxianzai.cn/api/applet/home/index/schoolDetail/61ab8bb59fd94ad71f849af6ceac6c8f,admin.jiuxianzai.cn,mini_program_api,上海交通大学,2022;2023;2024;2025;2026,复录比;复试人数;拟录取中位;拟录取人数;拟录取最低;拟录取最高;本科背景状态,api_json_fetch,reachable,200,application/json,https://admin.jiuxianzai.cn/api/applet/home/index/schoolDetail/61ab8bb59fd94ad71f849af6ceac6c8f,,2026-10-09T06:24:42.409439+00:00,
https://admin.jiuxianzai.cn/api/applet/home/index/schoolDetail/641847d4de044596a1580f1b2ed79c5c,admin.jiuxianzai.cn,mini_program_api,辽宁大学,2022;2023;2024;2025;2026,复录比;复试人数;拟录取中位;拟录取人数;拟录取最低;拟录取最高;本科背景状态,api_json_fetch,reachable,200,application/json,https://admin.jiuxianzai.cn/api/applet/home/index/schoolDetail/641847d4de044596a1580f1b2ed79c5c,,2026-10-09T06:24:42.407440+00:00,
https://admin.jiuxianzai.cn/api/applet/home/index/schoolDetail/66ed9f49b9b099637689a24514d230ca,admin.jiuxianzai.cn,mini_program_api,中山大学,2022;2023;2024;2025;2026,复录比;复试人数;拟录取中位;拟录取人数;拟录取最低;拟录取最高;本科背景状态,api_json_fetch,reachable,200,application/json,https://admin.jiuxianzai.cn/api/applet/home/index/schoolDetail/66ed9f49b9b099637689a24514d230ca,,2026-10-09T06:24:42.718399+00:00,
https://admin.jiuxianzai.cn/api/applet/home/index/schoolDetail/6735cd916411ef7217dd98b2b5c1dba3,admin.jiuxianzai.cn,mini_program_api,大连理工大学,2022;2023;2024;2025;2026,复录比;复试人数;拟录取中位;拟录取人数;拟录取最低;拟录取最高;本科背景状态,api_json_fetch,reachable,200,application/json,https://admin.jiuxianzai.cn/api/applet/home/index/schoolDetail/6735cd916411ef7217dd98b2b5c1dba3,,2026-10-09T06:24:42.923844+00:00,
https://admin.jiuxianzai.cn/api/applet/home/index/schoolDetail/691263c169077ceca3f9203b6d406912,admin.jiuxianzai.cn,mini_program_api,西南财经大学,2022;2023;2024;2025;2026,复录比;复试人数;拟录取中位;拟录取人数;拟录取最低;拟录取最高;本科背景状态,api_json_fetch,reachable,200,application/json,https://admin.jiuxianzai.cn/api/applet/home/index/schoolDetail/691263c169077ceca3f9203b6d406912,,2026-10-09T06:24:42.926846+00:00,
https://admin.jiuxianzai.cn/api/applet/home/index/schoolDetail/6b02702b49711b202869e23d1d26ff6e,admin.jiuxianzai.cn,mini_program_api,暨南大学,2022;2023;2024;2025;2026,复录比;复试人数;拟录取中位;拟录取人数;拟录取最低;拟录取最高;本科背景状态,api_json_fetch,reachable,200,application/json,https://admin.jiuxianzai.cn/api/applet/home/index/schoolDetail/6b02702b49711b202869e23d1d26ff6e,,2026-10-09T06:24:43.079790+00:00,
https://admin.jiuxianzai.cn/api/applet/home/index/schoolDetail/6df6138cb0a86a95e60cd2c1e2b91e5e,admin.jiuxianzai.cn,mini_program_api,中国科学技术大学,2022;2023;2024;2025;2026,复录比;复试人数;拟录取中位;拟录取人数;拟录取最低;拟录取最高;本科背景状态,api_json_fetch,reachable,200,application/json,https://admin.jiuxianzai.cn/api/applet/home/index/schoolDetail/6df6138cb0a86a95e60cd2c1e2b91e5e,,2026-10-09T06:24:43.072778+00:00,
https://admin.jiuxianzai.cn/api/applet/home/index/schoolDetail/6fa225f17053b8e47af81766c6c7ccc6,admin.jiuxianzai.cn,mini_program_api,中国石油大学（华东）,2022;2023;2024;2025;2026,复录比;复试人数;拟录取中位;拟录取人数;拟录取最低;拟录取最高;本科背景状态,api_json_fetch,reachable,200,application/json,https://admin.jiuxianzai.cn/api/applet/home/index/schoolDetail/6fa225f17053b8e47af81766c6c7ccc6,,2026-10-09T06:24:43.212745+00:00,
https://admin.jiuxianzai.cn/api/applet/home/index/schoolDetail/727293ed8fd7c3a5f2674f0546b020d3,admin.jiuxianzai.cn,mini_program_api,清华大学,2022;2023;2024;2025;2026,复录比;复试人数;拟录取中位;拟录取人数;拟录取最低;拟录取最高;本科背景状态,api_json_fetch,reachable,200,application/json,https://admin.jiuxianzai.cn/api/applet/home/index/schoolDetail/727293ed8fd7c3a5f2674f0546b020d3,,2026-10-09T06:24:43.588553+00:00,
https://admin.jiuxianzai.cn/api/applet/home/index/schoolDetail/727607996751a2d9d928e322d0752dec,admin.jiuxianzai.cn,mini_program_api,山东大学,2022;2023;2024;2025;2026,复录比;复试人数;拟录取中位;拟录取人数;拟录取最低;拟录取最高;本科背景状态,api_json_fetch,reachable,200,application/json,https://admin.jiuxianzai.cn/api/applet/home/index/schoolDetail/727607996751a2d9d928e322d0752dec,,2026-10-09T06:24:43.364692+00:00,
https://admin.jiuxianzai.cn/api/applet/home/index/schoolDetail/76c645e37f82e3b5a60079064582f4d4,admin.jiuxianzai.cn,mini_program_api,东北林业大学,2022;2023;2024;2025;2026,复录比;复试人数;拟录取中位;拟录取人数;拟录取最低;拟录取最高;本科背景状态,api_json_fetch,reachable,200,application/json,https://admin.jiuxianzai.cn/api/applet/home/index/schoolDetail/76c645e37f82e3b5a60079064582f4d4,,2026-10-09T06:24:43.665120+00:00,
https://admin.jiuxianzai.cn/api/applet/home/index/schoolDetail/78b55c383768fe4a90acc4aaacbf692a,admin.jiuxianzai.cn,mini_program_api,西安交通大学,2022;2023;2024;2025;2026,复录比;复试人数;拟录取中位;拟录取人数;拟录取最低;拟录取最高;本科背景状态,api_json_fetch,reachable,200,application/json,https://admin.jiuxianzai.cn/api/applet/home/index/schoolDetail/78b55c383768fe4a90acc4aaacbf692a,,2026-10-09T06:24:43.363694+00:00,
https://admin.jiuxianzai.cn/api/applet/home/index/schoolDetail/7a28a25a9c92d0a21e5d4f3cd446765e,admin.jiuxianzai.cn,mini_program_api,湖南师范大学,2022;2023;2024;2025;2026,复录比;复试人数;拟录取中位;拟录取人数;拟录取最低;拟录取最高;本科背景状态,api_json_fetch,reachable,200,application/json,https://admin.jiuxianzai.cn/api/applet/home/index/schoolDetail/7a28a25a9c92d0a21e5d4f3cd446765e,,2026-10-09T06:24:43.511873+00:00,
https://admin.jiuxianzai.cn/api/applet/home/index/schoolDetail/7affba1152da17a8ed22186d16b81af0,admin.jiuxianzai.cn,mini_program_api,河海大学,2022;2023;2024;2025;2026,复录比;复试人数;拟录取中位;拟录取人数;拟录取最低;拟录取最高;本科背景状态,api_json_fetch,reachable,200,application/json,https://admin.jiuxianzai.cn/api/applet/home/index/schoolDetail/7affba1152da17a8ed22186d16b81af0,,2026-10-09T06:24:43.591549+00:00,
https://admin.jiuxianzai.cn/api/applet/home/index/schoolDetail/7d3e0fe1601b71a518a0bd16b951f135,admin.jiuxianzai.cn,mini_program_api,上海财经大学,2022;2023;2024;2025;2026,复录比;复试人数;拟录取中位;拟录取人数;拟录取最低;拟录取最高;本科背景状态,api_json_fetch,reachable,200,application/json,https://admin.jiuxianzai.cn/api/applet/home/index/schoolDetail/7d3e0fe1601b71a518a0bd16b951f135,,2026-10-09T06:24:43.740532+00:00,
https://admin.jiuxianzai.cn/api/applet/home/index/schoolDetail/81d3842172005015b9d5a740cc5c7b5a,admin.jiuxianzai.cn,mini_program_api,吉林大学,2022;2023;2024;2025;2026,复录比;复试人数;拟录取中位;拟录取人数;拟录取最低;拟录取最高;本科背景状态,api_json_fetch,reachable,200,application/json,https://admin.jiuxianzai.cn/api/applet/home/index/schoolDetail/81d3842172005015b9d5a740cc5c7b5a,,2026-10-09T06:24:43.738532+00:00,
https://admin.jiuxianzai.cn/api/applet/home/index/schoolDetail/85d797959ef51e37f8b19e0d8c60d4a2,admin.jiuxianzai.cn,mini_program_api,中国海洋大学,2022;2023;2024;2025;2026,复录比;复试人数;拟录取中位;拟录取人数;拟录取最低;拟录取最高;本科背景状态,api_json_fetch,reachable,200,application/json,https://admin.jiuxianzai.cn/api/applet/home/index/schoolDetail/85d797959ef51e37f8b19e0d8c60d4a2,,2026-10-09T06:24:44.106688+00:00,
https://admin.jiuxianzai.cn/api/applet/home/index/schoolDetail/88540866545179766343bb45cdac824b,admin.jiuxianzai.cn,mini_program_api,华中农业大学,2022;2023;2024;2025;2026,复录比;复试人数;拟录取中位;拟录取人数;拟录取最低;拟录取最高;本科背景状态,api_json_fetch,reachable,200,application/json,https://admin.jiuxianzai.cn/api/applet/home/index/schoolDetail/88540866545179766343bb45cdac824b,,2026-10-09T06:24:43.890164+00:00,
https://admin.jiuxianzai.cn/api/applet/home/index/schoolDetail/8a4a3de5e4d11f28df46f1455b74f57d,admin.jiuxianzai.cn,mini_program_api,中国地质大学（北京）,2022;2023;2024;2025;2026,复录比;复试人数;拟录取中位;拟录取人数;拟录取最低;拟录取最高;本科背景状态,api_json_fetch,reachable,200,application/json,https://admin.jiuxianzai.cn/api/applet/home/index/schoolDetail/8a4a3de5e4d11f28df46f1455b74f57d,,2026-10-09T06:24:43.805469+00:00,
https://admin.jiuxianzai.cn/api/applet/home/index/schoolDetail/8b7ba3fc84812cac8b0bc8f00fe842aa,admin.jiuxianzai.cn,mini_program_api,西安交通大学,2022;2023;2024;2025;2026,复录比;复试人数;拟录取中位;拟录取人数;拟录取最低;拟录取最高;本科背景状态,api_json_fetch,reachable,200,application/json,https://admin.jiuxianzai.cn/api/applet/home/index/schoolDetail/8b7ba3fc84812cac8b0bc8f00fe842aa,,2026-10-09T06:24:44.254371+00:00,
https://admin.jiuxianzai.cn/api/applet/home/index/schoolDetail/8c6b6c55149992b9a76b94d7ce738ca1,admin.jiuxianzai.cn,mini_program_api,四川大学,2022;2023;2024;2025;2026,复录比;复试人数;拟录取中位;拟录取人数;拟录取最低;拟录取最高;本科背景状态,api_json_fetch,reachable,200,application/json,https://admin.jiuxianzai.cn/api/applet/home/index/schoolDetail/8c6b6c55149992b9a76b94d7ce738ca1,,2026-10-09T06:24:44.175283+00:00,
https://admin.jiuxianzai.cn/api/applet/home/index/schoolDetail/92409f535f3f0472316ebdcce9011b20,admin.jiuxianzai.cn,mini_program_api,南京农业大学,2022;2023;2024;2025;2026,复录比;复试人数;拟录取中位;拟录取人数;拟录取最低;拟录取最高;本科背景状态,api_json_fetch,reachable,200,application/json,https://admin.jiuxianzai.cn/api/applet/home/index/schoolDetail/92409f535f3f0472316ebdcce9011b20,,2026-10-09T06:24:44.252367+00:00,
https://admin.jiuxianzai.cn/api/applet/home/index/schoolDetail/9981192188eeeb2aaaf0106e534631cc,admin.jiuxianzai.cn,mini_program_api,东华大学,2022;2023;2024;2025;2026,拟录取中位;拟录取人数;拟录取最低;拟录取最高;本科背景状态,api_json_fetch,reachable,200,application/json,https://admin.jiuxianzai.cn/api/applet/home/index/schoolDetail/9981192188eeeb2aaaf0106e534631cc,,2026-10-09T06:24:44.689443+00:00,
https://admin.jiuxianzai.cn/api/applet/home/index/schoolDetail/9992ea5cc0f3be699aa80b38b6171e7c,admin.jiuxianzai.cn,mini_program_api,中南大学,2022;2023;2024;2025;2026,复录比;复试人数;拟录取中位;拟录取人数;拟录取最低;拟录取最高;本科背景状态,api_json_fetch,reachable,200,application/json,https://admin.jiuxianzai.cn/api/applet/home/index/schoolDetail/9992ea5cc0f3be699aa80b38b6171e7c,,2026-10-09T06:24:44.616359+00:00,
https://admin.jiuxianzai.cn/api/applet/home/index/schoolDetail/9d0219b2df1e6de3dabed25b7cbbf267,admin.jiuxianzai.cn,mini_program_api,同济大学,2022;2023;2024;2025;2026,复录比;复试人数;拟录取中位;拟录取人数;拟录取最低;拟录取最高;本科背景状态,api_json_fetch,reachable,200,application/json,https://admin.jiuxianzai.cn/api/applet/home/index/schoolDetail/9d0219b2df1e6de3dabed25b7cbbf267,,2026-10-09T06:24:44.619364+00:00,
https://admin.jiuxianzai.cn/api/applet/home/index/schoolDetail/a2febbe104a80460a28e6a3a4172b085,admin.jiuxianzai.cn,mini_program_api,华南师范大学,2022;2023;2024;2025;2026,复录比;复试人数;拟录取中位;拟录取人数;拟录取最低;拟录取最高;本科背景状态,api_json_fetch,reachable,200,application/json,https://admin.jiuxianzai.cn/api/applet/home/index/schoolDetail/a2febbe104a80460a28e6a3a4172b085,,2026-10-09T06:24:44.534678+00:00,
https://admin.jiuxianzai.cn/api/applet/home/index/schoolDetail/a3965c86ea7c934487502710e04554ae,admin.jiuxianzai.cn,mini_program_api,复旦大学,2022;2023;2024;2025;2026,复录比;复试人数;拟录取中位;拟录取人数;拟录取最低;拟录取最高;本科背景状态,api_json_fetch,reachable,200,application/json,https://admin.jiuxianzai.cn/api/applet/home/index/schoolDetail/a3965c86ea7c934487502710e04554ae,,2026-10-09T06:24:44.536671+00:00,
https://admin.jiuxianzai.cn/api/applet/home/index/schoolDetail/a56214dee150a9b44e99b84060a46aab,admin.jiuxianzai.cn,mini_program_api,东北大学,2022;2023;2024;2025;2026,复录比;复试人数;拟录取中位;拟录取人数;拟录取最低;拟录取最高;本科背景状态,api_json_fetch,reachable,200,application/json,https://admin.jiuxianzai.cn/api/applet/home/index/schoolDetail/a56214dee150a9b44e99b84060a46aab,,2026-10-09T06:24:44.611362+00:00,
https://admin.jiuxianzai.cn/api/applet/home/index/schoolDetail/a8a62f7f7ad02bcd50fec1350e962d1a,admin.jiuxianzai.cn,mini_program_api,西北大学,2022;2023;2024;2025;2026,复录比;复试人数;拟录取中位;拟录取人数;拟录取最低;拟录取最高;本科背景状态,api_json_fetch,reachable,200,application/json,https://admin.jiuxianzai.cn/api/applet/home/index/schoolDetail/a8a62f7f7ad02bcd50fec1350e962d1a,,2026-10-09T06:24:44.943263+00:00,
https://admin.jiuxianzai.cn/api/applet/home/index/schoolDetail/ab3b483738ca750788aaef4042e1b656,admin.jiuxianzai.cn,mini_program_api,上海财经大学,2022;2023;2024;2025;2026,复录比;复试人数;拟录取中位;拟录取人数;拟录取最低;拟录取最高;本科背景状态,api_json_fetch,reachable,200,application/json,https://admin.jiuxianzai.cn/api/applet/home/index/schoolDetail/ab3b483738ca750788aaef4042e1b656,,2026-10-09T06:24:44.842197+00:00,
https://admin.jiuxianzai.cn/api/applet/home/index/schoolDetail/ab43bf74efe98dc996b878a32bd695d8,admin.jiuxianzai.cn,mini_program_api,中国人民大学,2022;2023;2024;2025;2026,复录比;复试人数;拟录取中位;拟录取人数;拟录取最低;拟录取最高;本科背景状态,api_json_fetch,reachable,200,application/json,https://admin.jiuxianzai.cn/api/applet/home/index/schoolDetail/ab43bf74efe98dc996b878a32bd695d8,,2026-10-09T06:24:45.026442+00:00,
https://admin.jiuxianzai.cn/api/applet/home/index/schoolDetail/ac7907670ef7f7988197585cbbbe5f55,admin.jiuxianzai.cn,mini_program_api,哈尔滨工业大学,2022;2023;2024;2025;2026,复录比;复试人数;拟录取中位;拟录取人数;拟录取最低;拟录取最高;本科背景状态,api_json_fetch,reachable,200,application/json,https://admin.jiuxianzai.cn/api/applet/home/index/schoolDetail/ac7907670ef7f7988197585cbbbe5f55,,2026-10-09T06:24:45.186646+00:00,
https://admin.jiuxianzai.cn/api/applet/home/index/schoolDetail/ae931260258484511d053532c733784f,admin.jiuxianzai.cn,mini_program_api,南京理工大学,2022;2023;2024;2025;2026,复录比;复试人数;拟录取中位;拟录取人数;拟录取最低;拟录取最高;本科背景状态,api_json_fetch,reachable,200,application/json,https://admin.jiuxianzai.cn/api/applet/home/index/schoolDetail/ae931260258484511d053532c733784f,,2026-10-09T06:24:45.192641+00:00,
https://admin.jiuxianzai.cn/api/applet/home/index/schoolDetail/b0ae736153035d286890da2d0a95b244,admin.jiuxianzai.cn,mini_program_api,重庆大学,2022;2023;2024;2025;2026,复录比;复试人数;拟录取中位;拟录取人数;拟录取最低;拟录取最高;本科背景状态,api_json_fetch,reachable,200,application/json,https://admin.jiuxianzai.cn/api/applet/home/index/schoolDetail/b0ae736153035d286890da2d0a95b244,,2026-10-09T06:24:45.189641+00:00,
https://admin.jiuxianzai.cn/api/applet/home/index/schoolDetail/b169b986c5cf0c1b64358396395ed2da,admin.jiuxianzai.cn,mini_program_api,上海大学,2022;2023;2024;2025;2026,复录比;复试人数;拟录取中位;拟录取人数;拟录取最低;拟录取最高;本科背景状态,api_json_fetch,reachable,200,application/json,https://admin.jiuxianzai.cn/api/applet/home/index/schoolDetail/b169b986c5cf0c1b64358396395ed2da,,2026-10-09T06:24:45.259355+00:00,
https://admin.jiuxianzai.cn/api/applet/home/index/schoolDetail/b1f6e61e91fe5877912103300d1d4d81,admin.jiuxianzai.cn,mini_program_api,华中师范大学,2022;2023;2024;2025;2026,复录比;复试人数;拟录取中位;拟录取人数;拟录取最低;拟录取最高;本科背景状态,api_json_fetch,reachable,200,application/json,https://admin.jiuxianzai.cn/api/applet/home/index/schoolDetail/b1f6e61e91fe5877912103300d1d4d81,,2026-10-09T06:24:45.408952+00:00,
https://admin.jiuxianzai.cn/api/applet/home/index/schoolDetail/b315329ed2a27f19f095c3b25ce12c51,admin.jiuxianzai.cn,mini_program_api,新疆大学,2022;2023;2024;2025;2026,复录比;复试人数;拟录取中位;拟录取人数;拟录取最低;拟录取最高;本科背景状态,api_json_fetch,reachable,200,application/json,https://admin.jiuxianzai.cn/api/applet/home/index/schoolDetail/b315329ed2a27f19f095c3b25ce12c51,,2026-10-09T06:24:45.256344+00:00,
https://admin.jiuxianzai.cn/api/applet/home/index/schoolDetail/b4bdac7bbcc576c0d8e30f51a1934e02,admin.jiuxianzai.cn,mini_program_api,西北工业大学,2022;2023;2024;2025;2026,复录比;复试人数;拟录取中位;拟录取人数;拟录取最低;拟录取最高;本科背景状态,api_json_fetch,reachable,200,application/json,https://admin.jiuxianzai.cn/api/applet/home/index/schoolDetail/b4bdac7bbcc576c0d8e30f51a1934e02,,2026-10-09T06:24:45.405951+00:00,
https://admin.jiuxianzai.cn/api/applet/home/index/schoolDetail/bb42e207bb8a2e53858470a27f5ad5da,admin.jiuxianzai.cn,mini_program_api,南昌大学,2022;2023;2024;2025;2026,复录比;复试人数;拟录取中位;拟录取人数;拟录取最低;拟录取最高;本科背景状态,api_json_fetch,reachable,200,application/json,https://admin.jiuxianzai.cn/api/applet/home/index/schoolDetail/bb42e207bb8a2e53858470a27f5ad5da,,2026-10-09T06:24:45.599367+00:00,
https://admin.jiuxianzai.cn/api/applet/home/index/schoolDetail/c1e96541506f114e67db7328097dc137,admin.jiuxianzai.cn,mini_program_api,华中科技大学,2022;2023;2024;2025;2026,复录比;复试人数;拟录取中位;拟录取人数;拟录取最低;拟录取最高;本科背景状态,api_json_fetch,reachable,200,application/json,https://admin.jiuxianzai.cn/api/applet/home/index/schoolDetail/c1e96541506f114e67db7328097dc137,,2026-10-09T06:24:45.672561+00:00,
https://admin.jiuxianzai.cn/api/applet/home/index/schoolDetail/c2ff9e028cb9a501c8b32ce810184de5,admin.jiuxianzai.cn,mini_program_api,河北工业大学,2022;2023;2024;2025;2026,复录比;复试人数;拟录取中位;拟录取人数;拟录取最低;拟录取最高;本科背景状态,api_json_fetch,reachable,200,application/json,https://admin.jiuxianzai.cn/api/applet/home/index/schoolDetail/c2ff9e028cb9a501c8b32ce810184de5,,2026-10-09T06:24:46.007287+00:00,
https://admin.jiuxianzai.cn/api/applet/home/index/schoolDetail/c7e895b74699dc0627195a1b12f880fd,admin.jiuxianzai.cn,mini_program_api,武汉大学,2022;2023;2024;2025;2026,复录比;复试人数;拟录取中位;拟录取人数;拟录取最低;拟录取最高;本科背景状态,api_json_fetch,reachable,200,application/json,https://admin.jiuxianzai.cn/api/applet/home/index/schoolDetail/c7e895b74699dc0627195a1b12f880fd,,2026-10-09T06:24:45.928235+00:00,
https://admin.jiuxianzai.cn/api/applet/home/index/schoolDetail/cc2b50dd21eaca2ad3ccd55113c61f2d,admin.jiuxianzai.cn,mini_program_api,华东理工大学,2022;2023;2024;2025;2026,复录比;复试人数;拟录取中位;拟录取人数;拟录取最低;拟录取最高;本科背景状态,api_json_fetch,reachable,200,application/json,https://admin.jiuxianzai.cn/api/applet/home/index/schoolDetail/cc2b50dd21eaca2ad3ccd55113c61f2d,,2026-10-09T06:24:46.062283+00:00,
https://admin.jiuxianzai.cn/api/applet/home/index/schoolDetail/d0c418722a51b2fca15de22b27b1256f,admin.jiuxianzai.cn,mini_program_api,国防科技大学,2022;2023;2024;2025;2026,本科背景状态,HEAD,reachable,200,application/json,https://admin.jiuxianzai.cn/api/applet/home/index/schoolDetail/d0c418722a51b2fca15de22b27b1256f,,2026-10-09T06:32:37.488351+00:00,
https://admin.jiuxianzai.cn/api/applet/home/index/schoolDetail/d1d6767608d408762929304f63c0733b,admin.jiuxianzai.cn,mini_program_api,北京交通大学,2022;2023;2024;2025;2026,复录比;复试人数;拟录取中位;拟录取人数;拟录取最低;拟录取最高;本科背景状态,api_json_fetch,reachable,200,application/json,https://admin.jiuxianzai.cn/api/applet/home/index/schoolDetail/d1d6767608d408762929304f63c0733b,,2026-10-09T06:24:46.004283+00:00,
https://admin.jiuxianzai.cn/api/applet/home/index/schoolDetail/d244bb654f35a3f1189323b88c5a7c04,admin.jiuxianzai.cn,mini_program_api,中国石油大学（北京）,2022;2023;2024;2025;2026,复录比;复试人数;拟录取中位;拟录取人数;拟录取最低;拟录取最高;本科背景状态,api_json_fetch,reachable,200,application/json,https://admin.jiuxianzai.cn/api/applet/home/index/schoolDetail/d244bb654f35a3f1189323b88c5a7c04,,2026-10-09T06:24:46.010287+00:00,
https://admin.jiuxianzai.cn/api/applet/home/index/schoolDetail/d34c7f35ef107ae49663865d4d6ed3ab,admin.jiuxianzai.cn,mini_program_api,中国药科大学,2022;2023;2024;2025;2026,复录比;复试人数;拟录取中位;拟录取人数;拟录取最低;拟录取最高;本科背景状态,api_json_fetch,reachable,200,application/json,https://admin.jiuxianzai.cn/api/applet/home/index/schoolDetail/d34c7f35ef107ae49663865d4d6ed3ab,,2026-10-09T06:24:46.243383+00:00,
https://admin.jiuxianzai.cn/api/applet/home/index/schoolDetail/d47a11518920b7bad3d5ed52d26c6685,admin.jiuxianzai.cn,mini_program_api,中山大学,2022;2023;2024;2025;2026,复录比;复试人数;拟录取中位;拟录取人数;拟录取最低;拟录取最高;本科背景状态,api_json_fetch,reachable,200,application/json,https://admin.jiuxianzai.cn/api/applet/home/index/schoolDetail/d47a11518920b7bad3d5ed52d26c6685,,2026-10-09T06:24:46.244388+00:00,
https://admin.jiuxianzai.cn/api/applet/home/index/schoolDetail/d6afc64ca7e548b14b98bd2d9c265bea,admin.jiuxianzai.cn,mini_program_api,安徽大学,2022;2023;2024;2025;2026,复录比;复试人数;拟录取中位;拟录取人数;拟录取最低;拟录取最高;本科背景状态,api_json_fetch,reachable,200,application/json,https://admin.jiuxianzai.cn/api/applet/home/index/schoolDetail/d6afc64ca7e548b14b98bd2d9c265bea,,2026-10-09T06:24:46.311925+00:00,
https://admin.jiuxianzai.cn/api/applet/home/index/schoolDetail/da0b27311237c18eee5b89aae943b658,admin.jiuxianzai.cn,mini_program_api,苏州大学,2022;2023;2024;2025;2026,复录比;复试人数;拟录取中位;拟录取人数;拟录取最低;拟录取最高;本科背景状态,api_json_fetch,reachable,200,application/json,https://admin.jiuxianzai.cn/api/applet/home/index/schoolDetail/da0b27311237c18eee5b89aae943b658,,2026-10-09T06:24:46.309928+00:00,
https://admin.jiuxianzai.cn/api/applet/home/index/schoolDetail/dbf27b8a0774351d1331669012b466b9,admin.jiuxianzai.cn,mini_program_api,北京交通大学,2022;2023;2024;2025;2026,复录比;复试人数;拟录取中位;拟录取人数;拟录取最低;拟录取最高;本科背景状态,api_json_fetch,reachable,200,application/json,https://admin.jiuxianzai.cn/api/applet/home/index/schoolDetail/dbf27b8a0774351d1331669012b466b9,,2026-10-09T06:24:46.429428+00:00,
https://admin.jiuxianzai.cn/api/applet/home/index/schoolDetail/dc429a8368db232074a6ecc990d24f28,admin.jiuxianzai.cn,mini_program_api,厦门大学,2022;2023;2024;2025;2026,复录比;复试人数;拟录取中位;拟录取人数;拟录取最低;拟录取最高;本科背景状态,api_json_fetch,reachable,200,application/json,https://admin.jiuxianzai.cn/api/applet/home/index/schoolDetail/dc429a8368db232074a6ecc990d24f28,,2026-10-09T06:24:46.483656+00:00,
https://admin.jiuxianzai.cn/api/applet/home/index/schoolDetail/e15b657c1ff4c22efadc28fe8c94ac23,admin.jiuxianzai.cn,mini_program_api,石河子大学,2022;2023;2024;2025;2026,复录比;复试人数;拟录取中位;拟录取人数;拟录取最低;拟录取最高;本科背景状态,api_json_fetch,reachable,200,application/json,https://admin.jiuxianzai.cn/api/applet/home/index/schoolDetail/e15b657c1ff4c22efadc28fe8c94ac23,,2026-10-09T06:24:46.616756+00:00,
https://admin.jiuxianzai.cn/api/applet/home/index/schoolDetail/e41c6eec6386f172b952fece19a0f088,admin.jiuxianzai.cn,mini_program_api,中国石油大学（北京）,2022;2023;2024;2025;2026,复录比;复试人数;拟录取中位;拟录取人数;拟录取最低;拟录取最高;本科背景状态,api_json_fetch,reachable,200,application/json,https://admin.jiuxianzai.cn/api/applet/home/index/schoolDetail/e41c6eec6386f172b952fece19a0f088,,2026-10-09T06:24:46.849440+00:00,
https://admin.jiuxianzai.cn/api/applet/home/index/schoolDetail/e514582d975cddc4bd28e18724093d46,admin.jiuxianzai.cn,mini_program_api,四川大学,2022;2023;2024;2025;2026,复录比;复试人数;拟录取中位;拟录取人数;拟录取最低;拟录取最高;本科背景状态,api_json_fetch,reachable,200,application/json,https://admin.jiuxianzai.cn/api/applet/home/index/schoolDetail/e514582d975cddc4bd28e18724093d46,,2026-10-09T06:24:46.846424+00:00,
https://admin.jiuxianzai.cn/api/applet/home/index/schoolDetail/e6184904e58ab302502ce1d2b0cf01dc,admin.jiuxianzai.cn,mini_program_api,郑州大学,2022;2023;2024;2025;2026,复录比;复试人数;拟录取中位;拟录取人数;拟录取最低;拟录取最高;本科背景状态,api_json_fetch,reachable,200,application/json,https://admin.jiuxianzai.cn/api/applet/home/index/schoolDetail/e6184904e58ab302502ce1d2b0cf01dc,,2026-10-09T06:24:47.395224+00:00,
https://admin.jiuxianzai.cn/api/applet/home/index/schoolDetail/e8d69b8f2c3ea00a6c831e8267c87cbf,admin.jiuxianzai.cn,mini_program_api,山东大学,2022;2023;2024;2025;2026,复录比;复试人数;拟录取中位;拟录取人数;拟录取最低;拟录取最高;本科背景状态,api_json_fetch,reachable,200,application/json,https://admin.jiuxianzai.cn/api/applet/home/index/schoolDetail/e8d69b8f2c3ea00a6c831e8267c87cbf,,2026-10-09T06:24:47.264883+00:00,
https://admin.jiuxianzai.cn/api/applet/home/index/schoolDetail/ea6250017d6f28cf5b2cdc731ace3e15,admin.jiuxianzai.cn,mini_program_api,北京师范大学,2022;2023;2024;2025;2026,复录比;复试人数;拟录取中位;拟录取人数;拟录取最低;拟录取最高;本科背景状态,api_json_fetch,reachable,200,application/json,https://admin.jiuxianzai.cn/api/applet/home/index/schoolDetail/ea6250017d6f28cf5b2cdc731ace3e15,,2026-10-09T06:24:47.140242+00:00,
https://admin.jiuxianzai.cn/api/applet/home/index/schoolDetail/eb00c0513fdc83882bb18aafb5570cf6,admin.jiuxianzai.cn,mini_program_api,东北大学,2022;2023;2024;2025;2026,复录比;复试人数;拟录取中位;拟录取人数;拟录取最低;拟录取最高;本科背景状态,api_json_fetch,reachable,200,application/json,https://admin.jiuxianzai.cn/api/applet/home/index/schoolDetail/eb00c0513fdc83882bb18aafb5570cf6,,2026-10-09T06:24:47.210554+00:00,
https://admin.jiuxianzai.cn/api/applet/home/index/schoolDetail/edd0951fcbacf51a7ff0beb53e1d7bb6,admin.jiuxianzai.cn,mini_program_api,西安电子科技大学,2022;2023;2024;2025;2026,复录比;复试人数;拟录取中位;拟录取人数;拟录取最低;拟录取最高;本科背景状态,api_json_fetch,reachable,200,application/json,https://admin.jiuxianzai.cn/api/applet/home/index/schoolDetail/edd0951fcbacf51a7ff0beb53e1d7bb6,,2026-10-09T06:24:47.325264+00:00,
https://admin.jiuxianzai.cn/api/applet/home/index/schoolDetail/ee98dffe2eda32cac728d69d270870f9,admin.jiuxianzai.cn,mini_program_api,南京大学,2022;2023;2024;2025;2026,复录比;复试人数;拟录取中位;拟录取人数;拟录取最低;拟录取最高;本科背景状态,api_json_fetch,reachable,200,application/json,https://admin.jiuxianzai.cn/api/applet/home/index/schoolDetail/ee98dffe2eda32cac728d69d270870f9,,2026-10-09T06:24:47.208567+00:00,
https://admin.jiuxianzai.cn/api/applet/home/index/schoolDetail/f11a1afe431281838693214490993dcf,admin.jiuxianzai.cn,mini_program_api,华东师范大学,2022;2023;2024;2025;2026,复录比;复试人数;拟录取中位;拟录取人数;拟录取最低;拟录取最高;本科背景状态,api_json_fetch,reachable,200,application/json,https://admin.jiuxianzai.cn/api/applet/home/index/schoolDetail/f11a1afe431281838693214490993dcf,,2026-10-09T06:24:47.205550+00:00,
https://admin.jiuxianzai.cn/api/applet/home/index/schoolDetail/f5abef8326596648ba1d980ba12e0ecf,admin.jiuxianzai.cn,mini_program_api,中国地质大学（武汉）,2022;2023;2024;2025;2026,复录比;复试人数;拟录取中位;拟录取人数;拟录取最低;拟录取最高;本科背景状态,api_json_fetch,reachable,200,application/json,https://admin.jiuxianzai.cn/api/applet/home/index/schoolDetail/f5abef8326596648ba1d980ba12e0ecf,,2026-10-09T06:24:47.396222+00:00,
https://admin.jiuxianzai.cn/api/applet/home/index/schoolDetail/f72997260b3ef04000cb9ddfb7770a97,admin.jiuxianzai.cn,mini_program_api,暨南大学,2022;2023;2024;2025;2026,复录比;复试人数;拟录取中位;拟录取人数;拟录取最低;拟录取最高;本科背景状态,api_json_fetch,reachable,200,application/json,https://admin.jiuxianzai.cn/api/applet/home/index/schoolDetail/f72997260b3ef04000cb9ddfb7770a97,,2026-10-09T06:24:47.392220+00:00,
https://admin.jiuxianzai.cn/api/applet/home/index/schoolDetail/f9cac867d6bbe20bb29d70cb87d0e136,admin.jiuxianzai.cn,mini_program_api,武汉理工大学,2022;2023;2024;2025;2026,复录比;复试人数;拟录取中位;拟录取人数;拟录取最低;拟录取最高;本科背景状态,api_json_fetch,reachable,200,application/json,https://admin.jiuxianzai.cn/api/applet/home/index/schoolDetail/f9cac867d6bbe20bb29d70cb87d0e136,,2026-10-09T06:24:47.443672+00:00,
https://admin.jiuxianzai.cn/api/applet/home/index/schoolDetail/fe36c96441cd999fad75f7403840a58a,admin.jiuxianzai.cn,mini_program_api,中央财经大学,2022;2023;2024;2025;2026,复录比;复试人数;拟录取中位;拟录取人数;拟录取最低;拟录取最高;本科背景状态,api_json_fetch,reachable,200,application/json,https://admin.jiuxianzai.cn/api/applet/home/index/schoolDetail/fe36c96441cd999fad75f7403840a58a,,2026-10-09T06:24:47.910010+00:00,
https://bm.cugb.edu.cn/yjsyzsb/upload/resources/file/2026/04/10/302702.pdf,bm.cugb.edu.cn,university_official,中国地质大学（北京）,2026,复录比;复试人数;拟录取中位;拟录取人数;拟录取人数、初试最低/中位/最高;拟录取最低;拟录取最高;本科背景状态,HEAD,reachable,200,application/pdf,https://bm.cugb.edu.cn/yjsyzsb/upload/resources/file/2026/04/10/302702.pdf,,2026-10-09T06:32:37.577347+00:00,
https://graduate.sysu.edu.cn/zsw/sites/admission.prod.dpcms4.sysu.edu.cn/files/2023-03/%E4%B8%AD%E5%B1%B1%E5%A4%A7%E5%AD%A62023%E5%B9%B4%E7%A1%95%E5%A3%AB%E7%A0%94%E7%A9%B6%E7%94%9F%E5%85%A5%E5%AD%A6%E8%80%83%E8%AF%95%E5%A4%8D%E8%AF%95%E5%9F%BA%E6%9C%AC%E5%88%86%E6%95%B0%E7%BA%BF_2.pdf,graduate.sysu.edu.cn,university_official,中山大学,2023,复试线文本;多学院/方向明细;线证据等级;选择数值,HEAD,failed,,,,,2026-10-09T06:32:37.644902+00:00,URLError: <urlopen error [SSL: UNEXPECTED_EOF_WHILE_READING] EOF occurred in violation of protocol (_ssl.c:1010)>
https://gsao.fudan.edu.cn/72/7e/c15015a750206/page.htm,gsao.fudan.edu.cn,university_official,,,培养单位、2026复试线,GET_range,reachable,200,text/html,https://gsao.fudan.edu.cn/72/7e/c15015a750206/page.htm,,2026-10-09T06:32:37.727494+00:00,
https://gsao.fudan.edu.cn/_upload/article/files/18/fc/7a23e1c8471c8cf6eab8c0459cb0/d2f601bf-0bfd-4275-ab86-535e691b9f49.pdf,gsao.fudan.edu.cn,university_official,复旦大学,2026,培养单位、2026复试线;复试线文本;多学院/方向明细;线证据等级;选择数值,GET_range,reachable,206,application/pdf,https://gsao.fudan.edu.cn/_upload/article/files/18/fc/7a23e1c8471c8cf6eab8c0459cb0/d2f601bf-0bfd-4275-ab86-535e691b9f49.pdf,,2026-10-09T06:32:37.774024+00:00,
https://gsao.fudan.edu.cn/e6/ec/c15906a780012/page.htm,gsao.fudan.edu.cn,university_official,复旦大学,2026,复录比;复试人数;拟录取中位;拟录取人数;拟录取人数、初试最低/中位/最高、实际复录比;拟录取最低;拟录取最高;本科背景状态,GET_range,reachable,200,text/html,https://gsao.fudan.edu.cn/e6/ec/c15906a780012/page.htm,,2026-10-09T06:32:37.826221+00:00,
https://jiuxianzai.oss-cn-beijing.aliyuncs.com/kaoyan/2022/04/17/61806cf665264300922569a1fb6eaebd.png,jiuxianzai.oss-cn-beijing.aliyuncs.com,mini_program_asset,上海交通大学,2022,复录比;复试人数;拟录取中位;拟录取人数;拟录取最高;本科背景状态,asset_download,reachable,200,image/png,https://jiuxianzai.oss-cn-beijing.aliyuncs.com/kaoyan/2022/04/17/61806cf665264300922569a1fb6eaebd.png,cc9115134c2e4df2f2b7fe20179e94efb3b19ab76ad4217d772c5583f31f1bda,2026-10-09T06:25:16.542899+00:00,
https://jiuxianzai.oss-cn-beijing.aliyuncs.com/kaoyan/2022/04/17/7166b40a9ac341aaa8c954c955ca11d3.png,jiuxianzai.oss-cn-beijing.aliyuncs.com,mini_program_asset,中南大学,2022,复录比;复试人数;拟录取中位;拟录取人数;拟录取最高;本科背景状态,asset_download,reachable,200,image/png,https://jiuxianzai.oss-cn-beijing.aliyuncs.com/kaoyan/2022/04/17/7166b40a9ac341aaa8c954c955ca11d3.png,fd8cd7b9365a58a08891e073cbabe8a1d9af5f25108e5edcabbf4be716ac395d,2026-10-09T06:25:24.750181+00:00,
https://jiuxianzai.oss-cn-beijing.aliyuncs.com/kaoyan/2022/04/17/94f7f086458d43d0a4c52dd6f175919f.png,jiuxianzai.oss-cn-beijing.aliyuncs.com,mini_program_asset,吉林大学,2022,复录比;复试人数;拟录取中位;拟录取人数;拟录取最高;本科背景状态,asset_download,reachable,200,image/png,https://jiuxianzai.oss-cn-beijing.aliyuncs.com/kaoyan/2022/04/17/94f7f086458d43d0a4c52dd6f175919f.png,299a3472f3e7a6cbd1d7656f17d5f9f79b0e4efa294bbd6ef5d0c8f95bb66210,2026-10-09T06:25:57.644817+00:00,
https://jiuxianzai.oss-cn-beijing.aliyuncs.com/kaoyan/2022/04/17/d897fa7c80164875bcd166f85066337f.png,jiuxianzai.oss-cn-beijing.aliyuncs.com,mini_program_asset,武汉大学,2022,复录比;复试人数;拟录取中位;拟录取人数;拟录取最高;本科背景状态,asset_download,reachable,200,image/png,https://jiuxianzai.oss-cn-beijing.aliyuncs.com/kaoyan/2022/04/17/d897fa7c80164875bcd166f85066337f.png,6515feb345d570850f8e6cbb5c2ec98996a45f78a175c06628e11359b52adb8d,2026-10-09T06:26:11.084787+00:00,
https://jiuxianzai.oss-cn-beijing.aliyuncs.com/kaoyan/2022/04/18/0387ee5c43be409fa9b2a41e499549fe.png,jiuxianzai.oss-cn-beijing.aliyuncs.com,mini_program_asset,苏州大学,2022,复录比;复试人数;拟录取中位;拟录取人数;拟录取最高;本科背景状态,asset_download,reachable,200,image/png,https://jiuxianzai.oss-cn-beijing.aliyuncs.com/kaoyan/2022/04/18/0387ee5c43be409fa9b2a41e499549fe.png,227096eea85d6c55cdabab8804fadf5e9d5c1f4acf212e1dbafdd046ebe0bc17,2026-10-09T06:26:16.808648+00:00,
https://jiuxianzai.oss-cn-beijing.aliyuncs.com/kaoyan/2022/04/18/1fbe940a2cd04e3cb2ad63e1571604bd.png,jiuxianzai.oss-cn-beijing.aliyuncs.com,mini_program_asset,华中师范大学,2022,复录比;复试人数;拟录取中位;拟录取人数;拟录取最高;本科背景状态,asset_download,reachable,200,image/png,https://jiuxianzai.oss-cn-beijing.aliyuncs.com/kaoyan/2022/04/18/1fbe940a2cd04e3cb2ad63e1571604bd.png,96ebc98624fe19939ffe093f59adb49f8229f5458e22db30d98a760db4a39972,2026-10-09T06:25:48.407661+00:00,
https://jiuxianzai.oss-cn-beijing.aliyuncs.com/kaoyan/2022/04/18/93d08176eb0441ad9ac4ab478fd47dae.png,jiuxianzai.oss-cn-beijing.aliyuncs.com,mini_program_asset,新疆大学,2022,复录比;复试人数;拟录取中位;拟录取人数;拟录取最高;本科背景状态,asset_download,reachable,200,image/png,https://jiuxianzai.oss-cn-beijing.aliyuncs.com/kaoyan/2022/04/18/93d08176eb0441ad9ac4ab478fd47dae.png,4c00677759a02cad9d4052c16058d19ad81c4ca04ea6e1c881e2d72ebf716511,2026-10-09T06:26:09.187460+00:00,
https://jiuxianzai.oss-cn-beijing.aliyuncs.com/kaoyan/2022/04/18/e43b21ec04734e2aa0253c97519a2eea.png,jiuxianzai.oss-cn-beijing.aliyuncs.com,mini_program_asset,南京师范大学,2022,复录比;复试人数;拟录取中位;拟录取人数;拟录取最高;本科背景状态,asset_download,reachable,200,image/png,https://jiuxianzai.oss-cn-beijing.aliyuncs.com/kaoyan/2022/04/18/e43b21ec04734e2aa0253c97519a2eea.png,9928353481bd8fd8054fdee5780e752227d023d65d22f06b8c55b6ce823cb52c,2026-10-09T06:25:54.332930+00:00,
https://jiuxianzai.oss-cn-beijing.aliyuncs.com/kaoyan/2023/04/13/1949af07b49e46c0a3a2a670680ccb0a.png,jiuxianzai.oss-cn-beijing.aliyuncs.com,mini_program_asset,延边大学,2023,复录比;复试人数;拟录取中位;拟录取人数;拟录取最低;拟录取最高;本科背景状态,asset_download,reachable,200,image/png,https://jiuxianzai.oss-cn-beijing.aliyuncs.com/kaoyan/2023/04/13/1949af07b49e46c0a3a2a670680ccb0a.png,d93728760650a6fb7ff836f17be803f1a8bc581cb03c7cbd0728b0658776d1cc,2026-10-09T06:26:07.915955+00:00,
https://jiuxianzai.oss-cn-beijing.aliyuncs.com/kaoyan/2023/04/13/22364d94b9b044179c347050585c8747.png,jiuxianzai.oss-cn-beijing.aliyuncs.com,mini_program_asset,中国药科大学,2023,复录比;复试人数;拟录取中位;拟录取人数;拟录取最低;拟录取最高;本科背景状态,asset_download,reachable,200,image/png,https://jiuxianzai.oss-cn-beijing.aliyuncs.com/kaoyan/2023/04/13/22364d94b9b044179c347050585c8747.png,5f15b8b040ce0360feb76a48364a1e62759625cdf64c6c4a64d1007b88517b2e,2026-10-09T06:25:33.813617+00:00,
https://jiuxianzai.oss-cn-beijing.aliyuncs.com/kaoyan/2023/04/13/3ec631639cf54d09a119b88a7e133f50.png,jiuxianzai.oss-cn-beijing.aliyuncs.com,mini_program_asset,西安电子科技大学,2023,复录比;复试人数;拟录取中位;拟录取人数;拟录取最低;拟录取最高;本科背景状态,asset_download,reachable,200,image/png,https://jiuxianzai.oss-cn-beijing.aliyuncs.com/kaoyan/2023/04/13/3ec631639cf54d09a119b88a7e133f50.png,dd49e81f69f55c6db99e2100b45ff4aed79479781d68d9f5ac5042cb23ddbb34,2026-10-09T06:26:21.369599+00:00,
https://jiuxianzai.oss-cn-beijing.aliyuncs.com/kaoyan/2023/04/13/c9f5d29cd80749009aa8dc3d17c77c5d.png,jiuxianzai.oss-cn-beijing.aliyuncs.com,mini_program_asset,北京交通大学,2023,复录比;复试人数;拟录取中位;拟录取人数;拟录取最低;拟录取最高;本科背景状态,asset_download,reachable,200,image/png,https://jiuxianzai.oss-cn-beijing.aliyuncs.com/kaoyan/2023/04/13/c9f5d29cd80749009aa8dc3d17c77c5d.png,8c9f917cbd6258444820b88d7dfe8b30034521670c1a0df110828c2e08a45129,2026-10-09T06:25:41.220956+00:00,
https://jiuxianzai.oss-cn-beijing.aliyuncs.com/kaoyan/2023/05/18/9d1dbf70716a4687bd9301dc8d41c135.png,jiuxianzai.oss-cn-beijing.aliyuncs.com,mini_program_asset,中国科学技术大学,2023,复录比;复试人数;拟录取中位;拟录取人数;拟录取最高;本科背景状态,asset_download,reachable,200,image/png,https://jiuxianzai.oss-cn-beijing.aliyuncs.com/kaoyan/2023/05/18/9d1dbf70716a4687bd9301dc8d41c135.png,3c332980f3462c8b845fc1a7b5eb6f7c630782af6b4ad169e5fc61c39f341d08,2026-10-09T06:25:33.097962+00:00,
https://jiuxianzai.oss-cn-beijing.aliyuncs.com/kaoyan/2023/06/01/73f226ad6c55460c855f226871e76f16.png,jiuxianzai.oss-cn-beijing.aliyuncs.com,mini_program_asset,陕西师范大学,2023,复录比;复试人数;拟录取中位;拟录取人数;拟录取最低;拟录取最高;本科背景状态,asset_download,reachable,200,image/png,https://jiuxianzai.oss-cn-beijing.aliyuncs.com/kaoyan/2023/06/01/73f226ad6c55460c855f226871e76f16.png,8c3f6955fb1955fcefae0e60418d7b878b8243e8f30d46c79dd6a2d842952ab2,2026-10-09T06:26:25.963577+00:00,
https://jiuxianzai.oss-cn-beijing.aliyuncs.com/kaoyan/2023/06/01/a90568539ebb4c67b5c8b11704009221.png,jiuxianzai.oss-cn-beijing.aliyuncs.com,mini_program_asset,华北电力大学,2023,复录比;复试人数;拟录取中位;拟录取人数;拟录取最低;拟录取最高;本科背景状态,asset_download,reachable,200,image/png,https://jiuxianzai.oss-cn-beijing.aliyuncs.com/kaoyan/2023/06/01/a90568539ebb4c67b5c8b11704009221.png,0cd39e47884cc6faa470c8bbbb0f40bf71ae99c83abdd06daf2810b15d87526d,2026-10-09T06:25:50.245517+00:00,
https://jiuxianzai.oss-cn-beijing.aliyuncs.com/kaoyan/2023/06/01/b1d251e55d3e406a92b92977e7d59f9a.png,jiuxianzai.oss-cn-beijing.aliyuncs.com,mini_program_asset,南昌大学,2023,复录比;复试人数;拟录取中位;拟录取人数;拟录取最低;拟录取最高;本科背景状态,asset_download,reachable,200,image/png,https://jiuxianzai.oss-cn-beijing.aliyuncs.com/kaoyan/2023/06/01/b1d251e55d3e406a92b92977e7d59f9a.png,a840c45d56dd7e2f68740776ef735aef86b756347bc2790b4542deec99e6ceec,2026-10-09T06:25:56.180312+00:00,
https://jiuxianzai.oss-cn-beijing.aliyuncs.com/kaoyan/2023/06/01/b348540d63734303b4587a24f3a32e73.png,jiuxianzai.oss-cn-beijing.aliyuncs.com,mini_program_asset,华北电力大学,2023,复录比;复试人数;拟录取中位;拟录取人数;拟录取最低;拟录取最高;本科背景状态,asset_download,reachable,200,image/png,https://jiuxianzai.oss-cn-beijing.aliyuncs.com/kaoyan/2023/06/01/b348540d63734303b4587a24f3a32e73.png,04cccfdecedfef3f34a7c3a277aa5e3429431c218cb46981ad3f8b1dc2ef156d,2026-10-09T06:25:50.628914+00:00,
https://jiuxianzai.oss-cn-beijing.aliyuncs.com/kaoyan/2024/04/03/3a99b128c2fe4ac398baccc7dd3043d0.png,jiuxianzai.oss-cn-beijing.aliyuncs.com,mini_program_asset,上海交通大学,2024,复录比;复试人数;拟录取中位;拟录取人数;拟录取最低;拟录取最高;本科背景状态,asset_download,reachable,200,image/png,https://jiuxianzai.oss-cn-beijing.aliyuncs.com/kaoyan/2024/04/03/3a99b128c2fe4ac398baccc7dd3043d0.png,5eaf3569a16fb28684e30374a609a7e7d95ae443fbaa965dc3aac31b32f665fb,2026-10-09T06:25:17.041541+00:00,
https://jiuxianzai.oss-cn-beijing.aliyuncs.com/kaoyan/2024/04/08/081d7c422c72477b9ce72ab662e0f856.png,jiuxianzai.oss-cn-beijing.aliyuncs.com,mini_program_asset,华中师范大学,2024,复录比;复试人数;拟录取中位;拟录取人数;拟录取最低;拟录取最高;本科背景状态,asset_download,reachable,200,image/png,https://jiuxianzai.oss-cn-beijing.aliyuncs.com/kaoyan/2024/04/08/081d7c422c72477b9ce72ab662e0f856.png,1e897e95a802c0e1ae488a63f8c8fa81b8904661669054efbc69be008ee6394b,2026-10-09T06:25:49.426289+00:00,
https://jiuxianzai.oss-cn-beijing.aliyuncs.com/kaoyan/2024/04/08/1a7bc4c94a1c4b6b8d533d123e6cf870.png,jiuxianzai.oss-cn-beijing.aliyuncs.com,mini_program_asset,湖南大学,2024,复录比;复试人数;拟录取中位;拟录取人数;拟录取最低;拟录取最高;本科背景状态,asset_download,reachable,200,image/png,https://jiuxianzai.oss-cn-beijing.aliyuncs.com/kaoyan/2024/04/08/1a7bc4c94a1c4b6b8d533d123e6cf870.png,0295d06a82a16ba8975530258a0c352a495b5f64dcc1055b3cb70427e43e8d7b,2026-10-09T06:26:15.345501+00:00,
https://jiuxianzai.oss-cn-beijing.aliyuncs.com/kaoyan/2024/04/08/1bf92527bac449f186677fdd42ad6c8c.png,jiuxianzai.oss-cn-beijing.aliyuncs.com,mini_program_asset,哈尔滨工业大学,2024,复录比;复试人数;拟录取中位;拟录取人数;拟录取最低;拟录取最高;本科背景状态,asset_download,reachable,200,image/png,https://jiuxianzai.oss-cn-beijing.aliyuncs.com/kaoyan/2024/04/08/1bf92527bac449f186677fdd42ad6c8c.png,1beb4b39015af6c6a25175e923bedc9b5db39b14dc2369914c4f9e0c01f0827d,2026-10-09T06:25:59.362596+00:00,
https://jiuxianzai.oss-cn-beijing.aliyuncs.com/kaoyan/2024/04/08/1e3483948d284a7fa026f3fc8f52443f.png,jiuxianzai.oss-cn-beijing.aliyuncs.com,mini_program_asset,贵州大学,2024,复录比;复试人数;拟录取中位;拟录取人数;拟录取最低;拟录取最高;本科背景状态,asset_download,reachable,200,image/png,https://jiuxianzai.oss-cn-beijing.aliyuncs.com/kaoyan/2024/04/08/1e3483948d284a7fa026f3fc8f52443f.png,0e5114384eec3beca573ff75cdba93d370c6b3f12032304ed3b3a3c7563376e3,2026-10-09T06:26:23.578852+00:00,
https://jiuxianzai.oss-cn-beijing.aliyuncs.com/kaoyan/2024/04/08/28024a11b1424652a07ee47ad77a07ce.png,jiuxianzai.oss-cn-beijing.aliyuncs.com,mini_program_asset,福州大学,2024,复录比;复试人数;拟录取中位;拟录取人数;拟录取最低;拟录取最高;本科背景状态,asset_download,reachable,200,image/png,https://jiuxianzai.oss-cn-beijing.aliyuncs.com/kaoyan/2024/04/08/28024a11b1424652a07ee47ad77a07ce.png,d70ad3d66e6948b4c562fbd3c5703701dce85d0406c6cf0e93848472ed2fce59,2026-10-09T06:26:17.146517+00:00,
https://jiuxianzai.oss-cn-beijing.aliyuncs.com/kaoyan/2024/04/08/2c964d76802a42f99df763ffadbb08a7.png,jiuxianzai.oss-cn-beijing.aliyuncs.com,mini_program_asset,兰州大学,2024,复录比;复试人数;拟录取中位;拟录取人数;拟录取最低;拟录取最高;本科背景状态,asset_download,reachable,200,image/png,https://jiuxianzai.oss-cn-beijing.aliyuncs.com/kaoyan/2024/04/08/2c964d76802a42f99df763ffadbb08a7.png,6b1c4a200f102bc2de769c7d960a886ed71fb13421a8d5301a4fdf15210ba112,2026-10-09T06:25:39.639840+00:00,
https://jiuxianzai.oss-cn-beijing.aliyuncs.com/kaoyan/2024/04/08/381af16d7c874a5b9e2028b4c9c782bc.png,jiuxianzai.oss-cn-beijing.aliyuncs.com,mini_program_asset,山东大学,2024,复录比;复试人数;拟录取中位;拟录取人数;拟录取最低;拟录取最高;本科背景状态,asset_download,reachable,200,image/png,https://jiuxianzai.oss-cn-beijing.aliyuncs.com/kaoyan/2024/04/08/381af16d7c874a5b9e2028b4c9c782bc.png,6c5e4b42bd7fc4491b8e1b40dcf5e834d191a554ef5b9a5c80ad59046e8112a4,2026-10-09T06:26:07.142579+00:00,
https://jiuxianzai.oss-cn-beijing.aliyuncs.com/kaoyan/2024/04/08/391e27e6ffbd4557a18d0dab46945a95.png,jiuxianzai.oss-cn-beijing.aliyuncs.com,mini_program_asset,东北林业大学,2024,复录比;复试人数;拟录取中位;拟录取人数;拟录取最低;拟录取最高;本科背景状态,asset_download,reachable,200,image/png,https://jiuxianzai.oss-cn-beijing.aliyuncs.com/kaoyan/2024/04/08/391e27e6ffbd4557a18d0dab46945a95.png,827d8c47745d22316b0b591b13e8ef8e8fb7fdb6e14b36d2ab3cac313f5e8dcb,2026-10-09T06:25:22.905477+00:00,
https://jiuxianzai.oss-cn-beijing.aliyuncs.com/kaoyan/2024/04/08/425ca9e56e524553b506f20500674ed4.png,jiuxianzai.oss-cn-beijing.aliyuncs.com,mini_program_asset,西北大学,2024,复录比;复试人数;拟录取中位;拟录取人数;拟录取最低;拟录取最高;本科背景状态,asset_download,reachable,200,image/png,https://jiuxianzai.oss-cn-beijing.aliyuncs.com/kaoyan/2024/04/08/425ca9e56e524553b506f20500674ed4.png,a9a11f58f7d8bf11f9fc3c599ab71d44e3a0af2a08ca40d7a4e9bdd95b22a691,2026-10-09T06:26:18.563382+00:00,
https://jiuxianzai.oss-cn-beijing.aliyuncs.com/kaoyan/2024/04/08/548b92030b0d40cda31281312b06ee4a.png,jiuxianzai.oss-cn-beijing.aliyuncs.com,mini_program_asset,西安电子科技大学,2024,复录比;复试人数;拟录取中位;拟录取人数;拟录取最低;拟录取最高;本科背景状态,asset_download,reachable,200,image/png,https://jiuxianzai.oss-cn-beijing.aliyuncs.com/kaoyan/2024/04/08/548b92030b0d40cda31281312b06ee4a.png,c5c7d368b641601bd875fd1722ea1c5583c22848b66d8e298e4e7b2c995de618,2026-10-09T06:26:21.895718+00:00,
https://jiuxianzai.oss-cn-beijing.aliyuncs.com/kaoyan/2024/04/08/5d4b5c0ef25e46079bde6f97faf561d4.png,jiuxianzai.oss-cn-beijing.aliyuncs.com,mini_program_asset,河北工业大学,2024,复录比;复试人数;拟录取中位;拟录取人数;拟录取最低;拟录取最高;本科背景状态,asset_download,reachable,200,image/png,https://jiuxianzai.oss-cn-beijing.aliyuncs.com/kaoyan/2024/04/08/5d4b5c0ef25e46079bde6f97faf561d4.png,014e420cb0aaea1f50fc3b5bd520e4db8e7774869f8d991351a7895530a2affb,2026-10-09T06:26:13.917881+00:00,
https://jiuxianzai.oss-cn-beijing.aliyuncs.com/kaoyan/2024/04/08/6cd0b1336f3149efa929647c10ebf5fa.png,jiuxianzai.oss-cn-beijing.aliyuncs.com,mini_program_asset,苏州大学,2024,复录比;复试人数;拟录取中位;拟录取人数;拟录取最低;拟录取最高;本科背景状态,asset_download,reachable,200,image/png,https://jiuxianzai.oss-cn-beijing.aliyuncs.com/kaoyan/2024/04/08/6cd0b1336f3149efa929647c10ebf5fa.png,09479cd22b24fa35fc3f50983bd89f2a200b24d7e0ad3be5dff427c86dbcd77f,2026-10-09T06:26:17.610665+00:00,
https://jiuxianzai.oss-cn-beijing.aliyuncs.com/kaoyan/2024/04/08/7d8a66ca717148e7a2f145f19e5666c2.png,jiuxianzai.oss-cn-beijing.aliyuncs.com,mini_program_asset,大连理工大学,2024,复录比;复试人数;拟录取中位;拟录取人数;拟录取最低;拟录取最高;本科背景状态,asset_download,reachable,200,image/png,https://jiuxianzai.oss-cn-beijing.aliyuncs.com/kaoyan/2024/04/08/7d8a66ca717148e7a2f145f19e5666c2.png,6274cf95cb1e3ff2e743af06d239e872754de7366675150522642857b1eda9d0,2026-10-09T06:26:03.640709+00:00,
https://jiuxianzai.oss-cn-beijing.aliyuncs.com/kaoyan/2024/04/08/ab20328b844b42918396250f504d2296.png,jiuxianzai.oss-cn-beijing.aliyuncs.com,mini_program_asset,武汉大学,2024,复录比;复试人数;拟录取中位;拟录取人数;拟录取最低;拟录取最高;本科背景状态,asset_download,reachable,200,image/png,https://jiuxianzai.oss-cn-beijing.aliyuncs.com/kaoyan/2024/04/08/ab20328b844b42918396250f504d2296.png,9c49e8e965e2815ee10eb8e3d4cd43ec118dca2408105ff67a665578db8a4fc1,2026-10-09T06:26:11.514236+00:00,
https://jiuxianzai.oss-cn-beijing.aliyuncs.com/kaoyan/2024/04/08/b9e97e09f3124a4fa510afd25a671b29.png,jiuxianzai.oss-cn-beijing.aliyuncs.com,mini_program_asset,山东大学,2024,复录比;复试人数;拟录取中位;拟录取人数;拟录取最低;拟录取最高;本科背景状态,asset_download,reachable,200,image/png,https://jiuxianzai.oss-cn-beijing.aliyuncs.com/kaoyan/2024/04/08/b9e97e09f3124a4fa510afd25a671b29.png,97d511274056e1af10f121d7b8499bc5bb535ddb591bc7438b51ea7da00d8fe7,2026-10-09T06:26:07.679404+00:00,
https://jiuxianzai.oss-cn-beijing.aliyuncs.com/kaoyan/2024/04/08/cdd2cdd0994f4a128c0b184c76250957.png,jiuxianzai.oss-cn-beijing.aliyuncs.com,mini_program_asset,华中科技大学,2024,复录比;复试人数;拟录取中位;拟录取人数;拟录取最低;拟录取最高;本科背景状态,asset_download,reachable,200,image/png,https://jiuxianzai.oss-cn-beijing.aliyuncs.com/kaoyan/2024/04/08/cdd2cdd0994f4a128c0b184c76250957.png,bc0f4c7fe4caff86d3de2f48a159cd297ba14d10ecbbe00cb52ec71e897c2169,2026-10-09T06:25:50.014319+00:00,
https://jiuxianzai.oss-cn-beijing.aliyuncs.com/kaoyan/2024/04/08/cde667f52b214fafbaeb7cc1d054a22a.png,jiuxianzai.oss-cn-beijing.aliyuncs.com,mini_program_asset,中国地质大学（武汉）,2024,复录比;复试人数;拟录取中位;拟录取人数;拟录取最低;拟录取最高;本科背景状态,asset_download,reachable,200,image/png,https://jiuxianzai.oss-cn-beijing.aliyuncs.com/kaoyan/2024/04/08/cde667f52b214fafbaeb7cc1d054a22a.png,6556f9b185150e15faf0ca5661379902e31faf5c3561344876a36a47644cce70,2026-10-09T06:25:30.311106+00:00,
https://jiuxianzai.oss-cn-beijing.aliyuncs.com/kaoyan/2024/04/08/ed785bf414e54e34b7025928fbb79bc8.png,jiuxianzai.oss-cn-beijing.aliyuncs.com,mini_program_asset,西北工业大学,2024,复录比;复试人数;拟录取中位;拟录取人数;拟录取最低;拟录取最高;本科背景状态,asset_download,reachable,200,image/png,https://jiuxianzai.oss-cn-beijing.aliyuncs.com/kaoyan/2024/04/08/ed785bf414e54e34b7025928fbb79bc8.png,71085237711b4549a0740715975db49a8b25dbc2a6d0f4547f1b93f57703224d,2026-10-09T06:26:18.373877+00:00,
https://jiuxianzai.oss-cn-beijing.aliyuncs.com/kaoyan/2024/04/08/f7cc1ab6102e45adbbd4f98c4e0d7e31.png,jiuxianzai.oss-cn-beijing.aliyuncs.com,mini_program_asset,北京师范大学,2024,复录比;复试人数;拟录取中位;拟录取人数;拟录取最低;拟录取最高;本科背景状态,asset_download,reachable,200,image/png,https://jiuxianzai.oss-cn-beijing.aliyuncs.com/kaoyan/2024/04/08/f7cc1ab6102e45adbbd4f98c4e0d7e31.png,ba4c000306561252aaec91e8e2564f37cb20f4cda2d79aebcf6e3d4f6b05f8d9,2026-10-09T06:25:44.694501+00:00,
https://jiuxianzai.oss-cn-beijing.aliyuncs.com/kaoyan/2024/04/08/fa1155fd510440d98f5773b79fde0e13.png,jiuxianzai.oss-cn-beijing.aliyuncs.com,mini_program_asset,湖南师范大学,2024,复录比;复试人数;拟录取中位;拟录取人数;拟录取最低;拟录取最高;本科背景状态,asset_download,reachable,200,image/png,https://jiuxianzai.oss-cn-beijing.aliyuncs.com/kaoyan/2024/04/08/fa1155fd510440d98f5773b79fde0e13.png,1d4a6947663984eb8517fb9efe53d6336c7b2b6fdde524bdc9af849a903c7c45,2026-10-09T06:26:16.144429+00:00,
https://jiuxianzai.oss-cn-beijing.aliyuncs.com/kaoyan/2024/04/09/01f3cbbf4f9047bb9f16ae14cb4d50b3.png,jiuxianzai.oss-cn-beijing.aliyuncs.com,mini_program_asset,太原理工大学,2024,复录比;复试人数;拟录取中位;拟录取人数;拟录取最低;拟录取最高;本科背景状态,asset_download,reachable,200,image/png,https://jiuxianzai.oss-cn-beijing.aliyuncs.com/kaoyan/2024/04/09/01f3cbbf4f9047bb9f16ae14cb4d50b3.png,8ec89f9c7e9305972cbe25ca7c6c08886178c87909c2b70323fa70e00d28a5a1,2026-10-09T06:26:03.827495+00:00,
https://jiuxianzai.oss-cn-beijing.aliyuncs.com/kaoyan/2024/04/09/07ab60821f574ed19c464a7c4b9c2823.png,jiuxianzai.oss-cn-beijing.aliyuncs.com,mini_program_asset,中国地质大学（武汉）,2024,复录比;复试人数;拟录取中位;拟录取人数;拟录取最低;拟录取最高;本科背景状态,asset_download,reachable,200,image/png,https://jiuxianzai.oss-cn-beijing.aliyuncs.com/kaoyan/2024/04/09/07ab60821f574ed19c464a7c4b9c2823.png,2e54eba05525ba6cdbbab007c2dc68cdff287ad265871970c1651447927dc884,2026-10-09T06:25:30.981682+00:00,
https://jiuxianzai.oss-cn-beijing.aliyuncs.com/kaoyan/2024/04/09/262e77ecb32748f7b2110fb572d49bcd.png,jiuxianzai.oss-cn-beijing.aliyuncs.com,mini_program_asset,华北电力大学,2024,复录比;复试人数;拟录取中位;拟录取人数;拟录取最低;拟录取最高;本科背景状态,asset_download,reachable,200,image/png,https://jiuxianzai.oss-cn-beijing.aliyuncs.com/kaoyan/2024/04/09/262e77ecb32748f7b2110fb572d49bcd.png,949a6e63ac6b4e57ead6c9dc66e8ada8df9898168f84fc38865626f479db8d55,2026-10-09T06:25:51.145740+00:00,
https://jiuxianzai.oss-cn-beijing.aliyuncs.com/kaoyan/2024/04/09/44594d800d1c4fdf9b5f198bda3e56b3.png,jiuxianzai.oss-cn-beijing.aliyuncs.com,mini_program_asset,中国石油大学（北京）,2024,复录比;复试人数;拟录取中位;拟录取人数;拟录取最低;拟录取最高;本科背景状态,asset_download,reachable,200,image/png,https://jiuxianzai.oss-cn-beijing.aliyuncs.com/kaoyan/2024/04/09/44594d800d1c4fdf9b5f198bda3e56b3.png,2d2c1680325e012a8ac2265516691e7ac5c4355b9cf2e1e2b0ef2db99b707faa,2026-10-09T06:25:32.001025+00:00,
https://jiuxianzai.oss-cn-beijing.aliyuncs.com/kaoyan/2024/04/09/cb3b66dc38d84283b69d2389da342cf7.png,jiuxianzai.oss-cn-beijing.aliyuncs.com,mini_program_asset,中国石油大学（华东）,2024,复录比;复试人数;拟录取中位;拟录取人数;拟录取最低;拟录取最高;本科背景状态,asset_download,reachable,200,image/png,https://jiuxianzai.oss-cn-beijing.aliyuncs.com/kaoyan/2024/04/09/cb3b66dc38d84283b69d2389da342cf7.png,ee5bf3e915f34d684c0d1cc32403b889281954da28700bf78fc1668a5e9ea3a6,2026-10-09T06:25:33.675659+00:00,
https://jiuxianzai.oss-cn-beijing.aliyuncs.com/kaoyan/2024/04/09/e5231dd64f884aac9230a370f0f5d15d.png,jiuxianzai.oss-cn-beijing.aliyuncs.com,mini_program_asset,南京农业大学,2024,复录比;复试人数;拟录取中位;拟录取人数;拟录取最低;拟录取最高;本科背景状态,asset_download,reachable,200,image/png,https://jiuxianzai.oss-cn-beijing.aliyuncs.com/kaoyan/2024/04/09/e5231dd64f884aac9230a370f0f5d15d.png,11afee1dec6bc0499ccd324cdc784c88e43e684d671539ef3921807213eafc2c,2026-10-09T06:25:53.269135+00:00,
https://jiuxianzai.oss-cn-beijing.aliyuncs.com/kaoyan/2024/04/14/03a313f1055e4d14ad39dafc1fb5c285.png,jiuxianzai.oss-cn-beijing.aliyuncs.com,mini_program_asset,东北大学,2024,复录比;复试人数;拟录取中位;拟录取人数;拟录取最低;拟录取最高;本科背景状态,asset_download,reachable,200,image/png,https://jiuxianzai.oss-cn-beijing.aliyuncs.com/kaoyan/2024/04/14/03a313f1055e4d14ad39dafc1fb5c285.png,789327afbb8b1aa13a1a9d992d9b0715326bfa2c19c9678f4606077b20822241,2026-10-09T06:25:20.823968+00:00,
https://jiuxianzai.oss-cn-beijing.aliyuncs.com/kaoyan/2024/04/14/0bf77b5e91a94f58aed20bb4338913a4.png,jiuxianzai.oss-cn-beijing.aliyuncs.com,mini_program_asset,南京师范大学,2024,复录比;复试人数;拟录取中位;拟录取人数;拟录取最低;拟录取最高;本科背景状态,asset_download,reachable,200,image/png,https://jiuxianzai.oss-cn-beijing.aliyuncs.com/kaoyan/2024/04/14/0bf77b5e91a94f58aed20bb4338913a4.png,2d5fa30e3f4c64bd24c40b7363e7f135db8a0d9f282124dfb4de97da8a51fda8,2026-10-09T06:25:54.683777+00:00,
https://jiuxianzai.oss-cn-beijing.aliyuncs.com/kaoyan/2024/04/14/699939875f3042cc8225ff85a22f2ea7.png,jiuxianzai.oss-cn-beijing.aliyuncs.com,mini_program_asset,上海财经大学,2024,复录比;复试人数;拟录取中位;拟录取人数;拟录取最低;拟录取最高;本科背景状态,asset_download,reachable,200,image/png,https://jiuxianzai.oss-cn-beijing.aliyuncs.com/kaoyan/2024/04/14/699939875f3042cc8225ff85a22f2ea7.png,7533affee8da56861b5d0193b5f3f142a124f5a6bc93b7923090270fd64155a4,2026-10-09T06:25:18.858130+00:00,
https://jiuxianzai.oss-cn-beijing.aliyuncs.com/kaoyan/2024/04/14/6fdb898a22b94e6cbd0656f4e7748a27.png,jiuxianzai.oss-cn-beijing.aliyuncs.com,mini_program_asset,中央民族大学,2024,复录比;复试人数;拟录取中位;拟录取人数;拟录取最低;拟录取最高;本科背景状态,asset_download,reachable,200,image/png,https://jiuxianzai.oss-cn-beijing.aliyuncs.com/kaoyan/2024/04/14/6fdb898a22b94e6cbd0656f4e7748a27.png,255d40d20aa7b0cabeb69ba12aca5115f636ac4f5bd3ebe742e658a1270c9eb1,2026-10-09T06:25:35.561183+00:00,
https://jiuxianzai.oss-cn-beijing.aliyuncs.com/kaoyan/2024/04/14/7328410dde294040ae045f6e4a84becc.png,jiuxianzai.oss-cn-beijing.aliyuncs.com,mini_program_asset,西南大学,2024,复录比;复试人数;拟录取中位;拟录取人数;拟录取最低;拟录取最高;本科背景状态,asset_download,reachable,200,image/png,https://jiuxianzai.oss-cn-beijing.aliyuncs.com/kaoyan/2024/04/14/7328410dde294040ae045f6e4a84becc.png,1aef4a469183cc47e1d78c088c88a8347dad3216b1d7b0538909f5445818907b,2026-10-09T06:26:19.863181+00:00,
https://jiuxianzai.oss-cn-beijing.aliyuncs.com/kaoyan/2024/04/14/8033e7be4c5941b587d0920e64079556.png,jiuxianzai.oss-cn-beijing.aliyuncs.com,mini_program_asset,吉林大学,2024,复录比;复试人数;拟录取中位;拟录取人数;拟录取最低;拟录取最高;本科背景状态,asset_download,reachable,200,image/png,https://jiuxianzai.oss-cn-beijing.aliyuncs.com/kaoyan/2024/04/14/8033e7be4c5941b587d0920e64079556.png,6747dcd7fce98e978807907c9e77f79a7ee5a741809eadb09577a1faaa227a50,2026-10-09T06:25:57.890660+00:00,
https://jiuxianzai.oss-cn-beijing.aliyuncs.com/kaoyan/2024/04/14/826a5f9c3706410190cafba06d51d9fb.png,jiuxianzai.oss-cn-beijing.aliyuncs.com,mini_program_asset,延边大学,2024,复录比;复试人数;拟录取中位;拟录取人数;拟录取最低;拟录取最高;本科背景状态,asset_download,reachable,200,image/png,https://jiuxianzai.oss-cn-beijing.aliyuncs.com/kaoyan/2024/04/14/826a5f9c3706410190cafba06d51d9fb.png,309c85f6851d3a26873383424116982a47a964f6b8d6343b4a27d92beefa2385,2026-10-09T06:26:08.048765+00:00,
https://jiuxianzai.oss-cn-beijing.aliyuncs.com/kaoyan/2024/04/14/9c32374a27934181a9c845d1039c7741.png,jiuxianzai.oss-cn-beijing.aliyuncs.com,mini_program_asset,北京工业大学,2024,复录比;复试人数;拟录取中位;拟录取人数;拟录取最低;拟录取最高;本科背景状态,asset_download,reachable,200,image/png,https://jiuxianzai.oss-cn-beijing.aliyuncs.com/kaoyan/2024/04/14/9c32374a27934181a9c845d1039c7741.png,426a5217b8e3b51b0e48bb8c700ce3637aba5a708b9efe318f357a81e7be7038,2026-10-09T06:25:42.382314+00:00,
https://jiuxianzai.oss-cn-beijing.aliyuncs.com/kaoyan/2024/04/14/a47351585d3e40b590f082c5ebc74741.png,jiuxianzai.oss-cn-beijing.aliyuncs.com,mini_program_asset,南京大学,2024,复录比;复试人数;拟录取中位;拟录取人数;拟录取最低;拟录取最高;本科背景状态,asset_download,reachable,200,image/png,https://jiuxianzai.oss-cn-beijing.aliyuncs.com/kaoyan/2024/04/14/a47351585d3e40b590f082c5ebc74741.png,cc630f708299b58e02907933bc566ee7b9a956235280cd9187644afabf435f95,2026-10-09T06:25:53.796690+00:00,
https://jiuxianzai.oss-cn-beijing.aliyuncs.com/kaoyan/2024/04/14/a4f13f0edec443fb8bac6c85dbea2c62.png,jiuxianzai.oss-cn-beijing.aliyuncs.com,mini_program_asset,东北大学,2024,复录比;复试人数;拟录取中位;拟录取人数;拟录取最低;拟录取最高;本科背景状态,asset_download,reachable,200,image/png,https://jiuxianzai.oss-cn-beijing.aliyuncs.com/kaoyan/2024/04/14/a4f13f0edec443fb8bac6c85dbea2c62.png,3f2739b93ad0fcd4a74cb690d2073fef859dbb2b637ae43adeec55b21c1d5c3b,2026-10-09T06:25:20.732808+00:00,
https://jiuxianzai.oss-cn-beijing.aliyuncs.com/kaoyan/2024/04/14/ba69e7316a2744209587cb891156115c.png,jiuxianzai.oss-cn-beijing.aliyuncs.com,mini_program_asset,东北大学,2024,复录比;复试人数;拟录取中位;拟录取人数;拟录取最低;拟录取最高;本科背景状态,asset_download,reachable,200,image/png,https://jiuxianzai.oss-cn-beijing.aliyuncs.com/kaoyan/2024/04/14/ba69e7316a2744209587cb891156115c.png,be57d5a07fa3dfa09e480e0a13406f69a593351767eb800c03ac795db541a0e2,2026-10-09T06:25:20.875060+00:00,
https://jiuxianzai.oss-cn-beijing.aliyuncs.com/kaoyan/2024/04/14/c265178b373e45ca875f9ef1cce5cb94.png,jiuxianzai.oss-cn-beijing.aliyuncs.com,mini_program_asset,上海财经大学,2024,复录比;复试人数;拟录取中位;拟录取人数;拟录取最低;拟录取最高;本科背景状态,asset_download,reachable,200,image/png,https://jiuxianzai.oss-cn-beijing.aliyuncs.com/kaoyan/2024/04/14/c265178b373e45ca875f9ef1cce5cb94.png,ae94cc97ccf846276d7ef03b710f78fbef5ebf2e0309d0ae4afe513e9eb28fa1,2026-10-09T06:25:18.708583+00:00,
https://jiuxianzai.oss-cn-beijing.aliyuncs.com/kaoyan/2024/04/18/538db8e868f14f708d27fc9c888715b8.png,jiuxianzai.oss-cn-beijing.aliyuncs.com,mini_program_asset,武汉理工大学,2024,复录比;复试人数;拟录取中位;拟录取人数;拟录取最低;拟录取最高;本科背景状态,asset_download,reachable,200,image/png,https://jiuxianzai.oss-cn-beijing.aliyuncs.com/kaoyan/2024/04/18/538db8e868f14f708d27fc9c888715b8.png,a3594637affdf6f430c4a1747ee47557d8cc297961698f805cd8f054555a0cc5,2026-10-09T06:26:12.246227+00:00,
https://jiuxianzai.oss-cn-beijing.aliyuncs.com/kaoyan/2024/04/18/8df1f60229e94fd6828f286e89ca8140.png,jiuxianzai.oss-cn-beijing.aliyuncs.com,mini_program_asset,中国药科大学,2024,复录比;复试人数;拟录取中位;拟录取人数;拟录取最低;拟录取最高;本科背景状态,asset_download,reachable,200,image/png,https://jiuxianzai.oss-cn-beijing.aliyuncs.com/kaoyan/2024/04/18/8df1f60229e94fd6828f286e89ca8140.png,780c7536293ed106c81b64f0952bc2c713094315cf414beabbdb466d3d92cc13,2026-10-09T06:25:34.323037+00:00,
https://jiuxianzai.oss-cn-beijing.aliyuncs.com/kaoyan/2024/04/18/f3c97ea9b06b402aa73e3adaa699e1e5.png,jiuxianzai.oss-cn-beijing.aliyuncs.com,mini_program_asset,武汉理工大学,2024,复录比;复试人数;拟录取中位;拟录取人数;拟录取最低;拟录取最高;本科背景状态,asset_download,reachable,200,image/png,https://jiuxianzai.oss-cn-beijing.aliyuncs.com/kaoyan/2024/04/18/f3c97ea9b06b402aa73e3adaa699e1e5.png,ae809f8d08ab0d0a7d830aadc3424b43ce7f190b8b395e11bfe53bf89f08ce47,2026-10-09T06:26:12.961841+00:00,
https://jiuxianzai.oss-cn-beijing.aliyuncs.com/kaoyan/2024/05/01/126dc7bf6b5744a9b9b81311c5ea7c7b.png,jiuxianzai.oss-cn-beijing.aliyuncs.com,mini_program_asset,中国人民大学,2024,复录比;复试人数;拟录取中位;拟录取人数;拟录取最低;拟录取最高;本科背景状态,asset_download,reachable,200,image/png,https://jiuxianzai.oss-cn-beijing.aliyuncs.com/kaoyan/2024/05/01/126dc7bf6b5744a9b9b81311c5ea7c7b.png,31d17e82e523b0c77d822a639a6a96cb91b64f77ad6131221b50785fb3ee7feb,2026-10-09T06:25:27.799476+00:00,
https://jiuxianzai.oss-cn-beijing.aliyuncs.com/kaoyan/2024/05/01/222f44e3390c44228ef1b20364d4b430.png,jiuxianzai.oss-cn-beijing.aliyuncs.com,mini_program_asset,郑州大学,2024,复录比;复试人数;拟录取中位;拟录取人数;拟录取最低;拟录取最高;本科背景状态,asset_download,reachable,200,image/png,https://jiuxianzai.oss-cn-beijing.aliyuncs.com/kaoyan/2024/05/01/222f44e3390c44228ef1b20364d4b430.png,7ffdf2b64737ff34d34023c4a6c4009cddc5c02f69f6b95992a44422e1114da6,2026-10-09T06:26:25.805438+00:00,
https://jiuxianzai.oss-cn-beijing.aliyuncs.com/kaoyan/2024/05/01/57218ecc7da2488bae715a5a57686822.png,jiuxianzai.oss-cn-beijing.aliyuncs.com,mini_program_asset,华北电力大学,2024,复录比;复试人数;拟录取中位;拟录取人数;拟录取最低;拟录取最高;本科背景状态,asset_download,reachable,200,image/png,https://jiuxianzai.oss-cn-beijing.aliyuncs.com/kaoyan/2024/05/01/57218ecc7da2488bae715a5a57686822.png,97f96401eee92dd86e8a43be48a757a7115bee84f79574b0369a135796b31e67,2026-10-09T06:25:52.021248+00:00,
https://jiuxianzai.oss-cn-beijing.aliyuncs.com/kaoyan/2024/05/01/6c3d5b89996f4e05814544e90363cc17.png,jiuxianzai.oss-cn-beijing.aliyuncs.com,mini_program_asset,华中农业大学,2024,复录比;复试人数;拟录取中位;拟录取人数;拟录取最低;拟录取最高;本科背景状态,asset_download,reachable,200,image/png,https://jiuxianzai.oss-cn-beijing.aliyuncs.com/kaoyan/2024/05/01/6c3d5b89996f4e05814544e90363cc17.png,27606e38f8d6d3aa03947b27c8102ff18fe44c490405f7fdd97d32b950e79f33,2026-10-09T06:25:47.886590+00:00,
https://jiuxianzai.oss-cn-beijing.aliyuncs.com/kaoyan/2024/05/01/8cf9e0ea7dc047ffa3ce3ac0fad32364.png,jiuxianzai.oss-cn-beijing.aliyuncs.com,mini_program_asset,中国石油大学（北京）,2024,复录比;复试人数;拟录取中位;拟录取人数;拟录取最低;拟录取最高;本科背景状态,asset_download,reachable,200,image/png,https://jiuxianzai.oss-cn-beijing.aliyuncs.com/kaoyan/2024/05/01/8cf9e0ea7dc047ffa3ce3ac0fad32364.png,dc5381b5ed941409b8142218735346a7b8a3c117d9f37512935a924ea6caea37,2026-10-09T06:25:31.993031+00:00,
https://jiuxianzai.oss-cn-beijing.aliyuncs.com/kaoyan/2024/05/01/98f17db88f624a6cb598e27555721baf.png,jiuxianzai.oss-cn-beijing.aliyuncs.com,mini_program_asset,中国科学技术大学,2024,复录比;复试人数;拟录取中位;拟录取人数;拟录取最低;拟录取最高;本科背景状态,asset_download,reachable,200,image/png,https://jiuxianzai.oss-cn-beijing.aliyuncs.com/kaoyan/2024/05/01/98f17db88f624a6cb598e27555721baf.png,437cd3558287075d3756d1271d0b4f30e70666092d078db85caa1a1dca048de7,2026-10-09T06:25:33.575044+00:00,
https://jiuxianzai.oss-cn-beijing.aliyuncs.com/kaoyan/2024/05/01/ccf28d76aaed4d30afe773738d90120d.png,jiuxianzai.oss-cn-beijing.aliyuncs.com,mini_program_asset,中国人民大学,2024,复录比;复试人数;拟录取中位;拟录取人数;拟录取最低;拟录取最高;本科背景状态,asset_download,reachable,200,image/png,https://jiuxianzai.oss-cn-beijing.aliyuncs.com/kaoyan/2024/05/01/ccf28d76aaed4d30afe773738d90120d.png,0c569acd674e1574d54005056a05b5190057ae4f64a479905d538e2c79231a2d,2026-10-09T06:25:27.805476+00:00,
https://jiuxianzai.oss-cn-beijing.aliyuncs.com/kaoyan/2024/05/02/78d5e5c4d465401c906e7ca9557c2f12.png,jiuxianzai.oss-cn-beijing.aliyuncs.com,mini_program_asset,北京交通大学,2024,复录比;复试人数;拟录取中位;拟录取人数;拟录取最低;拟录取最高;本科背景状态,asset_download,reachable,200,image/png,https://jiuxianzai.oss-cn-beijing.aliyuncs.com/kaoyan/2024/05/02/78d5e5c4d465401c906e7ca9557c2f12.png,6739b39559f521cd0e6d577e65a0e168cde051b09251ae4ce8eeef7748be3002,2026-10-09T06:25:41.639310+00:00,
https://jiuxianzai.oss-cn-beijing.aliyuncs.com/kaoyan/2024/05/06/05e1af75ec3842b585ae513c4c89f212.png,jiuxianzai.oss-cn-beijing.aliyuncs.com,mini_program_asset,南昌大学,2024,复录比;复试人数;拟录取中位;拟录取人数;拟录取最低;拟录取最高;本科背景状态,asset_download,reachable,200,image/png,https://jiuxianzai.oss-cn-beijing.aliyuncs.com/kaoyan/2024/05/06/05e1af75ec3842b585ae513c4c89f212.png,907bd1bf94538732e8551d5189ec12a80d0758e2800c67d2e2844e71afc88c70,2026-10-09T06:25:56.595147+00:00,
https://jiuxianzai.oss-cn-beijing.aliyuncs.com/kaoyan/2024/05/06/1ff45452cd48413bbfd19b34c40634d7.png,jiuxianzai.oss-cn-beijing.aliyuncs.com,mini_program_asset,华南师范大学,2024,复录比;复试人数;拟录取中位;拟录取人数;拟录取最低;拟录取最高;本科背景状态,asset_download,reachable,200,image/png,https://jiuxianzai.oss-cn-beijing.aliyuncs.com/kaoyan/2024/05/06/1ff45452cd48413bbfd19b34c40634d7.png,0cdd3453e13cb119ac409e2784378445fa690a669d5f1d6464b358e2472cd457,2026-10-09T06:25:52.392500+00:00,
https://jiuxianzai.oss-cn-beijing.aliyuncs.com/kaoyan/2024/05/06/af3a71bfc18f49ba86820f2d017e9b34.png,jiuxianzai.oss-cn-beijing.aliyuncs.com,mini_program_asset,华南师范大学,2024,复录比;复试人数;拟录取中位;拟录取人数;拟录取最低;拟录取最高;本科背景状态,asset_download,reachable,200,image/png,https://jiuxianzai.oss-cn-beijing.aliyuncs.com/kaoyan/2024/05/06/af3a71bfc18f49ba86820f2d017e9b34.png,ab0d67fe6d6d3c0a5c5b2ac6519b071bd54702c079271c93b5c259b56a210814,2026-10-09T06:25:52.164941+00:00,
https://jiuxianzai.oss-cn-beijing.aliyuncs.com/kaoyan/2024/05/08/21583573d37f4db1a876a8dd114f37b2.png,jiuxianzai.oss-cn-beijing.aliyuncs.com,mini_program_asset,华东师范大学,2024,复录比;复试人数;拟录取中位;拟录取人数;拟录取最低;拟录取最高;本科背景状态,asset_download,reachable,200,image/png,https://jiuxianzai.oss-cn-beijing.aliyuncs.com/kaoyan/2024/05/08/21583573d37f4db1a876a8dd114f37b2.png,e85c04f1dd41dc0d7708bd4b4706763e34836700b41ab776710aaa37fbd3bd9d,2026-10-09T06:25:47.360105+00:00,
https://jiuxianzai.oss-cn-beijing.aliyuncs.com/kaoyan/2024/05/08/ec71af13daf449faa89cdbcd200dd6d9.png,jiuxianzai.oss-cn-beijing.aliyuncs.com,mini_program_asset,清华大学,2024,复录比;复试人数;拟录取中位;拟录取人数;拟录取最低;拟录取最高;本科背景状态,asset_download,reachable,200,image/png,https://jiuxianzai.oss-cn-beijing.aliyuncs.com/kaoyan/2024/05/08/ec71af13daf449faa89cdbcd200dd6d9.png,e9ebc600f0678b60a00386648cd60903a6720b73ee4da36cd0ccc11562289789,2026-10-09T06:26:14.774865+00:00,
https://jiuxianzai.oss-cn-beijing.aliyuncs.com/kaoyan/2024/05/08/ef6008dcf95240f798d770fb6808388d.png,jiuxianzai.oss-cn-beijing.aliyuncs.com,mini_program_asset,陕西师范大学,2024,拟录取中位;拟录取人数;拟录取最低;拟录取最高;本科背景状态,asset_download,reachable,200,image/png,https://jiuxianzai.oss-cn-beijing.aliyuncs.com/kaoyan/2024/05/08/ef6008dcf95240f798d770fb6808388d.png,7829ee70e43a705589591ddb3fbed5d4e47ee7f041a546b16783a98809153a34,2026-10-09T06:26:26.479039+00:00,
https://jiuxianzai.oss-cn-beijing.aliyuncs.com/kaoyan/2024/05/11/078da1507b96413d837047e3c132587f.png,jiuxianzai.oss-cn-beijing.aliyuncs.com,mini_program_asset,重庆大学,2024,拟录取中位;拟录取人数;拟录取最低;拟录取最高;本科背景状态,asset_download,reachable,200,image/png,https://jiuxianzai.oss-cn-beijing.aliyuncs.com/kaoyan/2024/05/11/078da1507b96413d837047e3c132587f.png,18b0b0cb1814301be342803aeaf2f158509b3d6673e0c0f7388eace62ffa21cc,2026-10-09T06:26:26.175225+00:00,
https://jiuxianzai.oss-cn-beijing.aliyuncs.com/kaoyan/2024/05/19/0a75f75ff4f345beb50e955efc2a5873.png,jiuxianzai.oss-cn-beijing.aliyuncs.com,mini_program_asset,东南大学,2024,复录比;复试人数;拟录取中位;拟录取人数;拟录取最低;拟录取最高;本科背景状态,asset_download,reachable,200,image/png,https://jiuxianzai.oss-cn-beijing.aliyuncs.com/kaoyan/2024/05/19/0a75f75ff4f345beb50e955efc2a5873.png,39f559fd50b876c74051e226d8e7b60fd93c960b1429cdb0d94a5084205ad91f,2026-10-09T06:25:24.426808+00:00,
https://jiuxianzai.oss-cn-beijing.aliyuncs.com/kaoyan/2024/05/19/378d2a9594cc45dabd2d62b4abf3b4e3.png,jiuxianzai.oss-cn-beijing.aliyuncs.com,mini_program_asset,辽宁大学,2024,复录比;复试人数;拟录取中位;拟录取人数;拟录取最低;拟录取最高;本科背景状态,asset_download,reachable,200,image/png,https://jiuxianzai.oss-cn-beijing.aliyuncs.com/kaoyan/2024/05/19/378d2a9594cc45dabd2d62b4abf3b4e3.png,0f290565c0ae1ef57657255db7db63a44deb24c2694e16f0cf6f9e7e44676f1f,2026-10-09T06:26:23.580856+00:00,
https://jiuxianzai.oss-cn-beijing.aliyuncs.com/kaoyan/2024/05/19/5225fdd1ae9445ac9cf33cb068b8616f.png,jiuxianzai.oss-cn-beijing.aliyuncs.com,mini_program_asset,四川大学,2024,复录比;复试人数;拟录取中位;拟录取人数;拟录取最低;拟录取最高;本科背景状态,asset_download,reachable,200,image/png,https://jiuxianzai.oss-cn-beijing.aliyuncs.com/kaoyan/2024/05/19/5225fdd1ae9445ac9cf33cb068b8616f.png,89d3bd342c42e844a01b98ec98c2f0883522b69b76ea005bab2df5e2a9d414d2,2026-10-09T06:26:00.369593+00:00,
https://jiuxianzai.oss-cn-beijing.aliyuncs.com/kaoyan/2024/05/19/da9257afdffe4595981244682d25d7fb.png,jiuxianzai.oss-cn-beijing.aliyuncs.com,mini_program_asset,四川大学,2024,复录比;复试人数;拟录取中位;拟录取人数;拟录取最低;拟录取最高;本科背景状态,asset_download,reachable,200,image/png,https://jiuxianzai.oss-cn-beijing.aliyuncs.com/kaoyan/2024/05/19/da9257afdffe4595981244682d25d7fb.png,10dfdc7f884663a879e910f781b04a701a0e9f4c17a6c2dbe80f2d235b3ae61b,2026-10-09T06:26:00.362598+00:00,
https://jiuxianzai.oss-cn-beijing.aliyuncs.com/kaoyan/2024/05/19/f352a6406ef8429ebebd4bc233764f69.png,jiuxianzai.oss-cn-beijing.aliyuncs.com,mini_program_asset,辽宁大学,2024,复录比;复试人数;拟录取中位;拟录取人数;拟录取最低;拟录取最高;本科背景状态,asset_download,reachable,200,image/png,https://jiuxianzai.oss-cn-beijing.aliyuncs.com/kaoyan/2024/05/19/f352a6406ef8429ebebd4bc233764f69.png,520fc8265afcfb2263f9d6abef57e631859d84ab49ce11229a18b584b73cd158,2026-10-09T06:26:24.489446+00:00,
https://jiuxianzai.oss-cn-beijing.aliyuncs.com/kaoyan/2024/05/28/6ca57aa6f6c0426882eaecacad809d7c.png,jiuxianzai.oss-cn-beijing.aliyuncs.com,mini_program_asset,东南大学,2022,复录比;复试人数;拟录取中位;拟录取人数;拟录取最高;本科背景状态,asset_download,reachable,200,image/png,https://jiuxianzai.oss-cn-beijing.aliyuncs.com/kaoyan/2024/05/28/6ca57aa6f6c0426882eaecacad809d7c.png,d6839816837a48337d62ade87cb157aec0e30573454977714d8722721481055b,2026-10-09T06:25:23.967275+00:00,
https://jiuxianzai.oss-cn-beijing.aliyuncs.com/kaoyan/2024/05/28/862cbda2d04445668ab122a9866801e7.png,jiuxianzai.oss-cn-beijing.aliyuncs.com,mini_program_asset,东南大学,2023,复录比;复试人数;拟录取中位;拟录取人数;拟录取最低;拟录取最高;本科背景状态,asset_download,reachable,200,image/png,https://jiuxianzai.oss-cn-beijing.aliyuncs.com/kaoyan/2024/05/28/862cbda2d04445668ab122a9866801e7.png,7bd841a9b70814a44551cff80f0fd6f1fba100c943a00ae35a0f82231e4ebe27,2026-10-09T06:25:24.161980+00:00,
https://jiuxianzai.oss-cn-beijing.aliyuncs.com/kaoyan/2024/05/28/d44e30280b8a49ee98212d586aee1c65.png,jiuxianzai.oss-cn-beijing.aliyuncs.com,mini_program_asset,南京大学,2023,复录比;复试人数;拟录取中位;拟录取人数;拟录取最低;拟录取最高;本科背景状态,asset_download,reachable,200,image/png,https://jiuxianzai.oss-cn-beijing.aliyuncs.com/kaoyan/2024/05/28/d44e30280b8a49ee98212d586aee1c65.png,c1470fddb8e8ad020908b3f0139a055f52c096cfa034730b79c81fc084e7175d,2026-10-09T06:25:53.398250+00:00,
https://jiuxianzai.oss-cn-beijing.aliyuncs.com/kaoyan/2024/05/29/aa2dd16d9b5f4283971264a2571644eb.png,jiuxianzai.oss-cn-beijing.aliyuncs.com,mini_program_asset,北京师范大学,2024,复录比;复试人数;拟录取中位;拟录取人数;拟录取最低;拟录取最高;本科背景状态,asset_download,reachable,200,image/png,https://jiuxianzai.oss-cn-beijing.aliyuncs.com/kaoyan/2024/05/29/aa2dd16d9b5f4283971264a2571644eb.png,dd9829eff93909d31bc922eee67907dfe077095de5a257fe8d13d170110809f3,2026-10-09T06:25:44.246386+00:00,
https://jiuxianzai.oss-cn-beijing.aliyuncs.com/kaoyan/2024/05/29/f337fccaafb64815b73f7f181f937611.png,jiuxianzai.oss-cn-beijing.aliyuncs.com,mini_program_asset,北京师范大学,2024,复录比;复试人数;拟录取中位;拟录取人数;拟录取最低;拟录取最高;本科背景状态,asset_download,reachable,200,image/png,https://jiuxianzai.oss-cn-beijing.aliyuncs.com/kaoyan/2024/05/29/f337fccaafb64815b73f7f181f937611.png,abd2242d48dabb74f06b8c4df068cd806b58c727ab2bc072dd4cf18fb866b7a3,2026-10-09T06:25:43.788205+00:00,
https://jiuxianzai.oss-cn-beijing.aliyuncs.com/kaoyan/2024/05/30/a729756b39804560800586041d60c15c.png,jiuxianzai.oss-cn-beijing.aliyuncs.com,mini_program_asset,上海财经大学,2024,复录比;复试人数;拟录取中位;拟录取人数;拟录取最低;拟录取最高;本科背景状态,asset_download,reachable,200,image/png,https://jiuxianzai.oss-cn-beijing.aliyuncs.com/kaoyan/2024/05/30/a729756b39804560800586041d60c15c.png,a88a0c73ac390bd1976d832f248f96a4409ea803e03876d94c5eda4ebc379c40,2026-10-09T06:25:18.577771+00:00,
https://jiuxianzai.oss-cn-beijing.aliyuncs.com/kaoyan/2025/04/03/0e65a1827f0647d9a902b51073724bc3.png,jiuxianzai.oss-cn-beijing.aliyuncs.com,mini_program_asset,大连理工大学,2025,复录比;复试人数;拟录取中位;拟录取人数;拟录取最低;拟录取最高;本科背景状态,asset_download,reachable,200,image/png,https://jiuxianzai.oss-cn-beijing.aliyuncs.com/kaoyan/2025/04/03/0e65a1827f0647d9a902b51073724bc3.png,1a22eafb912680e8db66384398cf0b5455a9ebc9d7d24591d7a737268a88f49e,2026-10-09T06:26:04.185928+00:00,
https://jiuxianzai.oss-cn-beijing.aliyuncs.com/kaoyan/2025/04/03/55129b2aaf0349f89b756967ff9e48ad.png,jiuxianzai.oss-cn-beijing.aliyuncs.com,mini_program_asset,华中科技大学,2025,复录比;复试人数;拟录取中位;拟录取人数;拟录取最低;拟录取最高;本科背景状态,asset_download,reachable,200,image/png,https://jiuxianzai.oss-cn-beijing.aliyuncs.com/kaoyan/2025/04/03/55129b2aaf0349f89b756967ff9e48ad.png,bdf1954b5ad2867d5ae2ff6e2dba561c28d2c0cb183e4e6bdf0569d89d656ed4,2026-10-09T06:25:50.634921+00:00,
https://jiuxianzai.oss-cn-beijing.aliyuncs.com/kaoyan/2025/04/03/8a8fb43e1ccc45ab80ba625c8ab65ba0.png,jiuxianzai.oss-cn-beijing.aliyuncs.com,mini_program_asset,中山大学,2025,复录比;复试人数;拟录取中位;拟录取人数;拟录取最低;拟录取最高;本科背景状态,asset_download,reachable,200,image/png,https://jiuxianzai.oss-cn-beijing.aliyuncs.com/kaoyan/2025/04/03/8a8fb43e1ccc45ab80ba625c8ab65ba0.png,64e8202fa028ee35bebe89936f93cb0c8ad9ae7b738e1dea2eeb929966f8fba4,2026-10-09T06:25:37.840159+00:00,
https://jiuxianzai.oss-cn-beijing.aliyuncs.com/kaoyan/2025/04/03/96abe37add584415b45f755cc7043018.png,jiuxianzai.oss-cn-beijing.aliyuncs.com,mini_program_asset,中南大学,2025,复录比;复试人数;拟录取中位;拟录取人数;拟录取最低;拟录取最高;本科背景状态,asset_download,reachable,200,image/png,https://jiuxianzai.oss-cn-beijing.aliyuncs.com/kaoyan/2025/04/03/96abe37add584415b45f755cc7043018.png,d3229a03828d740e32443b0f8c8cc8ee170a19542d0657995f1b4138248282c8,2026-10-09T06:25:25.854659+00:00,
https://jiuxianzai.oss-cn-beijing.aliyuncs.com/kaoyan/2025/04/03/fcbc1db47b7940d8a4278b9559834a57.png,jiuxianzai.oss-cn-beijing.aliyuncs.com,mini_program_asset,中山大学,2025,复录比;复试人数;拟录取中位;拟录取人数;拟录取最低;拟录取最高;本科背景状态,asset_download,reachable,200,image/png,https://jiuxianzai.oss-cn-beijing.aliyuncs.com/kaoyan/2025/04/03/fcbc1db47b7940d8a4278b9559834a57.png,74a8e88f29e9505f8399976f1b71de204b6b876ff2f0bc7fdd7611f8df4ff62c,2026-10-09T06:25:37.543431+00:00,
https://jiuxianzai.oss-cn-beijing.aliyuncs.com/kaoyan/2025/04/04/16d988dc5a2f4988812e145822132d84.png,jiuxianzai.oss-cn-beijing.aliyuncs.com,mini_program_asset,哈尔滨工业大学,2025,复录比;复试人数;拟录取中位;拟录取人数;拟录取最低;拟录取最高;本科背景状态,asset_download,reachable,200,image/png,https://jiuxianzai.oss-cn-beijing.aliyuncs.com/kaoyan/2025/04/04/16d988dc5a2f4988812e145822132d84.png,fdfbfaf250c27f7c9fa96ef67640e612e748bed57a010e9389c6d0443a7e0d62,2026-10-09T06:26:00.226143+00:00,
https://jiuxianzai.oss-cn-beijing.aliyuncs.com/kaoyan/2025/04/04/2e5e39af89ba44caa0c2ae6b843e7834.png,jiuxianzai.oss-cn-beijing.aliyuncs.com,mini_program_asset,西北工业大学,2025,复录比;复试人数;拟录取中位;拟录取人数;拟录取最低;拟录取最高;本科背景状态,asset_download,reachable,200,image/png,https://jiuxianzai.oss-cn-beijing.aliyuncs.com/kaoyan/2025/04/04/2e5e39af89ba44caa0c2ae6b843e7834.png,f4efa6405cae5ba53fd77e4529a3fd08e0828c7f1c7c0237a1584c2a0272407d,2026-10-09T06:26:18.614387+00:00,
https://jiuxianzai.oss-cn-beijing.aliyuncs.com/kaoyan/2025/04/04/3148b02d516d49259fb8c9762e14a9d3.png,jiuxianzai.oss-cn-beijing.aliyuncs.com,mini_program_asset,中国科学技术大学,2025,复录比;复试人数;拟录取中位;拟录取人数;拟录取最低;拟录取最高;本科背景状态,asset_download,reachable,200,image/png,https://jiuxianzai.oss-cn-beijing.aliyuncs.com/kaoyan/2025/04/04/3148b02d516d49259fb8c9762e14a9d3.png,334c67fddbb9e20d7ec3047575012f8288d75f0cb625b4903777d21bcc5abb65,2026-10-09T06:25:33.586047+00:00,
https://jiuxianzai.oss-cn-beijing.aliyuncs.com/kaoyan/2025/04/07/02d49fc1f02f4b628430b471cc46b7a0.png,jiuxianzai.oss-cn-beijing.aliyuncs.com,mini_program_asset,北京师范大学,2025,复录比;复试人数;拟录取中位;拟录取人数;拟录取最低;拟录取最高;本科背景状态,asset_download,reachable,200,image/png,https://jiuxianzai.oss-cn-beijing.aliyuncs.com/kaoyan/2025/04/07/02d49fc1f02f4b628430b471cc46b7a0.png,c4abebd9e9bff237515623d14646f89eed19d46f6bd7c06f5969ef9b6c3c6c2e,2026-10-09T06:25:43.607458+00:00,
https://jiuxianzai.oss-cn-beijing.aliyuncs.com/kaoyan/2025/04/07/03df13c2084f42b5b8d9bee85808735f.png,jiuxianzai.oss-cn-beijing.aliyuncs.com,mini_program_asset,西南交通大学,2025,复录比;复试人数;拟录取中位;拟录取人数;拟录取最低;拟录取最高;本科背景状态,asset_download,reachable,200,image/png,https://jiuxianzai.oss-cn-beijing.aliyuncs.com/kaoyan/2025/04/07/03df13c2084f42b5b8d9bee85808735f.png,c29b3a1a483d172fc792f76d8d3d28ffc262ba18e35d25100a0bcbd550cb4799,2026-10-09T06:26:18.740452+00:00,
https://jiuxianzai.oss-cn-beijing.aliyuncs.com/kaoyan/2025/04/07/06d741960da34f9daee557267dc73175.png,jiuxianzai.oss-cn-beijing.aliyuncs.com,mini_program_asset,华中农业大学,2025,复录比;复试人数;拟录取中位;拟录取人数;拟录取最低;拟录取最高;本科背景状态,asset_download,reachable,200,image/png,https://jiuxianzai.oss-cn-beijing.aliyuncs.com/kaoyan/2025/04/07/06d741960da34f9daee557267dc73175.png,d69a88245a1898593d5cb5dd23f9465c2a05a92a76d540dc5ff89a6ebf1f457a,2026-10-09T06:25:47.888590+00:00,
https://jiuxianzai.oss-cn-beijing.aliyuncs.com/kaoyan/2025/04/07/0b43ba0249d54dad8d00bbdf4097e764.png,jiuxianzai.oss-cn-beijing.aliyuncs.com,mini_program_asset,中国地质大学（武汉）,2025,复录比;复试人数;拟录取中位;拟录取人数;拟录取最低;拟录取最高;本科背景状态,asset_download,reachable,200,image/png,https://jiuxianzai.oss-cn-beijing.aliyuncs.com/kaoyan/2025/04/07/0b43ba0249d54dad8d00bbdf4097e764.png,64fab1a0de5271f0c4414b2778021e7ce92282d7ea6df3a59b983323959fe10c,2026-10-09T06:25:31.131675+00:00,
https://jiuxianzai.oss-cn-beijing.aliyuncs.com/kaoyan/2025/04/07/16aaeecaa42f4282b1a7ad262dcd80be.png,jiuxianzai.oss-cn-beijing.aliyuncs.com,mini_program_asset,河北工业大学,2025,复录比;复试人数;拟录取中位;拟录取人数;拟录取最低;拟录取最高;本科背景状态,asset_download,reachable,200,image/png,https://jiuxianzai.oss-cn-beijing.aliyuncs.com/kaoyan/2025/04/07/16aaeecaa42f4282b1a7ad262dcd80be.png,892401e2968666b571e744283925529f8ca323c98433c7d8ec9965f735e43eb1,2026-10-09T06:26:13.712379+00:00,
https://jiuxianzai.oss-cn-beijing.aliyuncs.com/kaoyan/2025/04/07/3c3b93986d9142988585b86af570a493.png,jiuxianzai.oss-cn-beijing.aliyuncs.com,mini_program_asset,中国地质大学（北京）,2025,复录比;复试人数;拟录取中位;拟录取人数;拟录取最低;拟录取最高;本科背景状态,asset_download,reachable,200,image/png,https://jiuxianzai.oss-cn-beijing.aliyuncs.com/kaoyan/2025/04/07/3c3b93986d9142988585b86af570a493.png,2176b1c51fbdc72064b26bfc5d6d78c3a7758fe1b3ca5be3290f8645193af291,2026-10-09T06:25:29.719770+00:00,
https://jiuxianzai.oss-cn-beijing.aliyuncs.com/kaoyan/2025/04/07/4f68528b4a514ab597012731b8f12540.png,jiuxianzai.oss-cn-beijing.aliyuncs.com,mini_program_asset,南京理工大学,2025,复录比;复试人数;拟录取中位;拟录取人数;拟录取最低;拟录取最高;本科背景状态,asset_download,reachable,200,image/png,https://jiuxianzai.oss-cn-beijing.aliyuncs.com/kaoyan/2025/04/07/4f68528b4a514ab597012731b8f12540.png,5ad3725ff09404cbafe68ac369306aecbab8e012421d6b8b86ba5c8b993583c7,2026-10-09T06:25:55.170071+00:00,
https://jiuxianzai.oss-cn-beijing.aliyuncs.com/kaoyan/2025/04/07/51374c2ece76434c8f02a4a478ca7eca.png,jiuxianzai.oss-cn-beijing.aliyuncs.com,mini_program_asset,中国药科大学,2025,复录比;复试人数;拟录取中位;拟录取人数;拟录取最低;拟录取最高;本科背景状态,asset_download,reachable,200,image/png,https://jiuxianzai.oss-cn-beijing.aliyuncs.com/kaoyan/2025/04/07/51374c2ece76434c8f02a4a478ca7eca.png,329a475bb6ab9280d3cce353cf2a28534c4024e8157cc7028c974d997a034fc4,2026-10-09T06:25:34.472522+00:00,
https://jiuxianzai.oss-cn-beijing.aliyuncs.com/kaoyan/2025/04/07/518514f16bf84c29941b45221224dc62.png,jiuxianzai.oss-cn-beijing.aliyuncs.com,mini_program_asset,北京交通大学,2025,复录比;复试人数;拟录取中位;拟录取人数;拟录取最低;拟录取最高;本科背景状态,asset_download,reachable,200,image/png,https://jiuxianzai.oss-cn-beijing.aliyuncs.com/kaoyan/2025/04/07/518514f16bf84c29941b45221224dc62.png,5518a53a4d1f3f00f302e2b8b18a8e85c69760dc471bc309a2a7846e28790a44,2026-10-09T06:25:41.805777+00:00,
https://jiuxianzai.oss-cn-beijing.aliyuncs.com/kaoyan/2025/04/07/5be090bf15d44feea6441bc3ed77e197.png,jiuxianzai.oss-cn-beijing.aliyuncs.com,mini_program_asset,华中师范大学,2025,复录比;复试人数;拟录取中位;拟录取人数;拟录取最低;拟录取最高;本科背景状态,asset_download,reachable,200,image/png,https://jiuxianzai.oss-cn-beijing.aliyuncs.com/kaoyan/2025/04/07/5be090bf15d44feea6441bc3ed77e197.png,e0b0ebe93ce560c7110266ee00dd342100b0dc70b99c9d8380975019f84892d3,2026-10-09T06:25:49.926204+00:00,
https://jiuxianzai.oss-cn-beijing.aliyuncs.com/kaoyan/2025/04/07/6f853d1fc86f41e8846762437c29bec6.png,jiuxianzai.oss-cn-beijing.aliyuncs.com,mini_program_asset,中国石油大学（北京）,2025,复录比;复试人数;拟录取中位;拟录取人数;拟录取最低;拟录取最高;本科背景状态,asset_download,reachable,200,image/png,https://jiuxianzai.oss-cn-beijing.aliyuncs.com/kaoyan/2025/04/07/6f853d1fc86f41e8846762437c29bec6.png,55289beaec46e9a63cb84e3f510fb7d6edbd2fd9efd766597885abcb7cb6b01b,2026-10-09T06:25:32.062440+00:00,
https://jiuxianzai.oss-cn-beijing.aliyuncs.com/kaoyan/2025/04/07/74b361390ac5432a88b9a3b76c47ca38.png,jiuxianzai.oss-cn-beijing.aliyuncs.com,mini_program_asset,贵州大学,2025,复录比;复试人数;拟录取中位;拟录取人数;拟录取最低;拟录取最高;本科背景状态,asset_download,reachable,200,image/png,https://jiuxianzai.oss-cn-beijing.aliyuncs.com/kaoyan/2025/04/07/74b361390ac5432a88b9a3b76c47ca38.png,f17bbe96effe224463a1445b391a255704f941fb2a89a4fa5a243a218d01d703,2026-10-09T06:26:24.263357+00:00,
https://jiuxianzai.oss-cn-beijing.aliyuncs.com/kaoyan/2025/04/07/758038f531874eca90d483272707cb78.png,jiuxianzai.oss-cn-beijing.aliyuncs.com,mini_program_asset,上海交通大学,2025,复录比;复试人数;拟录取中位;拟录取人数;拟录取最低;拟录取最高;本科背景状态,asset_download,reachable,200,image/png,https://jiuxianzai.oss-cn-beijing.aliyuncs.com/kaoyan/2025/04/07/758038f531874eca90d483272707cb78.png,9355b7553fe188f0661c189ef0d240090c1220be2e70c75f9c4a1ba510be0352,2026-10-09T06:25:17.234915+00:00,
https://jiuxianzai.oss-cn-beijing.aliyuncs.com/kaoyan/2025/04/07/797eff3dc419452a9c5da21f594de181.png,jiuxianzai.oss-cn-beijing.aliyuncs.com,mini_program_asset,吉林大学,2025,复录比;复试人数;拟录取中位;拟录取人数;拟录取最低;拟录取最高;本科背景状态,asset_download,reachable,200,image/png,https://jiuxianzai.oss-cn-beijing.aliyuncs.com/kaoyan/2025/04/07/797eff3dc419452a9c5da21f594de181.png,1c0c0eef672325fb666849b3779384315c3d9c1a532f8df50b14dc1046165a25,2026-10-09T06:25:58.414614+00:00,
https://jiuxianzai.oss-cn-beijing.aliyuncs.com/kaoyan/2025/04/07/7b1c9299cfc84127ab507f90b39ae4d5.png,jiuxianzai.oss-cn-beijing.aliyuncs.com,mini_program_asset,湖南师范大学,2025,复录比;复试人数;拟录取中位;拟录取人数;拟录取最低;拟录取最高;本科背景状态,asset_download,reachable,200,image/png,https://jiuxianzai.oss-cn-beijing.aliyuncs.com/kaoyan/2025/04/07/7b1c9299cfc84127ab507f90b39ae4d5.png,f046b0ebf9186a2697fa7290ed15e3152811fb42c6c914a24b7be4f862653c43,2026-10-09T06:26:16.358734+00:00,
https://jiuxianzai.oss-cn-beijing.aliyuncs.com/kaoyan/2025/04/07/8c469c75027045059d8ed2a78abd8290.png,jiuxianzai.oss-cn-beijing.aliyuncs.com,mini_program_asset,暨南大学,2025,复录比;复试人数;拟录取中位;拟录取人数;拟录取最低;拟录取最高;本科背景状态,asset_download,reachable,200,image/png,https://jiuxianzai.oss-cn-beijing.aliyuncs.com/kaoyan/2025/04/07/8c469c75027045059d8ed2a78abd8290.png,1ac3f97de4f8b1bc3a19093807808a3e3843ce6f8b4ee412910c8bdafdb839e3,2026-10-09T06:26:10.344044+00:00,
https://jiuxianzai.oss-cn-beijing.aliyuncs.com/kaoyan/2025/04/07/8fe18e9400174ff187343625f9b988ad.png,jiuxianzai.oss-cn-beijing.aliyuncs.com,mini_program_asset,暨南大学,2025,复录比;复试人数;拟录取中位;拟录取人数;拟录取最低;拟录取最高;本科背景状态,asset_download,reachable,200,image/png,https://jiuxianzai.oss-cn-beijing.aliyuncs.com/kaoyan/2025/04/07/8fe18e9400174ff187343625f9b988ad.png,e5f9450fd280580ccc7a966b4fab7baeb8261ad3cef5f88f7ae56aa92adc080f,2026-10-09T06:26:11.173315+00:00,
https://jiuxianzai.oss-cn-beijing.aliyuncs.com/kaoyan/2025/04/07/9293c8bf7b364591aa57469f9ca85e7d.png,jiuxianzai.oss-cn-beijing.aliyuncs.com,mini_program_asset,华东理工大学,2025,复录比;复试人数;拟录取中位;拟录取人数;拟录取最低;拟录取最高;本科背景状态,asset_download,reachable,200,image/png,https://jiuxianzai.oss-cn-beijing.aliyuncs.com/kaoyan/2025/04/07/9293c8bf7b364591aa57469f9ca85e7d.png,fcf97e94db661f999b6891903e6f29ec29195cbd9d1a6367ea4249732621d525,2026-10-09T06:25:47.811008+00:00,
https://jiuxianzai.oss-cn-beijing.aliyuncs.com/kaoyan/2025/04/07/94af22aaf0a342dd9450908f4041b750.png,jiuxianzai.oss-cn-beijing.aliyuncs.com,mini_program_asset,中国石油大学（北京）,2025,复录比;复试人数;拟录取中位;拟录取人数;拟录取最低;拟录取最高;本科背景状态,asset_download,reachable,200,image/png,https://jiuxianzai.oss-cn-beijing.aliyuncs.com/kaoyan/2025/04/07/94af22aaf0a342dd9450908f4041b750.png,36dfb099b6ac1d24117f5e49b3641b791d7bd57cc76430fa5bbd44c0f5124280,2026-10-09T06:25:32.009913+00:00,
https://jiuxianzai.oss-cn-beijing.aliyuncs.com/kaoyan/2025/04/07/a89e7e6c9b114379830ff96901054756.png,jiuxianzai.oss-cn-beijing.aliyuncs.com,mini_program_asset,北京工业大学,2025,复录比;复试人数;拟录取中位;拟录取人数;拟录取最低;拟录取最高;本科背景状态,asset_download,reachable,200,image/png,https://jiuxianzai.oss-cn-beijing.aliyuncs.com/kaoyan/2025/04/07/a89e7e6c9b114379830ff96901054756.png,80d95b386583eed81f2c2b9eb33f361851a0460de051c8f0a80017cdf08236fd,2026-10-09T06:25:42.663569+00:00,
https://jiuxianzai.oss-cn-beijing.aliyuncs.com/kaoyan/2025/04/07/a91c4affade34593a8a96f7560f723c5.png,jiuxianzai.oss-cn-beijing.aliyuncs.com,mini_program_asset,苏州大学,2025,复录比;复试人数;拟录取中位;拟录取人数;拟录取最低;拟录取最高;本科背景状态,asset_download,reachable,200,image/png,https://jiuxianzai.oss-cn-beijing.aliyuncs.com/kaoyan/2025/04/07/a91c4affade34593a8a96f7560f723c5.png,7a0b56ecf9d2db8a6c4d2f2dbebda828eaea1f8f315b9c55d856e1ab1f10a47b,2026-10-09T06:26:17.677662+00:00,
https://jiuxianzai.oss-cn-beijing.aliyuncs.com/kaoyan/2025/04/07/aba39abdcd894e6783d53b1ab569a272.png,jiuxianzai.oss-cn-beijing.aliyuncs.com,mini_program_asset,中国地质大学（武汉）,2025,复录比;复试人数;拟录取中位;拟录取人数;拟录取最低;拟录取最高;本科背景状态,asset_download,reachable,200,image/png,https://jiuxianzai.oss-cn-beijing.aliyuncs.com/kaoyan/2025/04/07/aba39abdcd894e6783d53b1ab569a272.png,3ea23f0dff6f9976553b54e37828a94810a6ea8d401082d79ac5570341843d33,2026-10-09T06:25:30.978686+00:00,
https://jiuxianzai.oss-cn-beijing.aliyuncs.com/kaoyan/2025/04/07/af9d9dbab8cc43e882de93c13b60cac2.png,jiuxianzai.oss-cn-beijing.aliyuncs.com,mini_program_asset,西安电子科技大学,2025,复录比;复试人数;拟录取中位;拟录取人数;拟录取最低;拟录取最高;本科背景状态,asset_download,reachable,200,image/png,https://jiuxianzai.oss-cn-beijing.aliyuncs.com/kaoyan/2025/04/07/af9d9dbab8cc43e882de93c13b60cac2.png,c4da21baceb76d07e20c5663fd9e6f418567c890a9a383d63b3555e202d7f57b,2026-10-09T06:26:22.131497+00:00,
https://jiuxianzai.oss-cn-beijing.aliyuncs.com/kaoyan/2025/04/07/c1ced377a446479eac60ff59037430af.png,jiuxianzai.oss-cn-beijing.aliyuncs.com,mini_program_asset,河海大学,2025,复录比;复试人数;拟录取中位;拟录取人数;拟录取最低;拟录取最高;本科背景状态,asset_download,reachable,200,image/png,https://jiuxianzai.oss-cn-beijing.aliyuncs.com/kaoyan/2025/04/07/c1ced377a446479eac60ff59037430af.png,52b3e3d318cf411ac612a0bf1e71bc14eb0ae0d81b344a10ce02b22e07196477,2026-10-09T06:26:14.673815+00:00,
https://jiuxianzai.oss-cn-beijing.aliyuncs.com/kaoyan/2025/04/07/d6a4fac653064a3982719bbc5cd337a5.png,jiuxianzai.oss-cn-beijing.aliyuncs.com,mini_program_asset,东北林业大学,2025,复录比;复试人数;拟录取中位;拟录取人数;拟录取最低;拟录取最高;本科背景状态,asset_download,reachable,200,image/png,https://jiuxianzai.oss-cn-beijing.aliyuncs.com/kaoyan/2025/04/07/d6a4fac653064a3982719bbc5cd337a5.png,8c180e97815e286298582c732e29b1039ca71b5e3ad0ffaf788adbd5a5cb255c,2026-10-09T06:25:22.831693+00:00,
https://jiuxianzai.oss-cn-beijing.aliyuncs.com/kaoyan/2025/04/07/de0a5fa1bb924389987e6b869c209f90.png,jiuxianzai.oss-cn-beijing.aliyuncs.com,mini_program_asset,西北大学,2025,复录比;复试人数;拟录取中位;拟录取人数;拟录取最低;拟录取最高;本科背景状态,asset_download,reachable,200,image/png,https://jiuxianzai.oss-cn-beijing.aliyuncs.com/kaoyan/2025/04/07/de0a5fa1bb924389987e6b869c209f90.png,4bb37552f3f7285b7ae771ab5794228f7627ff224162cab5c8aafd0ee7621024,2026-10-09T06:26:18.297038+00:00,
https://jiuxianzai.oss-cn-beijing.aliyuncs.com/kaoyan/2025/04/09/a5b5fd0b034e4f6dbc597399095feb69.png,jiuxianzai.oss-cn-beijing.aliyuncs.com,mini_program_asset,宁夏大学,2025,复录比;复试人数;拟录取中位;拟录取人数;拟录取最低;拟录取最高;本科背景状态,asset_download,reachable,200,image/png,https://jiuxianzai.oss-cn-beijing.aliyuncs.com/kaoyan/2025/04/09/a5b5fd0b034e4f6dbc597399095feb69.png,e8a1a79003689bdeef70b1217a76bdfb2388e4c03fba47f5968c3137bdffd7ad,2026-10-09T06:26:04.586067+00:00,
https://jiuxianzai.oss-cn-beijing.aliyuncs.com/kaoyan/2025/04/15/54c119553e26427eb9e7ae3389938342.png,jiuxianzai.oss-cn-beijing.aliyuncs.com,mini_program_asset,太原理工大学,2025,复录比;复试人数;拟录取中位;拟录取人数;拟录取最低;拟录取最高;本科背景状态,asset_download,reachable,200,image/png,https://jiuxianzai.oss-cn-beijing.aliyuncs.com/kaoyan/2025/04/15/54c119553e26427eb9e7ae3389938342.png,452925a69d057fae06452accb205cd6f68830c9e289cba9c532dfcdc96a7be08,2026-10-09T06:26:03.982852+00:00,
https://jiuxianzai.oss-cn-beijing.aliyuncs.com/kaoyan/2025/04/15/874755a1dd93485abff682720b64daa0.png,jiuxianzai.oss-cn-beijing.aliyuncs.com,mini_program_asset,南京师范大学,2025,复录比;复试人数;拟录取中位;拟录取人数;拟录取最低;拟录取最高;本科背景状态,asset_download,reachable,200,image/png,https://jiuxianzai.oss-cn-beijing.aliyuncs.com/kaoyan/2025/04/15/874755a1dd93485abff682720b64daa0.png,979ddbbd6cf72d8d8efee42e9e7b8773e7282b4c16b1521236ddd0571311094d,2026-10-09T06:25:55.367935+00:00,
https://jiuxianzai.oss-cn-beijing.aliyuncs.com/kaoyan/2025/04/15/99228ebf303344ef8ed8ea606faceace.png,jiuxianzai.oss-cn-beijing.aliyuncs.com,mini_program_asset,北京师范大学,2025,复录比;复试人数;拟录取中位;拟录取人数;拟录取最低;拟录取最高;本科背景状态,asset_download,reachable,200,image/png,https://jiuxianzai.oss-cn-beijing.aliyuncs.com/kaoyan/2025/04/15/99228ebf303344ef8ed8ea606faceace.png,aba4e15d6454e5231e1b7cc25130382c0d0fdaa0221fb7f0d97e08d5c9bfce09,2026-10-09T06:25:45.632546+00:00,
https://jiuxianzai.oss-cn-beijing.aliyuncs.com/kaoyan/2025/04/15/a897cd0d0f704a12b69324750bcb45f1.png,jiuxianzai.oss-cn-beijing.aliyuncs.com,mini_program_asset,北京师范大学,2025,复录比;复试人数;拟录取中位;拟录取人数;拟录取最低;拟录取最高;本科背景状态,asset_download,reachable,200,image/png,https://jiuxianzai.oss-cn-beijing.aliyuncs.com/kaoyan/2025/04/15/a897cd0d0f704a12b69324750bcb45f1.png,5938f9191cad66bddda208fa397613ddebda70473139b4c681398ea5eacd4386,2026-10-09T06:25:45.869899+00:00,
https://jiuxianzai.oss-cn-beijing.aliyuncs.com/kaoyan/2025/04/20/52d4b020b43042609c22b16b78e1f57c.png,jiuxianzai.oss-cn-beijing.aliyuncs.com,mini_program_asset,南京大学,2025,复录比;复试人数;拟录取中位;拟录取人数;拟录取最低;拟录取最高;本科背景状态,asset_download,reachable,200,image/png,https://jiuxianzai.oss-cn-beijing.aliyuncs.com/kaoyan/2025/04/20/52d4b020b43042609c22b16b78e1f57c.png,42abab6eb95958888e02694d94aca26fdfc82766f59e91c4d2589410dc151b73,2026-10-09T06:25:54.193402+00:00,
https://jiuxianzai.oss-cn-beijing.aliyuncs.com/kaoyan/2025/10/09/32295303b66d4779947c56c9f060e40f.png,jiuxianzai.oss-cn-beijing.aliyuncs.com,mini_program_asset,东北大学,2025,复录比;复试人数;拟录取中位;拟录取人数;拟录取最低;拟录取最高;本科背景状态,asset_download,reachable,200,image/png,https://jiuxianzai.oss-cn-beijing.aliyuncs.com/kaoyan/2025/10/09/32295303b66d4779947c56c9f060e40f.png,bdf945f82968f0ff0e5f61ab24e3156ec28845679b7957d53d5f670b0bbcdf54,2026-10-09T06:25:21.393426+00:00,
https://jiuxianzai.oss-cn-beijing.aliyuncs.com/kaoyan/2025/10/09/493c0cb2fdc24af78d8a6217259f6347.png,jiuxianzai.oss-cn-beijing.aliyuncs.com,mini_program_asset,东北师范大学,2025,复录比;复试人数;拟录取中位;拟录取人数;拟录取最低;拟录取最高;本科背景状态,asset_download,reachable,200,image/png,https://jiuxianzai.oss-cn-beijing.aliyuncs.com/kaoyan/2025/10/09/493c0cb2fdc24af78d8a6217259f6347.png,a6976780c594424f75b7e72f3d83633b3b27756aa8898e8511130f51e1f02733,2026-10-09T06:25:22.762441+00:00,
https://jiuxianzai.oss-cn-beijing.aliyuncs.com/kaoyan/2025/10/09/725c31dad99449fc9f057e721eb99b9c.png,jiuxianzai.oss-cn-beijing.aliyuncs.com,mini_program_asset,东北大学,2025,复录比;复试人数;拟录取中位;拟录取人数;拟录取最低;拟录取最高;本科背景状态,asset_download,reachable,200,image/png,https://jiuxianzai.oss-cn-beijing.aliyuncs.com/kaoyan/2025/10/09/725c31dad99449fc9f057e721eb99b9c.png,2ed9e21f82fbef707378b8a6a4062ed16a918cf259b7a681b5d601455ee78e8b,2026-10-09T06:25:21.603016+00:00,
https://jiuxianzai.oss-cn-beijing.aliyuncs.com/kaoyan/2025/10/09/a857ed71463241fda4cae68b1283d32f.png,jiuxianzai.oss-cn-beijing.aliyuncs.com,mini_program_asset,东北大学,2025,复录比;复试人数;拟录取中位;拟录取人数;拟录取最低;拟录取最高;本科背景状态,asset_download,reachable,200,image/png,https://jiuxianzai.oss-cn-beijing.aliyuncs.com/kaoyan/2025/10/09/a857ed71463241fda4cae68b1283d32f.png,1e29241c18fb8987e601387d52b940188134e7d4b221bed2c1b79e213f8cfc25,2026-10-09T06:25:21.593008+00:00,
https://jiuxianzai.oss-cn-beijing.aliyuncs.com/kaoyan/2026/05/06/05b9aca53bf44e92aac7cc0a8c56a3d7.png,jiuxianzai.oss-cn-beijing.aliyuncs.com,mini_program_asset,清华大学,2026,复录比;复试人数;拟录取中位;拟录取人数;拟录取最低;拟录取最高;本科背景状态,asset_download,reachable,200,image/png,https://jiuxianzai.oss-cn-beijing.aliyuncs.com/kaoyan/2026/05/06/05b9aca53bf44e92aac7cc0a8c56a3d7.png,1bd87ca691f9487e6a3498d09ed84d6dd04c39c234923de8ff3e282f6a3d4623,2026-10-09T06:26:15.044780+00:00,
https://jiuxianzai.oss-cn-beijing.aliyuncs.com/kaoyan/2026/05/06/d0538b2afbd7447ca69d5c87f49a8718.png,jiuxianzai.oss-cn-beijing.aliyuncs.com,mini_program_asset,上海交通大学,2026,复录比;复试人数;拟录取中位;拟录取人数;拟录取最低;拟录取最高;本科背景状态,asset_download,reachable,200,image/png,https://jiuxianzai.oss-cn-beijing.aliyuncs.com/kaoyan/2026/05/06/d0538b2afbd7447ca69d5c87f49a8718.png,6f387b3ce7aabae0e50e80e686674d6f4139f3aee2362cd83bfd0afa4001e012,2026-10-09T06:25:17.182882+00:00,
https://jiuxianzai.oss-cn-beijing.aliyuncs.com/kaoyan/2026/05/14/09d9417cf1ed4819a8ec6bbd8f4f13c3.png,jiuxianzai.oss-cn-beijing.aliyuncs.com,mini_program_asset,山东大学,2026,复录比;复试人数;拟录取中位;拟录取人数;拟录取最低;拟录取最高;本科背景状态,asset_download,reachable,200,image/png,https://jiuxianzai.oss-cn-beijing.aliyuncs.com/kaoyan/2026/05/14/09d9417cf1ed4819a8ec6bbd8f4f13c3.png,08faace4bac541bdd050ff1a3799cd197e73ef8066862a6b9ca25eaa9e2cfc5d,2026-10-09T06:26:07.846152+00:00,
https://jiuxianzai.oss-cn-beijing.aliyuncs.com/kaoyan/2026/05/14/13d30b77ca544932bb1417fed8d1dfd2.png,jiuxianzai.oss-cn-beijing.aliyuncs.com,mini_program_asset,西安交通大学,2026,复录比;复试人数;拟录取中位;拟录取人数;拟录取最低;拟录取最高;本科背景状态,asset_download,reachable,200,image/png,https://jiuxianzai.oss-cn-beijing.aliyuncs.com/kaoyan/2026/05/14/13d30b77ca544932bb1417fed8d1dfd2.png,8707a4f1cb0863483ec411c8a2c211aad56462793161d07342aff2155bbf17bd,2026-10-09T06:26:21.903714+00:00,
https://jiuxianzai.oss-cn-beijing.aliyuncs.com/kaoyan/2026/05/14/1aca6d9e31e341368d6514815a476373.png,jiuxianzai.oss-cn-beijing.aliyuncs.com,mini_program_asset,华东师范大学,2026,复录比;复试人数;拟录取中位;拟录取人数;拟录取最低;拟录取最高;本科背景状态,asset_download,reachable,200,image/png,https://jiuxianzai.oss-cn-beijing.aliyuncs.com/kaoyan/2026/05/14/1aca6d9e31e341368d6514815a476373.png,439e5f9fa81ddffca927609b943d2ea0359138f9a16029a2b515eba8a9adace2,2026-10-09T06:25:48.433537+00:00,
https://jiuxianzai.oss-cn-beijing.aliyuncs.com/kaoyan/2026/05/14/21b2e7050f184975974d0f5cd028600d.png,jiuxianzai.oss-cn-beijing.aliyuncs.com,mini_program_asset,中山大学,2026,复录比;复试人数;拟录取中位;拟录取人数;拟录取最低;拟录取最高;本科背景状态,asset_download,reachable,200,image/png,https://jiuxianzai.oss-cn-beijing.aliyuncs.com/kaoyan/2026/05/14/21b2e7050f184975974d0f5cd028600d.png,01c8b6ff86eadde322c7800f3f704e6ffb3d7b1e21dd5165befc02d4dbe42472,2026-10-09T06:25:37.836622+00:00,
https://jiuxianzai.oss-cn-beijing.aliyuncs.com/kaoyan/2026/05/14/287833fb5d0b4f38a9e81106b062ca35.png,jiuxianzai.oss-cn-beijing.aliyuncs.com,mini_program_asset,山东大学,2026,复录比;复试人数;拟录取中位;拟录取人数;拟录取最低;拟录取最高;本科背景状态,asset_download,reachable,200,image/png,https://jiuxianzai.oss-cn-beijing.aliyuncs.com/kaoyan/2026/05/14/287833fb5d0b4f38a9e81106b062ca35.png,981fbb7785e11c9e21baf0ea78edb4ab20aa9329e956cea87bfd9ff8d0e0f587,2026-10-09T06:26:07.981677+00:00,
https://jiuxianzai.oss-cn-beijing.aliyuncs.com/kaoyan/2026/05/14/2c6b0c02223343069b9f6a790e6cfe26.png,jiuxianzai.oss-cn-beijing.aliyuncs.com,mini_program_asset,哈尔滨工业大学,2026,复录比;复试人数;拟录取中位;拟录取人数;拟录取最低;拟录取最高;本科背景状态,asset_download,reachable,200,image/png,https://jiuxianzai.oss-cn-beijing.aliyuncs.com/kaoyan/2026/05/14/2c6b0c02223343069b9f6a790e6cfe26.png,769f5299def87c4283688e5c01bc1f8b198c762c32931f11ab74453ab052db67,2026-10-09T06:25:59.560140+00:00,
https://jiuxianzai.oss-cn-beijing.aliyuncs.com/kaoyan/2026/05/14/36dfeea154274c78b21d6ee3f2cd8e26.png,jiuxianzai.oss-cn-beijing.aliyuncs.com,mini_program_asset,大连理工大学,2026,复录比;复试人数;拟录取中位;拟录取人数;拟录取最低;拟录取最高;本科背景状态,asset_download,reachable,200,image/png,https://jiuxianzai.oss-cn-beijing.aliyuncs.com/kaoyan/2026/05/14/36dfeea154274c78b21d6ee3f2cd8e26.png,c96bec04e18e56ce85784e4313993a18d804dfbca329d9e4a138d5d5ff8f5424,2026-10-09T06:26:03.908503+00:00,
https://jiuxianzai.oss-cn-beijing.aliyuncs.com/kaoyan/2026/05/14/3daa2a7a7ed44da095916da7d2643b46.png,jiuxianzai.oss-cn-beijing.aliyuncs.com,mini_program_asset,中国人民大学,2026,复录比;复试人数;拟录取中位;拟录取人数;拟录取最低;拟录取最高;本科背景状态,asset_download,reachable,200,image/png,https://jiuxianzai.oss-cn-beijing.aliyuncs.com/kaoyan/2026/05/14/3daa2a7a7ed44da095916da7d2643b46.png,98987d833b0b7e0a753c7da40db3d5584c2d1fe040a4558ce4b912e7a6f7225a,2026-10-09T06:25:28.422062+00:00,
https://jiuxianzai.oss-cn-beijing.aliyuncs.com/kaoyan/2026/05/14/3f0bfbbc422b4bdab6aabdd20c18216d.png,jiuxianzai.oss-cn-beijing.aliyuncs.com,mini_program_asset,中国人民大学,2026,复录比;复试人数;拟录取中位;拟录取人数;拟录取最低;拟录取最高;本科背景状态,asset_download,reachable,200,image/png,https://jiuxianzai.oss-cn-beijing.aliyuncs.com/kaoyan/2026/05/14/3f0bfbbc422b4bdab6aabdd20c18216d.png,699fa8cd16d651ca43a0ac1cc018817fd6a95b7583999c7c5f7877fdcc22ee9a,2026-10-09T06:25:28.795395+00:00,
https://jiuxianzai.oss-cn-beijing.aliyuncs.com/kaoyan/2026/05/14/425536ad86a84134be2e5d24b9636d87.png,jiuxianzai.oss-cn-beijing.aliyuncs.com,mini_program_asset,西北工业大学,2026,拟录取中位;拟录取人数;拟录取最低;拟录取最高;本科背景状态,asset_download,reachable,200,image/png,https://jiuxianzai.oss-cn-beijing.aliyuncs.com/kaoyan/2026/05/14/425536ad86a84134be2e5d24b9636d87.png,1ee6efd89eb2c73651583f4d37687d01fd9ee7ea44d9f9cca9f1b99abfaf7aed,2026-10-09T06:26:18.616388+00:00,
https://jiuxianzai.oss-cn-beijing.aliyuncs.com/kaoyan/2026/05/14/42898c0fa4a54ea0a37e76f95f5243c9.png,jiuxianzai.oss-cn-beijing.aliyuncs.com,mini_program_asset,中国海洋大学,2026,复录比;复试人数;拟录取中位;拟录取人数;拟录取最低;拟录取最高;本科背景状态,asset_download,reachable,200,image/png,https://jiuxianzai.oss-cn-beijing.aliyuncs.com/kaoyan/2026/05/14/42898c0fa4a54ea0a37e76f95f5243c9.png,28da40c18930e70a6bf53c2c61db7ed266f78b41d9423d835b99114ff206789e,2026-10-09T06:25:31.533504+00:00,
https://jiuxianzai.oss-cn-beijing.aliyuncs.com/kaoyan/2026/05/14/437591903b11459190d442b1403f841f.png,jiuxianzai.oss-cn-beijing.aliyuncs.com,mini_program_asset,南京大学,2026,复录比;复试人数;拟录取中位;拟录取人数;拟录取最低;拟录取最高;本科背景状态,asset_download,reachable,200,image/png,https://jiuxianzai.oss-cn-beijing.aliyuncs.com/kaoyan/2026/05/14/437591903b11459190d442b1403f841f.png,8a3d1a3c3fb412a0eee32299cbefde3da5fd2e19f7854377105ff1e22416c083,2026-10-09T06:25:54.268413+00:00,
https://jiuxianzai.oss-cn-beijing.aliyuncs.com/kaoyan/2026/05/14/52b85047fb4646c5b697709c02989293.png,jiuxianzai.oss-cn-beijing.aliyuncs.com,mini_program_asset,山东大学,2026,复录比;复试人数;拟录取中位;拟录取人数;拟录取最低;拟录取最高;本科背景状态,asset_download,reachable,200,image/png,https://jiuxianzai.oss-cn-beijing.aliyuncs.com/kaoyan/2026/05/14/52b85047fb4646c5b697709c02989293.png,9b7eed7f6186f5a7fd852c646f4e0b46a4ec44155a26512431c85382fddbd7b3,2026-10-09T06:26:08.630607+00:00,
https://jiuxianzai.oss-cn-beijing.aliyuncs.com/kaoyan/2026/05/14/55407a0a14d947c9913baf5ea3f75152.png,jiuxianzai.oss-cn-beijing.aliyuncs.com,mini_program_asset,四川大学,2026,复录比;复试人数;拟录取中位;拟录取人数;拟录取最低;拟录取最高;本科背景状态,asset_download,reachable,200,image/png,https://jiuxianzai.oss-cn-beijing.aliyuncs.com/kaoyan/2026/05/14/55407a0a14d947c9913baf5ea3f75152.png,273b507829f67c16278bdc3962ff8ce7aef58fd004a2b206a2074883baf3ac66,2026-10-09T06:26:01.072027+00:00,
https://jiuxianzai.oss-cn-beijing.aliyuncs.com/kaoyan/2026/05/14/6736f3662922478a98137b87757c4516.png,jiuxianzai.oss-cn-beijing.aliyuncs.com,mini_program_asset,重庆大学,2026,复录比;复试人数;拟录取中位;拟录取人数;拟录取最低;拟录取最高;本科背景状态,asset_download,reachable,200,image/png,https://jiuxianzai.oss-cn-beijing.aliyuncs.com/kaoyan/2026/05/14/6736f3662922478a98137b87757c4516.png,33e70c885142ea391d9c867fb5b2e1c0ad2342c8e6ffb1a04bd4f1130e16d577,2026-10-09T06:26:27.717509+00:00,
https://jiuxianzai.oss-cn-beijing.aliyuncs.com/kaoyan/2026/05/14/6a31d9257d03465e8ce07001c0371e93.png,jiuxianzai.oss-cn-beijing.aliyuncs.com,mini_program_asset,山东大学,2026,复录比;复试人数;拟录取中位;拟录取人数;拟录取最低;拟录取最高;本科背景状态,asset_download,reachable,200,image/png,https://jiuxianzai.oss-cn-beijing.aliyuncs.com/kaoyan/2026/05/14/6a31d9257d03465e8ce07001c0371e93.png,d8e9ef0c3cc5ff019ef8c78733ff9425f54051ca2e11e13b8a90ddd36c7b6ca3,2026-10-09T06:26:08.042216+00:00,
https://jiuxianzai.oss-cn-beijing.aliyuncs.com/kaoyan/2026/05/14/80a2e940041d43d1a7a4f3885b38f55e.png,jiuxianzai.oss-cn-beijing.aliyuncs.com,mini_program_asset,厦门大学,2026,复录比;复试人数;拟录取中位;拟录取人数;拟录取最低;拟录取最高;本科背景状态,asset_download,reachable,200,image/png,https://jiuxianzai.oss-cn-beijing.aliyuncs.com/kaoyan/2026/05/14/80a2e940041d43d1a7a4f3885b38f55e.png,fd35083b95fc58ffde2015cbe5686dfab1f04d4c59312b8be30fbcd1b87e92d2,2026-10-09T06:25:58.419611+00:00,
https://jiuxianzai.oss-cn-beijing.aliyuncs.com/kaoyan/2026/05/14/87876062a28d4054aa88130454389599.png,jiuxianzai.oss-cn-beijing.aliyuncs.com,mini_program_asset,中山大学,2026,复录比;复试人数;拟录取中位;拟录取人数;拟录取最低;拟录取最高;本科背景状态,asset_download,reachable,200,image/png,https://jiuxianzai.oss-cn-beijing.aliyuncs.com/kaoyan/2026/05/14/87876062a28d4054aa88130454389599.png,f6d8b40b5babb179fb5d7be6ece29530d71bc1624eac8cf5d692395e5a9edd72,2026-10-09T06:25:38.987568+00:00,
https://jiuxianzai.oss-cn-beijing.aliyuncs.com/kaoyan/2026/05/14/92f69d1e6e5841cba0f12bd65b456812.png,jiuxianzai.oss-cn-beijing.aliyuncs.com,mini_program_asset,哈尔滨工业大学,2026,复录比;复试人数;拟录取中位;拟录取人数;拟录取最低;拟录取最高;本科背景状态,asset_download,reachable,200,image/png,https://jiuxianzai.oss-cn-beijing.aliyuncs.com/kaoyan/2026/05/14/92f69d1e6e5841cba0f12bd65b456812.png,69bde01492144147d22ff5b0ffb7214c5e922d34fc16a4dba467a770ae794705,2026-10-09T06:26:00.529158+00:00,
https://jiuxianzai.oss-cn-beijing.aliyuncs.com/kaoyan/2026/05/14/9a328bdb0ac24b58a25f9d9dd7804b69.png,jiuxianzai.oss-cn-beijing.aliyuncs.com,mini_program_asset,兰州大学,2026,复录比;复试人数;拟录取中位;拟录取人数;拟录取最低;拟录取最高;本科背景状态,asset_download,reachable,200,image/png,https://jiuxianzai.oss-cn-beijing.aliyuncs.com/kaoyan/2026/05/14/9a328bdb0ac24b58a25f9d9dd7804b69.png,00fbc1abfefebdf818b4d0407a05fd9dee36cc8695067e01193882afcdf94fd6,2026-10-09T06:25:41.072374+00:00,
https://jiuxianzai.oss-cn-beijing.aliyuncs.com/kaoyan/2026/05/14/a331294371e0400eb623577d8b708a57.png,jiuxianzai.oss-cn-beijing.aliyuncs.com,mini_program_asset,中国科学技术大学,2026,复录比;复试人数;拟录取中位;拟录取人数;拟录取最低;拟录取最高;本科背景状态,asset_download,reachable,200,image/png,https://jiuxianzai.oss-cn-beijing.aliyuncs.com/kaoyan/2026/05/14/a331294371e0400eb623577d8b708a57.png,7e75861addee47cf4125f6ae0246bdf24a5e68ddd5fafd99d3232c6897a7e90e,2026-10-09T06:25:33.951251+00:00,
https://jiuxianzai.oss-cn-beijing.aliyuncs.com/kaoyan/2026/05/14/b26470a58b3b4d5385327ea94c17b097.png,jiuxianzai.oss-cn-beijing.aliyuncs.com,mini_program_asset,四川大学,2026,复录比;复试人数;拟录取中位;拟录取人数;拟录取最低;拟录取最高;本科背景状态,asset_download,reachable,200,image/png,https://jiuxianzai.oss-cn-beijing.aliyuncs.com/kaoyan/2026/05/14/b26470a58b3b4d5385327ea94c17b097.png,b3293065b4c50f284f630135bd6dbbbdf67233559e137330bbb53916c4f455c1,2026-10-09T06:26:00.854214+00:00,
https://jiuxianzai.oss-cn-beijing.aliyuncs.com/kaoyan/2026/05/14/bb2e4ecdadfe486db188cb4f994d1467.png,jiuxianzai.oss-cn-beijing.aliyuncs.com,mini_program_asset,吉林大学,2026,复录比;复试人数;拟录取中位;拟录取人数;拟录取人数、初试最低/中位/最高、复录比;拟录取最低;拟录取最高;本科背景状态,asset_download,reachable,200,image/png,https://jiuxianzai.oss-cn-beijing.aliyuncs.com/kaoyan/2026/05/14/bb2e4ecdadfe486db188cb4f994d1467.png,90f489766585d273fcbc902e7c78fab1bd588b47001cbf702b661a8b59cbcd0e,2026-10-09T06:25:58.413617+00:00,
https://jiuxianzai.oss-cn-beijing.aliyuncs.com/kaoyan/2026/05/14/cbbb426fb24e4d65add78f045bd3f78e.png,jiuxianzai.oss-cn-beijing.aliyuncs.com,mini_program_asset,中央民族大学,2026,复录比;复试人数;拟录取中位;拟录取人数;拟录取最低;拟录取最高;本科背景状态,asset_download,reachable,200,image/png,https://jiuxianzai.oss-cn-beijing.aliyuncs.com/kaoyan/2026/05/14/cbbb426fb24e4d65add78f045bd3f78e.png,975d2e0fd30d3c272d98a785f6374da507c68ea06fabd559960b3e8be42141dd,2026-10-09T06:25:35.832792+00:00,
https://jiuxianzai.oss-cn-beijing.aliyuncs.com/kaoyan/2026/05/14/d197fe2a4f854380b6a8db339bc3a696.png,jiuxianzai.oss-cn-beijing.aliyuncs.com,mini_program_asset,西安交通大学,2026,复录比;复试人数;拟录取中位;拟录取人数;拟录取最低;拟录取最高;本科背景状态,asset_download,reachable,200,image/png,https://jiuxianzai.oss-cn-beijing.aliyuncs.com/kaoyan/2026/05/14/d197fe2a4f854380b6a8db339bc3a696.png,12e959b2dcdc64dd1f32275b4077e94d94cf7e62db003abe25475c24862f0132,2026-10-09T06:26:22.055976+00:00,
https://jiuxianzai.oss-cn-beijing.aliyuncs.com/kaoyan/2026/05/15/01e65f7cd26f4845ace98d6e77e9c11e.png,jiuxianzai.oss-cn-beijing.aliyuncs.com,mini_program_asset,北京林业大学,2026,复录比;复试人数;拟录取中位;拟录取人数;拟录取最低;拟录取最高;本科背景状态,asset_download,reachable,200,image/png,https://jiuxianzai.oss-cn-beijing.aliyuncs.com/kaoyan/2026/05/15/01e65f7cd26f4845ace98d6e77e9c11e.png,2aa0cc0a5d9b8d858569c857d83023189f97ce03d85ce383231143f75fb67cca,2026-10-09T06:25:46.637613+00:00,
https://jiuxianzai.oss-cn-beijing.aliyuncs.com/kaoyan/2026/05/15/036bfff27b8b44778020bff05673062a.png,jiuxianzai.oss-cn-beijing.aliyuncs.com,mini_program_asset,上海财经大学,2026,复录比;复试人数;拟录取中位;拟录取人数;拟录取最低;拟录取最高;本科背景状态,asset_download,reachable,200,image/png,https://jiuxianzai.oss-cn-beijing.aliyuncs.com/kaoyan/2026/05/15/036bfff27b8b44778020bff05673062a.png,4df31b3ec69d18f0b55b61b34d802de7ffc372347ab737826a671751bdb37191,2026-10-09T06:25:19.447677+00:00,
https://jiuxianzai.oss-cn-beijing.aliyuncs.com/kaoyan/2026/05/15/0549154548634c448801570a46b705c4.png,jiuxianzai.oss-cn-beijing.aliyuncs.com,mini_program_asset,内蒙古大学,2026,复录比;复试人数;拟录取中位;拟录取人数;拟录取最低;拟录取最高;本科背景状态,asset_download,reachable,200,image/png,https://jiuxianzai.oss-cn-beijing.aliyuncs.com/kaoyan/2026/05/15/0549154548634c448801570a46b705c4.png,b926750c7847707ed40b213ba744c2ea7df59a941bd2b0dfefbd57397034b7c9,2026-10-09T06:25:40.920228+00:00,
https://jiuxianzai.oss-cn-beijing.aliyuncs.com/kaoyan/2026/05/15/10a91af297604e30bcdcceb6827ff524.png,jiuxianzai.oss-cn-beijing.aliyuncs.com,mini_program_asset,河海大学,2026,复录比;复试人数;拟录取中位;拟录取人数;拟录取最低;拟录取最高;本科背景状态,asset_download,reachable,200,image/png,https://jiuxianzai.oss-cn-beijing.aliyuncs.com/kaoyan/2026/05/15/10a91af297604e30bcdcceb6827ff524.png,772753c7927ee230e20c696fb2db5fdaef6a6fffd3e9f669446a0f89bf31fddc,2026-10-09T06:26:13.908877+00:00,
https://jiuxianzai.oss-cn-beijing.aliyuncs.com/kaoyan/2026/05/15/1fd25e819ba54ff49e91f415dc879161.png,jiuxianzai.oss-cn-beijing.aliyuncs.com,mini_program_asset,辽宁大学,2026,复录比;复试人数;拟录取中位;拟录取人数;拟录取最低;拟录取最高;本科背景状态,asset_download,reachable,200,image/png,https://jiuxianzai.oss-cn-beijing.aliyuncs.com/kaoyan/2026/05/15/1fd25e819ba54ff49e91f415dc879161.png,01810f66dab2143138e07e08820b0543bce696f9dc8d1c803b47946ee75e0846,2026-10-09T06:26:25.059488+00:00,
https://jiuxianzai.oss-cn-beijing.aliyuncs.com/kaoyan/2026/05/15/206a8989fb864f22af9f2267ae2d6773.png,jiuxianzai.oss-cn-beijing.aliyuncs.com,mini_program_asset,中国石油大学（北京）,2026,复录比;复试人数;拟录取中位;拟录取人数;拟录取最低;拟录取最高;本科背景状态,asset_download,reachable,200,image/png,https://jiuxianzai.oss-cn-beijing.aliyuncs.com/kaoyan/2026/05/15/206a8989fb864f22af9f2267ae2d6773.png,ab2051806276c1821a2cc8722076fcb5ab326db86b6473d352b5a222545c184b,2026-10-09T06:25:32.208468+00:00,
https://jiuxianzai.oss-cn-beijing.aliyuncs.com/kaoyan/2026/05/15/21a655f4bfc9408f8ac8ffa1557bfd97.png,jiuxianzai.oss-cn-beijing.aliyuncs.com,mini_program_asset,华南师范大学,2026,复录比;复试人数;拟录取中位;拟录取人数;拟录取最低;拟录取最高;本科背景状态,asset_download,reachable,200,image/png,https://jiuxianzai.oss-cn-beijing.aliyuncs.com/kaoyan/2026/05/15/21a655f4bfc9408f8ac8ffa1557bfd97.png,6b0c51ec214a82a90bc6659a49cc6995ebc489aa0e9b02c8e0335c49bd6e8d73,2026-10-09T06:25:53.479490+00:00,
https://jiuxianzai.oss-cn-beijing.aliyuncs.com/kaoyan/2026/05/15/2238d928f947414b85a436dac60ce72b.png,jiuxianzai.oss-cn-beijing.aliyuncs.com,mini_program_asset,福州大学,2026,复录比;复试人数;拟录取中位;拟录取人数;拟录取最低;拟录取最高;本科背景状态,asset_download,reachable,200,image/png,https://jiuxianzai.oss-cn-beijing.aliyuncs.com/kaoyan/2026/05/15/2238d928f947414b85a436dac60ce72b.png,722a57cc7ff7e0b58849d2e04324bea922eb42e519e64c7b414c6a4ddeb6f8f2,2026-10-09T06:26:17.201592+00:00,
https://jiuxianzai.oss-cn-beijing.aliyuncs.com/kaoyan/2026/05/15/2903b99fb021427f908ffceeb4088294.png,jiuxianzai.oss-cn-beijing.aliyuncs.com,mini_program_asset,郑州大学,2026,复录比;复试人数;拟录取中位;拟录取人数;拟录取最低;拟录取最高;本科背景状态,asset_download,reachable,200,image/png,https://jiuxianzai.oss-cn-beijing.aliyuncs.com/kaoyan/2026/05/15/2903b99fb021427f908ffceeb4088294.png,099abf2fab523a6baf71c34044cb597e7fc249b0dffe3fcd22a9b3c05dad504e,2026-10-09T06:26:25.718532+00:00,
https://jiuxianzai.oss-cn-beijing.aliyuncs.com/kaoyan/2026/05/15/2e41765a68034441b23b22eda7e31720.png,jiuxianzai.oss-cn-beijing.aliyuncs.com,mini_program_asset,湖南师范大学,2026,复录比;复试人数;拟录取中位;拟录取人数;拟录取最低;拟录取最高;本科背景状态,asset_download,reachable,200,image/png,https://jiuxianzai.oss-cn-beijing.aliyuncs.com/kaoyan/2026/05/15/2e41765a68034441b23b22eda7e31720.png,35f0013b14d81888a8584a62079101d951f59bf016bf8cde17982ce0146c49f4,2026-10-09T06:26:16.219965+00:00,
https://jiuxianzai.oss-cn-beijing.aliyuncs.com/kaoyan/2026/05/15/35a6c75331ae467abbd27bdf569d65bf.png,jiuxianzai.oss-cn-beijing.aliyuncs.com,mini_program_asset,太原理工大学,2026,复录比;复试人数;拟录取中位;拟录取人数;拟录取最低;拟录取最高;本科背景状态,asset_download,reachable,200,image/png,https://jiuxianzai.oss-cn-beijing.aliyuncs.com/kaoyan/2026/05/15/35a6c75331ae467abbd27bdf569d65bf.png,ee763b6c72649765f790b01234a73319bd204873ba62900d62e3b29086c5268b,2026-10-09T06:26:04.387749+00:00,
https://jiuxianzai.oss-cn-beijing.aliyuncs.com/kaoyan/2026/05/15/3b79b2b49f95474eaf029356090b32c8.png,jiuxianzai.oss-cn-beijing.aliyuncs.com,mini_program_asset,西安电子科技大学,2026,复录比;复试人数;拟录取中位;拟录取人数;拟录取最低;拟录取最高;本科背景状态,asset_download,reachable,200,image/png,https://jiuxianzai.oss-cn-beijing.aliyuncs.com/kaoyan/2026/05/15/3b79b2b49f95474eaf029356090b32c8.png,c58b06cb24b8fcad9c854e87205fbed9c73aa2c5f313e198f67c7b0910158535,2026-10-09T06:26:22.834482+00:00,
https://jiuxianzai.oss-cn-beijing.aliyuncs.com/kaoyan/2026/05/15/48b8d0295cb848b88f35bf12b8a1998c.png,jiuxianzai.oss-cn-beijing.aliyuncs.com,mini_program_asset,贵州大学,2026,复录比;复试人数;拟录取中位;拟录取人数;拟录取最低;拟录取最高;本科背景状态,asset_download,reachable,200,image/png,https://jiuxianzai.oss-cn-beijing.aliyuncs.com/kaoyan/2026/05/15/48b8d0295cb848b88f35bf12b8a1998c.png,0bfd5910c65f659c07b2e71ef17b7df62bf7038045bb1b8c9fa43ed43ea9188a,2026-10-09T06:26:24.056708+00:00,
https://jiuxianzai.oss-cn-beijing.aliyuncs.com/kaoyan/2026/05/15/4ab0892d109e4f3ca3b3acc2c41a7b92.png,jiuxianzai.oss-cn-beijing.aliyuncs.com,mini_program_asset,北京交通大学,2026,复录比;复试人数;拟录取中位;拟录取人数;拟录取最低;拟录取最高;本科背景状态,asset_download,reachable,200,image/png,https://jiuxianzai.oss-cn-beijing.aliyuncs.com/kaoyan/2026/05/15/4ab0892d109e4f3ca3b3acc2c41a7b92.png,93793876b639aca226dec9a3e3de02f8b1c0162ca94ae963ddf80ef1797053cd,2026-10-09T06:25:41.519780+00:00,
https://jiuxianzai.oss-cn-beijing.aliyuncs.com/kaoyan/2026/05/15/55701d8b00784fc299ca7afbe226ce3e.png,jiuxianzai.oss-cn-beijing.aliyuncs.com,mini_program_asset,中国地质大学（武汉）,2026,复录比;复试人数;拟录取中位;拟录取人数;拟录取最低;拟录取最高;本科背景状态,asset_download,reachable,200,image/png,https://jiuxianzai.oss-cn-beijing.aliyuncs.com/kaoyan/2026/05/15/55701d8b00784fc299ca7afbe226ce3e.png,3028d3b2867615fa9b4c430566014abc1f21c2e33d0aa847ea7a15b10942c14d,2026-10-09T06:25:30.903271+00:00,
https://jiuxianzai.oss-cn-beijing.aliyuncs.com/kaoyan/2026/05/15/565068063a81423096af92f44b3b91c5.png,jiuxianzai.oss-cn-beijing.aliyuncs.com,mini_program_asset,石河子大学,2026,复录比;复试人数;拟录取中位;拟录取人数;拟录取最低;拟录取最高;本科背景状态,asset_download,reachable,200,image/png,https://jiuxianzai.oss-cn-beijing.aliyuncs.com/kaoyan/2026/05/15/565068063a81423096af92f44b3b91c5.png,535d113499a59b5ccdb606e01f87e984941aaa7a5c3f0d8ae2cf01d2728f220e,2026-10-09T06:26:15.776835+00:00,
https://jiuxianzai.oss-cn-beijing.aliyuncs.com/kaoyan/2026/05/15/5c03395d1e674b6191d6374486ad2aeb.png,jiuxianzai.oss-cn-beijing.aliyuncs.com,mini_program_asset,延边大学,2026,复录比;复试人数;拟录取中位;拟录取人数;拟录取最低;拟录取最高;本科背景状态,asset_download,reachable,200,image/png,https://jiuxianzai.oss-cn-beijing.aliyuncs.com/kaoyan/2026/05/15/5c03395d1e674b6191d6374486ad2aeb.png,cf30c869cdb54581243114587b980007ebadee67d071aec349c068170304ac69,2026-10-09T06:26:09.049722+00:00,
https://jiuxianzai.oss-cn-beijing.aliyuncs.com/kaoyan/2026/05/15/733bcffcf3e94532b0b67b19f6feed08.png,jiuxianzai.oss-cn-beijing.aliyuncs.com,mini_program_asset,西南大学,2026,复录比;复试人数;拟录取中位;拟录取人数;拟录取最低;拟录取最高;本科背景状态,asset_download,reachable,200,image/png,https://jiuxianzai.oss-cn-beijing.aliyuncs.com/kaoyan/2026/05/15/733bcffcf3e94532b0b67b19f6feed08.png,7876af392b8d40ff7fd22ab8e26225841d447a62525f59ca91345cb2eb13fb9e,2026-10-09T06:26:20.208769+00:00,
https://jiuxianzai.oss-cn-beijing.aliyuncs.com/kaoyan/2026/05/15/813d991d399d4854b68e49c37f215e21.png,jiuxianzai.oss-cn-beijing.aliyuncs.com,mini_program_asset,武汉理工大学,2026,复录比;复试人数;拟录取中位;拟录取人数;拟录取最低;拟录取最高;本科背景状态,asset_download,reachable,200,image/png,https://jiuxianzai.oss-cn-beijing.aliyuncs.com/kaoyan/2026/05/15/813d991d399d4854b68e49c37f215e21.png,51ed506335856ef1567200c09b1dd8b9d160bc0c9eaa301b267dadc79cc3790d,2026-10-09T06:26:13.299433+00:00,
https://jiuxianzai.oss-cn-beijing.aliyuncs.com/kaoyan/2026/05/15/85d8569f173f4aaeaf144a141dda91da.png,jiuxianzai.oss-cn-beijing.aliyuncs.com,mini_program_asset,西南交通大学,2026,复录比;复试人数;拟录取中位;拟录取人数;拟录取最低;拟录取最高;本科背景状态,asset_download,reachable,200,image/png,https://jiuxianzai.oss-cn-beijing.aliyuncs.com/kaoyan/2026/05/15/85d8569f173f4aaeaf144a141dda91da.png,353f17230c3ac064606099706cc612bad2db858f31682a896bf9c9b3a3f91597,2026-10-09T06:26:19.232548+00:00,
https://jiuxianzai.oss-cn-beijing.aliyuncs.com/kaoyan/2026/05/15/8a3d1f898dde4514bdb4ef8379652faa.png,jiuxianzai.oss-cn-beijing.aliyuncs.com,mini_program_asset,武汉理工大学,2026,复录比;复试人数;拟录取中位;拟录取人数;拟录取最低;拟录取最高;本科背景状态,asset_download,reachable,200,image/png,https://jiuxianzai.oss-cn-beijing.aliyuncs.com/kaoyan/2026/05/15/8a3d1f898dde4514bdb4ef8379652faa.png,6e80a6198ae5509b3f9e8439880d70afc6f262f7edb69d98309aa53b747b59ff,2026-10-09T06:26:13.102365+00:00,
https://jiuxianzai.oss-cn-beijing.aliyuncs.com/kaoyan/2026/05/15/8aedf96925764ffeb35f485ba6098608.png,jiuxianzai.oss-cn-beijing.aliyuncs.com,mini_program_asset,华中师范大学,2026,复录比;复试人数;拟录取中位;拟录取人数;拟录取最低;拟录取最高;本科背景状态,asset_download,reachable,200,image/png,https://jiuxianzai.oss-cn-beijing.aliyuncs.com/kaoyan/2026/05/15/8aedf96925764ffeb35f485ba6098608.png,ddaa2bd09d18a7b7845c9548c91d7ac2c2852fbd7b98e8fcf2d4f2c19a2ad87f,2026-10-09T06:25:49.930206+00:00,
https://jiuxianzai.oss-cn-beijing.aliyuncs.com/kaoyan/2026/05/15/92525064c0d046f09a20b71e3302cfa3.png,jiuxianzai.oss-cn-beijing.aliyuncs.com,mini_program_asset,南京理工大学,2026,复录比;复试人数;拟录取中位;拟录取人数;拟录取最低;拟录取最高;本科背景状态,asset_download,reachable,200,image/png,https://jiuxianzai.oss-cn-beijing.aliyuncs.com/kaoyan/2026/05/15/92525064c0d046f09a20b71e3302cfa3.png,8083310c01efc0bb8edbd4d35b830da393684c2314818ff9068e96c90e6af4bf,2026-10-09T06:25:55.371937+00:00,
https://jiuxianzai.oss-cn-beijing.aliyuncs.com/kaoyan/2026/05/15/9585821bd7d44cb7947ba384743b1034.png,jiuxianzai.oss-cn-beijing.aliyuncs.com,mini_program_asset,中国石油大学（华东）,2026,复录比;复试人数;拟录取中位;拟录取人数;拟录取最低;拟录取最高;本科背景状态,asset_download,reachable,200,image/png,https://jiuxianzai.oss-cn-beijing.aliyuncs.com/kaoyan/2026/05/15/9585821bd7d44cb7947ba384743b1034.png,4566698e3fc0f8153491c61429bfb83c20021e435353ef2c819c98a1400afb91,2026-10-09T06:25:33.428549+00:00,
https://jiuxianzai.oss-cn-beijing.aliyuncs.com/kaoyan/2026/05/15/98735ebcedcb4f4fbac7b0801faee479.png,jiuxianzai.oss-cn-beijing.aliyuncs.com,mini_program_asset,华北电力大学,2026,复录比;复试人数;拟录取中位;拟录取人数;拟录取最低;拟录取最高;本科背景状态,asset_download,reachable,200,image/png,https://jiuxianzai.oss-cn-beijing.aliyuncs.com/kaoyan/2026/05/15/98735ebcedcb4f4fbac7b0801faee479.png,516e2f49fdfa9b9613825016bbfa10aeb9bd4993a4ac5a5916e4d5aae1348eaa,2026-10-09T06:25:51.809141+00:00,
https://jiuxianzai.oss-cn-beijing.aliyuncs.com/kaoyan/2026/05/15/a0983a889afe4180b526b7901d2109de.png,jiuxianzai.oss-cn-beijing.aliyuncs.com,mini_program_asset,上海财经大学,2026,复录比;复试人数;拟录取中位;拟录取人数;拟录取最低;拟录取最高;本科背景状态,asset_download,reachable,200,image/png,https://jiuxianzai.oss-cn-beijing.aliyuncs.com/kaoyan/2026/05/15/a0983a889afe4180b526b7901d2109de.png,76722f5a1a1d9399adf904fa9c3800772dc285d101c3868833dd6d6d868a4452,2026-10-09T06:25:20.175527+00:00,
https://jiuxianzai.oss-cn-beijing.aliyuncs.com/kaoyan/2026/05/15/a2b6564a5de142f2a0e9fe90da8ef8d5.png,jiuxianzai.oss-cn-beijing.aliyuncs.com,mini_program_asset,北京交通大学,2026,复录比;复试人数;拟录取中位;拟录取人数;拟录取最低;拟录取最高;本科背景状态,asset_download,reachable,200,image/png,https://jiuxianzai.oss-cn-beijing.aliyuncs.com/kaoyan/2026/05/15/a2b6564a5de142f2a0e9fe90da8ef8d5.png,f00a3d89a996c97ff9570374f44a560896c39f416bb030b5ae215f0fbe301f7e,2026-10-09T06:25:42.031988+00:00,
https://jiuxianzai.oss-cn-beijing.aliyuncs.com/kaoyan/2026/05/15/a5466fb7226d4a4f9ad8c7f720b17d50.png,jiuxianzai.oss-cn-beijing.aliyuncs.com,mini_program_asset,北京工业大学,2026,复录比;复试人数;拟录取中位;拟录取人数;拟录取最低;拟录取最高;本科背景状态,asset_download,reachable,200,image/png,https://jiuxianzai.oss-cn-beijing.aliyuncs.com/kaoyan/2026/05/15/a5466fb7226d4a4f9ad8c7f720b17d50.png,049652a4dd4dbea923ff266fe8ce6049d4bfe4b5faf28c860dd695cfe8ae9f28,2026-10-09T06:25:42.788675+00:00,
https://jiuxianzai.oss-cn-beijing.aliyuncs.com/kaoyan/2026/05/15/a582d38c86bb487a87de637513c0ab78.png,jiuxianzai.oss-cn-beijing.aliyuncs.com,mini_program_asset,华北电力大学,2026,复录比;复试人数;拟录取中位;拟录取人数;拟录取最低;拟录取最高;本科背景状态,asset_download,reachable,200,image/png,https://jiuxianzai.oss-cn-beijing.aliyuncs.com/kaoyan/2026/05/15/a582d38c86bb487a87de637513c0ab78.png,050785a6ba8709194038882cf50a9e7b1e3bff735889ebcbf0b0ab99cc3ce2ce,2026-10-09T06:25:52.174631+00:00,
https://jiuxianzai.oss-cn-beijing.aliyuncs.com/kaoyan/2026/05/15/bbbe5c78d88e499e99c36f83a1577e39.png,jiuxianzai.oss-cn-beijing.aliyuncs.com,mini_program_asset,宁夏大学,2026,复录比;复试人数;拟录取中位;拟录取人数;拟录取最低;拟录取最高;本科背景状态,asset_download,reachable,200,image/png,https://jiuxianzai.oss-cn-beijing.aliyuncs.com/kaoyan/2026/05/15/bbbe5c78d88e499e99c36f83a1577e39.png,654150d6c5e23712a49045d3db695b7a147c5854866dc0a2976093e96fe5c2fc,2026-10-09T06:26:05.171023+00:00,
https://jiuxianzai.oss-cn-beijing.aliyuncs.com/kaoyan/2026/05/15/bdc1055f2e6f403b90a021720f07634f.png,jiuxianzai.oss-cn-beijing.aliyuncs.com,mini_program_asset,河北工业大学,2026,复录比;复试人数;拟录取中位;拟录取人数;拟录取最低;拟录取最高;本科背景状态,asset_download,reachable,200,image/png,https://jiuxianzai.oss-cn-beijing.aliyuncs.com/kaoyan/2026/05/15/bdc1055f2e6f403b90a021720f07634f.png,8aa7dfc4036d3fd67d003ad0dd7e10f586200fe530e74b192f4dba0646bf6cbb,2026-10-09T06:26:13.916885+00:00,
https://jiuxianzai.oss-cn-beijing.aliyuncs.com/kaoyan/2026/05/15/c3491e2bcacc445cbe8e8ada04f1293b.png,jiuxianzai.oss-cn-beijing.aliyuncs.com,mini_program_asset,苏州大学,2026,复录比;复试人数;拟录取中位;拟录取人数;拟录取最低;拟录取最高;本科背景状态,asset_download,reachable,200,image/png,https://jiuxianzai.oss-cn-beijing.aliyuncs.com/kaoyan/2026/05/15/c3491e2bcacc445cbe8e8ada04f1293b.png,36e1206eb72a9b8568b9926a66f7397ddf71c7876df086551a504f7f4e0abfd2,2026-10-09T06:26:17.821680+00:00,
https://jiuxianzai.oss-cn-beijing.aliyuncs.com/kaoyan/2026/05/15/c376bd3dea1c4572af5fe7f1fa349530.png,jiuxianzai.oss-cn-beijing.aliyuncs.com,mini_program_asset,陕西师范大学,2026,复录比;复试人数;拟录取中位;拟录取人数;拟录取最低;拟录取最高;本科背景状态,asset_download,reachable,200,image/png,https://jiuxianzai.oss-cn-beijing.aliyuncs.com/kaoyan/2026/05/15/c376bd3dea1c4572af5fe7f1fa349530.png,c03f5981b5208c9811b04cb15ed91bd4835179bcd1fa6ac29a5348ae758d9275,2026-10-09T06:26:27.302625+00:00,
https://jiuxianzai.oss-cn-beijing.aliyuncs.com/kaoyan/2026/05/15/c4b4a75aaa3b4256a3442738ab26b35c.png,jiuxianzai.oss-cn-beijing.aliyuncs.com,mini_program_asset,华中农业大学,2026,复录比;复试人数;拟录取中位;拟录取人数;拟录取最低;拟录取最高;本科背景状态,asset_download,reachable,200,image/png,https://jiuxianzai.oss-cn-beijing.aliyuncs.com/kaoyan/2026/05/15/c4b4a75aaa3b4256a3442738ab26b35c.png,ad38b8fdfca8a06ac90bd622218456771237ee904b9916c816ab3a263ec12184,2026-10-09T06:25:48.197777+00:00,
https://jiuxianzai.oss-cn-beijing.aliyuncs.com/kaoyan/2026/05/15/c867fd14669a47a6b93df1e116b724fe.png,jiuxianzai.oss-cn-beijing.aliyuncs.com,mini_program_asset,中国地质大学（武汉）,2026,复录比;复试人数;拟录取中位;拟录取人数;拟录取最低;拟录取最高;本科背景状态,asset_download,reachable,200,image/png,https://jiuxianzai.oss-cn-beijing.aliyuncs.com/kaoyan/2026/05/15/c867fd14669a47a6b93df1e116b724fe.png,e08b7c72be0a3b3a7e0c5dec63179eb69e689d0be77aca1d0e9ed4123ef1d227,2026-10-09T06:25:31.465917+00:00,
https://jiuxianzai.oss-cn-beijing.aliyuncs.com/kaoyan/2026/05/15/c89ff433e8b548d8bb845a7b608a0d2b.png,jiuxianzai.oss-cn-beijing.aliyuncs.com,mini_program_asset,南京农业大学,2026,复录比;复试人数;拟录取中位;拟录取人数;拟录取最低;拟录取最高;本科背景状态,asset_download,reachable,200,image/png,https://jiuxianzai.oss-cn-beijing.aliyuncs.com/kaoyan/2026/05/15/c89ff433e8b548d8bb845a7b608a0d2b.png,ca34582b224a85e410703d8171287d25359bba9ad27bb87091a74c25c79ee64a,2026-10-09T06:25:53.579501+00:00,
https://jiuxianzai.oss-cn-beijing.aliyuncs.com/kaoyan/2026/05/15/cb7df6e854a34228bace236a15853db2.png,jiuxianzai.oss-cn-beijing.aliyuncs.com,mini_program_asset,中国药科大学,2026,复录比;复试人数;拟录取中位;拟录取人数;拟录取最低;拟录取最高;本科背景状态,asset_download,reachable,200,image/png,https://jiuxianzai.oss-cn-beijing.aliyuncs.com/kaoyan/2026/05/15/cb7df6e854a34228bace236a15853db2.png,11ee43812ae90ed537f50ad6334a113b0c3591dcd496f1e58d02514bcfe7e46b,2026-10-09T06:25:34.548381+00:00,
https://jiuxianzai.oss-cn-beijing.aliyuncs.com/kaoyan/2026/05/15/cc82f424fd7142eea802e75eceaee1b0.png,jiuxianzai.oss-cn-beijing.aliyuncs.com,mini_program_asset,东北农业大学,2026,复录比;复试人数;拟录取中位;拟录取人数;拟录取最低;拟录取最高;本科背景状态,asset_download,reachable,200,image/png,https://jiuxianzai.oss-cn-beijing.aliyuncs.com/kaoyan/2026/05/15/cc82f424fd7142eea802e75eceaee1b0.png,efadc9a30ef6abf5ea3cb148c53f9f7fd959f955f7d3b36616bc5b4b34b6671b,2026-10-09T06:25:19.645471+00:00,
https://jiuxianzai.oss-cn-beijing.aliyuncs.com/kaoyan/2026/05/15/cdd9375b2ccc47d4a3069fda61464898.png,jiuxianzai.oss-cn-beijing.aliyuncs.com,mini_program_asset,东华大学,2026,拟录取中位;拟录取人数;拟录取最低;拟录取最高;本科背景状态,asset_download,reachable,200,image/png,https://jiuxianzai.oss-cn-beijing.aliyuncs.com/kaoyan/2026/05/15/cdd9375b2ccc47d4a3069fda61464898.png,17f87523732b83bdf16066da1021a749863a26a5bb0fca3135ca5ab05ebcb7b5,2026-10-09T06:25:24.586824+00:00,
https://jiuxianzai.oss-cn-beijing.aliyuncs.com/kaoyan/2026/05/15/d4c0f695f05c408789cda8684d68bec2.png,jiuxianzai.oss-cn-beijing.aliyuncs.com,mini_program_asset,南昌大学,2026,复录比;复试人数;拟录取中位;拟录取人数;拟录取最低;拟录取最高;本科背景状态,asset_download,reachable,200,image/png,https://jiuxianzai.oss-cn-beijing.aliyuncs.com/kaoyan/2026/05/15/d4c0f695f05c408789cda8684d68bec2.png,6912c0993c60077f5b6f8eaf7f99e10cd0e40605cf7668e6ba6b9e2c69c05b48,2026-10-09T06:25:56.959850+00:00,
https://jiuxianzai.oss-cn-beijing.aliyuncs.com/kaoyan/2026/05/15/d9d3818205ba4522939fb2198769bca4.png,jiuxianzai.oss-cn-beijing.aliyuncs.com,mini_program_asset,河海大学,2026,复录比;复试人数;拟录取中位;拟录取人数;拟录取最低;拟录取最高;本科背景状态,asset_download,reachable,200,image/png,https://jiuxianzai.oss-cn-beijing.aliyuncs.com/kaoyan/2026/05/15/d9d3818205ba4522939fb2198769bca4.png,10b1e4604bcfe91fabaf425660ec4b95b49c5f0e1359d8dc62d223e10e70e2e2,2026-10-09T06:26:14.668815+00:00,
https://jiuxianzai.oss-cn-beijing.aliyuncs.com/kaoyan/2026/05/15/da7b1b86fb01406b9cc6d767844201fa.png,jiuxianzai.oss-cn-beijing.aliyuncs.com,mini_program_asset,上海财经大学,2026,复录比;复试人数;拟录取中位;拟录取人数;拟录取最低;拟录取最高;本科背景状态,asset_download,reachable,200,image/png,https://jiuxianzai.oss-cn-beijing.aliyuncs.com/kaoyan/2026/05/15/da7b1b86fb01406b9cc6d767844201fa.png,ba2bc462dfc8e5f24a4deed0ea8a7be3fe517ef17225f63019f9cf58ddc0a4f2,2026-10-09T06:25:19.441172+00:00,
https://jiuxianzai.oss-cn-beijing.aliyuncs.com/kaoyan/2026/05/15/db41cb86662147b89f4ba76b276b815b.png,jiuxianzai.oss-cn-beijing.aliyuncs.com,mini_program_asset,辽宁大学,2026,复录比;复试人数;拟录取中位;拟录取人数;拟录取最低;拟录取最高;本科背景状态,asset_download,reachable,200,image/png,https://jiuxianzai.oss-cn-beijing.aliyuncs.com/kaoyan/2026/05/15/db41cb86662147b89f4ba76b276b815b.png,355fbf0f974e8230a41470396a8687abcd7a955a557de619b099ad5e48032a32,2026-10-09T06:26:25.113541+00:00,
https://jiuxianzai.oss-cn-beijing.aliyuncs.com/kaoyan/2026/05/15/ee713d3dc33c461dadb906e500537580.png,jiuxianzai.oss-cn-beijing.aliyuncs.com,mini_program_asset,对外经济贸易大学,2026,复录比;复试人数;拟录取中位;拟录取人数;拟录取最低;拟录取最高;本科背景状态,asset_download,reachable,200,image/png,https://jiuxianzai.oss-cn-beijing.aliyuncs.com/kaoyan/2026/05/15/ee713d3dc33c461dadb906e500537580.png,6c04e8059ffc0f6924a2a62b24ac224f845a8d6ca9a4e195f38a50df414c0c66,2026-10-09T06:26:07.151572+00:00,
https://jiuxianzai.oss-cn-beijing.aliyuncs.com/kaoyan/2026/05/15/f21ac85126ba414198fcdee6d9f75f9d.png,jiuxianzai.oss-cn-beijing.aliyuncs.com,mini_program_asset,南京师范大学,2026,复录比;复试人数;拟录取中位;拟录取人数;拟录取最低;拟录取最高;本科背景状态,asset_download,reachable,200,image/png,https://jiuxianzai.oss-cn-beijing.aliyuncs.com/kaoyan/2026/05/15/f21ac85126ba414198fcdee6d9f75f9d.png,cb614122ae68f96e9fe6604353ef14bd98cf76941ae5c7a87cedd376388453f4,2026-10-09T06:25:55.293391+00:00,
https://jiuxianzai.oss-cn-beijing.aliyuncs.com/kaoyan/2026/05/15/fc3539f85ef94f4091bca6192151dab1.png,jiuxianzai.oss-cn-beijing.aliyuncs.com,mini_program_asset,南京航空航天大学,2026,复录比;复试人数;拟录取中位;拟录取人数;拟录取最低;拟录取最高;本科背景状态,asset_download,reachable,200,image/png,https://jiuxianzai.oss-cn-beijing.aliyuncs.com/kaoyan/2026/05/15/fc3539f85ef94f4091bca6192151dab1.png,f521bfbf6e998dc484e097f32099241f6271ab67c4e6ffdb5d4781dcab2d03cd,2026-10-09T06:25:56.324202+00:00,
https://jiuxianzai.oss-cn-beijing.aliyuncs.com/kaoyan/2026/05/15/ff11a112d8fe4ff1b1c3afe352c495af.png,jiuxianzai.oss-cn-beijing.aliyuncs.com,mini_program_asset,东北林业大学,2026,复录比;复试人数;拟录取中位;拟录取人数;拟录取最低;拟录取最高;本科背景状态,asset_download,reachable,200,image/png,https://jiuxianzai.oss-cn-beijing.aliyuncs.com/kaoyan/2026/05/15/ff11a112d8fe4ff1b1c3afe352c495af.png,a235b5febe2d445e8d97e3764d0b1781ad758c968f6aa87632a1c54706fafde7,2026-10-09T06:25:23.513361+00:00,
https://jiuxianzai.oss-cn-beijing.aliyuncs.com/kaoyan/2026/05/15/ff6a499c5d434b4d9666674a73705499.png,jiuxianzai.oss-cn-beijing.aliyuncs.com,mini_program_asset,中国石油大学（北京）,2026,复录比;复试人数;拟录取中位;拟录取人数;拟录取最低;拟录取最高;本科背景状态,asset_download,reachable,200,image/png,https://jiuxianzai.oss-cn-beijing.aliyuncs.com/kaoyan/2026/05/15/ff6a499c5d434b4d9666674a73705499.png,fdf09a69cd2bc3ca91116042a43e084b9ebb45d20da82bb89edeb2932268c5d5,2026-10-09T06:25:33.026610+00:00,
https://jiuxianzai.oss-cn-beijing.aliyuncs.com/kaoyan/2026/05/15/ff91f32b6c424ee4aaac3c1a5d728477.png,jiuxianzai.oss-cn-beijing.aliyuncs.com,mini_program_asset,华南师范大学,2026,复录比;复试人数;拟录取中位;拟录取人数;拟录取最低;拟录取最高;本科背景状态,asset_download,reachable,200,image/png,https://jiuxianzai.oss-cn-beijing.aliyuncs.com/kaoyan/2026/05/15/ff91f32b6c424ee4aaac3c1a5d728477.png,1dfe3756c2b8d378349ca5c86a847291abd6d3e3015fc565b4fa9328b5cde0a1,2026-10-09T06:25:53.663741+00:00,
https://jiuxianzai.oss-cn-beijing.aliyuncs.com/kaoyan/2026/05/19/02ae9ca1bc9241e28251b2cdb062dfc5.png,jiuxianzai.oss-cn-beijing.aliyuncs.com,mini_program_asset,复旦大学,2026,复录比;复试人数;拟录取中位;拟录取人数;拟录取最低;拟录取最高;本科背景状态,asset_download,reachable,200,image/png,https://jiuxianzai.oss-cn-beijing.aliyuncs.com/kaoyan/2026/05/19/02ae9ca1bc9241e28251b2cdb062dfc5.png,7a75484bdc7d0024d5e23be7ad3ec8d7537f15706f28038f121e0dbb2a238ff2,2026-10-09T06:26:02.847767+00:00,
https://jiuxianzai.oss-cn-beijing.aliyuncs.com/kaoyan/2026/05/19/25428559b0cf4dbfb504859f2a22d035.png,jiuxianzai.oss-cn-beijing.aliyuncs.com,mini_program_asset,复旦大学,2026,复录比;复试人数;拟录取中位;拟录取人数;拟录取最低;拟录取最高;本科背景状态,asset_download,reachable,200,image/png,https://jiuxianzai.oss-cn-beijing.aliyuncs.com/kaoyan/2026/05/19/25428559b0cf4dbfb504859f2a22d035.png,881aec76c2d2dd3320e86e2dab8540b41d094e1f16103d9262785e7c68f4ca94,2026-10-09T06:26:03.644704+00:00,
https://jiuxianzai.oss-cn-beijing.aliyuncs.com/kaoyan/2026/05/19/9e1166ed69c1442abb64d7c7c7241223.png,jiuxianzai.oss-cn-beijing.aliyuncs.com,mini_program_asset,复旦大学,2026,复录比;复试人数;拟录取中位;拟录取人数;拟录取最低;拟录取最高;本科背景状态,asset_download,reachable,200,image/png,https://jiuxianzai.oss-cn-beijing.aliyuncs.com/kaoyan/2026/05/19/9e1166ed69c1442abb64d7c7c7241223.png,e61f7cc5d733b3ec419862afeff221e25d53904c85d8611aec76d61357f77e45,2026-10-09T06:26:02.974855+00:00,
https://jiuxianzai.oss-cn-beijing.aliyuncs.com/kaoyan/2026/05/19/e061786fad8345eea5790809cb6ff1d1.png,jiuxianzai.oss-cn-beijing.aliyuncs.com,mini_program_asset,复旦大学,2026,复录比;复试人数;拟录取中位;拟录取人数;拟录取最低;拟录取最高;本科背景状态,asset_download,reachable,200,image/png,https://jiuxianzai.oss-cn-beijing.aliyuncs.com/kaoyan/2026/05/19/e061786fad8345eea5790809cb6ff1d1.png,8b9141342ce001fa0a252a744d55a35b8d12ad2325e3fd9c6489804e60c821d8,2026-10-09T06:26:04.125394+00:00,
https://jiuxianzai.oss-cn-beijing.aliyuncs.com/kaoyan/2026/05/22/6b3b54fd1b97464284beddf7c60c802d.png,jiuxianzai.oss-cn-beijing.aliyuncs.com,mini_program_asset,华中科技大学,2026,复录比;复试人数;拟录取中位;拟录取人数;拟录取最低;拟录取最高;本科背景状态,asset_download,reachable,200,image/png,https://jiuxianzai.oss-cn-beijing.aliyuncs.com/kaoyan/2026/05/22/6b3b54fd1b97464284beddf7c60c802d.png,830406b2483aa5482006b3b9d74318766c8b10cddf4b995452b7dba8ee11db1f,2026-10-09T06:25:50.420636+00:00,
https://jiuxianzai.oss-cn-beijing.aliyuncs.com/kaoyan/2026/05/25/e528261201bc43cfabc7331471dce90f.png,jiuxianzai.oss-cn-beijing.aliyuncs.com,mini_program_asset,东南大学,2026,复录比;复试人数;拟录取中位;拟录取人数;拟录取最低;拟录取最高;本科背景状态,asset_download,reachable,200,image/png,https://jiuxianzai.oss-cn-beijing.aliyuncs.com/kaoyan/2026/05/25/e528261201bc43cfabc7331471dce90f.png,897f384a975840b43e5132cd0424d9c48d685b79c42c180447a3d97d538bc348,2026-10-09T06:25:24.893164+00:00,
https://jt.hnu.edu.cn/info/1089/8977.htm,jt.hnu.edu.cn,university_official,湖南大学,2026,复试线、复试形式、计划;复试线文本;多学院/方向明细;线证据等级;选择数值,HEAD,reachable,200,text/html,https://jt.hnu.edu.cn/info/1089/8977.htm,,2026-10-09T06:32:37.907889+00:00,
https://math.fudan.edu.cn/ca/b0/c33035a772784/page.htm,math.fudan.edu.cn,university_official,,,复试形式、复试人数,GET_range,reachable,200,text/html,https://math.fudan.edu.cn/ca/b0/c33035a772784/page.htm,,2026-10-09T06:32:37.965788+00:00,
https://math.fudan.edu.cn/ca/cc/c30374a772812/page.htm,math.fudan.edu.cn,university_official,复旦大学,2026,复录比;复试人数;复试形式、复试人数;拟录取中位;拟录取人数;拟录取最低;拟录取最高;本科背景状态,GET_range,reachable,200,text/html,https://math.fudan.edu.cn/ca/cc/c30374a772812/page.htm,,2026-10-09T06:32:37.970487+00:00,
https://math.nju.edu.cn/DFS/file/2023/03/17/20230317123707200fsqjvf.pdf,math.nju.edu.cn,university_official,南京大学,2023,复试线文本;多学院/方向明细;线证据等级;选择数值,HEAD,reachable,200,application/pdf,https://math.nju.edu.cn/DFS/file/2023/03/17/20230317123707200fsqjvf.pdf,,2026-10-09T06:32:38.011116+00:00,
https://math.nju.edu.cn/DFS/file/2024/10/23/202410231005570921nldll.pdf,math.nju.edu.cn,university_official,,,初试/复试教材,HEAD,reachable,200,application/pdf,https://math.nju.edu.cn/DFS/file/2024/10/23/202410231005570921nldll.pdf,,2026-10-09T06:32:38.011116+00:00,
https://math.nju.edu.cn/DFS/file/2026/03/18/202603181823272823iq65i.pdf,math.nju.edu.cn,university_official,南京大学,2026,复试线文本;多学院/方向明细;线证据等级;选择数值,HEAD,reachable,200,application/pdf,https://math.nju.edu.cn/DFS/file/2026/03/18/202603181823272823iq65i.pdf,,2026-10-09T06:32:38.061083+00:00,
https://math.nju.edu.cn/zs/sszs/20260402/i371514.html,math.nju.edu.cn,university_official,南京大学,2026,2026线、名单、复录比;复录比;复试人数;拟录取中位;拟录取人数;拟录取最低;拟录取最高;本科背景状态,HEAD,reachable,200,text/html,https://math.nju.edu.cn/,,2026-10-09T06:32:38.131869+00:00,
https://math.tsinghua.edu.cn/css/qinghuadaxue2026nianshuxuekexuexiquanguoshuoshiyanjiushengzhaoshengkaoshiyingyongtongjizhuanyeruweifushimingdangongshi.pdf,math.tsinghua.edu.cn,university_official,清华大学,2026,复录比;复试人数;拟录取中位;拟录取人数;拟录取最低;拟录取最高;本科背景状态,HEAD,reachable,200,application/pdf,https://math.tsinghua.edu.cn/css/qinghuadaxue2026nianshuxuekexuexiquanguoshuoshiyanjiushengzhaoshengkaoshiyingyongtongjizhuanyeruweifushimingdangongshi.pdf,,2026-10-09T06:32:38.261049+00:00,
https://mp.weixin.qq.com/mp/appmsgalbum?action=getalbum&__biz=MzIxNTM0MjQ3OA==&album_id=4440486531434364928,mp.weixin.qq.com,wechat_article,,,2026拟录取最低线与人数交叉验证;学校概况、复试内容、参考书、名单图、成绩分布,HEAD,reachable,200,text/html,https://mp.weixin.qq.com/mp/appmsgalbum?action=getalbum&__biz=MzIxNTM0MjQ3OA==&album_id=4440486531434364928,,2026-10-09T06:32:38.529634+00:00,
https://mp.weixin.qq.com/mp/appmsgalbum?action=getalbum&__biz=MzIxNTM0MjQ3OA==&scene=1&album_id=4165954014905073674&count=3#wechat_redirect,mp.weixin.qq.com,wechat_article,,,教材/课程结构交叉验证,HEAD,reachable,200,text/html,https://mp.weixin.qq.com/mp/appmsgalbum?action=getalbum&__biz=MzIxNTM0MjQ3OA==&scene=1&album_id=4165954014905073674&count=3#wechat_redirect,,2026-10-09T06:32:38.546641+00:00,
https://mp.weixin.qq.com/s/YscsWES7OVZe_hi4wCtykA,mp.weixin.qq.com,wechat_article,,,五大门派分类、经验教材、茆书星级要求,HEAD,reachable,200,text/html,https://mp.weixin.qq.com/s/YscsWES7OVZe_hi4wCtykA,,2026-10-09T06:32:38.616332+00:00,
https://mp.weixin.qq.com/s?__biz=MzIxNTM0MjQ3OA==&mid=2247511185&idx=1&sn=bae230d535cefa7a559f5a6d9c6d360a&chksm=979b2070a0eca966d2e79b831429d9fa40e6703a7669b8c18d573bec07dd70fda95b72d0a571#rd,mp.weixin.qq.com,wechat_article,华中科技大学,2026,复录比;复试人数;拟录取中位;拟录取人数;拟录取最低;拟录取最高;本科背景状态,HEAD,reachable,200,text/html,https://mp.weixin.qq.com/s?__biz=MzIxNTM0MjQ3OA==&mid=2247511185&idx=1&sn=bae230d535cefa7a559f5a6d9c6d360a&chksm=979b2070a0eca966d2e79b831429d9fa40e6703a7669b8c18d573bec07dd70fda95b72d0a571#rd,,2026-10-09T06:32:38.618341+00:00,
https://mp.weixin.qq.com/s?__biz=MzIxNTM0MjQ3OA==&mid=2247511227&idx=1&sn=2e169133b6676bf8e670061159b7ad1a&chksm=979b205aa0eca94ce3ec6c7d4a295fed0289087797929838ee0679dddfb2e828a29e6f105860#rd,mp.weixin.qq.com,wechat_article,中山大学,2026,复录比;复试人数;拟录取中位;拟录取人数;拟录取最低;拟录取最高;本科背景状态,HEAD,reachable,200,text/html,https://mp.weixin.qq.com/s?__biz=MzIxNTM0MjQ3OA==&mid=2247511227&idx=1&sn=2e169133b6676bf8e670061159b7ad1a&chksm=979b205aa0eca94ce3ec6c7d4a295fed0289087797929838ee0679dddfb2e828a29e6f105860#rd,,2026-10-09T06:32:38.619333+00:00,
https://mp.weixin.qq.com/s?__biz=MzIxNTM0MjQ3OA==&mid=2247511276&idx=2&sn=2ce4b547da2174434559dd954cd57f3a&chksm=979b200da0eca91b665463aac8fb7b0f819830f804907eac473f87b61203b7abfb4e0e621367#rd,mp.weixin.qq.com,wechat_article,中山大学,2026,复录比;复试人数;拟录取中位;拟录取人数;拟录取最低;拟录取最高;本科背景状态,HEAD,reachable,200,text/html,https://mp.weixin.qq.com/s?__biz=MzIxNTM0MjQ3OA==&mid=2247511276&idx=2&sn=2ce4b547da2174434559dd954cd57f3a&chksm=979b200da0eca91b665463aac8fb7b0f819830f804907eac473f87b61203b7abfb4e0e621367#rd,,2026-10-09T06:32:39.469455+00:00,
https://mp.weixin.qq.com/s?__biz=MzIxNTM0MjQ3OA==&mid=2247511431&idx=1&sn=5e773f674de557af6b7b8fd470961ad5&chksm=979b2166a0eca8705f982282c0420bf0947de17bf65457e9bd100af6461ec580f4206f3e35a8#rd,mp.weixin.qq.com,wechat_article,上海交通大学,2026,复录比;复试人数;拟录取中位;拟录取人数;拟录取最低;拟录取最高;本科背景状态,HEAD,reachable,200,text/html,https://mp.weixin.qq.com/s?__biz=MzIxNTM0MjQ3OA==&mid=2247511431&idx=1&sn=5e773f674de557af6b7b8fd470961ad5&chksm=979b2166a0eca8705f982282c0420bf0947de17bf65457e9bd100af6461ec580f4206f3e35a8#rd,,2026-10-09T06:32:39.590512+00:00,
https://mp.weixin.qq.com/s?__biz=MzIxNTM0MjQ3OA==&mid=2247511431&idx=2&sn=9e84660a94b2d07b7fbb5bead21e6122&chksm=979b2166a0eca870e9fec1a1493f98f4906d3b31fa8bedb37f93df4c49168f35fc4411314e84#rd,mp.weixin.qq.com,wechat_article,华东师范大学,2026,复录比;复试人数;拟录取中位;拟录取人数;拟录取最低;拟录取最高;本科背景状态,HEAD,reachable,200,text/html,https://mp.weixin.qq.com/s?__biz=MzIxNTM0MjQ3OA==&mid=2247511431&idx=2&sn=9e84660a94b2d07b7fbb5bead21e6122&chksm=979b2166a0eca870e9fec1a1493f98f4906d3b31fa8bedb37f93df4c49168f35fc4411314e84#rd,,2026-10-09T06:32:39.714767+00:00,
https://mp.weixin.qq.com/s?__biz=MzIxNTM0MjQ3OA==&mid=2247511444&idx=1&sn=2772178f6ecc3164d43d409d8fe0a32e&chksm=979b2175a0eca863db2bda2c5d7b4250cdf041bd48a2b93fa10e1cc2e351470c91e094d3d1b1#rd,mp.weixin.qq.com,wechat_article,北京师范大学,2026,复录比;复试人数;拟录取中位;拟录取人数;拟录取最低;拟录取最高;本科背景状态,HEAD,reachable,200,text/html,https://mp.weixin.qq.com/s?__biz=MzIxNTM0MjQ3OA==&mid=2247511444&idx=1&sn=2772178f6ecc3164d43d409d8fe0a32e&chksm=979b2175a0eca863db2bda2c5d7b4250cdf041bd48a2b93fa10e1cc2e351470c91e094d3d1b1#rd,,2026-10-09T06:32:39.715768+00:00,
https://mp.weixin.qq.com/s?__biz=MzIxNTM0MjQ3OA==&mid=2247511444&idx=2&sn=c320eac9c58b115cc8b15ce8e7004039&chksm=979b2175a0eca863b53e9f895dc73ef320c489c5556d7d9503355d1a51c1a42caaff5e9dd7f3#rd,mp.weixin.qq.com,wechat_article,苏州大学,2026,复录比;复试人数;拟录取中位;拟录取人数;拟录取最低;拟录取最高;本科背景状态,HEAD,reachable,200,text/html,https://mp.weixin.qq.com/s?__biz=MzIxNTM0MjQ3OA==&mid=2247511444&idx=2&sn=c320eac9c58b115cc8b15ce8e7004039&chksm=979b2175a0eca863b53e9f895dc73ef320c489c5556d7d9503355d1a51c1a42caaff5e9dd7f3#rd,,2026-10-09T06:32:39.795066+00:00,
https://mp.weixin.qq.com/s?__biz=MzIxNTM0MjQ3OA==&mid=2247511444&idx=3&sn=bd487bc74cd8b17ca4bf81e1963828fa&chksm=979b2175a0eca863a3cea57935290b0711daf4e7813d4a96f345a983f897e110613367af55af#rd,mp.weixin.qq.com,wechat_article,大连理工大学,2026,复录比;复试人数;拟录取中位;拟录取人数;拟录取最低;拟录取最高;本科背景状态,HEAD,reachable,200,text/html,https://mp.weixin.qq.com/s?__biz=MzIxNTM0MjQ3OA==&mid=2247511444&idx=3&sn=bd487bc74cd8b17ca4bf81e1963828fa&chksm=979b2175a0eca863a3cea57935290b0711daf4e7813d4a96f345a983f897e110613367af55af#rd,,2026-10-09T06:32:39.839881+00:00,
https://mp.weixin.qq.com/s?__biz=MzIxNTM0MjQ3OA==&mid=2247511448&idx=1&sn=6a2dd1a25c69126924b598a6556ebe48&chksm=979b2179a0eca86f65f8d444d5764060314d92edb22536d616e58a116580a4ec194e7a220dd6#rd,mp.weixin.qq.com,wechat_article,南京大学,2026,复录比;复试人数;拟录取中位;拟录取人数;拟录取最低;拟录取最高;本科背景状态,HEAD,reachable,200,text/html,https://mp.weixin.qq.com/s?__biz=MzIxNTM0MjQ3OA==&mid=2247511448&idx=1&sn=6a2dd1a25c69126924b598a6556ebe48&chksm=979b2179a0eca86f65f8d444d5764060314d92edb22536d616e58a116580a4ec194e7a220dd6#rd,,2026-10-09T06:32:39.939350+00:00,
https://mp.weixin.qq.com/s?__biz=MzIxNTM0MjQ3OA==&mid=2247511448&idx=2&sn=d1dc7fc0f130a6c1533129c3b1850157&chksm=979b2179a0eca86f4602ff049b9ba6194377485d78cce34e59b15397414809541d3a3dfe2b0d#rd,mp.weixin.qq.com,wechat_article,中南财经政法大学,2026,复录比;复试人数;拟录取中位;拟录取人数;拟录取最低;拟录取最高;本科背景状态,HEAD,reachable,200,text/html,https://mp.weixin.qq.com/s?__biz=MzIxNTM0MjQ3OA==&mid=2247511448&idx=2&sn=d1dc7fc0f130a6c1533129c3b1850157&chksm=979b2179a0eca86f4602ff049b9ba6194377485d78cce34e59b15397414809541d3a3dfe2b0d#rd,,2026-10-09T06:32:39.947889+00:00,
https://mp.weixin.qq.com/s?__biz=MzIxNTM0MjQ3OA==&mid=2247511448&idx=3&sn=ac69503731fad60f1026c1ec5d44f8f4&chksm=979b2179a0eca86f8d5ea98fb94277b824af56488a478c7f955063baca16837f39c0c4705c13#rd,mp.weixin.qq.com,wechat_article,中国地质大学（北京）,2026,复录比;复试人数;拟录取中位;拟录取人数;拟录取最低;拟录取最高;本科背景状态,HEAD,reachable,200,text/html,https://mp.weixin.qq.com/s?__biz=MzIxNTM0MjQ3OA==&mid=2247511448&idx=3&sn=ac69503731fad60f1026c1ec5d44f8f4&chksm=979b2179a0eca86f8d5ea98fb94277b824af56488a478c7f955063baca16837f39c0c4705c13#rd,,2026-10-09T06:32:39.949317+00:00,
https://mp.weixin.qq.com/s?__biz=MzIxNTM0MjQ3OA==&mid=2247511468&idx=1&sn=e964b91ef926344b88787e2e7d1b66d2&chksm=979b214da0eca85bdacfdf3eb4aecff3a5f95456a34ff68c49f343fe0017cef2748605e32587#rd,mp.weixin.qq.com,wechat_article,对外经济贸易大学,2026,复录比;复试人数;拟录取中位;拟录取人数;拟录取最低;拟录取最高;本科背景状态,HEAD,reachable,200,text/html,https://mp.weixin.qq.com/s?__biz=MzIxNTM0MjQ3OA==&mid=2247511468&idx=1&sn=e964b91ef926344b88787e2e7d1b66d2&chksm=979b214da0eca85bdacfdf3eb4aecff3a5f95456a34ff68c49f343fe0017cef2748605e32587#rd,,2026-10-09T06:32:39.983851+00:00,
https://mp.weixin.qq.com/s?__biz=MzIxNTM0MjQ3OA==&mid=2247511468&idx=2&sn=f9e80ec3fc980fa6d3944d10de6362c7&chksm=979b214da0eca85b8adb60257baed822ccaf46c3a8a7e49af92a8914ceb1979eb6065504c5f3#rd,mp.weixin.qq.com,wechat_article,西南财经大学,2026,复录比;复试人数;拟录取中位;拟录取人数;拟录取最低;拟录取最高;本科背景状态,HEAD,reachable,200,text/html,https://mp.weixin.qq.com/s?__biz=MzIxNTM0MjQ3OA==&mid=2247511468&idx=2&sn=f9e80ec3fc980fa6d3944d10de6362c7&chksm=979b214da0eca85b8adb60257baed822ccaf46c3a8a7e49af92a8914ceb1979eb6065504c5f3#rd,,2026-10-09T06:32:40.318806+00:00,
https://mp.weixin.qq.com/s?__biz=MzIxNTM0MjQ3OA==&mid=2247511468&idx=3&sn=e1c11589af640698e68a41f1bc86b110&chksm=979b214da0eca85b97725e32dcd988032937e11ce1badd4903e0ddf04493344bfbc579d20b78#rd,mp.weixin.qq.com,wechat_article,东北师范大学,2026,复录比;复试人数;拟录取中位;拟录取人数;拟录取最低;拟录取最高;本科背景状态,HEAD,reachable,200,text/html,https://mp.weixin.qq.com/s?__biz=MzIxNTM0MjQ3OA==&mid=2247511468&idx=3&sn=e1c11589af640698e68a41f1bc86b110&chksm=979b214da0eca85b97725e32dcd988032937e11ce1badd4903e0ddf04493344bfbc579d20b78#rd,,2026-10-09T06:32:40.359817+00:00,
https://mp.weixin.qq.com/s?__biz=MzIxNTM0MjQ3OA==&mid=2247511476&idx=1&sn=5ad0c77d2a9c1d582fbb5ecf75a9ec06&chksm=979b2155a0eca8436175e7ebb6b6b3f4d5716a96d363648e88a10f77e86bce64e901e7b6b9ee#rd,mp.weixin.qq.com,wechat_article,华东理工大学,2026,复录比;复试人数;拟录取中位;拟录取人数;拟录取最低;拟录取最高;本科背景状态,HEAD,reachable,200,text/html,https://mp.weixin.qq.com/s?__biz=MzIxNTM0MjQ3OA==&mid=2247511476&idx=1&sn=5ad0c77d2a9c1d582fbb5ecf75a9ec06&chksm=979b2155a0eca8436175e7ebb6b6b3f4d5716a96d363648e88a10f77e86bce64e901e7b6b9ee#rd,,2026-10-09T06:32:40.616430+00:00,
https://mp.weixin.qq.com/s?__biz=MzIxNTM0MjQ3OA==&mid=2247511476&idx=3&sn=d81954b381ba48cbdf83728e6af36289&chksm=979b2155a0eca8439f89635ac4f66f67ba918b5d937c2fdff22717d5c919af0a5a44eedd915c#rd,mp.weixin.qq.com,wechat_article,中国科学技术大学,2026,复录比;复试人数;拟录取中位;拟录取人数;拟录取最低;拟录取最高;本科背景状态,HEAD,reachable,200,text/html,https://mp.weixin.qq.com/s?__biz=MzIxNTM0MjQ3OA==&mid=2247511476&idx=3&sn=d81954b381ba48cbdf83728e6af36289&chksm=979b2155a0eca8439f89635ac4f66f67ba918b5d937c2fdff22717d5c919af0a5a44eedd915c#rd,,2026-10-09T06:32:40.757786+00:00,
https://mp.weixin.qq.com/s?__biz=MzIxNTM0MjQ3OA==&mid=2247511476&idx=4&sn=1d2f372abd4f6689b8cf53c2b622b68c&chksm=979b2155a0eca8435d15836c6253c667fcab98355f52ae1038ba6c6584fbd7b14d062e0a84e3#rd,mp.weixin.qq.com,wechat_article,西安交通大学,2026,复录比;复试人数;拟录取中位;拟录取人数;拟录取最低;拟录取最高;本科背景状态,HEAD,reachable,200,text/html,https://mp.weixin.qq.com/s?__biz=MzIxNTM0MjQ3OA==&mid=2247511476&idx=4&sn=1d2f372abd4f6689b8cf53c2b622b68c&chksm=979b2155a0eca8435d15836c6253c667fcab98355f52ae1038ba6c6584fbd7b14d062e0a84e3#rd,,2026-10-09T06:32:41.067309+00:00,
https://mp.weixin.qq.com/s?__biz=MzIxNTM0MjQ3OA==&mid=2247511476&idx=5&sn=4e4edd5bb69b14e98858afe6e45af996&chksm=979b2155a0eca84396d192e02a5c94ccba97e05fc303cced11122dadb079d7ca8c19fae624bc#rd,mp.weixin.qq.com,wechat_article,西北大学,2026,复录比;复试人数;拟录取中位;拟录取人数;拟录取最低;拟录取最高;本科背景状态,HEAD,reachable,200,text/html,https://mp.weixin.qq.com/s?__biz=MzIxNTM0MjQ3OA==&mid=2247511476&idx=5&sn=4e4edd5bb69b14e98858afe6e45af996&chksm=979b2155a0eca84396d192e02a5c94ccba97e05fc303cced11122dadb079d7ca8c19fae624bc#rd,,2026-10-09T06:32:41.094295+00:00,
https://mp.weixin.qq.com/s?__biz=MzIxNTM0MjQ3OA==&mid=2247511476&idx=6&sn=3198f1f80c001e509efd65d177171b96&chksm=979b2155a0eca84398c7dcfff17d151f70552f005ac1434aca023dba547f4fa0e14b4532a0e1#rd,mp.weixin.qq.com,wechat_article,中国石油大学（华东）,2026,复录比;复试人数;拟录取中位;拟录取人数;拟录取最低;拟录取最高;本科背景状态,HEAD,reachable,200,text/html,https://mp.weixin.qq.com/s?__biz=MzIxNTM0MjQ3OA==&mid=2247511476&idx=6&sn=3198f1f80c001e509efd65d177171b96&chksm=979b2155a0eca84398c7dcfff17d151f70552f005ac1434aca023dba547f4fa0e14b4532a0e1#rd,,2026-10-09T06:32:41.201621+00:00,
https://mp.weixin.qq.com/s?__biz=MzIxNTM0MjQ3OA==&mid=2247511519&idx=2&sn=0a2b35b21cd52586c34a19cf97a23ad3&chksm=979b213ea0eca82857c712cb1a328a95ea714600f71291a25d46d1a1c9832b39e5a4df6c784c#rd,mp.weixin.qq.com,wechat_article,中南大学,2026,复录比;复试人数;拟录取中位;拟录取人数;拟录取最低;拟录取最高;本科背景状态,HEAD,reachable,200,text/html,https://mp.weixin.qq.com/s?__biz=MzIxNTM0MjQ3OA==&mid=2247511519&idx=2&sn=0a2b35b21cd52586c34a19cf97a23ad3&chksm=979b213ea0eca82857c712cb1a328a95ea714600f71291a25d46d1a1c9832b39e5a4df6c784c#rd,,2026-10-09T06:32:41.593502+00:00,
https://mp.weixin.qq.com/s?__biz=MzIxNTM0MjQ3OA==&mid=2247511519&idx=3&sn=95bbcf73a2a954e8c4807b7309821d0e&chksm=979b213ea0eca828f8841239fbff1a72e6e6821d956b5fd9ee586dad1c5051c2cdeaafb6edc2#rd,mp.weixin.qq.com,wechat_article,吉林大学,2026,复录比;复试人数;拟录取中位;拟录取人数;拟录取最低;拟录取最高;本科背景状态,HEAD,reachable,200,text/html,https://mp.weixin.qq.com/s?__biz=MzIxNTM0MjQ3OA==&mid=2247511519&idx=3&sn=95bbcf73a2a954e8c4807b7309821d0e&chksm=979b213ea0eca828f8841239fbff1a72e6e6821d956b5fd9ee586dad1c5051c2cdeaafb6edc2#rd,,2026-10-09T06:32:41.770944+00:00,
https://mp.weixin.qq.com/s?__biz=MzIxNTM0MjQ3OA==&mid=2247511519&idx=4&sn=039099bf9aacec1b0830d3e4d356c085&chksm=979b213ea0eca8282b2cb249eb4bdb9032038c3f125385c3469f156bcb7e5697796a254f35d3#rd,mp.weixin.qq.com,wechat_article,兰州大学,2026,复录比;复试人数;拟录取中位;拟录取人数;拟录取最低;拟录取最高;本科背景状态,HEAD,reachable,200,text/html,https://mp.weixin.qq.com/s?__biz=MzIxNTM0MjQ3OA==&mid=2247511519&idx=4&sn=039099bf9aacec1b0830d3e4d356c085&chksm=979b213ea0eca8282b2cb249eb4bdb9032038c3f125385c3469f156bcb7e5697796a254f35d3#rd,,2026-10-09T06:32:41.813096+00:00,
https://mp.weixin.qq.com/s?__biz=MzIxNTM0MjQ3OA==&mid=2247511519&idx=5&sn=9ac97471cf0491b2d0f9d6aed5f7ed09&chksm=979b213ea0eca828221026b55a83fd6939c86629dc6aba2fe31486c87794870e7e201ef28917#rd,mp.weixin.qq.com,wechat_article,河海大学,2026,复录比;复试人数;拟录取中位;拟录取人数;拟录取最低;拟录取最高;本科背景状态,HEAD,reachable,200,text/html,https://mp.weixin.qq.com/s?__biz=MzIxNTM0MjQ3OA==&mid=2247511519&idx=5&sn=9ac97471cf0491b2d0f9d6aed5f7ed09&chksm=979b213ea0eca828221026b55a83fd6939c86629dc6aba2fe31486c87794870e7e201ef28917#rd,,2026-10-09T06:32:41.815095+00:00,
https://mp.weixin.qq.com/s?__biz=MzIxNTM0MjQ3OA==&mid=2247511546&idx=1&sn=c026617f09ae8b653199d3d1bf553829&chksm=979b211ba0eca80daade56135de753f20fcbf37ac4c9a761d7b7f918871df534972d017c4783#rd,mp.weixin.qq.com,wechat_article,厦门大学,2026,复录比;复试人数;拟录取中位;拟录取人数;拟录取最低;拟录取最高;本科背景状态,HEAD,reachable,200,text/html,https://mp.weixin.qq.com/s?__biz=MzIxNTM0MjQ3OA==&mid=2247511546&idx=1&sn=c026617f09ae8b653199d3d1bf553829&chksm=979b211ba0eca80daade56135de753f20fcbf37ac4c9a761d7b7f918871df534972d017c4783#rd,,2026-10-09T06:32:41.928925+00:00,
https://mp.weixin.qq.com/s?__biz=MzIxNTM0MjQ3OA==&mid=2247511546&idx=4&sn=3fb18d94751c1ae679a874312c430dc2&chksm=979b211ba0eca80d4924827cc666af521aa588fc404eb443aedfde1000264753ba04529afb77#rd,mp.weixin.qq.com,wechat_article,华中师范大学,2026,复录比;复试人数;拟录取中位;拟录取人数;拟录取最低;拟录取最高;本科背景状态,HEAD,reachable,200,text/html,https://mp.weixin.qq.com/s?__biz=MzIxNTM0MjQ3OA==&mid=2247511546&idx=4&sn=3fb18d94751c1ae679a874312c430dc2&chksm=979b211ba0eca80d4924827cc666af521aa588fc404eb443aedfde1000264753ba04529afb77#rd,,2026-10-09T06:32:41.978163+00:00,
https://mp.weixin.qq.com/s?__biz=MzIxNTM0MjQ3OA==&mid=2247511546&idx=5&sn=c5849e02cd8f8543e7b0c72eff106f37&chksm=979b211ba0eca80d8b8d619f6329545e03c29bd8b7ecafa7ecd188e28f7e6c5a05e76c2e9be2#rd,mp.weixin.qq.com,wechat_article,中国地质大学（武汉）,2026,复录比;复试人数;拟录取中位;拟录取人数;拟录取最低;拟录取最高;本科背景状态,HEAD,reachable,200,text/html,https://mp.weixin.qq.com/s?__biz=MzIxNTM0MjQ3OA==&mid=2247511546&idx=5&sn=c5849e02cd8f8543e7b0c72eff106f37&chksm=979b211ba0eca80d8b8d619f6329545e03c29bd8b7ecafa7ecd188e28f7e6c5a05e76c2e9be2#rd,,2026-10-09T06:32:42.101858+00:00,
https://mp.weixin.qq.com/s?__biz=MzIxNTM0MjQ3OA==&mid=2247511546&idx=6&sn=d09114d7109c36313dad295bcbda7fcb&chksm=979b211ba0eca80d67c0d715e590b229d3e56a877ee2227cfb515639ca659b7e402ff1bf46d0#rd,mp.weixin.qq.com,wechat_article,贵州大学,2026,复录比;复试人数;拟录取中位;拟录取人数;拟录取最低;拟录取最高;本科背景状态,HEAD,reachable,200,text/html,https://mp.weixin.qq.com/s?__biz=MzIxNTM0MjQ3OA==&mid=2247511546&idx=6&sn=d09114d7109c36313dad295bcbda7fcb&chksm=979b211ba0eca80d67c0d715e590b229d3e56a877ee2227cfb515639ca659b7e402ff1bf46d0#rd,,2026-10-09T06:32:42.230337+00:00,
https://mp.weixin.qq.com/s?__biz=MzIxNTM0MjQ3OA==&mid=2247511546&idx=7&sn=69ae311b5e66497f6eb9d58498ce3f7a&chksm=979b211ba0eca80da411fd5963c46580d6e5afe89fc2d84afce7ec693f35c8608490d9f949d5#rd,mp.weixin.qq.com,wechat_article,延边大学,2026,复录比;复试人数;拟录取中位;拟录取人数;拟录取最低;拟录取最高;本科背景状态,HEAD,reachable,200,text/html,https://mp.weixin.qq.com/s?__biz=MzIxNTM0MjQ3OA==&mid=2247511546&idx=7&sn=69ae311b5e66497f6eb9d58498ce3f7a&chksm=979b211ba0eca80da411fd5963c46580d6e5afe89fc2d84afce7ec693f35c8608490d9f949d5#rd,,2026-10-09T06:32:42.358338+00:00,
https://mp.weixin.qq.com/s?__biz=MzIxNTM0MjQ3OA==&mid=2247511562&idx=1&sn=3146712c38b6277740855609e955016e&chksm=979b22eba0ecabfd17df6e86f16c27ac9653ad85da2621d2e8c8161565f4ea0ae7a228d8c875#rd,mp.weixin.qq.com,wechat_article,华东师范大学,2026,复录比;复试人数;拟录取中位;拟录取人数;拟录取最低;拟录取最高;本科背景状态,HEAD,reachable,200,text/html,https://mp.weixin.qq.com/s?__biz=MzIxNTM0MjQ3OA==&mid=2247511562&idx=1&sn=3146712c38b6277740855609e955016e&chksm=979b22eba0ecabfd17df6e86f16c27ac9653ad85da2621d2e8c8161565f4ea0ae7a228d8c875#rd,,2026-10-09T06:32:42.359343+00:00,
https://mp.weixin.qq.com/s?__biz=MzIxNTM0MjQ3OA==&mid=2247511562&idx=3&sn=0ca108d7943813df177d2ac6f4e79388&chksm=979b22eba0ecabfd1f4ddea87f849d4ac7cdc110a3f6518d7bd51fc5dd6ed09fd4aa12ad5011#rd,mp.weixin.qq.com,wechat_article,武汉大学,2026,复录比;复试人数;拟录取中位;拟录取人数;拟录取最低;拟录取最高;本科背景状态,HEAD,reachable,200,text/html,https://mp.weixin.qq.com/s?__biz=MzIxNTM0MjQ3OA==&mid=2247511562&idx=3&sn=0ca108d7943813df177d2ac6f4e79388&chksm=979b22eba0ecabfd1f4ddea87f849d4ac7cdc110a3f6518d7bd51fc5dd6ed09fd4aa12ad5011#rd,,2026-10-09T06:32:42.375346+00:00,
https://mp.weixin.qq.com/s?__biz=MzIxNTM0MjQ3OA==&mid=2247511562&idx=4&sn=3331b4d5c29be098d85a919e8c82770e&chksm=979b22eba0ecabfdbb5a5a6ed18e176635eae4bbd70c8a7f8ef380128312eebd3355f50e7ccb#rd,mp.weixin.qq.com,wechat_article,东北林业大学,2026,复录比;复试人数;拟录取中位;拟录取人数;拟录取最低;拟录取最高;本科背景状态,HEAD,reachable,200,text/html,https://mp.weixin.qq.com/s?__biz=MzIxNTM0MjQ3OA==&mid=2247511562&idx=4&sn=3331b4d5c29be098d85a919e8c82770e&chksm=979b22eba0ecabfdbb5a5a6ed18e176635eae4bbd70c8a7f8ef380128312eebd3355f50e7ccb#rd,,2026-10-09T06:32:42.407012+00:00,
https://mp.weixin.qq.com/s?__biz=MzIxNTM0MjQ3OA==&mid=2247511562&idx=5&sn=ccd5d0bbee5789e0ff33f2766027f65f&chksm=979b22eba0ecabfda96b9b5ff0481cc7cb99d7a3bd08f0e53b7488693e7c1ee52b98f59823f7#rd,mp.weixin.qq.com,wechat_article,湖南师范大学,2026,复录比;复试人数;拟录取中位;拟录取人数;拟录取最低;拟录取最高;本科背景状态,HEAD,reachable,200,text/html,https://mp.weixin.qq.com/s?__biz=MzIxNTM0MjQ3OA==&mid=2247511562&idx=5&sn=ccd5d0bbee5789e0ff33f2766027f65f&chksm=979b22eba0ecabfda96b9b5ff0481cc7cb99d7a3bd08f0e53b7488693e7c1ee52b98f59823f7#rd,,2026-10-09T06:32:42.423672+00:00,
https://mp.weixin.qq.com/s?__biz=MzIxNTM0MjQ3OA==&mid=2247511562&idx=6&sn=4a605845772e593087ff153672396165&chksm=979b22eba0ecabfd7d0f4c3e1c32a6b77c28605f34fde2c580cec75651af61f93d5446dec141#rd,mp.weixin.qq.com,wechat_article,中国石油大学（北京）,2026,复录比;复试人数;拟录取中位;拟录取人数;拟录取最低;拟录取最高;本科背景状态,HEAD,reachable,200,text/html,https://mp.weixin.qq.com/s?__biz=MzIxNTM0MjQ3OA==&mid=2247511562&idx=6&sn=4a605845772e593087ff153672396165&chksm=979b22eba0ecabfd7d0f4c3e1c32a6b77c28605f34fde2c580cec75651af61f93d5446dec141#rd,,2026-10-09T06:32:42.626314+00:00,
https://mp.weixin.qq.com/s?__biz=MzIxNTM0MjQ3OA==&mid=2247511575&idx=5&sn=cc64c47872796ddae6296c4f93366a0e&chksm=979b22f6a0ecabe092be3840bdb2729237fbb83fd50f839356d6c7144b2a50e286c33c3b6de6#rd,mp.weixin.qq.com,wechat_article,华中农业大学,2026,复录比;复试人数;拟录取中位;拟录取人数;拟录取最低;拟录取最高;本科背景状态,HEAD,reachable,200,text/html,https://mp.weixin.qq.com/s?__biz=MzIxNTM0MjQ3OA==&mid=2247511575&idx=5&sn=cc64c47872796ddae6296c4f93366a0e&chksm=979b22f6a0ecabe092be3840bdb2729237fbb83fd50f839356d6c7144b2a50e286c33c3b6de6#rd,,2026-10-09T06:32:42.646261+00:00,
https://mp.weixin.qq.com/s?__biz=MzIxNTM0MjQ3OA==&mid=2247511601&idx=1&sn=9ce15ac7abf2db731c14affc443db961&chksm=979b22d0a0ecabc64efe690968b18861c6a4ce0ba19bf2dffa7e5ffa8512c6d5dedb0dff9d6d#rd,mp.weixin.qq.com,wechat_article,上海财经大学,2026,复录比;复试人数;拟录取中位;拟录取人数;拟录取最低;拟录取最高;本科背景状态,HEAD,reachable,200,text/html,https://mp.weixin.qq.com/s?__biz=MzIxNTM0MjQ3OA==&mid=2247511601&idx=1&sn=9ce15ac7abf2db731c14affc443db961&chksm=979b22d0a0ecabc64efe690968b18861c6a4ce0ba19bf2dffa7e5ffa8512c6d5dedb0dff9d6d#rd,,2026-10-09T06:32:42.647257+00:00,
https://mp.weixin.qq.com/s?__biz=MzIxNTM0MjQ3OA==&mid=2247511601&idx=4&sn=ab979176b81f2c6abf60d2ef48c5c463&chksm=979b22d0a0ecabc6f52cc1b741aff8147aca6b857cdcafd5fa9957e0e513926db22a9738511c#rd,mp.weixin.qq.com,wechat_article,华东理工大学,2026,复录比;复试人数;拟录取中位;拟录取人数;拟录取最低;拟录取最高;本科背景状态,HEAD,reachable,200,text/html,https://mp.weixin.qq.com/s?__biz=MzIxNTM0MjQ3OA==&mid=2247511601&idx=4&sn=ab979176b81f2c6abf60d2ef48c5c463&chksm=979b22d0a0ecabc6f52cc1b741aff8147aca6b857cdcafd5fa9957e0e513926db22a9738511c#rd,,2026-10-09T06:32:42.729243+00:00,
https://mp.weixin.qq.com/s?__biz=MzIxNTM0MjQ3OA==&mid=2247511601&idx=5&sn=51e644ab0f1dc818417a0d0b9ef10a48&chksm=979b22d0a0ecabc6c3a56b9c45b9dc9323671abc5fbfc00ad5650ba3c6c6a87c40d58c449af1#rd,mp.weixin.qq.com,wechat_article,中南财经政法大学,2026,复录比;复试人数;拟录取中位;拟录取人数;拟录取最低;拟录取最高;本科背景状态,HEAD,reachable,200,text/html,https://mp.weixin.qq.com/s?__biz=MzIxNTM0MjQ3OA==&mid=2247511601&idx=5&sn=51e644ab0f1dc818417a0d0b9ef10a48&chksm=979b22d0a0ecabc6c3a56b9c45b9dc9323671abc5fbfc00ad5650ba3c6c6a87c40d58c449af1#rd,,2026-10-09T06:32:42.731242+00:00,
https://mp.weixin.qq.com/s?__biz=MzIxNTM0MjQ3OA==&mid=2247511601&idx=6&sn=ce36d4b3aa0abe79c25a363de3b55a7f&chksm=979b22d0a0ecabc6abf49a065568802d2e474f6a8230ef69b3120753cc6aac9990609a01ad0a#rd,mp.weixin.qq.com,wechat_article,太原理工大学,2026,复录比;复试人数;拟录取中位;拟录取人数;拟录取最低;拟录取最高;本科背景状态,HEAD,reachable,200,text/html,https://mp.weixin.qq.com/s?__biz=MzIxNTM0MjQ3OA==&mid=2247511601&idx=6&sn=ce36d4b3aa0abe79c25a363de3b55a7f&chksm=979b22d0a0ecabc6abf49a065568802d2e474f6a8230ef69b3120753cc6aac9990609a01ad0a#rd,,2026-10-09T06:32:42.735236+00:00,
https://mp.weixin.qq.com/s?__biz=MzIxNTM0MjQ3OA==&mid=2247511621&idx=5&sn=f1974365fc3ced2dbd6997e343cc4f93&chksm=979b22a4a0ecabb29e758a7848b632903e13ebc249504d0c1db785f388c3751e56af239808a5#rd,mp.weixin.qq.com,wechat_article,西南交通大学,2026,复录比;复试人数;拟录取中位;拟录取人数;拟录取最低;拟录取最高;本科背景状态,HEAD,reachable,200,text/html,https://mp.weixin.qq.com/s?__biz=MzIxNTM0MjQ3OA==&mid=2247511621&idx=5&sn=f1974365fc3ced2dbd6997e343cc4f93&chksm=979b22a4a0ecabb29e758a7848b632903e13ebc249504d0c1db785f388c3751e56af239808a5#rd,,2026-10-09T06:32:42.984701+00:00,
https://mp.weixin.qq.com/s?__biz=MzIxNTM0MjQ3OA==&mid=2247511621&idx=6&sn=d3b190d1a884778e366f0c423ee3a480&chksm=979b22a4a0ecabb24f8a82c6dbcecd699d19d0174a90007886e86ddd54b94423c517fd59b71e#rd,mp.weixin.qq.com,wechat_article,东北农业大学,2026,复录比;复试人数;拟录取中位;拟录取人数;拟录取最低;拟录取最高;本科背景状态,HEAD,reachable,200,text/html,https://mp.weixin.qq.com/s?__biz=MzIxNTM0MjQ3OA==&mid=2247511621&idx=6&sn=d3b190d1a884778e366f0c423ee3a480&chksm=979b22a4a0ecabb24f8a82c6dbcecd699d19d0174a90007886e86ddd54b94423c517fd59b71e#rd,,2026-10-09T06:32:43.114324+00:00,
https://mp.weixin.qq.com/s?__biz=MzIxNTM0MjQ3OA==&mid=2247511628&idx=1&sn=39f530107afdc0350a6ad9a97eb9c4e6&chksm=979b22ada0ecabbb728280d965aa785c04e8f402d54fdde500493393b3e6fa6b869775918cd4#rd,mp.weixin.qq.com,wechat_article,暨南大学,2026,复录比;复试人数;拟录取中位;拟录取人数;拟录取最低;拟录取最高;本科背景状态,HEAD,reachable,200,text/html,https://mp.weixin.qq.com/s?__biz=MzIxNTM0MjQ3OA==&mid=2247511628&idx=1&sn=39f530107afdc0350a6ad9a97eb9c4e6&chksm=979b22ada0ecabbb728280d965aa785c04e8f402d54fdde500493393b3e6fa6b869775918cd4#rd,,2026-10-09T06:32:43.129635+00:00,
https://mp.weixin.qq.com/s?__biz=MzIxNTM0MjQ3OA==&mid=2247511628&idx=4&sn=58b9eb8a8c0e3b000ed1cb7aadd6734b&chksm=979b22ada0ecabbb3d18f4cc6d3f754adced9f5b7922294fc886ea21df7e862bd10383076add#rd,mp.weixin.qq.com,wechat_article,南京师范大学,2026,复录比;复试人数;拟录取中位;拟录取人数;拟录取最低;拟录取最高;本科背景状态,HEAD,reachable,200,text/html,https://mp.weixin.qq.com/s?__biz=MzIxNTM0MjQ3OA==&mid=2247511628&idx=4&sn=58b9eb8a8c0e3b000ed1cb7aadd6734b&chksm=979b22ada0ecabbb3d18f4cc6d3f754adced9f5b7922294fc886ea21df7e862bd10383076add#rd,,2026-10-09T06:32:43.258243+00:00,
https://mp.weixin.qq.com/s?__biz=MzIxNTM0MjQ3OA==&mid=2247511628&idx=5&sn=b980a376fc17b4897bcb0492fd557ae3&chksm=979b22ada0ecabbbcca8b9596b9704078f2acf7e3534f20126098e85080a4953b141f98852b6#rd,mp.weixin.qq.com,wechat_article,南京理工大学,2026,复录比;复试人数;拟录取中位;拟录取人数;拟录取最低;拟录取最高;本科背景状态,HEAD,reachable,200,text/html,https://mp.weixin.qq.com/s?__biz=MzIxNTM0MjQ3OA==&mid=2247511628&idx=5&sn=b980a376fc17b4897bcb0492fd557ae3&chksm=979b22ada0ecabbbcca8b9596b9704078f2acf7e3534f20126098e85080a4953b141f98852b6#rd,,2026-10-09T06:32:43.259247+00:00,
https://mp.weixin.qq.com/s?__biz=MzIxNTM0MjQ3OA==&mid=2247511628&idx=6&sn=a5c2186df33b28af825e59984c0eebcf&chksm=979b22ada0ecabbb7e97b07a372a7dbc686d2478d6ad6aebd96deea7a586c10dcb3534a310c2#rd,mp.weixin.qq.com,wechat_article,中国药科大学,2026,复录比;复试人数;拟录取中位;拟录取人数;拟录取最低;拟录取最高;本科背景状态,HEAD,reachable,200,text/html,https://mp.weixin.qq.com/s?__biz=MzIxNTM0MjQ3OA==&mid=2247511628&idx=6&sn=a5c2186df33b28af825e59984c0eebcf&chksm=979b22ada0ecabbb7e97b07a372a7dbc686d2478d6ad6aebd96deea7a586c10dcb3534a310c2#rd,,2026-10-09T06:32:43.260241+00:00,
https://mp.weixin.qq.com/s?__biz=MzIxNTM0MjQ3OA==&mid=2247511628&idx=7&sn=73629b73fff94808bb2a20eacfce5c45&chksm=979b22ada0ecabbb6ed8eca7ab78159f6980347a6491cf474469110640bdd9ccf8f3deb6c365#rd,mp.weixin.qq.com,wechat_article,南京航空航天大学,2026,复录比;复试人数;拟录取中位;拟录取人数;拟录取最低;拟录取最高;本科背景状态,HEAD,reachable,200,text/html,https://mp.weixin.qq.com/s?__biz=MzIxNTM0MjQ3OA==&mid=2247511628&idx=7&sn=73629b73fff94808bb2a20eacfce5c45&chksm=979b22ada0ecabbb6ed8eca7ab78159f6980347a6491cf474469110640bdd9ccf8f3deb6c365#rd,,2026-10-09T06:32:43.299423+00:00,
https://mp.weixin.qq.com/s?__biz=MzIxNTM0MjQ3OA==&mid=2247511642&idx=5&sn=9eefaa93a93f333932d68a9ae4fde790&chksm=979b22bba0ecabad3898d80625ae367bbf01d7eb10ca2103fac57644697f0a758f844bf057a9#rd,mp.weixin.qq.com,wechat_article,河北工业大学,2026,复录比;复试人数;拟录取中位;拟录取人数;拟录取最低;拟录取最高;本科背景状态,HEAD,reachable,200,text/html,https://mp.weixin.qq.com/s?__biz=MzIxNTM0MjQ3OA==&mid=2247511642&idx=5&sn=9eefaa93a93f333932d68a9ae4fde790&chksm=979b22bba0ecabad3898d80625ae367bbf01d7eb10ca2103fac57644697f0a758f844bf057a9#rd,,2026-10-09T06:32:43.299423+00:00,
https://mp.weixin.qq.com/s?__biz=MzIxNTM0MjQ3OA==&mid=2247511642&idx=6&sn=8213aba784afcb26e3edb16a89d77735&chksm=979b22bba0ecabad62e1ab741a3ebfd74655317aecd7322700a53bdbd37f2eb978aff89aa71c#rd,mp.weixin.qq.com,wechat_article,辽宁大学,2026,复录比;复试人数;拟录取中位;拟录取人数;拟录取最低;拟录取最高;本科背景状态,HEAD,reachable,200,text/html,https://mp.weixin.qq.com/s?__biz=MzIxNTM0MjQ3OA==&mid=2247511642&idx=6&sn=8213aba784afcb26e3edb16a89d77735&chksm=979b22bba0ecabad62e1ab741a3ebfd74655317aecd7322700a53bdbd37f2eb978aff89aa71c#rd,,2026-10-09T06:32:43.312436+00:00,
https://mp.weixin.qq.com/s?__biz=MzIxNTM0MjQ3OA==&mid=2247511654&idx=5&sn=ce40129d82172a6c54705fa3acaccf34&chksm=979b2287a0ecab912dc5b898bf63256a48289b904d5bc1009bf29b56bca14a1840fa914280c0#rd,mp.weixin.qq.com,wechat_article,南京农业大学,2026,复录比;复试人数;拟录取中位;拟录取人数;拟录取最低;拟录取最高;本科背景状态,HEAD,reachable,200,text/html,https://mp.weixin.qq.com/s?__biz=MzIxNTM0MjQ3OA==&mid=2247511654&idx=5&sn=ce40129d82172a6c54705fa3acaccf34&chksm=979b2287a0ecab912dc5b898bf63256a48289b904d5bc1009bf29b56bca14a1840fa914280c0#rd,,2026-10-09T06:32:43.392886+00:00,
https://mp.weixin.qq.com/s?__biz=MzIxNTM0MjQ3OA==&mid=2247511654&idx=6&sn=ca361929968cfd85532f780da2d893ff&chksm=979b2287a0ecab91c2a8d0a4071db0eb04d442da3372a9836c8b92fb8d9c394aee3ad01f2962#rd,mp.weixin.qq.com,wechat_article,华北电力大学,2026,复录比;复试人数;拟录取中位;拟录取人数;拟录取最低;拟录取最高;本科背景状态,HEAD,reachable,200,text/html,https://mp.weixin.qq.com/s?__biz=MzIxNTM0MjQ3OA==&mid=2247511654&idx=6&sn=ca361929968cfd85532f780da2d893ff&chksm=979b2287a0ecab91c2a8d0a4071db0eb04d442da3372a9836c8b92fb8d9c394aee3ad01f2962#rd,,2026-10-09T06:32:43.394401+00:00,
https://mp.weixin.qq.com/s?__biz=MzIxNTM0MjQ3OA==&mid=2247511665&idx=5&sn=a0312bbf621c78991806f531fa6bb8cb&chksm=979b2290a0ecab86979fc703c691f2a864dc2a9111a97b3e18a7635870bfc85146dc4cc0ca5e#rd,mp.weixin.qq.com,wechat_article,西南大学,2026,复录比;复试人数;拟录取中位;拟录取人数;拟录取最低;拟录取最高;本科背景状态,HEAD,reachable,200,text/html,https://mp.weixin.qq.com/s?__biz=MzIxNTM0MjQ3OA==&mid=2247511665&idx=5&sn=a0312bbf621c78991806f531fa6bb8cb&chksm=979b2290a0ecab86979fc703c691f2a864dc2a9111a97b3e18a7635870bfc85146dc4cc0ca5e#rd,,2026-10-09T06:32:43.609453+00:00,
https://mp.weixin.qq.com/s?__biz=MzIxNTM0MjQ3OA==&mid=2247511665&idx=6&sn=8ec0994d21b1b251d813ab6d781c5e96&chksm=979b2290a0ecab8644fce28b2f27ef353ce764a91d7effd81e59c0ea791e036431ae738d7914#rd,mp.weixin.qq.com,wechat_article,宁夏大学,2026,复录比;复试人数;拟录取中位;拟录取人数;拟录取最低;拟录取最高;本科背景状态,HEAD,reachable,200,text/html,https://mp.weixin.qq.com/s?__biz=MzIxNTM0MjQ3OA==&mid=2247511665&idx=6&sn=8ec0994d21b1b251d813ab6d781c5e96&chksm=979b2290a0ecab8644fce28b2f27ef353ce764a91d7effd81e59c0ea791e036431ae738d7914#rd,,2026-10-09T06:32:44.100640+00:00,
https://mp.weixin.qq.com/s?__biz=MzIxNTM0MjQ3OA==&mid=2247511676&idx=5&sn=3f45838d7010ecd692c7a72beb223882&chksm=979b229da0ecab8beab443bf65e556294a016309c4011c767b62fe9ebc276891936398859591#rd,mp.weixin.qq.com,wechat_article,福州大学,2026,复录比;复试人数;拟录取中位;拟录取人数;拟录取最低;拟录取最高;本科背景状态,HEAD,reachable,200,text/html,https://mp.weixin.qq.com/s?__biz=MzIxNTM0MjQ3OA==&mid=2247511676&idx=5&sn=3f45838d7010ecd692c7a72beb223882&chksm=979b229da0ecab8beab443bf65e556294a016309c4011c767b62fe9ebc276891936398859591#rd,,2026-10-09T06:32:44.126967+00:00,
https://mp.weixin.qq.com/s?__biz=MzIxNTM0MjQ3OA==&mid=2247511756&idx=4&sn=4af74fe195e04148644cc116ce8d3630&chksm=979b222da0ecab3b7dd3b456af110aa1ce3f864bde96108544dade56523ac35fa392f3dd1d61#rd,mp.weixin.qq.com,wechat_article,重庆大学,2026,复录比;复试人数;拟录取中位;拟录取人数;拟录取最低;拟录取最高;本科背景状态,HEAD,reachable,200,text/html,https://mp.weixin.qq.com/s?__biz=MzIxNTM0MjQ3OA==&mid=2247511756&idx=4&sn=4af74fe195e04148644cc116ce8d3630&chksm=979b222da0ecab3b7dd3b456af110aa1ce3f864bde96108544dade56523ac35fa392f3dd1d61#rd,,2026-10-09T06:32:44.161246+00:00,
https://mp.weixin.qq.com/s?__biz=MzIxNTM0MjQ3OA==&mid=2247511756&idx=5&sn=2fee7fb4f73b19ea8caac71e207b686c&chksm=979b222da0ecab3b36779ddf92b05be4452cd239d8a980cbfa8d0e61cd5225c2c209599e0e57#rd,mp.weixin.qq.com,wechat_article,北京交通大学,2026,复录比;复试人数;拟录取中位;拟录取人数;拟录取最低;拟录取最高;本科背景状态,HEAD,reachable,200,text/html,https://mp.weixin.qq.com/s?__biz=MzIxNTM0MjQ3OA==&mid=2247511756&idx=5&sn=2fee7fb4f73b19ea8caac71e207b686c&chksm=979b222da0ecab3b36779ddf92b05be4452cd239d8a980cbfa8d0e61cd5225c2c209599e0e57#rd,,2026-10-09T06:32:44.327133+00:00,
https://mp.weixin.qq.com/s?__biz=MzIxNTM0MjQ3OA==&mid=2247511761&idx=3&sn=6d625638212f5774bb6a26d4343108c6&chksm=979b2230a0ecab267ed3694b23463b13a5ec5b6df36a15db0ef0b7f66faa47ad5f777c802f5b#rd,mp.weixin.qq.com,wechat_article,四川大学,2026,复录比;复试人数;拟录取中位;拟录取人数;拟录取最低;拟录取最高;本科背景状态,HEAD,reachable,200,text/html,https://mp.weixin.qq.com/s?__biz=MzIxNTM0MjQ3OA==&mid=2247511761&idx=3&sn=6d625638212f5774bb6a26d4343108c6&chksm=979b2230a0ecab267ed3694b23463b13a5ec5b6df36a15db0ef0b7f66faa47ad5f777c802f5b#rd,,2026-10-09T06:32:44.339865+00:00,
https://mp.weixin.qq.com/s?__biz=MzIxNTM0MjQ3OA==&mid=2247511761&idx=4&sn=6d50e932ab7c9414c6d1c078774b0cdc&chksm=979b2230a0ecab264c04b342cb3b29eecd2b5c58ab7424e188b48b31642976cfcaf94dcefc5b#rd,mp.weixin.qq.com,wechat_article,内蒙古大学,2026,复录比;复试人数;拟录取中位;拟录取人数;拟录取最低;拟录取最高;本科背景状态,HEAD,reachable,200,text/html,https://mp.weixin.qq.com/s?__biz=MzIxNTM0MjQ3OA==&mid=2247511761&idx=4&sn=6d50e932ab7c9414c6d1c078774b0cdc&chksm=979b2230a0ecab264c04b342cb3b29eecd2b5c58ab7424e188b48b31642976cfcaf94dcefc5b#rd,,2026-10-09T06:32:44.381565+00:00,
https://mp.weixin.qq.com/s?__biz=MzIxNTM0MjQ3OA==&mid=2247511770&idx=4&sn=c6ff75d9ed138727e1edcc30d5db49b0&chksm=979b223ba0ecab2dfb6a2f6a83a9ac8aa9956d063d5828a24294f2801fd03de3738d7759cbd9#rd,mp.weixin.qq.com,wechat_article,东北大学,2026,复录比;复试人数;拟录取人数;拟录取最低;本科背景状态,HEAD,reachable,200,text/html,https://mp.weixin.qq.com/s?__biz=MzIxNTM0MjQ3OA==&mid=2247511770&idx=4&sn=c6ff75d9ed138727e1edcc30d5db49b0&chksm=979b223ba0ecab2dfb6a2f6a83a9ac8aa9956d063d5828a24294f2801fd03de3738d7759cbd9#rd,,2026-10-09T06:32:44.383562+00:00,
https://mp.weixin.qq.com/s?__biz=MzIxNTM0MjQ3OA==&mid=2247511770&idx=5&sn=8696aa71de4a3ea9e45740b18e1f001e&chksm=979b223ba0ecab2d16ad4a9cb9c35e29b026c8efb3e49d651492d09682ffeafc7f6babdd41b5#rd,mp.weixin.qq.com,wechat_article,石河子大学,2026,复录比;复试人数;拟录取中位;拟录取人数;拟录取最低;拟录取最高;本科背景状态,HEAD,reachable,200,text/html,https://mp.weixin.qq.com/s?__biz=MzIxNTM0MjQ3OA==&mid=2247511770&idx=5&sn=8696aa71de4a3ea9e45740b18e1f001e&chksm=979b223ba0ecab2d16ad4a9cb9c35e29b026c8efb3e49d651492d09682ffeafc7f6babdd41b5#rd,,2026-10-09T06:32:44.413574+00:00,
https://mp.weixin.qq.com/s?__biz=MzIxNTM0MjQ3OA==&mid=2247511773&idx=4&sn=70daca445d6d8c435a6346145a90bd7a&chksm=979b223ca0ecab2a437401c0379ee32ee2ebecf22614d46dd08241f3a9d806a986101979f24a#rd,mp.weixin.qq.com,wechat_article,北京工业大学,2026,复录比;复试人数;拟录取中位;拟录取人数;拟录取最低;拟录取最高;本科背景状态,HEAD,reachable,200,text/html,https://mp.weixin.qq.com/s?__biz=MzIxNTM0MjQ3OA==&mid=2247511773&idx=4&sn=70daca445d6d8c435a6346145a90bd7a&chksm=979b223ca0ecab2a437401c0379ee32ee2ebecf22614d46dd08241f3a9d806a986101979f24a#rd,,2026-10-09T06:32:44.424557+00:00,
https://mp.weixin.qq.com/s?__biz=MzIxNTM0MjQ3OA==&mid=2247511773&idx=5&sn=63f552a52d535404573058696ce27f40&chksm=979b223ca0ecab2a6a84c985abf86ce7a027bd2a25adf4c89fb40572590274476d3c66e4807e#rd,mp.weixin.qq.com,wechat_article,山东大学,2026,复录比;复试人数;拟录取中位;拟录取人数;拟录取最低;拟录取最高;本科背景状态,HEAD,reachable,200,text/html,https://mp.weixin.qq.com/s?__biz=MzIxNTM0MjQ3OA==&mid=2247511773&idx=5&sn=63f552a52d535404573058696ce27f40&chksm=979b223ca0ecab2a6a84c985abf86ce7a027bd2a25adf4c89fb40572590274476d3c66e4807e#rd,,2026-10-09T06:32:44.425564+00:00,
https://mp.weixin.qq.com/s?__biz=MzIxNTM0MjQ3OA==&mid=2247511797&idx=4&sn=f443563543603700ba80fd99defcbc7f&chksm=979b2214a0ecab02ac614bd38fb2e241ee8d65fdaa6cfa62d56266cc085fb7991ec63d31702c#rd,mp.weixin.qq.com,wechat_article,中央民族大学,2026,复录比;复试人数;拟录取中位;拟录取人数;拟录取最低;拟录取最高;本科背景状态,HEAD,reachable,200,text/html,https://mp.weixin.qq.com/s?__biz=MzIxNTM0MjQ3OA==&mid=2247511797&idx=4&sn=f443563543603700ba80fd99defcbc7f&chksm=979b2214a0ecab02ac614bd38fb2e241ee8d65fdaa6cfa62d56266cc085fb7991ec63d31702c#rd,,2026-10-09T06:32:44.497350+00:00,
https://mp.weixin.qq.com/s?__biz=MzIxNTM0MjQ3OA==&mid=2247511797&idx=5&sn=af6b9ebaf6c56bf7addf872ed1e3297d&chksm=979b2214a0ecab029b5fb53fc9d2ba49c39058738526d5906c792feab664361f00e79e825b50#rd,mp.weixin.qq.com,wechat_article,西安电子科技大学,2026,复录比;复试人数;拟录取中位;拟录取人数;拟录取最低;拟录取最高;本科背景状态,HEAD,reachable,200,text/html,https://mp.weixin.qq.com/s?__biz=MzIxNTM0MjQ3OA==&mid=2247511797&idx=5&sn=af6b9ebaf6c56bf7addf872ed1e3297d&chksm=979b2214a0ecab029b5fb53fc9d2ba49c39058738526d5906c792feab664361f00e79e825b50#rd,,2026-10-09T06:32:44.658866+00:00,
https://mp.weixin.qq.com/s?__biz=MzIxNTM0MjQ3OA==&mid=2247511820&idx=3&sn=ff869c735847ee446ed5996fc2b54269&chksm=979b23eda0ecaafbb29372b852f8fb189a5f3e05490667a5fe4c5e94eba75a35076096ffbcae#rd,mp.weixin.qq.com,wechat_article,清华大学,2026,复录比;复试人数;拟录取中位;拟录取人数;拟录取最低;拟录取最高;本科背景状态,HEAD,reachable,200,text/html,https://mp.weixin.qq.com/s?__biz=MzIxNTM0MjQ3OA==&mid=2247511820&idx=3&sn=ff869c735847ee446ed5996fc2b54269&chksm=979b23eda0ecaafbb29372b852f8fb189a5f3e05490667a5fe4c5e94eba75a35076096ffbcae#rd,,2026-10-09T06:32:44.936817+00:00,
https://mp.weixin.qq.com/s?__biz=MzIxNTM0MjQ3OA==&mid=2247511820&idx=4&sn=064af89b901c53f4420ed740246c1873&chksm=979b23eda0ecaafb2edf9aa506cce714882e77776adb5ea06394f1a619473179e06dfbdfc998#rd,mp.weixin.qq.com,wechat_article,中央财经大学,2026,复录比;复试人数;拟录取中位;拟录取人数;拟录取最低;拟录取最高;本科背景状态,HEAD,reachable,200,text/html,https://mp.weixin.qq.com/s?__biz=MzIxNTM0MjQ3OA==&mid=2247511820&idx=4&sn=064af89b901c53f4420ed740246c1873&chksm=979b23eda0ecaafb2edf9aa506cce714882e77776adb5ea06394f1a619473179e06dfbdfc998#rd,,2026-10-09T06:32:45.082440+00:00,
https://mp.weixin.qq.com/s?__biz=MzIxNTM0MjQ3OA==&mid=2247511834&idx=4&sn=6b083f36d19e55940fd9a2aea2a36777&chksm=979b23fba0ecaaedfc59112f04bf19e883102f0ca2ac99c145d9c25aec1ee69df5cfe4d1c968#rd,mp.weixin.qq.com,wechat_article,哈尔滨工业大学,2026,复录比;复试人数;拟录取中位;拟录取人数;拟录取最低;拟录取最高;本科背景状态,HEAD,reachable,200,text/html,https://mp.weixin.qq.com/s?__biz=MzIxNTM0MjQ3OA==&mid=2247511834&idx=4&sn=6b083f36d19e55940fd9a2aea2a36777&chksm=979b23fba0ecaaedfc59112f04bf19e883102f0ca2ac99c145d9c25aec1ee69df5cfe4d1c968#rd,,2026-10-09T06:32:45.761944+00:00,
https://mp.weixin.qq.com/s?__biz=MzIxNTM0MjQ3OA==&mid=2247511877&idx=4&sn=e486845d30ee1931a03595a9baf5f063&chksm=979b23a4a0ecaab2eed73f14056cf0b97f7d6b544d396fbc4c2e652df27614b1a52ad1f6fb4d#rd,mp.weixin.qq.com,wechat_article,中国人民大学,2026,复录比;复试人数;拟录取中位;拟录取人数;拟录取最低;拟录取最高;本科背景状态,HEAD,reachable,200,text/html,https://mp.weixin.qq.com/s?__biz=MzIxNTM0MjQ3OA==&mid=2247511877&idx=4&sn=e486845d30ee1931a03595a9baf5f063&chksm=979b23a4a0ecaab2eed73f14056cf0b97f7d6b544d396fbc4c2e652df27614b1a52ad1f6fb4d#rd,,2026-10-09T06:32:45.844613+00:00,
https://mp.weixin.qq.com/s?__biz=MzIxNTM0MjQ3OA==&mid=2247511884&idx=3&sn=8d53c37b62a3d3cc2d3d4d372382c8bc&chksm=979b23ada0ecaabb74fb8fde488a5f9786612b0d8054fdc932ea62e7483c011c09408337e528#rd,mp.weixin.qq.com,wechat_article,东华大学,2026,拟录取中位;拟录取人数;拟录取最低;拟录取最高;本科背景状态,HEAD,reachable,200,text/html,https://mp.weixin.qq.com/s?__biz=MzIxNTM0MjQ3OA==&mid=2247511884&idx=3&sn=8d53c37b62a3d3cc2d3d4d372382c8bc&chksm=979b23ada0ecaabb74fb8fde488a5f9786612b0d8054fdc932ea62e7483c011c09408337e528#rd,,2026-10-09T06:32:45.942231+00:00,
https://mp.weixin.qq.com/s?__biz=MzIxNTM0MjQ3OA==&mid=2247511884&idx=4&sn=c8cf84f5dbcecbab79655aa864cf27c7&chksm=979b23ada0ecaabbadba8f8ae04ce6e2c0b9b0c6e3a724d5c0f29d45cf8bed351322522e8331#rd,mp.weixin.qq.com,wechat_article,西安交通大学,2026,复录比;复试人数;拟录取中位;拟录取人数;拟录取最低;拟录取最高;本科背景状态,HEAD,reachable,200,text/html,https://mp.weixin.qq.com/s?__biz=MzIxNTM0MjQ3OA==&mid=2247511884&idx=4&sn=c8cf84f5dbcecbab79655aa864cf27c7&chksm=979b23ada0ecaabbadba8f8ae04ce6e2c0b9b0c6e3a724d5c0f29d45cf8bed351322522e8331#rd,,2026-10-09T06:32:45.955230+00:00,
https://mp.weixin.qq.com/s?__biz=MzIxNTM0MjQ3OA==&mid=2247512064&idx=2&sn=cdb6a640abcf31dc3f767d502f80ebf1&chksm=979b3ce1a0ecb5f75c54dc36a6bbf01f2a68b0874f3c2639cec8750d0e25a1330fce2c7fa0c6#rd,mp.weixin.qq.com,wechat_article,同济大学,2026,复录比;复试人数;拟录取中位;拟录取人数;拟录取最低;拟录取最高;本科背景状态,HEAD,reachable,200,text/html,https://mp.weixin.qq.com/s?__biz=MzIxNTM0MjQ3OA==&mid=2247512064&idx=2&sn=cdb6a640abcf31dc3f767d502f80ebf1&chksm=979b3ce1a0ecb5f75c54dc36a6bbf01f2a68b0874f3c2639cec8750d0e25a1330fce2c7fa0c6#rd,,2026-10-09T06:32:46.131490+00:00,
https://mp.weixin.qq.com/s?__biz=MzIxNTM0MjQ3OA==&mid=2247512114&idx=4&sn=fba13f5fe9a3f7af6798a3160f0801d2&chksm=979b3cd3a0ecb5c5591fb2aeb52d9a382bfa310f2e06d801ad65af57b48b4992534a53d8be57#rd,mp.weixin.qq.com,wechat_article,华北电力大学,2026,复录比;复试人数;拟录取中位;拟录取人数;拟录取最低;拟录取最高;本科背景状态,HEAD,reachable,200,text/html,https://mp.weixin.qq.com/s?__biz=MzIxNTM0MjQ3OA==&mid=2247512114&idx=4&sn=fba13f5fe9a3f7af6798a3160f0801d2&chksm=979b3cd3a0ecb5c5591fb2aeb52d9a382bfa310f2e06d801ad65af57b48b4992534a53d8be57#rd,,2026-10-09T06:32:46.398765+00:00,
https://mp.weixin.qq.com/s?__biz=MzIxNTM0MjQ3OA==&mid=2247512114&idx=5&sn=88502fe1a963f693fd14f122f88432f8&chksm=979b3cd3a0ecb5c5cbafa559835aa9c931be6b8d6dc3b13a9498a143609174213a31fa47c86a#rd,mp.weixin.qq.com,wechat_article,北京林业大学,2026,复录比;复试人数;拟录取中位;拟录取人数;拟录取最低;拟录取最高;本科背景状态,HEAD,reachable,200,text/html,https://mp.weixin.qq.com/s?__biz=MzIxNTM0MjQ3OA==&mid=2247512114&idx=5&sn=88502fe1a963f693fd14f122f88432f8&chksm=979b3cd3a0ecb5c5cbafa559835aa9c931be6b8d6dc3b13a9498a143609174213a31fa47c86a#rd,,2026-10-09T06:32:46.729956+00:00,
https://mp.weixin.qq.com/s?__biz=MzIxNTM0MjQ3OA==&mid=2247512134&idx=4&sn=d732354f7920be9a2297f3c2f1dbf2e6&chksm=979b3ca7a0ecb5b19ae4eca79b4f205e96bea3ca5e484c91925cd64c7c30c38deca197fdbe7c#rd,mp.weixin.qq.com,wechat_article,上海大学,2026,拟录取中位;拟录取人数;拟录取最低;拟录取最高;本科背景状态,HEAD,reachable,200,text/html,https://mp.weixin.qq.com/s?__biz=MzIxNTM0MjQ3OA==&mid=2247512134&idx=4&sn=d732354f7920be9a2297f3c2f1dbf2e6&chksm=979b3ca7a0ecb5b19ae4eca79b4f205e96bea3ca5e484c91925cd64c7c30c38deca197fdbe7c#rd,,2026-10-09T06:32:47.062038+00:00,
https://mp.weixin.qq.com/s?__biz=MzIxNTM0MjQ3OA==&mid=2247512178&idx=4&sn=98864aaf532e0ab88f537a6335721824&chksm=979b3c93a0ecb5853e2d71ff602effb77c3b4377de40a8ae825946e9d72eac0264964bd22661#rd,mp.weixin.qq.com,wechat_article,陕西师范大学,2026,复录比;复试人数;拟录取中位;拟录取人数;拟录取最低;拟录取最高;本科背景状态,HEAD,reachable,200,text/html,https://mp.weixin.qq.com/s?__biz=MzIxNTM0MjQ3OA==&mid=2247512178&idx=4&sn=98864aaf532e0ab88f537a6335721824&chksm=979b3c93a0ecb5853e2d71ff602effb77c3b4377de40a8ae825946e9d72eac0264964bd22661#rd,,2026-10-09T06:32:47.100841+00:00,
https://mp.weixin.qq.com/s?__biz=MzIxNTM0MjQ3OA==&mid=2247512178&idx=5&sn=ffdf3b184d289434928328133667a8b5&chksm=979b3c93a0ecb5850f580ea885a19a08ccba4243405746bf2df22d09f026f1b74ed6d37ed0a4#rd,mp.weixin.qq.com,wechat_article,安徽大学,2026,复录比;复试人数;拟录取中位;拟录取人数;拟录取最低;拟录取最高;本科背景状态,HEAD,reachable,200,text/html,https://mp.weixin.qq.com/s?__biz=MzIxNTM0MjQ3OA==&mid=2247512178&idx=5&sn=ffdf3b184d289434928328133667a8b5&chksm=979b3c93a0ecb5850f580ea885a19a08ccba4243405746bf2df22d09f026f1b74ed6d37ed0a4#rd,,2026-10-09T06:32:47.435363+00:00,
https://mp.weixin.qq.com/s?__biz=MzIxNTM0MjQ3OA==&mid=2247512178&idx=7&sn=ed78ea38c44f9de403e85075fa84003e&chksm=979b3c93a0ecb5856aaea02bfff2d5377a15f0a868452c54b44fd3bfe2727377c3422228b6ef#rd,mp.weixin.qq.com,wechat_article,西北工业大学,2026,拟录取中位;拟录取人数;拟录取最低;拟录取最高;本科背景状态,HEAD,reachable,200,text/html,https://mp.weixin.qq.com/s?__biz=MzIxNTM0MjQ3OA==&mid=2247512178&idx=7&sn=ed78ea38c44f9de403e85075fa84003e&chksm=979b3c93a0ecb5856aaea02bfff2d5377a15f0a868452c54b44fd3bfe2727377c3422228b6ef#rd,,2026-10-09T06:32:47.700620+00:00,
https://mp.weixin.qq.com/s?__biz=MzIxNTM0MjQ3OA==&mid=2247512220&idx=5&sn=4857edea9d97fefff70e816d3d4f2e55&chksm=979b3c7da0ecb56bd9b8d2521257c4f73e0092d1416435aece4472cf047b4c09df66304c9cc0#rd,mp.weixin.qq.com,wechat_article,武汉理工大学,2026,复录比;复试人数;拟录取中位;拟录取人数;拟录取最低;拟录取最高;本科背景状态,HEAD,reachable,200,text/html,https://mp.weixin.qq.com/s?__biz=MzIxNTM0MjQ3OA==&mid=2247512220&idx=5&sn=4857edea9d97fefff70e816d3d4f2e55&chksm=979b3c7da0ecb56bd9b8d2521257c4f73e0092d1416435aece4472cf047b4c09df66304c9cc0#rd,,2026-10-09T06:32:48.063388+00:00,
https://mp.weixin.qq.com/s?__biz=MzIxNTM0MjQ3OA==&mid=2247512220&idx=6&sn=0fb297724ecf8f285fac5f59fb58f432&chksm=979b3c7da0ecb56bc8cb46e4697cb0b283cfccbc0115388ee5f2db57d907811196d65896033b#rd,mp.weixin.qq.com,wechat_article,华南师范大学,2026,复录比;复试人数;拟录取中位;拟录取人数;拟录取最低;拟录取最高;本科背景状态,HEAD,reachable,200,text/html,https://mp.weixin.qq.com/s?__biz=MzIxNTM0MjQ3OA==&mid=2247512220&idx=6&sn=0fb297724ecf8f285fac5f59fb58f432&chksm=979b3c7da0ecb56bc8cb46e4697cb0b283cfccbc0115388ee5f2db57d907811196d65896033b#rd,,2026-10-09T06:32:48.122779+00:00,
https://mp.weixin.qq.com/s?__biz=MzIxNTM0MjQ3OA==&mid=2247512232&idx=4&sn=90f61f8aba37c805edde9ae2d6ce29ed&chksm=979b3c49a0ecb55fadc226086a0eb6e8a2b60b661de2005e55a21eb1a63d7d9da69913fc8413#rd,mp.weixin.qq.com,wechat_article,中国海洋大学,2026,复录比;复试人数;拟录取中位;拟录取人数;拟录取最低;拟录取最高;本科背景状态,HEAD,reachable,200,text/html,https://mp.weixin.qq.com/s?__biz=MzIxNTM0MjQ3OA==&mid=2247512232&idx=4&sn=90f61f8aba37c805edde9ae2d6ce29ed&chksm=979b3c49a0ecb55fadc226086a0eb6e8a2b60b661de2005e55a21eb1a63d7d9da69913fc8413#rd,,2026-10-09T06:32:48.337665+00:00,
https://mp.weixin.qq.com/s?__biz=MzIxNTM0MjQ3OA==&mid=2247512232&idx=5&sn=e91ec6eee2c3fa4dac7bb937bf244f4d&chksm=979b3c49a0ecb55f8695847682cfbd85348b21a2b1930ce71db75f27cccfd1667281b182af32#rd,mp.weixin.qq.com,wechat_article,郑州大学,2026,复录比;复试人数;拟录取中位;拟录取人数;拟录取最低;拟录取最高;本科背景状态,HEAD,reachable,200,text/html,https://mp.weixin.qq.com/s?__biz=MzIxNTM0MjQ3OA==&mid=2247512232&idx=5&sn=e91ec6eee2c3fa4dac7bb937bf244f4d&chksm=979b3c49a0ecb55f8695847682cfbd85348b21a2b1930ce71db75f27cccfd1667281b182af32#rd,,2026-10-09T06:32:48.371801+00:00,
https://mp.weixin.qq.com/s?__biz=MzIxNTM0MjQ3OA==&mid=2247512251&idx=4&sn=fcd7f47a7299ae69c3c03ccf201efdcf&chksm=979b3c5aa0ecb54c5d08b1d811b66291b1dd3a04eef0e9414ef7c1ce7937163c78d548ed09c9#rd,mp.weixin.qq.com,wechat_article,东南大学,2026,复录比;复试人数;拟录取中位;拟录取人数;拟录取最低;拟录取最高;本科背景状态,HEAD,reachable,200,text/html,https://mp.weixin.qq.com/s?__biz=MzIxNTM0MjQ3OA==&mid=2247512251&idx=4&sn=fcd7f47a7299ae69c3c03ccf201efdcf&chksm=979b3c5aa0ecb54c5d08b1d811b66291b1dd3a04eef0e9414ef7c1ce7937163c78d548ed09c9#rd,,2026-10-09T06:32:48.768805+00:00,
https://mp.weixin.qq.com/s?__biz=MzIxNTM0MjQ3OA==&mid=2247512364&idx=5&sn=c18e8f475a7acdb8c297b816077f214d&chksm=979b3dcda0ecb4dbaa95c1a59937db8f6d8f51ae59026a544f8be46bc7807f9e28305a07c0a6#rd,mp.weixin.qq.com,wechat_article,云南大学,2026,复录比;复试人数;拟录取中位;拟录取人数;拟录取最低;拟录取最高;本科背景状态,HEAD,reachable,200,text/html,https://mp.weixin.qq.com/s?__biz=MzIxNTM0MjQ3OA==&mid=2247512364&idx=5&sn=c18e8f475a7acdb8c297b816077f214d&chksm=979b3dcda0ecb4dbaa95c1a59937db8f6d8f51ae59026a544f8be46bc7807f9e28305a07c0a6#rd,,2026-10-09T06:32:48.948083+00:00,
https://mp.weixin.qq.com/s?__biz=MzIxNTM0MjQ3OA==&mid=2247512727&idx=1&sn=039c6897a8b83570f80b79ea937b6880&chksm=979b3e76a0ecb7600fdb56cdb9880a179e965335e92e94cf464f1e9fc7ae698c38cd7eec8099#rd,mp.weixin.qq.com,wechat_article,复旦大学,2026,复录比;复试人数;拟录取中位;拟录取人数;拟录取最低;拟录取最高;本科背景状态,HEAD,reachable,200,text/html,https://mp.weixin.qq.com/s?__biz=MzIxNTM0MjQ3OA==&mid=2247512727&idx=1&sn=039c6897a8b83570f80b79ea937b6880&chksm=979b3e76a0ecb7600fdb56cdb9880a179e965335e92e94cf464f1e9fc7ae698c38cd7eec8099#rd,,2026-10-09T06:32:49.161642+00:00,
https://qlyxjxgl.sdu.edu.cn/info/1003/1210.htm,qlyxjxgl.sdu.edu.cn,university_official,,,历年真题题型,HEAD,reachable,200,text/html,https://qlyxjxgl.sdu.edu.cn/info/1003/1210.htm,,2026-10-09T06:32:49.162647+00:00,
https://scms.fudan.edu.cn/info/1047/12011.htm,scms.fudan.edu.cn,university_official,,,复试形式、复试人数,HEAD,reachable,200,text/html,https://scms.fudan.edu.cn/info/1047/12011.htm,,2026-10-09T06:32:49.530666+00:00,
https://scms.fudan.edu.cn/info/1047/12031.htm,scms.fudan.edu.cn,university_official,复旦大学,2026,复录比;复试人数;复试形式、复试人数;拟录取中位;拟录取人数;拟录取最低;拟录取最高;本科背景状态,HEAD,reachable,200,text/html,https://scms.fudan.edu.cn/info/1047/12031.htm,,2026-10-09T06:32:49.730565+00:00,
https://scms.fudan.edu.cn/info/1047/12891.htm,scms.fudan.edu.cn,university_official,,,最新范围、题型、指定教材,HEAD,reachable,200,text/html,https://scms.fudan.edu.cn/info/1047/12891.htm,,2026-10-09T06:32:49.765403+00:00,
https://sds.fudan.edu.cn/_t2392/ca/b3/c17433a772787/page.htm,sds.fudan.edu.cn,university_official,,,复试形式、复试人数,GET_range,reachable,200,text/html,https://sds.fudan.edu.cn/_t2392/ca/b3/c17433a772787/page.htm,,2026-10-09T06:32:50.106071+00:00,
https://sds.fudan.edu.cn/ca/bd/c17701a772797/page.htm,sds.fudan.edu.cn,university_official,复旦大学,2026,复录比;复试人数;复试形式、复试人数;拟录取中位;拟录取人数;拟录取最低;拟录取最高;本科背景状态,GET_range,reachable,200,text/html,https://sds.fudan.edu.cn/ca/bd/c17701a772797/page.htm,,2026-10-09T06:32:50.775019+00:00,
https://som.ustc.edu.cn/2026/0319/c36754a723567/page.htm,som.ustc.edu.cn,university_official,中国科学技术大学,2026,复录比;复试人数;复试线文本;多学院/方向明细;拟录取中位;拟录取人数;拟录取最低;拟录取最高;本科背景状态;线证据等级;选择数值,GET_range,reachable,200,text/html,https://som.ustc.edu.cn/2026/0319/c36754a723567/page.htm,,2026-10-09T06:32:51.217626+00:00,
https://som.ustc.edu.cn/2026/0402/c36754a725336/page.htm,som.ustc.edu.cn,university_official,中国科学技术大学,2026,复录比;复录比、拟录取最低分/中位数;复试人数;拟录取中位;拟录取人数;拟录取最低;拟录取最高;本科背景状态,GET_range,reachable,200,text/html,https://som.ustc.edu.cn/2026/0402/c36754a725336/page.htm,,2026-10-09T06:32:51.321823+00:00,
https://soms.bjtu.edu.cn/docs/2026-03/abd40f25009b4043a2dd92e6d8948a79.pdf,soms.bjtu.edu.cn,university_official,北京交通大学,2026,复试线文本;多学院/方向明细;线证据等级;选择数值,HEAD,reachable,200,application/pdf,https://soms.bjtu.edu.cn/docs/2026-03/abd40f25009b4043a2dd92e6d8948a79.pdf,,2026-10-09T06:32:51.359346+00:00,
https://stat.ecnu.edu.cn/76/4a/c9708a751178/page.htm,stat.ecnu.edu.cn,university_official,,,拟录取人数、初试最低/中位/最高、复录比,GET_range,reachable,200,text/html,https://stat.ecnu.edu.cn/76/4a/c9708a751178/page.htm,,2026-10-09T06:32:51.360344+00:00,
https://stat.ecnu.edu.cn/_upload/article/files/75/13/fccefefd4b98a332d1077b17f9c6/6edeeed4-7a55-4fd6-b207-aff078745e0e.pdf,stat.ecnu.edu.cn,university_official,华东师范大学,2026,复录比;复试人数;拟录取中位;拟录取人数;拟录取最低;拟录取最高;本科背景状态,GET_range,reachable,206,application/pdf,https://stat.ecnu.edu.cn/_upload/article/files/75/13/fccefefd4b98a332d1077b17f9c6/6edeeed4-7a55-4fd6-b207-aff078745e0e.pdf,,2026-10-09T06:32:51.478739+00:00,
https://stat.ecnu.edu.cn/c2/dd/c9708a770781/page.htm,stat.ecnu.edu.cn,university_official,,,最新432参考教材与范围变化,GET_range,reachable,200,text/html,https://stat.ecnu.edu.cn/c2/dd/c9708a770781/page.htm,,2026-10-09T06:32:51.750091+00:00,
https://stat.ruc.edu.cn/docs/2025-10/75cc7eade489405e8f7c2a2aee9638cf.pdf,stat.ruc.edu.cn,university_official,,,学制学费,HEAD,reachable,200,application/pdf,http://stat.ruc.edu.cn/docs/2025-10/75cc7eade489405e8f7c2a2aee9638cf.pdf,,2026-10-09T06:32:51.895102+00:00,
https://stat.ruc.edu.cn/tzgg/44b0a2b212b9477494645db69c1efd8f.htm,stat.ruc.edu.cn,university_official,中国人民大学,2025,2025线;复试线文本;线证据等级;选择数值,HEAD,reachable,200,text/html,http://stat.ruc.edu.cn/tzgg/44b0a2b212b9477494645db69c1efd8f.htm,,2026-10-09T06:32:51.896102+00:00,
https://stat.ruc.edu.cn/tzgg/8fb8c0c652e04a7c9e6c30b4adb218f6.htm,stat.ruc.edu.cn,university_official,中国人民大学,2025,复录比;复录比例、计划;复试人数;拟录取人数;拟录取最低;本科背景状态,HEAD,reachable,200,text/html,http://stat.ruc.edu.cn/tzgg/8fb8c0c652e04a7c9e6c30b4adb218f6.htm,,2026-10-09T06:32:51.898107+00:00,
https://static.kaoyan.cn/file/2024/09/09/03ae3e8670da5739f58bca7dc6067c10.pdf,static.kaoyan.cn,document_pdf,上海财经大学,2024,复试线文本;多学院/方向明细;线证据等级;选择数值,HEAD,reachable,200,application/pdf,https://static.kaoyan.cn/file/2024/09/09/03ae3e8670da5739f58bca7dc6067c10.pdf,,2026-10-09T06:32:51.914642+00:00,
https://tsxy.zuel.edu.cn/_upload/article/files/15/fa/e5c1c0e24e4190959c6705735842/2b97dccb-1810-4a22-befa-d8a3bced99b9.pdf,tsxy.zuel.edu.cn,university_official,中南财经政法大学,2025,复录比;复试人数;拟录取中位;拟录取人数;拟录取分布;拟录取最低;拟录取最高;本科背景状态,HEAD,reachable,200,application/pdf,https://tsxy.zuel.edu.cn/_upload/article/files/15/fa/e5c1c0e24e4190959c6705735842/2b97dccb-1810-4a22-befa-d8a3bced99b9.pdf,,2026-10-09T06:32:52.005874+00:00,
https://www.educity.cn/kyyy/5005546.html,www.educity.cn,web_page,,,学制学费基线,HEAD,reachable,200,text/html,https://www.educity.cn/kyyy/5005546.html,,2026-10-09T06:32:52.237299+00:00,
https://www.educity.cn/kyyy/5009654.html,www.educity.cn,web_page,上海交通大学;上海大学;上海财经大学;东北农业大学;东北大学;东北师范大学;东北林业大学;东华大学;东南大学;中南大学;中南财经政法大学;中国人民大学;中国地质大学（北京）;中国地质大学（武汉）;中国海洋大学;中国石油大学（北京）;中国石油大学（华东）;中国科学技术大学;中国药科大学;中央民族大学;中央财经大学;中山大学;云南大学;兰州大学;内蒙古大学;北京交通大学;北京工业大学;北京师范大学;北京林业大学;华东师范大学;华东理工大学;华中农业大学;华中师范大学;华中科技大学;华北电力大学;华南师范大学;南京农业大学;南京大学;南京师范大学;南京理工大学;南京航空航天大学;南昌大学;厦门大学;吉林大学;同济大学;哈尔滨工业大学;四川大学;国防科技大学;复旦大学;大连理工大学;太原理工大学;宁夏大学;安徽大学;对外经济贸易大学;山东大学;延边大学;新疆大学;暨南大学;武汉大学;武汉理工大学;河北工业大学;河海大学;清华大学;湖南大学;湖南师范大学;石河子大学;福州大学;苏州大学;西北大学;西北工业大学;西南交通大学;西南大学;西南财经大学;西安交通大学;西安电子科技大学;贵州大学;辽宁大学;郑州大学;重庆大学;陕西师范大学,2022,2022分数线;复试线文本;多学院/方向明细;线证据等级;选择数值,HEAD,reachable,200,text/html,https://www.educity.cn/kyyy/5009654.html,,2026-10-09T06:32:52.262299+00:00,
https://www.gs.tyut.edu.cn/info/1261/15529.htm,www.gs.tyut.edu.cn,university_official,太原理工大学,2026,复试线文本;多学院/方向明细;线证据等级;选择数值,HEAD,failed,,,,,2026-10-09T06:32:52.263300+00:00,"URLError: <urlopen error [SSL: CERTIFICATE_VERIFY_FAILED] certificate verify failed: Hostname mismatch, certificate is not valid for 'www.gs.tyut.edu.cn'. (_ssl.c:1010)>"
https://www.ludengkaoyan.com/major3/fsx/,www.ludengkaoyan.com,web_page,东北农业大学;华东理工大学;南京理工大学;南京航空航天大学;同济大学;宁夏大学;西南交通大学,2024,2024-2026分数线补齐;复试线文本;线证据等级,HEAD,failed,404,,,,2026-10-09T06:32:52.316379+00:00,HTTPError: Not Found
https://www.ludengkaoyan.com/school100/qrz/zsml/16754.html,www.ludengkaoyan.com,web_page,西南财经大学,2024,复试线文本;多学院/方向明细;线证据等级;选择数值,HEAD,failed,404,,,,2026-10-09T06:32:52.375207+00:00,HTTPError: Not Found
https://www.ludengkaoyan.com/school100/qrz/zsml/244472.html,www.ludengkaoyan.com,web_page,西南财经大学,2025,复试线文本;多学院/方向明细;线证据等级;选择数值,HEAD,failed,404,,,,2026-10-09T06:32:52.375207+00:00,HTTPError: Not Found
https://www.ludengkaoyan.com/school100/qrz/zsml/371933.html,www.ludengkaoyan.com,web_page,西南财经大学,2026,复试线文本;多学院/方向明细;线证据等级;选择数值,HEAD,failed,404,,,,2026-10-09T06:32:52.759058+00:00,HTTPError: Not Found
https://www.ludengkaoyan.com/school101/qrz/zsml/16758.html,www.ludengkaoyan.com,web_page,贵州大学,2024,复试线文本;多学院/方向明细;线证据等级;选择数值,HEAD,failed,404,,,,2026-10-09T06:32:52.966966+00:00,HTTPError: Not Found
https://www.ludengkaoyan.com/school101/qrz/zsml/257361.html,www.ludengkaoyan.com,web_page,贵州大学,2025,复试线文本;多学院/方向明细;线证据等级;选择数值,HEAD,failed,404,,,,2026-10-09T06:32:52.967963+00:00,HTTPError: Not Found
https://www.ludengkaoyan.com/school101/qrz/zsml/384160.html,www.ludengkaoyan.com,web_page,贵州大学,2026,复试线文本;多学院/方向明细;线证据等级;选择数值,HEAD,failed,404,,,,2026-10-09T06:32:53.139027+00:00,HTTPError: Not Found
https://www.ludengkaoyan.com/school102/qrz/zsml/16759.html,www.ludengkaoyan.com,web_page,云南大学,2024,复试线文本;多学院/方向明细;线证据等级;选择数值,HEAD,failed,404,,,,2026-10-09T06:32:53.158029+00:00,HTTPError: Not Found
https://www.ludengkaoyan.com/school102/qrz/zsml/258789.html,www.ludengkaoyan.com,web_page,云南大学,2025,复试线文本;多学院/方向明细;线证据等级;选择数值,HEAD,failed,404,,,,2026-10-09T06:32:53.274132+00:00,HTTPError: Not Found
https://www.ludengkaoyan.com/school102/qrz/zsml/385441.html,www.ludengkaoyan.com,web_page,云南大学,2026,复试线文本;多学院/方向明细;线证据等级;选择数值,HEAD,failed,,,,,2026-10-09T06:32:53.275123+00:00,URLError: <urlopen error [SSL: UNEXPECTED_EOF_WHILE_READING] EOF occurred in violation of protocol (_ssl.c:1010)>
https://www.ludengkaoyan.com/school104/qrz/zsml/16766.html,www.ludengkaoyan.com,web_page,西北大学,2024,复试线文本;多学院/方向明细;线证据等级;选择数值,HEAD,failed,404,,,,2026-10-09T06:32:53.288723+00:00,HTTPError: Not Found
https://www.ludengkaoyan.com/school104/qrz/zsml/245614.html,www.ludengkaoyan.com,web_page,西北大学,2025,复试线文本;多学院/方向明细;线证据等级;选择数值,HEAD,failed,404,,,,2026-10-09T06:32:53.289728+00:00,HTTPError: Not Found
https://www.ludengkaoyan.com/school104/qrz/zsml/372824.html,www.ludengkaoyan.com,web_page,西北大学,2026,复试线文本;多学院/方向明细;线证据等级;选择数值,HEAD,failed,404,,,,2026-10-09T06:32:53.290722+00:00,HTTPError: Not Found
https://www.ludengkaoyan.com/school105/qrz/zsml/16773.html,www.ludengkaoyan.com,web_page,西安电子科技大学,2024,复试线文本;多学院/方向明细;线证据等级;选择数值,HEAD,failed,404,,,,2026-10-09T06:32:53.500279+00:00,HTTPError: Not Found
https://www.ludengkaoyan.com/school105/qrz/zsml/246199.html,www.ludengkaoyan.com,web_page,西安电子科技大学,2025,复试线文本;多学院/方向明细;线证据等级;选择数值,HEAD,failed,404,,,,2026-10-09T06:32:53.526811+00:00,HTTPError: Not Found
https://www.ludengkaoyan.com/school105/qrz/zsml/373999.html,www.ludengkaoyan.com,web_page,西安电子科技大学,2026,复试线文本;多学院/方向明细;线证据等级;选择数值,HEAD,failed,404,,,,2026-10-09T06:32:53.649429+00:00,HTTPError: Not Found
https://www.ludengkaoyan.com/school107/qrz/zsml/16784.html,www.ludengkaoyan.com,web_page,陕西师范大学,2024,复试线文本;多学院/方向明细;线证据等级;选择数值,HEAD,failed,404,,,,2026-10-09T06:32:53.824327+00:00,HTTPError: Not Found
https://www.ludengkaoyan.com/school107/qrz/zsml/376466.html,www.ludengkaoyan.com,web_page,陕西师范大学,2026,复试线文本;多学院/方向明细;线证据等级;选择数值,HEAD,failed,404,,,,2026-10-09T06:32:54.030692+00:00,HTTPError: Not Found
https://www.ludengkaoyan.com/school109/qrz/zsml/264803.html,www.ludengkaoyan.com,web_page,宁夏大学,2025,复试线文本;多学院/方向明细;线证据等级;选择数值,HEAD,failed,404,,,,2026-10-09T06:32:54.076812+00:00,HTTPError: Not Found
https://www.ludengkaoyan.com/school109/qrz/zsml/391452.html,www.ludengkaoyan.com,web_page,宁夏大学,2026,复试线文本;多学院/方向明细;线证据等级;选择数值,HEAD,failed,404,,,,2026-10-09T06:32:54.140333+00:00,HTTPError: Not Found
https://www.ludengkaoyan.com/school11/qrz/zsml/162236.html,www.ludengkaoyan.com,web_page,大连理工大学,2025,复试线文本;多学院/方向明细;线证据等级;选择数值,HEAD,failed,404,,,,2026-10-09T06:32:54.140333+00:00,HTTPError: Not Found
https://www.ludengkaoyan.com/school11/qrz/zsml/16416.html,www.ludengkaoyan.com,web_page,大连理工大学,2024,复试线文本;多学院/方向明细;线证据等级;选择数值,HEAD,failed,404,,,,2026-10-09T06:32:54.141332+00:00,HTTPError: Not Found
https://www.ludengkaoyan.com/school11/qrz/zsml/291787.html,www.ludengkaoyan.com,web_page,大连理工大学,2026,复试线文本;多学院/方向明细;线证据等级;选择数值,HEAD,failed,404,,,,2026-10-09T06:32:54.142332+00:00,HTTPError: Not Found
https://www.ludengkaoyan.com/school110/qrz/zsml/16803.html,www.ludengkaoyan.com,web_page,新疆大学,2024,复试线文本;多学院/方向明细;线证据等级;选择数值,HEAD,failed,404,,,,2026-10-09T06:32:54.143332+00:00,HTTPError: Not Found
https://www.ludengkaoyan.com/school110/qrz/zsml/265479.html,www.ludengkaoyan.com,web_page,新疆大学,2025,复试线文本;多学院/方向明细;线证据等级;选择数值,HEAD,failed,404,,,,2026-10-09T06:32:54.168330+00:00,HTTPError: Not Found
https://www.ludengkaoyan.com/school110/qrz/zsml/391996.html,www.ludengkaoyan.com,web_page,新疆大学,2026,复试线文本;多学院/方向明细;线证据等级;选择数值,HEAD,failed,404,,,,2026-10-09T06:32:54.216355+00:00,HTTPError: Not Found
https://www.ludengkaoyan.com/school111/qrz/zsml/16806.html,www.ludengkaoyan.com,web_page,石河子大学,2024,复试线文本;多学院/方向明细;线证据等级;选择数值,HEAD,failed,404,,,,2026-10-09T06:32:54.218364+00:00,HTTPError: Not Found
https://www.ludengkaoyan.com/school111/qrz/zsml/266216.html,www.ludengkaoyan.com,web_page,石河子大学,2025,复试线文本;多学院/方向明细;线证据等级;选择数值,HEAD,failed,404,,,,2026-10-09T06:32:54.325716+00:00,HTTPError: Not Found
https://www.ludengkaoyan.com/school111/qrz/zsml/392408.html,www.ludengkaoyan.com,web_page,石河子大学,2026,复试线文本;多学院/方向明细;线证据等级;选择数值,HEAD,failed,404,,,,2026-10-09T06:32:54.541310+00:00,HTTPError: Not Found
https://www.ludengkaoyan.com/school113/qrz/zsml/147347.html,www.ludengkaoyan.com,web_page,中国石油大学（北京）,2025,复试线文本;多学院/方向明细;线证据等级;选择数值,HEAD,failed,404,,,,2026-10-09T06:32:54.568995+00:00,HTTPError: Not Found
https://www.ludengkaoyan.com/school113/qrz/zsml/155.html,www.ludengkaoyan.com,web_page,中国石油大学（北京）,2024,复试线文本;多学院/方向明细;线证据等级;选择数值,HEAD,failed,404,,,,2026-10-09T06:32:54.625413+00:00,HTTPError: Not Found
https://www.ludengkaoyan.com/school113/qrz/zsml/277513.html,www.ludengkaoyan.com,web_page,中国石油大学（北京）,2026,复试线文本;多学院/方向明细;线证据等级;选择数值,HEAD,failed,404,,,,2026-10-09T06:32:54.651607+00:00,HTTPError: Not Found
https://www.ludengkaoyan.com/school114/qrz/zsml/147593.html,www.ludengkaoyan.com,web_page,中国地质大学（北京）,2025,复试线文本;多学院/方向明细;线证据等级;选择数值,HEAD,failed,404,,,,2026-10-09T06:32:54.654609+00:00,HTTPError: Not Found
https://www.ludengkaoyan.com/school114/qrz/zsml/158.html,www.ludengkaoyan.com,web_page,中国地质大学（北京）,2024,复试线文本;多学院/方向明细;线证据等级;选择数值,HEAD,failed,404,,,,2026-10-09T06:32:54.656610+00:00,HTTPError: Not Found
https://www.ludengkaoyan.com/school114/qrz/zsml/277842.html,www.ludengkaoyan.com,web_page,中国地质大学（北京）,2026,复试线文本;多学院/方向明细;线证据等级;选择数值,HEAD,failed,404,,,,2026-10-09T06:32:54.660607+00:00,HTTPError: Not Found
https://www.ludengkaoyan.com/school12/qrz/zsml/163137.html,www.ludengkaoyan.com,web_page,东北大学,2025,复试线文本;多学院/方向明细;线证据等级;选择数值,HEAD,failed,404,,,,2026-10-09T06:32:54.663603+00:00,HTTPError: Not Found
https://www.ludengkaoyan.com/school12/qrz/zsml/16419.html,www.ludengkaoyan.com,web_page,东北大学,2024,复试线文本;多学院/方向明细;线证据等级;选择数值,HEAD,failed,404,,,,2026-10-09T06:32:54.760312+00:00,HTTPError: Not Found
https://www.ludengkaoyan.com/school12/qrz/zsml/292719.html,www.ludengkaoyan.com,web_page,东北大学,2026,复试线文本;多学院/方向明细;线证据等级;选择数值,HEAD,failed,404,,,,2026-10-09T06:32:54.853124+00:00,HTTPError: Not Found
https://www.ludengkaoyan.com/school13/qrz/zsml/16427.html,www.ludengkaoyan.com,web_page,吉林大学,2024,复试线文本;多学院/方向明细;线证据等级;选择数值,HEAD,failed,404,,,,2026-10-09T06:32:54.858117+00:00,HTTPError: Not Found
https://www.ludengkaoyan.com/school13/qrz/zsml/167762.html,www.ludengkaoyan.com,web_page,吉林大学,2025,复试线文本;多学院/方向明细;线证据等级;选择数值,HEAD,failed,404,,,,2026-10-09T06:32:55.031495+00:00,HTTPError: Not Found
https://www.ludengkaoyan.com/school13/qrz/zsml/298549.html,www.ludengkaoyan.com,web_page,吉林大学,2026,复试线文本;多学院/方向明细;线证据等级;选择数值,HEAD,failed,404,,,,2026-10-09T06:32:55.049499+00:00,HTTPError: Not Found
https://www.ludengkaoyan.com/school14/qrz/zsml/16440.html,www.ludengkaoyan.com,web_page,哈尔滨工业大学,2024,复试线文本;多学院/方向明细;线证据等级;选择数值,HEAD,failed,404,,,,2026-10-09T06:32:55.193918+00:00,HTTPError: Not Found
https://www.ludengkaoyan.com/school14/qrz/zsml/171103.html,www.ludengkaoyan.com,web_page,哈尔滨工业大学,2025,复试线文本;多学院/方向明细;线证据等级;选择数值,HEAD,failed,404,,,,2026-10-09T06:32:55.198933+00:00,HTTPError: Not Found
https://www.ludengkaoyan.com/school14/qrz/zsml/301597.html,www.ludengkaoyan.com,web_page,哈尔滨工业大学,2026,复试线文本;多学院/方向明细;线证据等级;选择数值,HEAD,failed,404,,,,2026-10-09T06:32:55.199918+00:00,HTTPError: Not Found
https://www.ludengkaoyan.com/school15/qrz/zsml/16448.html,www.ludengkaoyan.com,web_page,复旦大学,2024,复试线文本;多学院/方向明细;线证据等级;选择数值,HEAD,failed,404,,,,2026-10-09T06:32:55.199918+00:00,HTTPError: Not Found
https://www.ludengkaoyan.com/school15/qrz/zsml/173760.html,www.ludengkaoyan.com,web_page,复旦大学,2025,复试线文本;多学院/方向明细;线证据等级;选择数值,HEAD,failed,404,,,,2026-10-09T06:32:55.200926+00:00,HTTPError: Not Found
https://www.ludengkaoyan.com/school16/qrz/zsml/174728.html,www.ludengkaoyan.com,web_page,同济大学,2025,复试线文本;多学院/方向明细;线证据等级;选择数值,HEAD,failed,404,,,,2026-10-09T06:32:55.296544+00:00,HTTPError: Not Found
https://www.ludengkaoyan.com/school16/qrz/zsml/304213.html,www.ludengkaoyan.com,web_page,同济大学,2026,复试线文本;多学院/方向明细;线证据等级;选择数值,HEAD,failed,404,,,,2026-10-09T06:32:55.416737+00:00,HTTPError: Not Found
https://www.ludengkaoyan.com/school17/qrz/zsml/16458.html,www.ludengkaoyan.com,web_page,上海交通大学,2024,复试线文本;多学院/方向明细;线证据等级;选择数值,HEAD,failed,404,,,,2026-10-09T06:32:55.513570+00:00,HTTPError: Not Found
https://www.ludengkaoyan.com/school17/qrz/zsml/175438.html,www.ludengkaoyan.com,web_page,上海交通大学,2025,复试线文本;多学院/方向明细;线证据等级;选择数值,HEAD,failed,404,,,,2026-10-09T06:32:55.515573+00:00,HTTPError: Not Found
https://www.ludengkaoyan.com/school18/qrz/zsml/16470.html,www.ludengkaoyan.com,web_page,华东师范大学,2024,复试线文本;多学院/方向明细;线证据等级;选择数值,HEAD,failed,404,,,,2026-10-09T06:32:55.691089+00:00,HTTPError: Not Found
https://www.ludengkaoyan.com/school18/qrz/zsml/178262.html,www.ludengkaoyan.com,web_page,华东师范大学,2025,复试线文本;多学院/方向明细;线证据等级;选择数值,HEAD,failed,404,,,,2026-10-09T06:32:55.693083+00:00,HTTPError: Not Found
https://www.ludengkaoyan.com/school19/qrz/zsml/16495.html,www.ludengkaoyan.com,web_page,南京大学,2024,复试线文本;多学院/方向明细;线证据等级;选择数值,HEAD,failed,404,,,,2026-10-09T06:32:55.880879+00:00,HTTPError: Not Found
https://www.ludengkaoyan.com/school19/qrz/zsml/182179.html,www.ludengkaoyan.com,web_page,南京大学,2025,复试线文本;多学院/方向明细;线证据等级;选择数值,HEAD,failed,404,,,,2026-10-09T06:32:55.882518+00:00,HTTPError: Not Found
https://www.ludengkaoyan.com/school2/qrz/zsml/108.html,www.ludengkaoyan.com,web_page,中国人民大学,2024,复试线文本;多学院/方向明细;线证据等级;选择数值,HEAD,failed,404,,,,2026-10-09T06:32:55.883532+00:00,HTTPError: Not Found
https://www.ludengkaoyan.com/school2/qrz/zsml/268413.html,www.ludengkaoyan.com,web_page,中国人民大学,2026,复试线文本;多学院/方向明细;线证据等级;选择数值,HEAD,failed,404,,,,2026-10-09T06:32:55.884533+00:00,HTTPError: Not Found
https://www.ludengkaoyan.com/school20/qrz/zsml/16497.html,www.ludengkaoyan.com,web_page,东南大学,2024,复试线文本;多学院/方向明细;线证据等级;选择数值,HEAD,failed,404,,,,2026-10-09T06:32:55.884533+00:00,HTTPError: Not Found
https://www.ludengkaoyan.com/school20/qrz/zsml/183941.html,www.ludengkaoyan.com,web_page,东南大学,2025,复试线文本;多学院/方向明细;线证据等级;选择数值,HEAD,failed,404,,,,2026-10-09T06:32:55.885531+00:00,HTTPError: Not Found
https://www.ludengkaoyan.com/school20/qrz/zsml/312432.html,www.ludengkaoyan.com,web_page,东南大学,2026,复试线文本;多学院/方向明细;线证据等级;选择数值,HEAD,failed,404,,,,2026-10-09T06:32:56.002417+00:00,HTTPError: Not Found
https://www.ludengkaoyan.com/school22/qrz/zsml/16560.html,www.ludengkaoyan.com,web_page,中国科学技术大学,2024,复试线文本;多学院/方向明细;线证据等级;选择数值,HEAD,failed,404,,,,2026-10-09T06:32:56.066751+00:00,HTTPError: Not Found
https://www.ludengkaoyan.com/school22/qrz/zsml/197487.html,www.ludengkaoyan.com,web_page,中国科学技术大学,2025,复试线文本;多学院/方向明细;线证据等级;选择数值,HEAD,failed,404,,,,2026-10-09T06:32:56.116890+00:00,HTTPError: Not Found
https://www.ludengkaoyan.com/school23/qrz/zsml/16576.html,www.ludengkaoyan.com,web_page,厦门大学,2024,复试线文本;多学院/方向明细;线证据等级;选择数值,HEAD,failed,404,,,,2026-10-09T06:32:56.147301+00:00,HTTPError: Not Found
https://www.ludengkaoyan.com/school23/qrz/zsml/201560.html,www.ludengkaoyan.com,web_page,厦门大学,2025,复试线文本;多学院/方向明细;线证据等级;选择数值,HEAD,failed,404,,,,2026-10-09T06:32:56.223234+00:00,HTTPError: Not Found
https://www.ludengkaoyan.com/school23/qrz/zsml/329826.html,www.ludengkaoyan.com,web_page,厦门大学,2026,复试线文本;多学院/方向明细;线证据等级;选择数值,HEAD,failed,404,,,,2026-10-09T06:32:56.357824+00:00,HTTPError: Not Found
https://www.ludengkaoyan.com/school24/qrz/zsml/16601.html,www.ludengkaoyan.com,web_page,山东大学,2024,复试线文本;多学院/方向明细;线证据等级;选择数值,HEAD,failed,404,,,,2026-10-09T06:32:56.359337+00:00,HTTPError: Not Found
https://www.ludengkaoyan.com/school24/qrz/zsml/208715.html,www.ludengkaoyan.com,web_page,山东大学,2025,复试线文本;多学院/方向明细;线证据等级;选择数值,HEAD,failed,404,,,,2026-10-09T06:32:56.361356+00:00,HTTPError: Not Found
https://www.ludengkaoyan.com/school24/qrz/zsml/336406.html,www.ludengkaoyan.com,web_page,山东大学,2026,复试线文本;多学院/方向明细;线证据等级;选择数值,HEAD,failed,404,,,,2026-10-09T06:32:56.362359+00:00,HTTPError: Not Found
https://www.ludengkaoyan.com/school25/qrz/zsml/16608.html,www.ludengkaoyan.com,web_page,中国海洋大学,2024,复试线文本;多学院/方向明细;线证据等级;选择数值,HEAD,failed,404,,,,2026-10-09T06:32:56.449096+00:00,HTTPError: Not Found
https://www.ludengkaoyan.com/school25/qrz/zsml/208527.html,www.ludengkaoyan.com,web_page,中国海洋大学,2025,复试线文本;多学院/方向明细;线证据等级;选择数值,HEAD,failed,404,,,,2026-10-09T06:32:56.450095+00:00,HTTPError: Not Found
https://www.ludengkaoyan.com/school25/qrz/zsml/336396.html,www.ludengkaoyan.com,web_page,中国海洋大学,2026,复试线文本;多学院/方向明细;线证据等级;选择数值,HEAD,failed,404,,,,2026-10-09T06:32:56.451094+00:00,HTTPError: Not Found
https://www.ludengkaoyan.com/school26/qrz/zsml/16652.html,www.ludengkaoyan.com,web_page,武汉大学,2024,复试线文本;多学院/方向明细;线证据等级;选择数值,HEAD,failed,404,,,,2026-10-09T06:32:56.585826+00:00,HTTPError: Not Found
https://www.ludengkaoyan.com/school26/qrz/zsml/219963.html,www.ludengkaoyan.com,web_page,武汉大学,2025,复试线文本;多学院/方向明细;线证据等级;选择数值,HEAD,failed,404,,,,2026-10-09T06:32:56.586827+00:00,HTTPError: Not Found
https://www.ludengkaoyan.com/school26/qrz/zsml/347629.html,www.ludengkaoyan.com,web_page,武汉大学,2026,复试线文本;多学院/方向明细;线证据等级;选择数值,HEAD,failed,404,,,,2026-10-09T06:32:56.688624+00:00,HTTPError: Not Found
https://www.ludengkaoyan.com/school27/qrz/zsml/16653.html,www.ludengkaoyan.com,web_page,华中科技大学,2024,复试线文本;多学院/方向明细;线证据等级;选择数值,HEAD,failed,404,,,,2026-10-09T06:32:56.853192+00:00,HTTPError: Not Found
https://www.ludengkaoyan.com/school27/qrz/zsml/219709.html,www.ludengkaoyan.com,web_page,华中科技大学,2025,复试线文本;多学院/方向明细;线证据等级;选择数值,HEAD,failed,404,,,,2026-10-09T06:32:56.864205+00:00,HTTPError: Not Found
https://www.ludengkaoyan.com/school27/qrz/zsml/347696.html,www.ludengkaoyan.com,web_page,华中科技大学,2026,复试线文本;多学院/方向明细;线证据等级;选择数值,HEAD,failed,404,,,,2026-10-09T06:32:56.867824+00:00,HTTPError: Not Found
https://www.ludengkaoyan.com/school28/qrz/zsml/16690.html,www.ludengkaoyan.com,web_page,湖南大学,2024,复试线文本;多学院/方向明细;线证据等级;选择数值,HEAD,failed,404,,,,2026-10-09T06:32:56.869819+00:00,HTTPError: Not Found
https://www.ludengkaoyan.com/school28/qrz/zsml/226954.html,www.ludengkaoyan.com,web_page,湖南大学,2025,复试线文本;多学院/方向明细;线证据等级;选择数值,HEAD,failed,404,,,,2026-10-09T06:32:56.870821+00:00,HTTPError: Not Found
https://www.ludengkaoyan.com/school29/qrz/zsml/16691.html,www.ludengkaoyan.com,web_page,中南大学,2024,复试线文本;多学院/方向明细;线证据等级;选择数值,HEAD,failed,404,,,,2026-10-09T06:32:56.870821+00:00,HTTPError: Not Found
https://www.ludengkaoyan.com/school29/qrz/zsml/226965.html,www.ludengkaoyan.com,web_page,中南大学,2025,复试线文本;多学院/方向明细;线证据等级;选择数值,HEAD,failed,404,,,,2026-10-09T06:32:56.871816+00:00,HTTPError: Not Found
https://www.ludengkaoyan.com/school29/qrz/zsml/355190.html,www.ludengkaoyan.com,web_page,中南大学,2026,复试线文本;多学院/方向明细;线证据等级;选择数值,HEAD,failed,404,,,,2026-10-09T06:32:57.046406+00:00,HTTPError: Not Found
https://www.ludengkaoyan.com/school3/qrz/zsml/111.html,www.ludengkaoyan.com,web_page,清华大学,2024,复试线文本;多学院/方向明细;线证据等级;选择数值,HEAD,failed,404,,,,2026-10-09T06:32:57.202006+00:00,HTTPError: Not Found
https://www.ludengkaoyan.com/school3/qrz/zsml/138436.html,www.ludengkaoyan.com,web_page,清华大学,2025,复试线文本;多学院/方向明细;线证据等级;选择数值,HEAD,failed,404,,,,2026-10-09T06:32:57.250092+00:00,HTTPError: Not Found
https://www.ludengkaoyan.com/school30/qrz/zsml/16706.html,www.ludengkaoyan.com,web_page,中山大学,2024,复试线文本;多学院/方向明细;线证据等级;选择数值,HEAD,failed,404,,,,2026-10-09T06:32:57.252096+00:00,HTTPError: Not Found
https://www.ludengkaoyan.com/school30/qrz/zsml/230708.html,www.ludengkaoyan.com,web_page,中山大学,2025,复试线文本;多学院/方向明细;线证据等级;选择数值,HEAD,failed,404,,,,2026-10-09T06:32:57.363293+00:00,HTTPError: Not Found
https://www.ludengkaoyan.com/school30/qrz/zsml/358542.html,www.ludengkaoyan.com,web_page,中山大学,2026,复试线文本;多学院/方向明细;线证据等级;选择数值,HEAD,failed,404,,,,2026-10-09T06:32:57.366295+00:00,HTTPError: Not Found
https://www.ludengkaoyan.com/school32/qrz/zsml/16742.html,www.ludengkaoyan.com,web_page,四川大学,2024,复试线文本;多学院/方向明细;线证据等级;选择数值,HEAD,failed,404,,,,2026-10-09T06:32:57.366295+00:00,HTTPError: Not Found
https://www.ludengkaoyan.com/school32/qrz/zsml/239465.html,www.ludengkaoyan.com,web_page,四川大学,2025,复试线文本;多学院/方向明细;线证据等级;选择数值,HEAD,failed,404,,,,2026-10-09T06:32:57.368278+00:00,HTTPError: Not Found
https://www.ludengkaoyan.com/school32/qrz/zsml/367220.html,www.ludengkaoyan.com,web_page,四川大学,2026,复试线文本;多学院/方向明细;线证据等级;选择数值,HEAD,failed,404,,,,2026-10-09T06:32:57.369275+00:00,HTTPError: Not Found
https://www.ludengkaoyan.com/school33/qrz/zsml/16731.html,www.ludengkaoyan.com,web_page,重庆大学,2024,复试线文本;多学院/方向明细;线证据等级;选择数值,HEAD,failed,404,,,,2026-10-09T06:32:57.374233+00:00,HTTPError: Not Found
https://www.ludengkaoyan.com/school33/qrz/zsml/236638.html,www.ludengkaoyan.com,web_page,重庆大学,2025,复试线文本;多学院/方向明细;线证据等级;选择数值,HEAD,failed,404,,,,2026-10-09T06:32:57.411632+00:00,HTTPError: Not Found
https://www.ludengkaoyan.com/school33/qrz/zsml/364400.html,www.ludengkaoyan.com,web_page,重庆大学,2026,复试线文本;多学院/方向明细;线证据等级;选择数值,HEAD,failed,404,,,,2026-10-09T06:32:57.552174+00:00,HTTPError: Not Found
https://www.ludengkaoyan.com/school35/qrz/zsml/16767.html,www.ludengkaoyan.com,web_page,西安交通大学,2024,复试线文本;多学院/方向明细;线证据等级;选择数值,HEAD,failed,404,,,,2026-10-09T06:32:57.636508+00:00,HTTPError: Not Found
https://www.ludengkaoyan.com/school35/qrz/zsml/245460.html,www.ludengkaoyan.com,web_page,西安交通大学,2025,复试线文本;多学院/方向明细;线证据等级;选择数值,HEAD,failed,404,,,,2026-10-09T06:32:57.802619+00:00,HTTPError: Not Found
https://www.ludengkaoyan.com/school35/qrz/zsml/372889.html,www.ludengkaoyan.com,web_page,西安交通大学,2026,复试线文本;多学院/方向明细;线证据等级;选择数值,HEAD,failed,404,,,,2026-10-09T06:32:57.835589+00:00,HTTPError: Not Found
https://www.ludengkaoyan.com/school36/qrz/zsml/16769.html,www.ludengkaoyan.com,web_page,西北工业大学,2024,复试线文本;多学院/方向明细;线证据等级;选择数值,HEAD,failed,404,,,,2026-10-09T06:32:57.838593+00:00,HTTPError: Not Found
https://www.ludengkaoyan.com/school36/qrz/zsml/245834.html,www.ludengkaoyan.com,web_page,西北工业大学,2025,复试线文本;多学院/方向明细;线证据等级;选择数值,HEAD,failed,404,,,,2026-10-09T06:32:57.926921+00:00,HTTPError: Not Found
https://www.ludengkaoyan.com/school36/qrz/zsml/373305.html,www.ludengkaoyan.com,web_page,西北工业大学,2026,复试线文本;多学院/方向明细;线证据等级;选择数值,HEAD,failed,404,,,,2026-10-09T06:32:57.927920+00:00,HTTPError: Not Found
https://www.ludengkaoyan.com/school38/qrz/zsml/16789.html,www.ludengkaoyan.com,web_page,兰州大学,2024,复试线文本;多学院/方向明细;线证据等级;选择数值,HEAD,failed,404,,,,2026-10-09T06:32:57.928921+00:00,HTTPError: Not Found
https://www.ludengkaoyan.com/school38/qrz/zsml/261950.html,www.ludengkaoyan.com,web_page,兰州大学,2025,复试线文本;多学院/方向明细;线证据等级;选择数值,HEAD,failed,404,,,,2026-10-09T06:32:57.928921+00:00,HTTPError: Not Found
https://www.ludengkaoyan.com/school38/qrz/zsml/388484.html,www.ludengkaoyan.com,web_page,兰州大学,2026,复试线文本;多学院/方向明细;线证据等级;选择数值,HEAD,failed,404,,,,2026-10-09T06:32:57.931920+00:00,HTTPError: Not Found
https://www.ludengkaoyan.com/school39/qrz/zsml/16704.html,www.ludengkaoyan.com,web_page,国防科技大学,2024,复试线文本;多学院/方向明细;线证据等级;选择数值,HEAD,failed,404,,,,2026-10-09T06:32:57.931920+00:00,HTTPError: Not Found
https://www.ludengkaoyan.com/school39/qrz/zsml/230622.html,www.ludengkaoyan.com,web_page,国防科技大学,2025,复试线文本;多学院/方向明细;线证据等级;选择数值,HEAD,failed,404,,,,2026-10-09T06:32:58.177360+00:00,HTTPError: Not Found
https://www.ludengkaoyan.com/school39/qrz/zsml/358477.html,www.ludengkaoyan.com,web_page,国防科技大学,2026,复试线文本;多学院/方向明细;线证据等级;选择数值,HEAD,failed,404,,,,2026-10-09T06:32:58.194829+00:00,HTTPError: Not Found
https://www.ludengkaoyan.com/school40/qrz/zsml/112.html,www.ludengkaoyan.com,web_page,北京交通大学,2024,复试线文本;多学院/方向明细;线证据等级;选择数值,HEAD,failed,404,,,,2026-10-09T06:32:58.228825+00:00,HTTPError: Not Found
https://www.ludengkaoyan.com/school40/qrz/zsml/138731.html,www.ludengkaoyan.com,web_page,北京交通大学,2025,复试线文本;多学院/方向明细;线证据等级;选择数值,HEAD,failed,404,,,,2026-10-09T06:32:58.261787+00:00,HTTPError: Not Found
https://www.ludengkaoyan.com/school41/qrz/zsml/121.html,www.ludengkaoyan.com,web_page,北京工业大学,2024,复试线文本;多学院/方向明细;线证据等级;选择数值,HEAD,failed,404,,,,2026-10-09T06:32:58.263791+00:00,HTTPError: Not Found
https://www.ludengkaoyan.com/school41/qrz/zsml/269235.html,www.ludengkaoyan.com,web_page,北京工业大学,2026,复试线文本;多学院/方向明细;线证据等级;选择数值,HEAD,failed,404,,,,2026-10-09T06:32:58.369445+00:00,HTTPError: Not Found
https://www.ludengkaoyan.com/school45/qrz/zsml/132.html,www.ludengkaoyan.com,web_page,北京林业大学,2024,复试线文本;多学院/方向明细;线证据等级;选择数值,HEAD,failed,404,,,,2026-10-09T06:32:58.370440+00:00,HTTPError: Not Found
https://www.ludengkaoyan.com/school45/qrz/zsml/141982.html,www.ludengkaoyan.com,web_page,北京林业大学,2025,复试线文本;多学院/方向明细;线证据等级;选择数值,HEAD,failed,404,,,,2026-10-09T06:32:58.380679+00:00,HTTPError: Not Found
https://www.ludengkaoyan.com/school45/qrz/zsml/272230.html,www.ludengkaoyan.com,web_page,北京林业大学,2026,复试线文本;多学院/方向明细;线证据等级;选择数值,HEAD,failed,404,,,,2026-10-09T06:32:58.383679+00:00,HTTPError: Not Found
https://www.ludengkaoyan.com/school49/qrz/zsml/140.html,www.ludengkaoyan.com,web_page,中央财经大学,2024,复试线文本;多学院/方向明细;线证据等级;选择数值,HEAD,failed,404,,,,2026-10-09T06:32:58.466080+00:00,HTTPError: Not Found
https://www.ludengkaoyan.com/school49/qrz/zsml/144909.html,www.ludengkaoyan.com,web_page,中央财经大学,2025,复试线文本;多学院/方向明细;线证据等级;选择数值,HEAD,failed,404,,,,2026-10-09T06:32:58.467088+00:00,HTTPError: Not Found
https://www.ludengkaoyan.com/school49/qrz/zsml/275141.html,www.ludengkaoyan.com,web_page,中央财经大学,2026,复试线文本;多学院/方向明细;线证据等级;选择数值,HEAD,failed,404,,,,2026-10-09T06:32:58.632497+00:00,HTTPError: Not Found
https://www.ludengkaoyan.com/school50/qrz/zsml/143.html,www.ludengkaoyan.com,web_page,对外经济贸易大学,2024,复试线文本;多学院/方向明细;线证据等级;选择数值,HEAD,failed,404,,,,2026-10-09T06:32:58.632497+00:00,HTTPError: Not Found
https://www.ludengkaoyan.com/school50/qrz/zsml/145161.html,www.ludengkaoyan.com,web_page,对外经济贸易大学,2025,复试线文本;多学院/方向明细;线证据等级;选择数值,HEAD,failed,404,,,,2026-10-09T06:32:58.633496+00:00,HTTPError: Not Found
https://www.ludengkaoyan.com/school50/qrz/zsml/275348.html,www.ludengkaoyan.com,web_page,对外经济贸易大学,2026,复试线文本;多学院/方向明细;线证据等级;选择数值,HEAD,failed,404,,,,2026-10-09T06:32:58.689608+00:00,HTTPError: Not Found
https://www.ludengkaoyan.com/school56/qrz/zsml/157596.html,www.ludengkaoyan.com,web_page,华北电力大学,2025,复试线文本;多学院/方向明细;线证据等级;选择数值,HEAD,failed,404,,,,2026-10-09T06:32:58.720567+00:00,HTTPError: Not Found
https://www.ludengkaoyan.com/school56/qrz/zsml/181.html,www.ludengkaoyan.com,web_page,华北电力大学,2024,复试线文本;多学院/方向明细;线证据等级;选择数值,HEAD,failed,404,,,,2026-10-09T06:32:58.769232+00:00,HTTPError: Not Found
https://www.ludengkaoyan.com/school56/qrz/zsml/393670.html,www.ludengkaoyan.com,web_page,华北电力大学,2026,复试线文本;多学院/方向明细;线证据等级;选择数值,HEAD,failed,404,,,,2026-10-09T06:32:58.835461+00:00,HTTPError: Not Found
https://www.ludengkaoyan.com/school57/qrz/zsml/157953.html,www.ludengkaoyan.com,web_page,河北工业大学,2025,复试线文本;多学院/方向明细;线证据等级;选择数值,HEAD,failed,404,,,,2026-10-09T06:32:58.836465+00:00,HTTPError: Not Found
https://www.ludengkaoyan.com/school57/qrz/zsml/195.html,www.ludengkaoyan.com,web_page,河北工业大学,2024,复试线文本;多学院/方向明细;线证据等级;选择数值,HEAD,failed,404,,,,2026-10-09T06:32:58.840456+00:00,HTTPError: Not Found
https://www.ludengkaoyan.com/school57/qrz/zsml/288816.html,www.ludengkaoyan.com,web_page,河北工业大学,2026,复试线文本;多学院/方向明细;线证据等级;选择数值,HEAD,failed,404,,,,2026-10-09T06:32:58.842498+00:00,HTTPError: Not Found
https://www.ludengkaoyan.com/school58/qrz/zsml/160822.html,www.ludengkaoyan.com,web_page,太原理工大学,2025,复试线文本;多学院/方向明细;线证据等级;选择数值,HEAD,failed,404,,,,2026-10-09T06:32:59.030667+00:00,HTTPError: Not Found
https://www.ludengkaoyan.com/school58/qrz/zsml/16402.html,www.ludengkaoyan.com,web_page,太原理工大学,2024,复试线文本;多学院/方向明细;线证据等级;选择数值,HEAD,failed,404,,,,2026-10-09T06:32:59.050182+00:00,HTTPError: Not Found
https://www.ludengkaoyan.com/school59/qrz/zsml/16408.html,www.ludengkaoyan.com,web_page,内蒙古大学,2024,复试线文本;多学院/方向明细;线证据等级;选择数值,HEAD,failed,404,,,,2026-10-09T06:32:59.168854+00:00,HTTPError: Not Found
https://www.ludengkaoyan.com/school59/qrz/zsml/251700.html,www.ludengkaoyan.com,web_page,内蒙古大学,2025,复试线文本;多学院/方向明细;线证据等级;选择数值,HEAD,failed,404,,,,2026-10-09T06:32:59.196437+00:00,HTTPError: Not Found
https://www.ludengkaoyan.com/school59/qrz/zsml/378828.html,www.ludengkaoyan.com,web_page,内蒙古大学,2026,复试线文本;多学院/方向明细;线证据等级;选择数值,HEAD,failed,404,,,,2026-10-09T06:32:59.197447+00:00,HTTPError: Not Found
https://www.ludengkaoyan.com/school60/qrz/zsml/162085.html,www.ludengkaoyan.com,web_page,辽宁大学,2025,复试线文本;多学院/方向明细;线证据等级;选择数值,HEAD,failed,404,,,,2026-10-09T06:32:59.200440+00:00,HTTPError: Not Found
https://www.ludengkaoyan.com/school60/qrz/zsml/16414.html,www.ludengkaoyan.com,web_page,辽宁大学,2024,复试线文本;多学院/方向明细;线证据等级;选择数值,HEAD,failed,404,,,,2026-10-09T06:32:59.286614+00:00,HTTPError: Not Found
https://www.ludengkaoyan.com/school60/qrz/zsml/291880.html,www.ludengkaoyan.com,web_page,辽宁大学,2026,复试线文本;多学院/方向明细;线证据等级;选择数值,HEAD,failed,404,,,,2026-10-09T06:32:59.288639+00:00,HTTPError: Not Found
https://www.ludengkaoyan.com/school62/qrz/zsml/16428.html,www.ludengkaoyan.com,web_page,延边大学,2024,复试线文本;多学院/方向明细;线证据等级;选择数值,HEAD,failed,404,,,,2026-10-09T06:32:59.289634+00:00,HTTPError: Not Found
https://www.ludengkaoyan.com/school62/qrz/zsml/168310.html,www.ludengkaoyan.com,web_page,延边大学,2025,复试线文本;多学院/方向明细;线证据等级;选择数值,HEAD,failed,404,,,,2026-10-09T06:32:59.375127+00:00,HTTPError: Not Found
https://www.ludengkaoyan.com/school62/qrz/zsml/298560.html,www.ludengkaoyan.com,web_page,延边大学,2026,复试线文本;多学院/方向明细;线证据等级;选择数值,HEAD,failed,404,,,,2026-10-09T06:32:59.377139+00:00,HTTPError: Not Found
https://www.ludengkaoyan.com/school63/qrz/zsml/16436.html,www.ludengkaoyan.com,web_page,东北师范大学,2024,复试线文本;多学院/方向明细;线证据等级;选择数值,HEAD,failed,404,,,,2026-10-09T06:32:59.377781+00:00,HTTPError: Not Found
https://www.ludengkaoyan.com/school63/qrz/zsml/169778.html,www.ludengkaoyan.com,web_page,东北师范大学,2025,复试线文本;多学院/方向明细;线证据等级;选择数值,HEAD,failed,404,,,,2026-10-09T06:32:59.543501+00:00,HTTPError: Not Found
https://www.ludengkaoyan.com/school63/qrz/zsml/300551.html,www.ludengkaoyan.com,web_page,东北师范大学,2026,复试线文本;多学院/方向明细;线证据等级;选择数值,HEAD,failed,404,,,,2026-10-09T06:32:59.546493+00:00,HTTPError: Not Found
https://www.ludengkaoyan.com/school65/qrz/zsml/172218.html,www.ludengkaoyan.com,web_page,东北农业大学,2025,复试线文本;多学院/方向明细;线证据等级;选择数值,HEAD,failed,404,,,,2026-10-09T06:32:59.616864+00:00,HTTPError: Not Found
https://www.ludengkaoyan.com/school65/qrz/zsml/302625.html,www.ludengkaoyan.com,web_page,东北农业大学,2026,复试线文本;多学院/方向明细;线证据等级;选择数值,HEAD,failed,404,,,,2026-10-09T06:32:59.617870+00:00,HTTPError: Not Found
https://www.ludengkaoyan.com/school66/qrz/zsml/16441.html,www.ludengkaoyan.com,web_page,东北林业大学,2024,复试线文本;多学院/方向明细;线证据等级;选择数值,HEAD,failed,404,,,,2026-10-09T06:32:59.664827+00:00,HTTPError: Not Found
https://www.ludengkaoyan.com/school66/qrz/zsml/172198.html,www.ludengkaoyan.com,web_page,东北林业大学,2025,复试线文本;多学院/方向明细;线证据等级;选择数值,HEAD,failed,404,,,,2026-10-09T06:32:59.665823+00:00,HTTPError: Not Found
https://www.ludengkaoyan.com/school66/qrz/zsml/302749.html,www.ludengkaoyan.com,web_page,东北林业大学,2026,复试线文本;多学院/方向明细;线证据等级;选择数值,HEAD,failed,404,,,,2026-10-09T06:32:59.725339+00:00,HTTPError: Not Found
https://www.ludengkaoyan.com/school67/qrz/zsml/176066.html,www.ludengkaoyan.com,web_page,华东理工大学,2025,复试线文本;多学院/方向明细;线证据等级;选择数值,HEAD,failed,404,,,,2026-10-09T06:32:59.727336+00:00,HTTPError: Not Found
https://www.ludengkaoyan.com/school67/qrz/zsml/306114.html,www.ludengkaoyan.com,web_page,华东理工大学,2026,复试线文本;多学院/方向明细;线证据等级;选择数值,HEAD,failed,404,,,,2026-10-09T06:32:59.826259+00:00,HTTPError: Not Found
https://www.ludengkaoyan.com/school68/qrz/zsml/16467.html,www.ludengkaoyan.com,web_page,东华大学,2024,复试线文本;多学院/方向明细;线证据等级;选择数值,HEAD,failed,404,,,,2026-10-09T06:32:59.828255+00:00,HTTPError: Not Found
https://www.ludengkaoyan.com/school68/qrz/zsml/176851.html,www.ludengkaoyan.com,web_page,东华大学,2025,复试线文本;多学院/方向明细;线证据等级;选择数值,HEAD,failed,404,,,,2026-10-09T06:32:59.829255+00:00,HTTPError: Not Found
https://www.ludengkaoyan.com/school68/qrz/zsml/307127.html,www.ludengkaoyan.com,web_page,东华大学,2026,复试线文本;多学院/方向明细;线证据等级;选择数值,HEAD,failed,404,,,,2026-10-09T06:32:59.858248+00:00,HTTPError: Not Found
https://www.ludengkaoyan.com/school7/qrz/zsml/133.html,www.ludengkaoyan.com,web_page,北京师范大学,2024,复试线文本;多学院/方向明细;线证据等级;选择数值,HEAD,failed,404,,,,2026-10-09T06:33:00.054439+00:00,HTTPError: Not Found
https://www.ludengkaoyan.com/school70/qrz/zsml/179389.html,www.ludengkaoyan.com,web_page,上海财经大学,2025,复试线文本;多学院/方向明细;线证据等级;选择数值,HEAD,failed,404,,,,2026-10-09T06:33:00.072849+00:00,HTTPError: Not Found
https://www.ludengkaoyan.com/school70/qrz/zsml/308856.html,www.ludengkaoyan.com,web_page,上海财经大学,2026,复试线文本;多学院/方向明细;线证据等级;选择数值,HEAD,failed,404,,,,2026-10-09T06:33:00.073875+00:00,HTTPError: Not Found
https://www.ludengkaoyan.com/school71/qrz/zsml/16489.html,www.ludengkaoyan.com,web_page,上海大学,2024,复试线文本;多学院/方向明细;线证据等级;选择数值,HEAD,failed,404,,,,2026-10-09T06:33:00.164204+00:00,HTTPError: Not Found
https://www.ludengkaoyan.com/school71/qrz/zsml/180809.html,www.ludengkaoyan.com,web_page,上海大学,2025,复试线文本;多学院/方向明细;线证据等级;选择数值,HEAD,failed,404,,,,2026-10-09T06:33:00.166188+00:00,HTTPError: Not Found
https://www.ludengkaoyan.com/school71/qrz/zsml/309546.html,www.ludengkaoyan.com,web_page,上海大学,2026,复试线文本;多学院/方向明细;线证据等级;选择数值,HEAD,failed,404,,,,2026-10-09T06:33:00.209011+00:00,HTTPError: Not Found
https://www.ludengkaoyan.com/school72/qrz/zsml/16496.html,www.ludengkaoyan.com,web_page,苏州大学,2024,复试线文本;多学院/方向明细;线证据等级;选择数值,HEAD,failed,404,,,,2026-10-09T06:33:00.266238+00:00,HTTPError: Not Found
https://www.ludengkaoyan.com/school72/qrz/zsml/182105.html,www.ludengkaoyan.com,web_page,苏州大学,2025,复试线文本;多学院/方向明细;线证据等级;选择数值,HEAD,failed,404,,,,2026-10-09T06:33:00.348327+00:00,HTTPError: Not Found
https://www.ludengkaoyan.com/school72/qrz/zsml/311391.html,www.ludengkaoyan.com,web_page,苏州大学,2026,复试线文本;多学院/方向明细;线证据等级;选择数值,HEAD,failed,404,,,,2026-10-09T06:33:00.348327+00:00,HTTPError: Not Found
https://www.ludengkaoyan.com/school73/qrz/zsml/184361.html,www.ludengkaoyan.com,web_page,南京航空航天大学,2025,复试线文本;多学院/方向明细;线证据等级;选择数值,HEAD,failed,404,,,,2026-10-09T06:33:00.349324+00:00,HTTPError: Not Found
https://www.ludengkaoyan.com/school73/qrz/zsml/312532.html,www.ludengkaoyan.com,web_page,南京航空航天大学,2026,复试线文本;多学院/方向明细;线证据等级;选择数值,HEAD,failed,404,,,,2026-10-09T06:33:00.374333+00:00,HTTPError: Not Found
https://www.ludengkaoyan.com/school74/qrz/zsml/184654.html,www.ludengkaoyan.com,web_page,南京理工大学,2025,复试线文本;多学院/方向明细;线证据等级;选择数值,HEAD,failed,404,,,,2026-10-09T06:33:00.456559+00:00,HTTPError: Not Found
https://www.ludengkaoyan.com/school74/qrz/zsml/313453.html,www.ludengkaoyan.com,web_page,南京理工大学,2026,复试线文本;多学院/方向明细;线证据等级;选择数值,HEAD,failed,404,,,,2026-10-09T06:33:00.457560+00:00,HTTPError: Not Found
https://www.ludengkaoyan.com/school76/qrz/zsml/16516.html,www.ludengkaoyan.com,web_page,河海大学,2024,复试线文本;多学院/方向明细;线证据等级;选择数值,HEAD,failed,404,,,,2026-10-09T06:33:00.580469+00:00,HTTPError: Not Found
https://www.ludengkaoyan.com/school76/qrz/zsml/186664.html,www.ludengkaoyan.com,web_page,河海大学,2025,复试线文本;多学院/方向明细;线证据等级;选择数值,HEAD,failed,404,,,,2026-10-09T06:33:00.583470+00:00,HTTPError: Not Found
https://www.ludengkaoyan.com/school76/qrz/zsml/315105.html,www.ludengkaoyan.com,web_page,河海大学,2026,复试线文本;多学院/方向明细;线证据等级;选择数值,HEAD,failed,404,,,,2026-10-09T06:33:00.585109+00:00,HTTPError: Not Found
https://www.ludengkaoyan.com/school78/qrz/zsml/16522.html,www.ludengkaoyan.com,web_page,南京农业大学,2024,复试线文本;多学院/方向明细;线证据等级;选择数值,HEAD,failed,404,,,,2026-10-09T06:33:00.586111+00:00,HTTPError: Not Found
https://www.ludengkaoyan.com/school78/qrz/zsml/189036.html,www.ludengkaoyan.com,web_page,南京农业大学,2025,复试线文本;多学院/方向明细;线证据等级;选择数值,HEAD,failed,404,,,,2026-10-09T06:33:00.670805+00:00,HTTPError: Not Found
https://www.ludengkaoyan.com/school78/qrz/zsml/317394.html,www.ludengkaoyan.com,web_page,南京农业大学,2026,复试线文本;多学院/方向明细;线证据等级;选择数值,HEAD,failed,404,,,,2026-10-09T06:33:00.722501+00:00,HTTPError: Not Found
https://www.ludengkaoyan.com/school79/qrz/zsml/16525.html,www.ludengkaoyan.com,web_page,中国药科大学,2024,复试线文本;多学院/方向明细;线证据等级;选择数值,HEAD,failed,404,,,,2026-10-09T06:33:00.826391+00:00,HTTPError: Not Found
https://www.ludengkaoyan.com/school79/qrz/zsml/190758.html,www.ludengkaoyan.com,web_page,中国药科大学,2025,复试线文本;多学院/方向明细;线证据等级;选择数值,HEAD,failed,404,,,,2026-10-09T06:33:00.827389+00:00,HTTPError: Not Found
https://www.ludengkaoyan.com/school79/qrz/zsml/319256.html,www.ludengkaoyan.com,web_page,中国药科大学,2026,复试线文本;多学院/方向明细;线证据等级;选择数值,HEAD,failed,404,,,,2026-10-09T06:33:00.856912+00:00,HTTPError: Not Found
https://www.ludengkaoyan.com/school8/qrz/zsml/146286.html,www.ludengkaoyan.com,web_page,中央民族大学,2025,复试线文本;多学院/方向明细;线证据等级;选择数值,HEAD,failed,404,,,,2026-10-09T06:33:00.858904+00:00,HTTPError: Not Found
https://www.ludengkaoyan.com/school8/qrz/zsml/148.html,www.ludengkaoyan.com,web_page,中央民族大学,2024,复试线文本;多学院/方向明细;线证据等级;选择数值,HEAD,failed,404,,,,2026-10-09T06:33:00.872667+00:00,HTTPError: Not Found
https://www.ludengkaoyan.com/school8/qrz/zsml/276473.html,www.ludengkaoyan.com,web_page,中央民族大学,2026,复试线文本;多学院/方向明细;线证据等级;选择数值,HEAD,failed,404,,,,2026-10-09T06:33:00.921954+00:00,HTTPError: Not Found
https://www.ludengkaoyan.com/school80/qrz/zsml/16529.html,www.ludengkaoyan.com,web_page,南京师范大学,2024,复试线文本;多学院/方向明细;线证据等级;选择数值,HEAD,failed,404,,,,2026-10-09T06:33:00.964678+00:00,HTTPError: Not Found
https://www.ludengkaoyan.com/school80/qrz/zsml/191227.html,www.ludengkaoyan.com,web_page,南京师范大学,2025,复试线文本;多学院/方向明细;线证据等级;选择数值,HEAD,failed,404,,,,2026-10-09T06:33:01.038790+00:00,HTTPError: Not Found
https://www.ludengkaoyan.com/school80/qrz/zsml/319656.html,www.ludengkaoyan.com,web_page,南京师范大学,2026,复试线文本;多学院/方向明细;线证据等级;选择数值,HEAD,failed,404,,,,2026-10-09T06:33:01.041810+00:00,HTTPError: Not Found
https://www.ludengkaoyan.com/school81/qrz/zsml/16555.html,www.ludengkaoyan.com,web_page,安徽大学,2024,复试线文本;多学院/方向明细;线证据等级;选择数值,HEAD,failed,404,,,,2026-10-09T06:33:01.054806+00:00,HTTPError: Not Found
https://www.ludengkaoyan.com/school81/qrz/zsml/197493.html,www.ludengkaoyan.com,web_page,安徽大学,2025,复试线文本;多学院/方向明细;线证据等级;选择数值,HEAD,failed,404,,,,2026-10-09T06:33:01.056319+00:00,HTTPError: Not Found
https://www.ludengkaoyan.com/school81/qrz/zsml/326305.html,www.ludengkaoyan.com,web_page,安徽大学,2026,复试线文本;多学院/方向明细;线证据等级;选择数值,HEAD,failed,404,,,,2026-10-09T06:33:01.156975+00:00,HTTPError: Not Found
https://www.ludengkaoyan.com/school83/qrz/zsml/16579.html,www.ludengkaoyan.com,web_page,福州大学,2024,复试线文本;多学院/方向明细;线证据等级;选择数值,HEAD,failed,404,,,,2026-10-09T06:33:01.260106+00:00,HTTPError: Not Found
https://www.ludengkaoyan.com/school83/qrz/zsml/201635.html,www.ludengkaoyan.com,web_page,福州大学,2025,复试线文本;多学院/方向明细;线证据等级;选择数值,HEAD,failed,404,,,,2026-10-09T06:33:01.273107+00:00,HTTPError: Not Found
https://www.ludengkaoyan.com/school83/qrz/zsml/330217.html,www.ludengkaoyan.com,web_page,福州大学,2026,复试线文本;多学院/方向明细;线证据等级;选择数值,HEAD,failed,404,,,,2026-10-09T06:33:01.301097+00:00,HTTPError: Not Found
https://www.ludengkaoyan.com/school84/qrz/zsml/16589.html,www.ludengkaoyan.com,web_page,南昌大学,2024,复试线文本;多学院/方向明细;线证据等级;选择数值,HEAD,failed,404,,,,2026-10-09T06:33:01.310748+00:00,HTTPError: Not Found
https://www.ludengkaoyan.com/school84/qrz/zsml/205341.html,www.ludengkaoyan.com,web_page,南昌大学,2025,复试线文本;多学院/方向明细;线证据等级;选择数值,HEAD,failed,404,,,,2026-10-09T06:33:01.311746+00:00,HTTPError: Not Found
https://www.ludengkaoyan.com/school84/qrz/zsml/333334.html,www.ludengkaoyan.com,web_page,南昌大学,2026,复试线文本;多学院/方向明细;线证据等级;选择数值,HEAD,failed,404,,,,2026-10-09T06:33:01.393798+00:00,HTTPError: Not Found
https://www.ludengkaoyan.com/school85/qrz/zsml/16609.html,www.ludengkaoyan.com,web_page,中国石油大学（华东）,2024,复试线文本;多学院/方向明细;线证据等级;选择数值,HEAD,failed,404,,,,2026-10-09T06:33:01.417327+00:00,HTTPError: Not Found
https://www.ludengkaoyan.com/school85/qrz/zsml/208637.html,www.ludengkaoyan.com,web_page,中国石油大学（华东）,2025,复试线文本;多学院/方向明细;线证据等级;选择数值,HEAD,failed,404,,,,2026-10-09T06:33:01.433275+00:00,HTTPError: Not Found
https://www.ludengkaoyan.com/school85/qrz/zsml/337719.html,www.ludengkaoyan.com,web_page,中国石油大学（华东）,2026,复试线文本;多学院/方向明细;线证据等级;选择数值,HEAD,failed,404,,,,2026-10-09T06:33:01.437276+00:00,HTTPError: Not Found
https://www.ludengkaoyan.com/school86/qrz/zsml/16631.html,www.ludengkaoyan.com,web_page,郑州大学,2024,复试线文本;多学院/方向明细;线证据等级;选择数值,HEAD,failed,404,,,,2026-10-09T06:33:01.437276+00:00,HTTPError: Not Found
https://www.ludengkaoyan.com/school86/qrz/zsml/214515.html,www.ludengkaoyan.com,web_page,郑州大学,2025,复试线文本;多学院/方向明细;线证据等级;选择数值,HEAD,failed,404,,,,2026-10-09T06:33:01.480917+00:00,HTTPError: Not Found
https://www.ludengkaoyan.com/school86/qrz/zsml/342836.html,www.ludengkaoyan.com,web_page,郑州大学,2026,复试线文本;多学院/方向明细;线证据等级;选择数值,HEAD,failed,404,,,,2026-10-09T06:33:01.482911+00:00,HTTPError: Not Found
https://www.ludengkaoyan.com/school87/qrz/zsml/16663.html,www.ludengkaoyan.com,web_page,中国地质大学（武汉）,2024,复试线文本;多学院/方向明细;线证据等级;选择数值,HEAD,failed,404,,,,2026-10-09T06:33:01.623531+00:00,HTTPError: Not Found
https://www.ludengkaoyan.com/school87/qrz/zsml/221594.html,www.ludengkaoyan.com,web_page,中国地质大学（武汉）,2025,复试线文本;多学院/方向明细;线证据等级;选择数值,HEAD,failed,404,,,,2026-10-09T06:33:01.640058+00:00,HTTPError: Not Found
https://www.ludengkaoyan.com/school87/qrz/zsml/349992.html,www.ludengkaoyan.com,web_page,中国地质大学（武汉）,2026,复试线文本;多学院/方向明细;线证据等级;选择数值,HEAD,failed,404,,,,2026-10-09T06:33:01.641057+00:00,HTTPError: Not Found
https://www.ludengkaoyan.com/school88/qrz/zsml/16671.html,www.ludengkaoyan.com,web_page,武汉理工大学,2024,复试线文本;多学院/方向明细;线证据等级;选择数值,HEAD,failed,404,,,,2026-10-09T06:33:01.722541+00:00,HTTPError: Not Found
https://www.ludengkaoyan.com/school88/qrz/zsml/221945.html,www.ludengkaoyan.com,web_page,武汉理工大学,2025,复试线文本;多学院/方向明细;线证据等级;选择数值,HEAD,failed,404,,,,2026-10-09T06:33:01.723543+00:00,HTTPError: Not Found
https://www.ludengkaoyan.com/school88/qrz/zsml/350896.html,www.ludengkaoyan.com,web_page,武汉理工大学,2026,复试线文本;多学院/方向明细;线证据等级;选择数值,HEAD,failed,404,,,,2026-10-09T06:33:01.724543+00:00,HTTPError: Not Found
https://www.ludengkaoyan.com/school89/qrz/zsml/16677.html,www.ludengkaoyan.com,web_page,华中农业大学,2024,复试线文本;多学院/方向明细;线证据等级;选择数值,HEAD,failed,404,,,,2026-10-09T06:33:01.842965+00:00,HTTPError: Not Found
https://www.ludengkaoyan.com/school89/qrz/zsml/223152.html,www.ludengkaoyan.com,web_page,华中农业大学,2025,复试线文本;多学院/方向明细;线证据等级;选择数值,HEAD,failed,404,,,,2026-10-09T06:33:01.845961+00:00,HTTPError: Not Found
https://www.ludengkaoyan.com/school89/qrz/zsml/351548.html,www.ludengkaoyan.com,web_page,华中农业大学,2026,复试线文本;多学院/方向明细;线证据等级;选择数值,HEAD,failed,404,,,,2026-10-09T06:33:01.847962+00:00,HTTPError: Not Found
https://www.ludengkaoyan.com/school90/qrz/zsml/16683.html,www.ludengkaoyan.com,web_page,华中师范大学,2024,复试线文本;多学院/方向明细;线证据等级;选择数值,HEAD,failed,404,,,,2026-10-09T06:33:01.848961+00:00,HTTPError: Not Found
https://www.ludengkaoyan.com/school90/qrz/zsml/223850.html,www.ludengkaoyan.com,web_page,华中师范大学,2025,复试线文本;多学院/方向明细;线证据等级;选择数值,HEAD,failed,404,,,,2026-10-09T06:33:01.849966+00:00,HTTPError: Not Found
https://www.ludengkaoyan.com/school90/qrz/zsml/352029.html,www.ludengkaoyan.com,web_page,华中师范大学,2026,复试线文本;多学院/方向明细;线证据等级;选择数值,HEAD,failed,404,,,,2026-10-09T06:33:01.875203+00:00,HTTPError: Not Found
https://www.ludengkaoyan.com/school91/qrz/zsml/16686.html,www.ludengkaoyan.com,web_page,中南财经政法大学,2024,复试线文本;多学院/方向明细;线证据等级;选择数值,HEAD,failed,404,,,,2026-10-09T06:33:02.089362+00:00,HTTPError: Not Found
https://www.ludengkaoyan.com/school91/qrz/zsml/225498.html,www.ludengkaoyan.com,web_page,中南财经政法大学,2025,复试线文本;多学院/方向明细;线证据等级;选择数值,HEAD,failed,404,,,,2026-10-09T06:33:02.104693+00:00,HTTPError: Not Found
https://www.ludengkaoyan.com/school91/qrz/zsml/352902.html,www.ludengkaoyan.com,web_page,中南财经政法大学,2026,复试线文本;多学院/方向明细;线证据等级;选择数值,HEAD,failed,404,,,,2026-10-09T06:33:02.106689+00:00,HTTPError: Not Found
https://www.ludengkaoyan.com/school92/qrz/zsml/16698.html,www.ludengkaoyan.com,web_page,湖南师范大学,2024,复试线文本;多学院/方向明细;线证据等级;选择数值,HEAD,failed,404,,,,2026-10-09T06:33:02.254465+00:00,HTTPError: Not Found
https://www.ludengkaoyan.com/school92/qrz/zsml/228568.html,www.ludengkaoyan.com,web_page,湖南师范大学,2025,复试线文本;多学院/方向明细;线证据等级;选择数值,HEAD,failed,404,,,,2026-10-09T06:33:02.255469+00:00,HTTPError: Not Found
https://www.ludengkaoyan.com/school92/qrz/zsml/356990.html,www.ludengkaoyan.com,web_page,湖南师范大学,2026,复试线文本;多学院/方向明细;线证据等级;选择数值,HEAD,failed,404,,,,2026-10-09T06:33:02.401228+00:00,HTTPError: Not Found
https://www.ludengkaoyan.com/school93/qrz/zsml/16708.html,www.ludengkaoyan.com,web_page,暨南大学,2024,复试线文本;多学院/方向明细;线证据等级;选择数值,HEAD,failed,404,,,,2026-10-09T06:33:02.402222+00:00,HTTPError: Not Found
https://www.ludengkaoyan.com/school93/qrz/zsml/230894.html,www.ludengkaoyan.com,web_page,暨南大学,2025,复试线文本;多学院/方向明细;线证据等级;选择数值,HEAD,failed,404,,,,2026-10-09T06:33:02.403231+00:00,HTTPError: Not Found
https://www.ludengkaoyan.com/school93/qrz/zsml/358793.html,www.ludengkaoyan.com,web_page,暨南大学,2026,复试线文本;多学院/方向明细;线证据等级;选择数值,HEAD,failed,404,,,,2026-10-09T06:33:02.404229+00:00,HTTPError: Not Found
https://www.ludengkaoyan.com/school94/qrz/zsml/16712.html,www.ludengkaoyan.com,web_page,华南师范大学,2024,复试线文本;多学院/方向明细;线证据等级;选择数值,HEAD,failed,404,,,,2026-10-09T06:33:02.417753+00:00,HTTPError: Not Found
https://www.ludengkaoyan.com/school94/qrz/zsml/233862.html,www.ludengkaoyan.com,web_page,华南师范大学,2025,复试线文本;多学院/方向明细;线证据等级;选择数值,HEAD,failed,404,,,,2026-10-09T06:33:02.418752+00:00,HTTPError: Not Found
https://www.ludengkaoyan.com/school94/qrz/zsml/361560.html,www.ludengkaoyan.com,web_page,华南师范大学,2026,复试线文本;多学院/方向明细;线证据等级;选择数值,HEAD,failed,404,,,,2026-10-09T06:33:02.422116+00:00,HTTPError: Not Found
https://www.ludengkaoyan.com/school97/qrz/zsml/239381.html,www.ludengkaoyan.com,web_page,西南交通大学,2025,复试线文本;多学院/方向明细;线证据等级;选择数值,HEAD,failed,404,,,,2026-10-09T06:33:02.592366+00:00,HTTPError: Not Found
https://www.ludengkaoyan.com/school97/qrz/zsml/368755.html,www.ludengkaoyan.com,web_page,西南交通大学,2026,复试线文本;多学院/方向明细;线证据等级;选择数值,HEAD,failed,404,,,,2026-10-09T06:33:02.624875+00:00,HTTPError: Not Found
https://www.ludengkaoyan.com/school99/qrz/zsml/16736.html,www.ludengkaoyan.com,web_page,西南大学,2024,复试线文本;多学院/方向明细;线证据等级;选择数值,HEAD,failed,404,,,,2026-10-09T06:33:02.625885+00:00,HTTPError: Not Found
https://www.ludengkaoyan.com/school99/qrz/zsml/237683.html,www.ludengkaoyan.com,web_page,西南大学,2025,复试线文本;多学院/方向明细;线证据等级;选择数值,HEAD,failed,404,,,,2026-10-09T06:33:02.757806+00:00,HTTPError: Not Found
https://www.ludengkaoyan.com/school99/qrz/zsml/365427.html,www.ludengkaoyan.com,web_page,西南大学,2026,复试线文本;多学院/方向明细;线证据等级;选择数值,HEAD,failed,404,,,,2026-10-09T06:33:02.757806+00:00,HTTPError: Not Found
https://www.math.tsinghua.edu.cn/2022nianyingyongtongjizhuanyeshuoshixiangmugongkaizhaokaoniluqumingdangongshi.pdf,www.math.tsinghua.edu.cn,university_official,清华大学,2022,复录比;复试人数;拟录取中位;拟录取人数;拟录取最低;拟录取最高;本科背景状态,HEAD,reachable,200,application/pdf,https://www.math.tsinghua.edu.cn/2022nianyingyongtongjizhuanyeshuoshixiangmugongkaizhaokaoniluqumingdangongshi.pdf,,2026-10-09T06:33:02.806999+00:00,
https://www.math.tsinghua.edu.cn/2023nianyingyongtongjizhuanyeshuoshiluqumingdangongshi.pdf,www.math.tsinghua.edu.cn,university_official,清华大学,2023,复录比;复试人数;拟录取中位;拟录取人数;拟录取最低;拟录取最高;本科背景状态,HEAD,reachable,200,application/pdf,https://www.math.tsinghua.edu.cn/2023nianyingyongtongjizhuanyeshuoshiluqumingdangongshi.pdf,,2026-10-09T06:33:02.884173+00:00,
https://www.math.tsinghua.edu.cn/qinghuadaxue2024nianshuxuekexuexishuoshiyanjiushengyingyongtongjizhuanyeluqugongshimingdan.pdf,www.math.tsinghua.edu.cn,university_official,清华大学,2024,复录比;复试人数;拟录取中位;拟录取人数;拟录取最低;拟录取最高;本科背景状态,HEAD,reachable,200,application/pdf,https://www.math.tsinghua.edu.cn/qinghuadaxue2024nianshuxuekexuexishuoshiyanjiushengyingyongtongjizhuanyeluqugongshimingdan.pdf,,2026-10-09T06:33:02.887178+00:00,
https://www.math.tsinghua.edu.cn/qinghuadaxue2025nianshuxuekexuexishuoshiyanjiushengyingyongtongjizhuanyeniluqumingdangongshi.pdf,www.math.tsinghua.edu.cn,university_official,清华大学,2025,复录比;复试人数;拟录取中位;拟录取人数;拟录取最低;拟录取最高;本科背景状态,HEAD,reachable,200,application/pdf,https://www.math.tsinghua.edu.cn/qinghuadaxue2025nianshuxuekexuexishuoshiyanjiushengyingyongtongjizhuanyeniluqumingdangongshi.pdf,,2026-10-09T06:33:02.889184+00:00,
https://www.math.tsinghua.edu.cn/qinghuadaxue2026nianshuxuekexuexi2026nianshuoshitongzhaoshengfushiluqushishixize.pdf,www.math.tsinghua.edu.cn,university_official,清华大学,2026,2026线、复试形式;复试线文本;多学院/方向明细;线证据等级;选择数值,HEAD,failed,404,,,,2026-10-09T06:33:02.890179+00:00,HTTPError: Not Found
https://www.math.tsinghua.edu.cn/qinghuadaxue2026nianshuxuekexuexishuoshiyanjiushengyingyongtongjizhuanyeniluqumingdangongshi.pdf,www.math.tsinghua.edu.cn,university_official,清华大学,2026,复录比;复试人数;拟录取中位;拟录取人数;拟录取最低;拟录取最高;本科背景状态,HEAD,failed,404,,,,2026-10-09T06:33:02.891173+00:00,HTTPError: Not Found
https://www.math.tsinghua.edu.cn/zsjy.htm,www.math.tsinghua.edu.cn,university_official,,,五年拟录取初试分布,HEAD,reachable,200,text/html,https://www.math.tsinghua.edu.cn/zsjy.htm,,2026-10-09T06:33:02.945277+00:00,
https://www.moe.gov.cn/jyb_xwfb/gzdt_gzdt/s5987/202602/W020260228373276320816.pdf,www.moe.gov.cn,government_official,,,国家线底线,HEAD,reachable,200,application/pdf,http://www.moe.gov.cn/jyb_xwfb/gzdt_gzdt/s5987/202602/W020260228373276320816.pdf,,2026-10-09T06:33:03.046634+00:00,
https://www.moe.gov.cn/srcsite/A22/s7065/200512/t20051223_82762.html,www.moe.gov.cn,government_official,,,院校范围,HEAD,reachable,200,text/html,http://www.moe.gov.cn/srcsite/A22/s7065/200512/t20051223_82762.html,,2026-10-09T06:33:03.146040+00:00,
https://www.simis.cn/2026%E5%B9%B4%E7%A1%95%E5%A3%AB%E7%A0%94%E7%A9%B6%E5%A4%8D%E8%AF%95%E5%90%8D%E5%8D%95/,www.simis.cn,web_page,复旦大学,2026,复录比;复试人数;复试形式、复试人数;拟录取中位;拟录取人数;拟录取最低;拟录取最高;本科背景状态,HEAD,reachable,200,text/html,https://www.simis.cn/2026%E5%B9%B4%E7%A1%95%E5%A3%AB%E7%A0%94%E7%A9%B6%E5%A4%8D%E8%AF%95%E5%90%8D%E5%8D%95/,,2026-10-09T06:33:03.178072+00:00,
https://www.simis.cn/2026%E5%B9%B4%E7%A1%95%E5%A3%AB%E7%A0%94%E7%A9%B6%E7%94%9F%E5%A4%8D%E8%AF%95%E7%BB%86%E5%88%99/,www.simis.cn,web_page,,,复试形式、复试人数,HEAD,reachable,200,text/html,https://www.simis.cn/2026%E5%B9%B4%E7%A1%95%E5%A3%AB%E7%A0%94%E7%A9%B6%E7%94%9F%E5%A4%8D%E8%AF%95%E7%BB%86%E5%88%99/,,2026-10-09T06:33:03.179096+00:00,
https://www.sjds.net/a/461938.html,www.sjds.net,web_page,厦门大学,2025,参考书与复试形式交叉验证;复录比;复试人数;拟录取人数;拟录取最低;本科背景状态,HEAD,failed,404,,,,2026-10-09T06:33:03.260294+00:00,HTTPError: Not Found
https://www.sjds.net/a/462113.html,www.sjds.net,web_page,上海财经大学,2025,参考书与复试形式交叉验证;复录比;复试人数;拟录取人数;拟录取最低;本科背景状态,HEAD,failed,404,,,,2026-10-09T06:33:03.342925+00:00,HTTPError: Not Found
https://www.sjds.net/a/462173.html,www.sjds.net,web_page,华中科技大学,2025,参考书与复试形式交叉验证;复录比;复试人数;拟录取中位;拟录取人数;拟录取最低;拟录取最高;本科背景状态,HEAD,failed,404,,,,2026-10-09T06:33:03.344930+00:00,HTTPError: Not Found
https://www.sjds.net/a/462580.html,www.sjds.net,web_page,,,逐校可检索年份线索,HEAD,failed,404,,,,2026-10-09T06:33:03.347927+00:00,HTTPError: Not Found
https://www.yanzhaowang.com.cn/fushi/fenshuxian/202303/2052884.html,www.yanzhaowang.com.cn,web_page,中国科学技术大学,2023,复试线文本;多学院/方向明细;线证据等级;选择数值,HEAD,reachable,200,text/html,https://www.yanzhaowang.com.cn/fushi/fenshuxian/202303/2052884.html,,2026-10-09T06:33:03.347927+00:00,
https://yanzhao.bjut.edu.cn/info/1019/17506.htm,yanzhao.bjut.edu.cn,university_official,北京工业大学,2025,复试线文本;多学院/方向明细;线证据等级;选择数值,HEAD,reachable,200,text/html,https://yanzhao.bjut.edu.cn/info/1019/17506.htm,,2026-10-09T06:33:03.378085+00:00,
https://yjs.hebut.edu.cn/docs/2025-09/1b4436ded93548a48e17c73f389b0301.pdf,yjs.hebut.edu.cn,university_official,,,最新范围、题型、参考书,HEAD,failed,404,,,,2026-10-09T06:33:03.413073+00:00,HTTPError: Not Found
https://yjszs.ecnu.edu.cn/_upload/article/files/0a/0b/623bd1cf46ef96998a7b42a8b6c0/399e6790-cafb-4e1a-9b32-e3f13aee36b8.pdf,yjszs.ecnu.edu.cn,university_official,华东师范大学,2026,复试线文本;多学院/方向明细;线证据等级;选择数值,GET_range,reachable,206,application/pdf,https://yjszs.ecnu.edu.cn/_upload/article/files/0a/0b/623bd1cf46ef96998a7b42a8b6c0/399e6790-cafb-4e1a-9b32-e3f13aee36b8.pdf,,2026-10-09T06:33:03.415464+00:00,
https://yjszs.hfut.edu.cn/2022/0319/c13533a280872/page.htm,yjszs.hfut.edu.cn,university_official,合肥工业大学,2022,复试线文本;线证据等级,GET_range,reachable,200,text/html,https://yjszs.hfut.edu.cn/2022/0319/c13533a280872/page.htm,,2026-10-09T06:33:03.741537+00:00,
https://yjszs.hfut.edu.cn/2023/0318/c13524a289822/page.htm,yjszs.hfut.edu.cn,university_official,合肥工业大学,2023,复试线文本;线证据等级;选择数值,GET_range,reachable,200,text/html,https://yjszs.hfut.edu.cn/2023/0318/c13524a289822/page.htm,,2026-10-09T06:33:03.761554+00:00,
https://yjszs.hfut.edu.cn/2024/0322/c13533a301654/page.htm,yjszs.hfut.edu.cn,university_official,合肥工业大学,2024,复试线文本;线证据等级;选择数值,GET_range,reachable,200,text/html,https://yjszs.hfut.edu.cn/2024/0322/c13533a301654/page.htm,,2026-10-09T06:33:03.798345+00:00,
https://yjszs.hfut.edu.cn/2025/0319/c13524a310804/page.htm,yjszs.hfut.edu.cn,university_official,合肥工业大学,2025,复试线文本;线证据等级;选择数值,GET_range,reachable,200,text/html,https://yjszs.hfut.edu.cn/2025/0319/c13524a310804/page.htm,,2026-10-09T06:33:03.865289+00:00,
https://yjszs.hfut.edu.cn/2025/0928/c13526a315413/pagem.htm,yjszs.hfut.edu.cn,university_official,,,学费,GET_range,reachable,200,text/html,https://yjszs.hfut.edu.cn/2025/0928/c13526a315413/pagem.htm,,2026-10-09T06:33:03.918912+00:00,
https://yjszs.hfut.edu.cn/2026/0320/c13533a317912/pagem.htm,yjszs.hfut.edu.cn,university_official,合肥工业大学,2026,复试线、学习方式;复试线文本;多学院/方向明细;线证据等级;选择数值,GET_range,reachable,200,text/html,https://yjszs.hfut.edu.cn/2026/0320/c13533a317912/pagem.htm,,2026-10-09T06:33:03.955725+00:00,
https://yz.bnu.edu.cn/content/ss_fsfsx/2026/fsfsx_yxsm__034___zy__1.html,yz.bnu.edu.cn,university_official,北京师范大学,2026,复试线文本;多学院/方向明细;线证据等级;选择数值,HEAD,reachable,200,text/html,https://yz.bnu.edu.cn/content/ss_fsfsx/2026/fsfsx_yxsm__034___zy__1.html,,2026-10-09T06:33:03.956726+00:00,
https://yz.bnu.edu.cn/detail/77810013-b3d0-46fa-bbd6-9615a8561a52,yz.bnu.edu.cn,university_official,北京师范大学,2025,复试线文本;多学院/方向明细;线证据等级;选择数值,HEAD,reachable,200,text/html,https://yz.bnu.edu.cn/detail/77810013-b3d0-46fa-bbd6-9615a8561a52,,2026-10-09T06:33:04.019261+00:00,
https://yz.chsi.com.cn/kyzx/zt/lnfsx2023.shtml,yz.chsi.com.cn,government_official,上海交通大学;上海大学;上海财经大学;东北农业大学;东北大学;东北师范大学;东北林业大学;东华大学;东南大学;中南大学;中南财经政法大学;中国人民大学;中国地质大学（北京）;中国地质大学（武汉）;中国海洋大学;中国石油大学（北京）;中国石油大学（华东）;中国药科大学;中央民族大学;中央财经大学;云南大学;兰州大学;内蒙古大学;北京交通大学;北京工业大学;北京师范大学;北京林业大学;华东师范大学;华东理工大学;华中农业大学;华中师范大学;华中科技大学;华北电力大学;华南师范大学;南京农业大学;南京师范大学;南京理工大学;南京航空航天大学;南昌大学;厦门大学;吉林大学;同济大学;四川大学;国防科技大学;复旦大学;大连理工大学;太原理工大学;宁夏大学;安徽大学;对外经济贸易大学;山东大学;延边大学;新疆大学;暨南大学;武汉大学;武汉理工大学;河北工业大学;河海大学;清华大学;湖南大学;湖南师范大学;石河子大学;福州大学;苏州大学;西北大学;西北工业大学;西南交通大学;西南大学;西安交通大学;西安电子科技大学;贵州大学;辽宁大学;郑州大学;重庆大学;陕西师范大学,2023,2023自主划线学校;复试线文本;多学院/方向明细;线证据等级;选择数值,HEAD,failed,404,,,,2026-10-09T06:33:04.023259+00:00,HTTPError: Not Found
https://yz.cqu.edu.cn/upload/202505/9adafabf.pdf,yz.cqu.edu.cn,university_official,重庆大学,2025,复录比;复试人数;拟录取中位;拟录取人数;拟录取分布;拟录取最低;拟录取最高;本科背景状态,HEAD,reachable,200,application/pdf,https://yz.cqu.edu.cn/upload/202505/9adafabf.pdf,,2026-10-09T06:33:04.134358+00:00,
https://yz.jnu.edu.cn/2025/0728/c36355a841104/page.htm,yz.jnu.edu.cn,university_official,,,最新范围、题型、参考书,GET_range,reachable,200,text/html,https://yz.jnu.edu.cn/2025/0728/c36355a841104/page.htm,,2026-10-09T06:33:04.183870+00:00,
https://yz.ouc.edu.cn/5924/list.htm,yz.ouc.edu.cn,university_official,,,2018/2019/2021年432原卷,GET_range,reachable,200,text/html,https://yz.ouc.edu.cn/5924/list.htm,,2026-10-09T06:33:04.539728+00:00,
https://yz.snnu.edu.cn/2025ss-014.pdf,yz.snnu.edu.cn,university_official,陕西师范大学,2025,复试线文本;多学院/方向明细;线证据等级;选择数值,HEAD,reachable,200,application/pdf,https://yz.snnu.edu.cn/2025ss-014.pdf,,2026-10-09T06:33:04.555727+00:00,
https://yz.ustc.edu.cn/static/upload/article/ueditor/e46ee8c77b754548b9f1eadaa3278b21.pdf,yz.ustc.edu.cn,university_official,,,最新范围、题型、参考书,HEAD,reachable,200,application/pdf,https://yz.ustc.edu.cn/static/upload/article/ueditor/e46ee8c77b754548b9f1eadaa3278b21.pdf,,2026-10-09T06:33:04.606533+00:00,
https://yzb.hit.edu.cn/_t1161/2023/0314/c22276a292420/page.htm,yzb.hit.edu.cn,university_official,哈尔滨工业大学,2023,复试线文本;多学院/方向明细;线证据等级;选择数值,GET_range,reachable,200,text/html,https://yzb.hit.edu.cn/_t1161/2023/0314/c22276a292420/page.psp,,2026-10-09T06:33:04.656918+00:00,
https://yzb.sjtu.edu.cn/post/3503,yzb.sjtu.edu.cn,university_official,上海交通大学,2026,复试线文本;多学院/方向明细;线证据等级;选择数值,HEAD,reachable,200,text/html,https://yzb.sjtu.edu.cn/post/3503,,2026-10-09T06:33:04.659933+00:00,
https://yzcx.swufe.edu.cn/chaxun/yzb/ss/2023/06_fs/01_fsx/2023fsx.htm,yzcx.swufe.edu.cn,university_official,西南财经大学,2023,复试线文本;多学院/方向明细;线证据等级;选择数值,HEAD,reachable,200,text/html,https://yzcx.swufe.edu.cn/chaxun/yzb/ss/2023/06_fs/01_fsx/2023fsx.htm,,2026-10-09T06:33:04.661932+00:00,
https://yzst.chsi.com.cn/zsml/,yzst.chsi.com.cn,government_official,,,2026开设状态、学院、初试科目,HEAD,reachable,200,text/html,https://yzst.chsi.com.cn/zsml/,,2026-10-09T06:33:04.709143+00:00,
